date,rate,slug,rate,rate
,EURUSD=X,,EURGBP=X,EURJPY=X
2015-01-01,1.2098628282546997,EUR/USD,,
2015-01-02,1.2089413404464722,EUR/USD,,
2015-01-05,1.194643259048462,EUR/USD,,
2015-01-06,1.193901538848877,EUR/USD,,
2015-01-07,1.1875356435775757,EUR/USD,,
2015-01-08,1.1836000680923462,EUR/USD,,
2015-01-09,1.1796069145202637,EUR/USD,,
2015-01-12,1.187070369720459,EUR/USD,,
2015-01-13,1.1831519603729248,EUR/USD,,
2015-01-14,1.1778285503387451,EUR/USD,,
2015-01-15,1.1785920858383179,EUR/USD,,
2015-01-16,1.1637378931045532,EUR/USD,,
2015-01-19,1.1566041707992554,EUR/USD,,
2015-01-20,1.1597968339920044,EUR/USD,,
2015-01-21,1.1546944379806519,EUR/USD,,
2015-01-22,1.1615345478057861,EUR/USD,,
2015-01-23,1.1346745491027832,EUR/USD,,
2015-01-26,1.1125450134277344,EUR/USD,,
2015-01-27,1.1247708797454834,EUR/USD,,
2015-01-28,1.1367381811141968,EUR/USD,,
2015-01-29,1.1281461715698242,EUR/USD,,
2015-01-30,1.13355553150177,EUR/USD,,
2015-02-02,1.1309019327163696,EUR/USD,,
2015-02-03,1.1341726779937744,EUR/USD,,
2015-02-04,1.145737886428833,EUR/USD,,
2015-02-05,1.131874680519104,EUR/USD,,
2015-02-06,1.147196888923645,EUR/USD,,
2015-02-09,1.1314393281936646,EUR/USD,,
2015-02-10,1.1326953172683716,EUR/USD,,
2015-02-11,1.1321951150894165,EUR/USD,,
2015-02-12,1.131196141242981,EUR/USD,,
2015-02-13,1.140393853187561,EUR/USD,,
2015-02-16,1.1400039196014404,EUR/USD,,
2015-02-17,1.1334012746810913,EUR/USD,,
2015-02-18,1.1404719352722168,EUR/USD,,
2015-02-19,1.1400039196014404,EUR/USD,,
2015-02-20,1.1366735696792603,EUR/USD,,
2015-02-23,1.1381484270095825,EUR/USD,,
2015-02-24,1.1332985162734985,EUR/USD,,
2015-02-25,1.1339025497436523,EUR/USD,,
2015-02-26,1.1363636255264282,EUR/USD,,
2015-02-27,1.1205360889434814,EUR/USD,,
2015-03-02,1.1161960363388062,EUR/USD,,
2015-03-03,1.1179054975509644,EUR/USD,,
2015-03-04,1.118217945098877,EUR/USD,,
2015-03-05,1.1082050800323486,EUR/USD,,
2015-03-06,1.1032048463821411,EUR/USD,,
2015-03-09,1.0845986604690552,EUR/USD,,
2015-03-10,1.0833414793014526,EUR/USD,,
2015-03-11,1.0708701610565186,EUR/USD,,
2015-03-12,1.0548745393753052,EUR/USD,,
2015-03-13,1.0626314878463745,EUR/USD,,
2015-03-16,1.0481630563735962,EUR/USD,,
2015-03-17,1.0572947263717651,EUR/USD,,
2015-03-18,1.0598047971725464,EUR/USD,,
2015-03-19,1.0849988460540771,EUR/USD,,
2015-03-20,1.066894292831421,EUR/USD,,
2015-03-23,1.0826611518859863,EUR/USD,,
2015-03-24,1.094499111175537,EUR/USD,,
2015-03-25,1.0902034044265747,EUR/USD,,
2015-03-26,1.0960465669631958,EUR/USD,,
2015-03-27,1.0886367559432983,EUR/USD,,
2015-03-30,1.0884946584701538,EUR/USD,,
2015-03-31,1.0830246210098267,EUR/USD,,
2015-04-01,1.073814034461975,EUR/USD,,
2015-04-02,1.0769942998886108,EUR/USD,,
2015-04-03,1.087074637413025,EUR/USD,,
2015-04-06,1.100134253501892,EUR/USD,,
2015-04-07,1.0934817790985107,EUR/USD,,
2015-04-08,1.0824151039123535,EUR/USD,,
2015-04-09,1.078527569770813,EUR/USD,,
2015-04-10,1.0669056177139282,EUR/USD,,
2015-04-13,1.0609854459762573,EUR/USD,,
2015-04-14,1.0572947263717651,EUR/USD,,
2015-04-15,1.0647132396697998,EUR/USD,,
2015-04-16,1.0676802396774292,EUR/USD,,
2015-04-17,1.0755579471588135,EUR/USD,,
2015-04-20,1.0810226202011108,EUR/USD,,
2015-04-21,1.0747487545013428,EUR/USD,,
2015-04-22,1.074171543121338,EUR/USD,,
2015-04-23,1.0725815296173096,EUR/USD,,
2015-04-24,1.0815019607543945,EUR/USD,,
2015-04-27,1.086897373199463,EUR/USD,,
2015-04-28,1.0877959728240967,EUR/USD,,
2015-04-29,1.096912145614624,EUR/USD,,
2015-04-30,1.1114321947097778,EUR/USD,,
2015-05-01,1.1214659214019775,EUR/USD,,
2015-05-04,1.1185932159423828,EUR/USD,,
2015-05-05,1.1149141788482666,EUR/USD,,
2015-05-06,1.1186307668685913,EUR/USD,,
2015-05-07,1.1341469287872314,EUR/USD,,
2015-05-08,1.1246949434280396,EUR/USD,,
2015-05-11,1.1194071769714355,EUR/USD,,
2015-05-12,1.114441990852356,EUR/USD,,
2015-05-13,1.1221455335617065,EUR/USD,,
2015-05-14,1.1350480318069458,EUR/USD,,
2015-05-15,1.1404979228973389,EUR/USD,,
2015-05-18,1.144505262374878,EUR/USD,,
2015-05-19,1.1326183080673218,EUR/USD,,
2015-05-20,1.1146656274795532,EUR/USD,,
2015-05-21,1.1100751161575317,EUR/USD,,
2015-05-22,1.1111851930618286,EUR/USD,,
2015-05-25,1.0992997884750366,EUR/USD,,
2015-05-26,1.0971167087554932,EUR/USD,,
2015-05-27,1.08888578414917,EUR/USD,,
2015-05-28,1.0900014638900757,EUR/USD,,
2015-05-29,1.0960345268249512,EUR/USD,,
2015-06-01,1.0957943201065063,EUR/USD,,
2015-06-02,1.0922993421554565,EUR/USD,,
2015-06-03,1.1150012016296387,EUR/USD,,
2015-06-04,1.1257838010787964,EUR/USD,,
2015-06-05,1.120787262916565,EUR/USD,,
2015-06-08,1.1108149290084839,EUR/USD,,
2015-06-09,1.128095269203186,EUR/USD,,
2015-06-10,1.1299052238464355,EUR/USD,,
2015-06-11,1.131196141242981,EUR/USD,,
2015-06-12,1.1240627765655518,EUR/USD,,
2015-06-15,1.1219944953918457,EUR/USD,,
2015-06-16,1.1277008056640625,EUR/USD,,
2015-06-17,1.124201774597168,EUR/USD,,
2015-06-18,1.1369967460632324,EUR/USD,,
2015-06-19,1.1370742321014404,EUR/USD,,
2015-06-22,1.1372941732406616,EUR/USD,,
2015-06-23,1.13490629196167,EUR/USD,,
2015-06-24,1.1172186136245728,EUR/USD,,
2015-06-25,1.1206992864608765,EUR/USD,,
2015-06-26,1.1202975511550903,EUR/USD,,
2015-06-29,1.0975021123886108,EUR/USD,,
2015-06-30,1.122296690940857,EUR/USD,,
2015-07-01,1.1134989261627197,EUR/USD,,
2015-07-02,1.103363037109375,EUR/USD,,
2015-07-03,1.1086965799331665,EUR/USD,,
2015-07-06,1.0995051860809326,EUR/USD,,
2015-07-07,1.1048991680145264,EUR/USD,,
2015-07-08,1.1009942293167114,EUR/USD,,
2015-07-09,1.1071009635925293,EUR/USD,,
2015-07-10,1.1063048839569092,EUR/USD,,
2015-07-13,1.1129041910171509,EUR/USD,,
2015-07-14,1.099045991897583,EUR/USD,,
2015-07-15,1.1008002758026123,EUR/USD,,
2015-07-16,1.0943553447723389,EUR/USD,,
2015-07-17,1.0886012315750122,EUR/USD,,
2015-07-20,1.0830246210098267,EUR/USD,,
2015-07-21,1.0835410356521606,EUR/USD,,
2015-07-22,1.0939961671829224,EUR/USD,,
2015-07-23,1.0927051305770874,EUR/USD,,
2015-07-24,1.0989010334014893,EUR/USD,,
2015-07-27,1.0972371101379395,EUR/USD,,
2015-07-28,1.109004020690918,EUR/USD,,
2015-07-29,1.1065986156463623,EUR/USD,,
2015-07-30,1.098406195640564,EUR/USD,,
2015-07-31,1.0939244031906128,EUR/USD,,
2015-08-03,1.0969001054763794,EUR/USD,,
2015-08-04,1.09560227394104,EUR/USD,,
2015-08-05,1.0888975858688354,EUR/USD,,
2015-08-06,1.0903104543685913,EUR/USD,,
2015-08-07,1.0927051305770874,EUR/USD,,
2015-08-10,1.0965032577514648,EUR/USD,,
2015-08-11,1.1016976833343506,EUR/USD,,
2015-08-12,1.104203701019287,EUR/USD,,
2015-08-13,1.1160963773727417,EUR/USD,,
2015-08-14,1.1160963773727417,EUR/USD,,
2015-08-17,1.1092993021011353,EUR/USD,,
2015-08-18,1.107800006866455,EUR/USD,,
2015-08-19,1.1030831336975098,EUR/USD,,
2015-08-20,1.1118029356002808,EUR/USD,,
2015-08-21,1.1236965656280518,EUR/USD,,
2015-08-24,1.1376951932907104,EUR/USD,,
2015-08-25,1.1583056449890137,EUR/USD,,
2015-08-26,1.1550945043563843,EUR/USD,,
2015-08-27,1.1340054273605347,EUR/USD,,
2015-08-28,1.1247961521148682,EUR/USD,,
2015-08-31,1.1214030981063843,EUR/USD,,
2015-09-01,1.1225864887237549,EUR/USD,,
2015-09-02,1.1293437480926514,EUR/USD,,
2015-09-03,1.121604323387146,EUR/USD,,
2015-09-04,1.1125946044921875,EUR/USD,,
2015-09-07,1.115200161933899,EUR/USD,,
2015-09-08,1.1163954734802246,EUR/USD,,
2015-09-09,1.1207369565963745,EUR/USD,,
2015-09-10,1.1220699548721313,EUR/USD,,
2015-09-11,1.1290887594223022,EUR/USD,,
2015-09-14,1.1344043016433716,EUR/USD,,
2015-09-15,1.1307612657546997,EUR/USD,,
2015-09-16,1.1271796226501465,EUR/USD,,
2015-09-17,1.12920343875885,EUR/USD,,
2015-09-18,1.1400948762893677,EUR/USD,,
2015-09-21,1.12920343875885,EUR/USD,,
2015-09-22,1.1190940141677856,EUR/USD,,
2015-09-23,1.1120749711990356,EUR/USD,,
2015-09-24,1.1189937591552734,EUR/USD,,
2015-09-25,1.1178929805755615,EUR/USD,,
2015-09-28,1.1201720237731934,EUR/USD,,
2015-09-29,1.123103380203247,EUR/USD,,
2015-09-30,1.1255937814712524,EUR/USD,,
2015-10-01,1.11720609664917,EUR/USD,,
2015-10-02,1.1193444728851318,EUR/USD,,
2015-10-05,1.1226998567581177,EUR/USD,,
2015-10-06,1.1195199489593506,EUR/USD,,
2015-10-07,1.1267986297607422,EUR/USD,,
2015-10-08,1.1239995956420898,EUR/USD,,
2015-10-09,1.1286935806274414,EUR/USD,,
2015-10-12,1.1369967460632324,EUR/USD,,
2015-10-13,1.135550618171692,EUR/USD,,
2015-10-14,1.138498306274414,EUR/USD,,
2015-10-15,1.147552251815796,EUR/USD,,
2015-10-16,1.1368157863616943,EUR/USD,,
2015-10-19,1.1361054182052612,EUR/USD,,
2015-10-20,1.132900595664978,EUR/USD,,
2015-10-21,1.1353960037231445,EUR/USD,,
2015-10-22,1.134803295135498,EUR/USD,,
2015-10-23,1.108094573020935,EUR/USD,,
2015-10-26,1.1020376682281494,EUR/USD,,
2015-10-27,1.1065986156463623,EUR/USD,,
2015-10-28,1.1037039756774902,EUR/USD,,
2015-10-29,1.0928961038589478,EUR/USD,,
2015-10-30,1.0993843078613281,EUR/USD,,
2015-11-02,1.102596640586853,EUR/USD,,
2015-11-03,1.1016006469726562,EUR/USD,,
2015-11-04,1.0963950157165527,EUR/USD,,
2015-11-05,1.0868029594421387,EUR/USD,,
2015-11-06,1.0883997678756714,EUR/USD,,
2015-11-09,1.0733413696289062,EUR/USD,,
2015-11-10,1.0759514570236206,EUR/USD,,
2015-11-11,1.0737563371658325,EUR/USD,,
2015-11-12,1.0762988328933716,EUR/USD,,
2015-11-13,1.0815019607543945,EUR/USD,,
2015-11-16,1.06999933719635,EUR/USD,,
2015-11-17,1.068798542022705,EUR/USD,,
2015-11-18,1.0643846988677979,EUR/USD,,
2015-11-19,1.066996693611145,EUR/USD,,
2015-11-20,1.0726161003112793,EUR/USD,,
2015-11-23,1.0641014575958252,EUR/USD,,
2015-11-24,1.0642033815383911,EUR/USD,,
2015-11-25,1.0643846988677979,EUR/USD,,
2015-11-26,1.0624960660934448,EUR/USD,,
2015-11-27,1.0604453086853027,EUR/USD,,
2015-11-30,1.0583018064498901,EUR/USD,,
2015-12-01,1.0572947263717651,EUR/USD,,
2015-12-02,1.0625863075256348,EUR/USD,,
2015-12-03,1.0613007545471191,EUR/USD,,
2015-12-04,1.0915957689285278,EUR/USD,,
2015-12-07,1.0883997678756714,EUR/USD,,
2015-12-08,1.0834001302719116,EUR/USD,,
2015-12-09,1.0893957614898682,EUR/USD,,
2015-12-10,1.1017948389053345,EUR/USD,,
2015-12-11,1.0948106050491333,EUR/USD,,
2015-12-14,1.0983941555023193,EUR/USD,,
2015-12-15,1.0992997884750366,EUR/USD,,
2015-12-16,1.0936251878738403,EUR/USD,,
2015-12-17,1.087453007698059,EUR/USD,,
2015-12-18,1.0844104290008545,EUR/USD,,
2015-12-21,1.0869920253753662,EUR/USD,,
2015-12-22,1.09129798412323,EUR/USD,,
2015-12-23,1.0950024127960205,EUR/USD,,
2015-12-24,1.0909169912338257,EUR/USD,,
2015-12-25,1.0969964265823364,EUR/USD,,
2015-12-28,1.0965994596481323,EUR/USD,,
2015-12-29,1.0975261926651,EUR/USD,,
2015-12-30,1.0928006172180176,EUR/USD,,
2015-12-31,1.093398094177246,EUR/USD,,
2016-01-01,1.0859060287475586,EUR/USD,,
2016-01-04,1.0853991508483887,EUR/USD,,
2016-01-05,1.0827549695968628,EUR/USD,,
2016-01-06,1.0751993656158447,EUR/USD,,
2016-01-07,1.0778998136520386,EUR/USD,,
2016-01-08,1.0925976037979126,EUR/USD,,
2016-01-11,1.0941038131713867,EUR/USD,,
2016-01-12,1.0857999324798584,EUR/USD,,
2016-01-13,1.0843987464904785,EUR/USD,,
2016-01-14,1.0886012315750122,EUR/USD,,
2016-01-15,1.085894227027893,EUR/USD,,
2016-01-18,1.0920010805130005,EUR/USD,,
2016-01-19,1.0895025730133057,EUR/USD,,
2016-01-20,1.09129798412323,EUR/USD,,
2016-01-21,1.0877013206481934,EUR/USD,,
2016-01-22,1.0862009525299072,EUR/USD,,
2016-01-25,1.079901933670044,EUR/USD,,
2016-01-26,1.0853049755096436,EUR/USD,,
2016-01-27,1.0864958763122559,EUR/USD,,
2016-01-28,1.090798020362854,EUR/USD,,
2016-01-29,1.0936970710754395,EUR/USD,,
2016-02-01,1.0825908184051514,EUR/USD,,
2016-02-02,1.0897282361984253,EUR/USD,,
2016-02-03,1.0922038555145264,EUR/USD,,
2016-02-04,1.1091023683547974,EUR/USD,,
2016-02-05,1.119996428489685,EUR/USD,,
2016-02-08,1.114504098892212,EUR/USD,,
2016-02-09,1.1189812421798706,EUR/USD,,
2016-02-10,1.1289994716644287,EUR/USD,,
2016-02-11,1.128095269203186,EUR/USD,,
2016-02-12,1.1317979097366333,EUR/USD,,
2016-02-15,1.1225990056991577,EUR/USD,,
2016-02-16,1.1174057722091675,EUR/USD,,
2016-02-17,1.1147029399871826,EUR/USD,,
2016-02-18,1.112297534942627,EUR/USD,,
2016-02-19,1.1110987663269043,EUR/USD,,
2016-02-22,1.1123965978622437,EUR/USD,,
2016-02-23,1.102803349494934,EUR/USD,,
2016-02-24,1.1027060747146606,EUR/USD,,
2016-02-25,1.1013944149017334,EUR/USD,,
2016-02-26,1.1024993658065796,EUR/USD,,
2016-02-29,1.0923947095870972,EUR/USD,,
2016-03-01,1.0888975858688354,EUR/USD,,
2016-03-02,1.0875948667526245,EUR/USD,,
2016-03-03,1.086897373199463,EUR/USD,,
2016-03-04,1.094894528388977,EUR/USD,,
2016-03-07,1.0993964672088623,EUR/USD,,
2016-03-08,1.1016006469726562,EUR/USD,,
2016-03-09,1.1004005670547485,EUR/USD,,
2016-03-10,1.0989010334014893,EUR/USD,,
2016-03-11,1.1178430318832397,EUR/USD,,
2016-03-14,1.1167943477630615,EUR/USD,,
2016-03-15,1.1101982593536377,EUR/USD,,
2016-03-16,1.1109012365341187,EUR/USD,,
2016-03-17,1.1218937635421753,EUR/USD,,
2016-03-18,1.1317979097366333,EUR/USD,,
2016-03-21,1.1279042959213257,EUR/USD,,
2016-03-22,1.1235954761505127,EUR/USD,,
2016-03-23,1.122296690940857,EUR/USD,,
2016-03-24,1.118105411529541,EUR/USD,,
2016-03-25,1.1167943477630615,EUR/USD,,
2016-03-28,1.1159967184066772,EUR/USD,,
2016-03-29,1.1202723979949951,EUR/USD,,
2016-03-30,1.12920343875885,EUR/USD,,
2016-03-31,1.1334655284881592,EUR/USD,,
2016-04-01,1.1379671096801758,EUR/USD,,
2016-04-04,1.1390039920806885,EUR/USD,,
2016-04-05,1.1389002799987793,EUR/USD,,
2016-04-06,1.138200283050537,EUR/USD,,
2016-04-07,1.1404979228973389,EUR/USD,,
2016-04-08,1.1373976469039917,EUR/USD,,
2016-04-11,1.1403028964996338,EUR/USD,,
2016-04-12,1.141291856765747,EUR/USD,,
2016-04-13,1.138498306274414,EUR/USD,,
2016-04-14,1.1279042959213257,EUR/USD,,
2016-04-15,1.1270017623901367,EUR/USD,,
2016-04-18,1.1299946308135986,EUR/USD,,
2016-04-19,1.1309019327163696,EUR/USD,,
2016-04-20,1.1359634399414062,EUR/USD,,
2016-04-21,1.1305055618286133,EUR/USD,,
2016-04-22,1.12920343875885,EUR/USD,,
2016-04-25,1.123406171798706,EUR/USD,,
2016-04-26,1.1269001960754395,EUR/USD,,
2016-04-27,1.1299052238464355,EUR/USD,,
2016-04-28,1.132900595664978,EUR/USD,,
2016-04-29,1.135589361190796,EUR/USD,,
2016-05-02,1.146302580833435,EUR/USD,,
2016-05-03,1.1524986028671265,EUR/USD,,
2016-05-04,1.1504037380218506,EUR/USD,,
2016-05-05,1.1493064165115356,EUR/USD,,
2016-05-06,1.1406019926071167,EUR/USD,,
2016-05-09,1.1387965679168701,EUR/USD,,
2016-05-10,1.1387965679168701,EUR/USD,,
2016-05-11,1.1374363899230957,EUR/USD,,
2016-05-12,1.142700433731079,EUR/USD,,
2016-05-13,1.1376951932907104,EUR/USD,,
2016-05-16,1.1316953897476196,EUR/USD,,
2016-05-17,1.1316057443618774,EUR/USD,,
2016-05-18,1.1316057443618774,EUR/USD,,
2016-05-19,1.122296690940857,EUR/USD,,
2016-05-20,1.1205987930297852,EUR/USD,,
2016-05-23,1.1221708059310913,EUR/USD,,
2016-05-24,1.121604323387146,EUR/USD,,
2016-05-25,1.113796591758728,EUR/USD,,
2016-05-26,1.1158970594406128,EUR/USD,,
2016-05-27,1.1192066669464111,EUR/USD,,
2016-05-30,1.1110000610351562,EUR/USD,,
2016-05-31,1.1148396730422974,EUR/USD,,
2016-06-01,1.113598108291626,EUR/USD,,
2016-06-02,1.1189061403274536,EUR/USD,,
2016-06-03,1.115200161933899,EUR/USD,,
2016-06-06,1.1350995302200317,EUR/USD,,
2016-06-07,1.1364023685455322,EUR/USD,,
2016-06-08,1.1357828378677368,EUR/USD,,
2016-06-09,1.140706181526184,EUR/USD,,
2016-06-10,1.1315033435821533,EUR/USD,,
2016-06-13,1.1239995956420898,EUR/USD,,
2016-06-14,1.1291015148162842,EUR/USD,,
2016-06-15,1.1213024854660034,EUR/USD,,
2016-06-16,1.1262656450271606,EUR/USD,,
2016-06-17,1.1252011060714722,EUR/USD,,
2016-06-20,1.13490629196167,EUR/USD,,
2016-06-21,1.1322976350784302,EUR/USD,,
2016-06-22,1.1250618696212769,EUR/USD,,
2016-06-23,1.1328235864639282,EUR/USD,,
2016-06-24,1.1324002742767334,EUR/USD,,
2016-06-27,1.103594422340393,EUR/USD,,
2016-06-28,1.1015034914016724,EUR/USD,,
2016-06-29,1.1073951721191406,EUR/USD,,
2016-06-30,1.1128050088882446,EUR/USD,,
2016-07-01,1.1106051206588745,EUR/USD,,
2016-07-04,1.1131023168563843,EUR/USD,,
2016-07-05,1.1146035194396973,EUR/USD,,
2016-07-06,1.1065007448196411,EUR/USD,,
2016-07-07,1.1099025011062622,EUR/USD,,
2016-07-08,1.1065741777420044,EUR/USD,,
2016-07-11,1.1043988466262817,EUR/USD,,
2016-07-12,1.1058032512664795,EUR/USD,,
2016-07-13,1.1062926054000854,EUR/USD,,
2016-07-14,1.1094961166381836,EUR/USD,,
2016-07-15,1.1106051206588745,EUR/USD,,
2016-07-18,1.1053143739700317,EUR/USD,,
2016-07-19,1.1071866750717163,EUR/USD,,
2016-07-20,1.1013579368591309,EUR/USD,,
2016-07-21,1.1019526720046997,EUR/USD,,
2016-07-22,1.1032899618148804,EUR/USD,,
2016-07-25,1.097044587135315,EUR/USD,,
2016-07-26,1.0991184711456299,EUR/USD,,
2016-07-27,1.0987803936004639,EUR/USD,,
2016-07-28,1.1073460578918457,EUR/USD,,
2016-07-29,1.108438491821289,EUR/USD,,
2016-08-01,1.1168068647384644,EUR/USD,,
2016-08-02,1.1168068647384644,EUR/USD,,
2016-08-03,1.1219062805175781,EUR/USD,,
2016-08-04,1.1151504516601562,EUR/USD,,
2016-08-05,1.1134741306304932,EUR/USD,,
2016-08-08,1.1089547872543335,EUR/USD,,
2016-08-09,1.1083648204803467,EUR/USD,,
2016-08-10,1.111580491065979,EUR/USD,,
2016-08-11,1.1186434030532837,EUR/USD,,
2016-08-12,1.113908290863037,EUR/USD,,
2016-08-15,1.1166945695877075,EUR/USD,,
2016-08-16,1.1184055805206299,EUR/USD,,
2016-08-17,1.1275991201400757,EUR/USD,,
2016-08-18,1.1298924684524536,EUR/USD,,
2016-08-19,1.1349449157714844,EUR/USD,,
2016-08-22,1.1298158168792725,EUR/USD,,
2016-08-23,1.1319260597229004,EUR/USD,,
2016-08-24,1.1300839185714722,EUR/USD,,
2016-08-25,1.1263798475265503,EUR/USD,,
2016-08-26,1.1290504932403564,EUR/USD,,
2016-08-29,1.1199462413787842,EUR/USD,,
2016-08-30,1.1192818880081177,EUR/USD,,
2016-08-31,1.1153244972229004,EUR/USD,,
2016-09-01,1.116071343421936,EUR/USD,,
2016-09-02,1.1200717687606812,EUR/USD,,
2016-09-05,1.1161960363388062,EUR/USD,,
2016-09-06,1.1153244972229004,EUR/USD,,
2016-09-07,1.1253657341003418,EUR/USD,,
2016-09-08,1.1241008043289185,EUR/USD,,
2016-09-09,1.1271415948867798,EUR/USD,,
2016-09-12,1.1241133213043213,EUR/USD,,
2016-09-13,1.1243535280227661,EUR/USD,,
2016-09-14,1.12186861038208,EUR/USD,,
2016-09-15,1.1247328519821167,EUR/USD,,
2016-09-16,1.124593734741211,EUR/USD,,
2016-09-19,1.1158473491668701,EUR/USD,,
2016-09-20,1.118067979812622,EUR/USD,,
2016-09-21,1.1153992414474487,EUR/USD,,
2016-09-22,1.1193194389343262,EUR/USD,,
2016-09-23,1.1210134029388428,EUR/USD,,
2016-09-26,1.123923897743225,EUR/USD,,
2016-09-27,1.124985933303833,EUR/USD,,
2016-09-28,1.121956706047058,EUR/USD,,
2016-09-29,1.1224982738494873,EUR/USD,,
2016-09-30,1.121956706047058,EUR/USD,,
2016-10-03,1.1234692335128784,EUR/USD,,
2016-10-04,1.121038556098938,EUR/USD,,
2016-10-05,1.121076226234436,EUR/USD,,
2016-10-06,1.120824933052063,EUR/USD,,
2016-10-07,1.1144545078277588,EUR/USD,,
2016-10-10,1.1196954250335693,EUR/USD,,
2016-10-11,1.1140819787979126,EUR/USD,,
2016-10-12,1.1061947345733643,EUR/USD,,
2016-10-13,1.1011881828308105,EUR/USD,,
2016-10-14,1.1049723625183105,EUR/USD,,
2016-10-17,1.0967799425125122,EUR/USD,,
2016-10-18,1.1015641689300537,EUR/USD,,
2016-10-19,1.0976948738098145,EUR/USD,,
2016-10-20,1.0975141525268555,EUR/USD,,
2016-10-21,1.0930395126342773,EUR/USD,,
2016-10-24,1.0882576704025269,EUR/USD,,
2016-10-25,1.0875475406646729,EUR/USD,,
2016-10-26,1.0887316465377808,EUR/USD,,
2016-10-27,1.091202735900879,EUR/USD,,
2016-10-28,1.0900371074676514,EUR/USD,,
2016-10-31,1.0984665155410767,EUR/USD,,
2016-11-01,1.0973334312438965,EUR/USD,,
2016-11-02,1.1057054996490479,EUR/USD,,
2016-11-03,1.1097548007965088,EUR/USD,,
2016-11-04,1.1102476119995117,EUR/USD,,
2016-11-07,1.1101243495941162,EUR/USD,,
2016-11-08,1.1052166223526,EUR/USD,,
2016-11-09,1.1019041538238525,EUR/USD,,
2016-11-10,1.0920606851577759,EUR/USD,,
2016-11-11,1.0889687538146973,EUR/USD,,
2016-11-14,1.0824854373931885,EUR/USD,,
2016-11-15,1.0750375986099243,EUR/USD,,
2016-11-16,1.0727311372756958,EUR/USD,,
2016-11-17,1.0706638097763062,EUR/USD,,
2016-11-18,1.062304139137268,EUR/USD,,
2016-11-21,1.0584250688552856,EUR/USD,,
2016-11-22,1.0638864040374756,EUR/USD,,
2016-11-23,1.0633772611618042,EUR/USD,,
2016-11-24,1.0545185804367065,EUR/USD,,
2016-11-25,1.0561892986297607,EUR/USD,,
2016-11-28,1.0612331628799438,EUR/USD,,
2016-11-29,1.062134861946106,EUR/USD,,
2016-11-30,1.0648492574691772,EUR/USD,,
2016-12-01,1.0592098236083984,EUR/USD,,
2016-12-02,1.0663141012191772,EUR/USD,,
2016-12-05,1.0582010746002197,EUR/USD,,
2016-12-06,1.0757315158843994,EUR/USD,,
2016-12-07,1.0720411539077759,EUR/USD,,
2016-12-08,1.0761945247650146,EUR/USD,,
2016-12-09,1.062134861946106,EUR/USD,,
2016-12-12,1.0547411441802979,EUR/USD,,
2016-12-13,1.0641694068908691,EUR/USD,,
2016-12-14,1.062925100326538,EUR/USD,,
2016-12-15,1.051414132118225,EUR/USD,,
2016-12-16,1.0418837070465088,EUR/USD,,
2016-12-19,1.0449975728988647,EUR/USD,,
2016-12-20,1.0405826568603516,EUR/USD,,
2016-12-21,1.039047360420227,EUR/USD,,
2016-12-22,1.0428615808486938,EUR/USD,,
2016-12-23,1.0437650680541992,EUR/USD,,
2016-12-26,1.045478343963623,EUR/USD,,
2016-12-27,1.0456969738006592,EUR/USD,,
2016-12-28,1.046233057975769,EUR/USD,,
2016-12-29,1.0416991710662842,EUR/USD,,
2016-12-30,1.0575296878814697,EUR/USD,,
2017-01-02,1.052698016166687,EUR/USD,,
2017-01-03,1.0460032224655151,EUR/USD,,
2017-01-04,1.0419923067092896,EUR/USD,,
2017-01-05,1.0500892400741577,EUR/USD,,
2017-01-06,1.0605915784835815,EUR/USD,,
2017-01-09,1.0531858205795288,EUR/USD,,
2017-01-10,1.0588620901107788,EUR/USD,,
2017-01-11,1.0552419424057007,EUR/USD,,
2017-01-12,1.0597710609436035,EUR/USD,,
2017-01-13,1.0616837739944458,EUR/USD,,
2017-01-16,1.0628687143325806,EUR/USD,,
2017-01-17,1.0602991580963135,EUR/USD,,
2017-01-18,1.0696789026260376,EUR/USD,,
2017-01-19,1.062778353691101,EUR/USD,,
2017-01-20,1.0659730434417725,EUR/USD,,
2017-01-23,1.0713750123977661,EUR/USD,,
2017-01-24,1.0760787725448608,EUR/USD,,
2017-01-25,1.0728693008422852,EUR/USD,,
2017-01-26,1.0751993656158447,EUR/USD,,
2017-01-27,1.068296194076538,EUR/USD,,
2017-01-30,1.0713980197906494,EUR/USD,,
2017-01-31,1.0708587169647217,EUR/USD,,
2017-02-01,1.0803803205490112,EUR/USD,,
2017-02-02,1.0767391920089722,EUR/USD,,
2017-02-03,1.0761713981628418,EUR/USD,,
2017-02-06,1.0782949924468994,EUR/USD,,
2017-02-07,1.0743216276168823,EUR/USD,,
2017-02-08,1.0678056478500366,EUR/USD,,
2017-02-09,1.0692213773727417,EUR/USD,,
2017-02-10,1.0658594369888306,EUR/USD,,
2017-02-13,1.061954379081726,EUR/USD,,
2017-02-14,1.059849739074707,EUR/USD,,
2017-02-15,1.0578316450119019,EUR/USD,,
2017-02-16,1.0607378482818604,EUR/USD,,
2017-02-17,1.0672245025634766,EUR/USD,,
2017-02-20,1.062665343284607,EUR/USD,,
2017-02-21,1.0609403848648071,EUR/USD,,
2017-02-22,1.0542073249816895,EUR/USD,,
2017-02-23,1.0554089546203613,EUR/USD,,
2017-02-24,1.0584474802017212,EUR/USD,,
2017-02-27,1.055275321006775,EUR/USD,,
2017-02-28,1.0584250688552856,EUR/USD,,
2017-03-01,1.0569148063659668,EUR/USD,,
2017-03-02,1.0535852909088135,EUR/USD,,
2017-03-03,1.0509721040725708,EUR/USD,,
2017-03-06,1.062044620513916,EUR/USD,,
2017-03-07,1.0579211711883545,EUR/USD,,
2017-03-08,1.0570154190063477,EUR/USD,,
2017-03-09,1.0547411441802979,EUR/USD,,
2017-03-10,1.0578428506851196,EUR/USD,,
2017-03-13,1.0690041780471802,EUR/USD,,
2017-03-14,1.0651443004608154,EUR/USD,,
2017-03-15,1.0612443685531616,EUR/USD,,
2017-03-16,1.0737909078598022,EUR/USD,,
2017-03-17,1.077470064163208,EUR/USD,,
2017-03-20,1.0742985010147095,EUR/USD,,
2017-03-21,1.073767900466919,EUR/USD,,
2017-03-22,1.081244707107544,EUR/USD,,
2017-03-23,1.0790164470672607,EUR/USD,,
2017-03-24,1.0783880949020386,EUR/USD,,
2017-03-27,1.0849517583847046,EUR/USD,,
2017-03-28,1.0860947370529175,EUR/USD,,
2017-03-29,1.0817711353302002,EUR/USD,,
2017-03-30,1.0759629011154175,EUR/USD,,
2017-03-31,1.0687072277069092,EUR/USD,,
2017-04-03,1.0668829679489136,EUR/USD,,
2017-04-04,1.067008137702942,EUR/USD,,
2017-04-05,1.0680338144302368,EUR/USD,,
2017-04-06,1.0672472715377808,EUR/USD,,
2017-04-07,1.0644639730453491,EUR/USD,,
2017-04-10,1.0582010746002197,EUR/USD,,
2017-04-11,1.0597598552703857,EUR/USD,,
2017-04-12,1.0611318349838257,EUR/USD,,
2017-04-13,1.0670650005340576,EUR/USD,,
2017-04-14,1.0616387128829956,EUR/USD,,
2017-04-17,1.0610530376434326,EUR/USD,,
2017-04-18,1.0644525289535522,EUR/USD,,
2017-04-19,1.0728693008422852,EUR/USD,,
2017-04-20,1.0715012550354004,EUR/USD,,
2017-04-21,1.0714898109436035,EUR/USD,,
2017-04-24,1.087393879890442,EUR/USD,,
2017-04-25,1.0864840745925903,EUR/USD,,
2017-04-26,1.0928245782852173,EUR/USD,,
2017-04-27,1.090893268585205,EUR/USD,,
2017-04-28,1.0864251852035522,EUR/USD,,
2017-05-01,1.0907504558563232,EUR/USD,,
2017-05-02,1.090893268585205,EUR/USD,,
2017-05-03,1.0935654640197754,EUR/USD,,
2017-05-04,1.0888975858688354,EUR/USD,,
2017-05-05,1.098152995109558,EUR/USD,,
2017-05-08,1.0965152978897095,EUR/USD,,
2017-05-09,1.0927767753601074,EUR/USD,,
2017-05-10,1.0886842012405396,EUR/USD,,
2017-05-11,1.087074637413025,EUR/USD,,
2017-05-12,1.0864958763122559,EUR/USD,,
2017-05-15,1.0927289724349976,EUR/USD,,
2017-05-16,1.0981770753860474,EUR/USD,,
2017-05-17,1.1093976497650146,EUR/USD,,
2017-05-18,1.115635633468628,EUR/USD,,
2017-05-19,1.1113580465316772,EUR/USD,,
2017-05-22,1.120485782623291,EUR/USD,,
2017-05-23,1.123885989189148,EUR/USD,,
2017-05-24,1.11793053150177,EUR/USD,,
2017-05-25,1.1230907440185547,EUR/USD,,
2017-05-26,1.121076226234436,EUR/USD,,
2017-05-29,1.1176055669784546,EUR/USD,,
2017-05-30,1.1129041910171509,EUR/USD,,
2017-05-31,1.117168664932251,EUR/USD,,
2017-06-01,1.1243535280227661,EUR/USD,,
2017-06-02,1.1215791702270508,EUR/USD,,
2017-06-05,1.128082513809204,EUR/USD,,
2017-06-06,1.1256824731826782,EUR/USD,,
2017-06-07,1.1271415948867798,EUR/USD,,
2017-06-08,1.125517725944519,EUR/USD,,
2017-06-09,1.1184805631637573,EUR/USD,,
2017-06-12,1.1201971769332886,EUR/USD,,
2017-06-13,1.1196202039718628,EUR/USD,,
2017-06-14,1.1208877563476562,EUR/USD,,
2017-06-15,1.1215791702270508,EUR/USD,,
2017-06-16,1.1146905422210693,EUR/USD,,
2017-06-19,1.120824933052063,EUR/USD,,
2017-06-20,1.1144545078277588,EUR/USD,,
2017-06-21,1.1136974096298218,EUR/USD,,
2017-06-22,1.1167196035385132,EUR/USD,,
2017-06-23,1.1149640083312988,EUR/USD,,
2017-06-26,1.1198835372924805,EUR/USD,,
2017-06-27,1.118355631828308,EUR/USD,,
2017-06-28,1.1339154243469238,EUR/USD,,
2017-06-29,1.1382650136947632,EUR/USD,,
2017-06-30,1.144164800643921,EUR/USD,,
2017-07-03,1.1423088312149048,EUR/USD,,
2017-07-04,1.1371389627456665,EUR/USD,,
2017-07-05,1.1360150575637817,EUR/USD,,
2017-07-06,1.1346874237060547,EUR/USD,,
2017-07-07,1.1424784660339355,EUR/USD,,
2017-07-10,1.140380859375,EUR/USD,,
2017-07-12,1.1473942995071411,EUR/USD,,
2017-07-13,1.1418914794921875,EUR/USD,,
2017-07-14,1.140393853187561,EUR/USD,,
2017-07-17,1.1475391387939453,EUR/USD,,
2017-07-18,1.1474337577819824,EUR/USD,,
2017-07-19,1.1549744606018066,EUR/USD,,
2017-07-20,1.1528440713882446,EUR/USD,,
2017-07-21,1.1628718376159668,EUR/USD,,
2017-07-24,1.1681697368621826,EUR/USD,,
2017-07-25,1.1638869047164917,EUR/USD,,
2017-07-26,1.1644561290740967,EUR/USD,,
2017-07-27,1.1728004217147827,EUR/USD,,
2017-07-28,1.1688660383224487,EUR/USD,,
2017-07-31,1.1747292280197144,EUR/USD,,
2017-08-01,1.182410478591919,EUR/USD,,
2017-08-02,1.1811256408691406,EUR/USD,,
2017-08-03,1.1851149797439575,EUR/USD,,
2017-08-04,1.1884952783584595,EUR/USD,,
2017-08-07,1.1778424978256226,EUR/USD,,
2017-08-08,1.1800941228866577,EUR/USD,,
2017-08-09,1.1754610538482666,EUR/USD,,
2017-08-10,1.1761523485183716,EUR/USD,,
2017-08-11,1.177024483680725,EUR/USD,,
2017-08-14,1.182550311088562,EUR/USD,,
2017-08-15,1.1775789260864258,EUR/USD,,
2017-08-16,1.1741223335266113,EUR/USD,,
2017-08-17,1.1774264574050903,EUR/USD,,
2017-08-18,1.1715501546859741,EUR/USD,,
2017-08-21,1.1756268739700317,EUR/USD,,
2017-08-22,1.1811953783035278,EUR/USD,,
2017-08-23,1.176221489906311,EUR/USD,,
2017-08-24,1.1816558837890625,EUR/USD,,
2017-08-25,1.1802195310592651,EUR/USD,,
2017-08-28,1.1951857805252075,EUR/USD,,
2017-08-29,1.1963869333267212,EUR/USD,,
2017-08-30,1.1970456838607788,EUR/USD,,
2017-08-31,1.1893434524536133,EUR/USD,,
2017-09-01,1.1910432577133179,EUR/USD,,
2017-09-04,1.1882835626602173,EUR/USD,,
2017-09-05,1.1893434524536133,EUR/USD,,
2017-09-06,1.1924067735671997,EUR/USD,,
2017-09-07,1.1927765607833862,EUR/USD,,
2017-09-08,1.2029062509536743,EUR/USD,,
2017-09-11,1.2017642259597778,EUR/USD,,
2017-09-12,1.1959433555603027,EUR/USD,,
2017-09-13,1.1974613666534424,EUR/USD,,
2017-09-14,1.1890605688095093,EUR/USD,,
2017-09-15,1.1921650171279907,EUR/USD,,
2017-09-18,1.193716287612915,EUR/USD,,
2017-09-19,1.1959290504455566,EUR/USD,,
2017-09-20,1.199256420135498,EUR/USD,,
2017-09-21,1.1872113943099976,EUR/USD,,
2017-09-22,1.194557547569275,EUR/USD,,
2017-09-25,1.1927196979522705,EUR/USD,,
2017-09-26,1.185564637184143,EUR/USD,,
2017-09-27,1.1786059141159058,EUR/USD,,
2017-09-28,1.1749638319015503,EUR/USD,,
2017-09-29,1.178175449371338,EUR/USD,,
2017-10-02,1.1807351112365723,EUR/USD,,
2017-10-03,1.173378348350525,EUR/USD,,
2017-10-04,1.1747568845748901,EUR/USD,,
2017-10-05,1.175723671913147,EUR/USD,,
2017-10-06,1.1712344884872437,EUR/USD,,
2017-10-09,1.1742464303970337,EUR/USD,,
2017-10-10,1.1741636991500854,EUR/USD,,
2017-10-11,1.1814883947372437,EUR/USD,,
2017-10-12,1.1865493059158325,EUR/USD,,
2017-10-13,1.1831799745559692,EUR/USD,,
2017-10-16,1.181404709815979,EUR/USD,,
2017-10-17,1.1794538497924805,EUR/USD,,
2017-10-18,1.1771907806396484,EUR/USD,,
2017-10-19,1.1795234680175781,EUR/USD,,
2017-10-20,1.184805989265442,EUR/USD,,
2017-10-23,1.175364375114441,EUR/USD,,
2017-10-24,1.1759172677993774,EUR/USD,,
2017-10-25,1.1759034395217896,EUR/USD,,
2017-10-26,1.182075023651123,EUR/USD,,
2017-10-27,1.163724422454834,EUR/USD,,
2017-10-30,1.1604562997817993,EUR/USD,,
2017-10-31,1.1652703285217285,EUR/USD,,
2017-11-01,1.165175199508667,EUR/USD,,
2017-11-02,1.1628718376159668,EUR/USD,,
2017-11-03,1.1661807298660278,EUR/USD,,
2017-11-06,1.1614941358566284,EUR/USD,,
2017-11-07,1.1612648963928223,EUR/USD,,
2017-11-08,1.1601063013076782,EUR/USD,,
2017-11-09,1.15968918800354,EUR/USD,,
2017-11-10,1.164686679840088,EUR/USD,,
2017-11-13,1.1661127805709839,EUR/USD,,
2017-11-14,1.1664936542510986,EUR/USD,,
2017-11-15,1.1792869567871094,EUR/USD,,
2017-11-17,1.1777453422546387,EUR/USD,,
2017-11-20,1.1731857061386108,EUR/USD,,
2017-11-21,1.1741223335266113,EUR/USD,,
2017-11-22,1.173722743988037,EUR/USD,,
2017-11-23,1.1814744472503662,EUR/USD,,
2017-11-24,1.1853959560394287,EUR/USD,,
2017-11-27,1.1926485300064087,EUR/USD,,
2017-11-28,1.1904903650283813,EUR/USD,,
2017-11-29,1.184805989265442,EUR/USD,,
2017-11-30,1.18519926071167,EUR/USD,,
2017-12-01,1.1898245811462402,EUR/USD,,
2017-12-04,1.1859863996505737,EUR/USD,,
2017-12-05,1.1867746114730835,EUR/USD,,
2017-12-06,1.1832919120788574,EUR/USD,,
2017-12-07,1.1804285049438477,EUR/USD,,
2017-12-08,1.1772184371948242,EUR/USD,,
2017-12-11,1.1769968271255493,EUR/USD,,
2017-12-12,1.1777591705322266,EUR/USD,,
2017-12-13,1.1742602586746216,EUR/USD,,
2017-12-14,1.1835860013961792,EUR/USD,,
2017-12-15,1.1774957180023193,EUR/USD,,
2017-12-18,1.1743566989898682,EUR/USD,,
2017-12-19,1.1784253120422363,EUR/USD,,
2017-12-20,1.1841325759887695,EUR/USD,,
2017-12-21,1.1878176927566528,EUR/USD,,
2017-12-22,1.1857331991195679,EUR/USD,,
2017-12-25,1.1856067180633545,EUR/USD,,
2017-12-26,1.187253713607788,EUR/USD,,
2017-12-27,1.1857894659042358,EUR/USD,,
2017-12-28,1.1900794506072998,EUR/USD,,
2017-12-29,1.1941723823547363,EUR/USD,,
2018-01-01,1.200494647026062,EUR/USD,,
2018-01-02,1.2011579275131226,EUR/USD,,
2018-01-03,1.2063454389572144,EUR/USD,,
2018-01-04,1.2010425329208374,EUR/USD,,
2018-01-05,1.2068840265274048,EUR/USD,,
2018-01-08,1.2037460803985596,EUR/USD,,
2018-01-09,1.1970456838607788,EUR/USD,,
2018-01-10,1.1929330825805664,EUR/USD,,
2018-01-11,1.1956144571304321,EUR/USD,,
2018-01-12,1.2042099237442017,EUR/USD,,
2018-01-15,1.2192296981811523,EUR/USD,,
2018-01-16,1.2268433570861816,EUR/USD,,
2018-01-17,1.227129340171814,EUR/USD,,
2018-01-18,1.218397855758667,EUR/USD,,
2018-01-19,1.2236607074737549,EUR/USD,,
2018-01-22,1.2255502939224243,EUR/USD,,
2018-01-23,1.2256253957748413,EUR/USD,,
2018-01-24,1.2310267686843872,EUR/USD,,
2018-01-25,1.239111304283142,EUR/USD,,
2018-01-26,1.239234209060669,EUR/USD,,
2018-01-29,1.2428072690963745,EUR/USD,,
2018-01-30,1.2381141185760498,EUR/USD,,
2018-01-31,1.2409565448760986,EUR/USD,,
2018-02-01,1.241865873336792,EUR/USD,,
2018-02-02,1.2510008811950684,EUR/USD,,
2018-02-05,1.244694471359253,EUR/USD,,
2018-02-06,1.2367818355560303,EUR/USD,,
2018-02-07,1.2381294965744019,EUR/USD,,
2018-02-08,1.2268133163452148,EUR/USD,,
2018-02-09,1.2260762453079224,EUR/USD,,
2018-02-12,1.2252799272537231,EUR/USD,,
2018-02-13,1.2303755283355713,EUR/USD,,
2018-02-14,1.235376238822937,EUR/USD,,
2018-02-15,1.2467273473739624,EUR/USD,,
2018-02-16,1.2503595352172852,EUR/USD,,
2018-02-19,1.241187572479248,EUR/USD,,
2018-02-20,1.2398641109466553,EUR/USD,,
2018-02-21,1.233532428741455,EUR/USD,,
2018-02-22,1.2281843423843384,EUR/USD,,
2018-02-23,1.2326656579971313,EUR/USD,,
2018-02-26,1.228712558746338,EUR/USD,,
2018-02-27,1.2315573692321777,EUR/USD,,
2018-02-28,1.2230321168899536,EUR/USD,,
2018-03-01,1.2191256284713745,EUR/USD,,
2018-03-02,1.2270842790603638,EUR/USD,,
2018-03-05,1.2315422296524048,EUR/USD,,
2018-03-06,1.2336541414260864,EUR/USD,,
2018-03-07,1.2416653633117676,EUR/USD,,
2018-03-08,1.2414649724960327,EUR/USD,,
2018-03-09,1.2306632995605469,EUR/USD,,
2018-03-12,1.2308752536773682,EUR/USD,,
2018-03-13,1.2339584827423096,EUR/USD,,
2018-03-14,1.239234209060669,EUR/USD,,
2018-03-15,1.2375624179840088,EUR/USD,,
2018-03-16,1.2309207916259766,EUR/USD,,
2018-03-19,1.228078842163086,EUR/USD,,
2018-03-20,1.2336845397949219,EUR/USD,,
2018-03-21,1.2251899242401123,EUR/USD,,
2018-03-22,1.2347661256790161,EUR/USD,,
2018-03-23,1.2324985265731812,EUR/USD,,
2018-03-26,1.235437273979187,EUR/USD,,
2018-03-27,1.2457488775253296,EUR/USD,,
2018-03-28,1.240787148475647,EUR/USD,,
2018-03-29,1.2310267686843872,EUR/USD,,
2018-03-30,1.2302846908569336,EUR/USD,,
2018-04-02,1.231420874595642,EUR/USD,,
2018-04-03,1.229271411895752,EUR/USD,,
2018-04-04,1.2278525829315186,EUR/USD,,
2018-04-05,1.228682279586792,EUR/USD,,
2018-04-06,1.2251598834991455,EUR/USD,,
2018-04-09,1.227144479751587,EUR/USD,,
2018-04-10,1.2322403192520142,EUR/USD,,
2018-04-11,1.2363078594207764,EUR/USD,,
2018-04-12,1.2371643781661987,EUR/USD,,
2018-04-13,1.2329696416854858,EUR/USD,,
2018-04-16,1.233258605003357,EUR/USD,,
2018-04-17,1.2385127544403076,EUR/USD,,
2018-04-18,1.237317442893982,EUR/USD,,
2018-04-19,1.237914800643921,EUR/USD,,
2018-04-20,1.2345526218414307,EUR/USD,,
2018-04-23,1.2273402214050293,EUR/USD,,
2018-04-24,1.22089684009552,EUR/USD,,
2018-04-25,1.2241400480270386,EUR/USD,,
2018-04-26,1.2171669006347656,EUR/USD,,
2018-04-27,1.2109616994857788,EUR/USD,,
2018-04-30,1.2122827768325806,EUR/USD,,
2018-05-01,1.2081234455108643,EUR/USD,,
2018-05-02,1.1991558074951172,EUR/USD,,
2018-05-03,1.19510018825531,EUR/USD,,
2018-05-04,1.1989257335662842,EUR/USD,,
2018-05-07,1.195500135421753,EUR/USD,,
2018-05-08,1.1933743953704834,EUR/USD,,
2018-05-09,1.1867886781692505,EUR/USD,,
2018-05-10,1.184721827507019,EUR/USD,,
2018-05-11,1.1917530298233032,EUR/USD,,
2018-05-14,1.1952143907546997,EUR/USD,,
2018-05-15,1.1931180953979492,EUR/USD,,
2018-05-16,1.1820889711380005,EUR/USD,,
2018-05-17,1.1816978454589844,EUR/USD,,
2018-05-18,1.1795234680175781,EUR/USD,,
2018-05-21,1.1766643524169922,EUR/USD,,
2018-05-22,1.1792453527450562,EUR/USD,,
2018-05-23,1.1788560152053833,EUR/USD,,
2018-05-24,1.1710150241851807,EUR/USD,,
2018-05-25,1.1722642183303833,EUR/USD,,
2018-05-28,1.1688934564590454,EUR/USD,,
2018-05-29,1.162696123123169,EUR/USD,,
2018-05-30,1.1539349555969238,EUR/USD,,
2018-05-31,1.1667250394821167,EUR/USD,,
2018-06-01,1.1693171262741089,EUR/USD,,
2018-06-04,1.1668611764907837,EUR/USD,,
2018-06-05,1.1700559854507446,EUR/USD,,
2018-06-06,1.1726216077804565,EUR/USD,,
2018-06-07,1.178550362586975,EUR/USD,,
2018-06-08,1.1795234680175781,EUR/USD,,
2018-06-11,1.1783976554870605,EUR/USD,,
2018-06-12,1.177412509918213,EUR/USD,,
2018-06-13,1.17482590675354,EUR/USD,,
2018-06-14,1.1807769536972046,EUR/USD,,
2018-06-15,1.1566576957702637,EUR/USD,,
2018-06-18,1.159595012664795,EUR/USD,,
2018-06-19,1.1630746126174927,EUR/USD,,
2018-06-20,1.1588560342788696,EUR/USD,,
2018-06-21,1.1579033136367798,EUR/USD,,
2018-06-22,1.1605775356292725,EUR/USD,,
2018-06-25,1.1661399602890015,EUR/USD,,
2018-06-26,1.1702749729156494,EUR/USD,,
2018-06-27,1.1650259494781494,EUR/USD,,
2018-06-28,1.1563634872436523,EUR/USD,,
2018-06-29,1.1562966108322144,EUR/USD,,
2018-07-02,1.1678558588027954,EUR/USD,,
2018-07-03,1.1642121076583862,EUR/USD,,
2018-07-04,1.1659224033355713,EUR/USD,,
2018-07-05,1.166235089302063,EUR/USD,,
2018-07-06,1.1695905923843384,EUR/USD,,
2018-07-09,1.1752262115478516,EUR/USD,,
2018-07-10,1.1756960153579712,EUR/USD,,
2018-07-11,1.1727042198181152,EUR/USD,,
2018-07-12,1.1676785945892334,EUR/USD,,
2018-07-13,1.1665889024734497,EUR/USD,,
2018-07-16,1.1679104566574097,EUR/USD,,
2018-07-17,1.170946478843689,EUR/USD,,
2018-07-18,1.1653246879577637,EUR/USD,,
2018-07-19,1.164564609527588,EUR/USD,,
2018-07-20,1.1655147075653076,EUR/USD,,
2018-07-23,1.1741912364959717,EUR/USD,,
2018-07-24,1.1694128513336182,EUR/USD,,
2018-07-25,1.1685519218444824,EUR/USD,,
2018-07-26,1.1737502813339233,EUR/USD,,
2018-07-27,1.1642934083938599,EUR/USD,,
2018-07-30,1.16604483127594,EUR/USD,,
2018-07-31,1.1707408428192139,EUR/USD,,
2018-08-01,1.168961763381958,EUR/USD,,
2018-08-02,1.1665889024734497,EUR/USD,,
2018-08-03,1.1586008071899414,EUR/USD,,
2018-08-06,1.1562297344207764,EUR/USD,,
2018-08-07,1.1558021306991577,EUR/USD,,
2018-08-08,1.1602946519851685,EUR/USD,,
2018-08-09,1.1610760688781738,EUR/USD,,
2018-08-10,1.1523923873901367,EUR/USD,,
2018-08-13,1.1394712924957275,EUR/USD,,
2018-08-14,1.1402509212493896,EUR/USD,,
2018-08-15,1.1345715522766113,EUR/USD,,
2018-08-16,1.134429931640625,EUR/USD,,
2018-08-17,1.1371389627456665,EUR/USD,,
2018-08-20,1.1437721252441406,EUR/USD,,
2018-08-21,1.149134635925293,EUR/USD,,
2018-08-22,1.1576753854751587,EUR/USD,,
2018-08-23,1.1584800481796265,EUR/USD,,
2018-08-24,1.154334545135498,EUR/USD,,
2018-08-27,1.164890170097351,EUR/USD,,
2018-08-28,1.1683608293533325,EUR/USD,,
2018-08-29,1.1691256761550903,EUR/USD,,
2018-08-30,1.1709738969802856,EUR/USD,,
2018-08-31,1.1664663553237915,EUR/USD,,
2018-09-03,1.1601063013076782,EUR/USD,,
2018-09-04,1.161548137664795,EUR/USD,,
2018-09-05,1.1586545705795288,EUR/USD,,
2018-09-06,1.1635212898254395,EUR/USD,,
2018-09-07,1.1620069742202759,EUR/USD,,
2018-09-10,1.1561094522476196,EUR/USD,,
2018-09-11,1.159595012664795,EUR/USD,,
2018-09-12,1.1596084833145142,EUR/USD,,
2018-09-13,1.1629259586334229,EUR/USD,,
2018-09-14,1.1691803932189941,EUR/USD,,
2018-09-17,1.1628988981246948,EUR/USD,,
2018-09-18,1.1669156551361084,EUR/USD,,
2018-09-19,1.167992353439331,EUR/USD,,
2018-09-20,1.167460560798645,EUR/USD,,
2018-09-21,1.1775927543640137,EUR/USD,,
2018-09-24,1.1751019954681396,EUR/USD,,
2018-09-25,1.175295352935791,EUR/USD,,
2018-09-26,1.1763184070587158,EUR/USD,,
2018-09-27,1.1748534440994263,EUR/USD,,
2018-09-28,1.1637378931045532,EUR/USD,,
2018-10-01,1.1605371236801147,EUR/USD,,
2018-10-02,1.157755732536316,EUR/USD,,
2018-10-03,1.1551746129989624,EUR/USD,,
2018-10-04,1.147631287574768,EUR/USD,,
2018-10-05,1.1518083810806274,EUR/USD,,
2018-10-08,1.1522595882415771,EUR/USD,,
2018-10-09,1.1494120359420776,EUR/USD,,
2018-10-10,1.1506949663162231,EUR/USD,,
2018-10-11,1.1533360481262207,EUR/USD,,
2018-10-12,1.1590440273284912,EUR/USD,,
2018-10-15,1.1551345586776733,EUR/USD,,
2018-10-16,1.1583458185195923,EUR/USD,,
2018-10-17,1.1575279235839844,EUR/USD,,
2018-10-18,1.1500862836837769,EUR/USD,,
2018-10-19,1.1460003852844238,EUR/USD,,
2018-10-22,1.1509466171264648,EUR/USD,,
2018-10-23,1.1467890739440918,EUR/USD,,
2018-10-24,1.147315263748169,EUR/USD,,
2018-10-25,1.1399258375167847,EUR/USD,,
2018-10-26,1.1377859115600586,EUR/USD,,
2018-10-29,1.1398738622665405,EUR/USD,,
2018-10-30,1.137617588043213,EUR/USD,,
2018-10-31,1.1346358060836792,EUR/USD,,
2018-11-01,1.1316697597503662,EUR/USD,,
2018-11-02,1.1403288841247559,EUR/USD,,
2018-11-05,1.1397570371627808,EUR/USD,,
2018-11-06,1.141291856765747,EUR/USD,,
2018-11-07,1.1438506841659546,EUR/USD,,
2018-11-08,1.1434059143066406,EUR/USD,,
2018-11-09,1.1368415355682373,EUR/USD,,
2018-11-12,1.132502794265747,EUR/USD,,
2018-11-13,1.1233429908752441,EUR/USD,,
2018-11-14,1.1311193704605103,EUR/USD,,
2018-11-15,1.131183385848999,EUR/USD,,
2018-11-16,1.1324899196624756,EUR/USD,,
2018-11-19,1.141396164894104,EUR/USD,,
2018-11-20,1.1455016136169434,EUR/USD,,
2018-11-21,1.1372424364089966,EUR/USD,,
2018-11-22,1.1388354301452637,EUR/USD,,
2018-11-23,1.1403158903121948,EUR/USD,,
2018-11-26,1.1337354183197021,EUR/USD,,
2018-11-27,1.1333370208740234,EUR/USD,,
2018-11-28,1.1298797130584717,EUR/USD,,
2018-11-29,1.1368545293807983,EUR/USD,,
2018-11-30,1.1392766237258911,EUR/USD,,
2018-12-03,1.1342240571975708,EUR/USD,,
2018-12-04,1.135486125946045,EUR/USD,,
2018-12-05,1.1342884302139282,EUR/USD,,
2018-12-06,1.13490629196167,EUR/USD,,
2018-12-07,1.1374752521514893,EUR/USD,,
2018-12-10,1.1400948762893677,EUR/USD,,
2018-12-11,1.1356538534164429,EUR/USD,,
2018-12-12,1.1323105096817017,EUR/USD,,
2018-12-13,1.1373459100723267,EUR/USD,,
2018-12-14,1.1363636255264282,EUR/USD,,
2018-12-17,1.1305949687957764,EUR/USD,,
2018-12-18,1.1349835395812988,EUR/USD,,
2018-12-19,1.1375399827957153,EUR/USD,,
2018-12-20,1.1389521360397339,EUR/USD,,
2018-12-21,1.1456853151321411,EUR/USD,,
2018-12-24,1.1372811794281006,EUR/USD,,
2018-12-25,1.140393853187561,EUR/USD,,
2018-12-26,1.1415525674819946,EUR/USD,,
2018-12-27,1.1361312866210938,EUR/USD,,
2018-12-28,1.143105387687683,EUR/USD,,
2018-12-31,1.1439945697784424,EUR/USD,,
2019-01-01,1.1493064165115356,EUR/USD,,
2019-01-02,1.14617121219635,EUR/USD,,
2019-01-03,1.1318106651306152,EUR/USD,,
2019-01-04,1.1391078233718872,EUR/USD,,
2019-01-07,1.1410444974899292,EUR/USD,,
2019-01-08,1.1479737758636475,EUR/USD,,
2019-01-09,1.1456066370010376,EUR/USD,,
2019-01-10,1.1554949283599854,EUR/USD,,
2019-01-11,1.151012897491455,EUR/USD,,
2019-01-14,1.146013617515564,EUR/USD,,
2019-01-15,1.1472889184951782,EUR/USD,,
2019-01-16,1.1416828632354736,EUR/USD,,
2019-01-17,1.1398088932037354,EUR/USD,,
2019-01-18,1.13926362991333,EUR/USD,,
2019-01-21,1.1365574598312378,EUR/USD,,
2019-01-22,1.136932134628296,EUR/USD,,
2019-01-23,1.1364023685455322,EUR/USD,,
2019-01-24,1.1388224363327026,EUR/USD,,
2019-01-25,1.1313496828079224,EUR/USD,,
2019-01-28,1.1413049697875977,EUR/USD,,
2019-01-29,1.143000841140747,EUR/USD,,
2019-01-30,1.1435366868972778,EUR/USD,,
2019-01-31,1.1487650871276855,EUR/USD,,
2019-02-01,1.1449507474899292,EUR/USD,,
2019-02-04,1.1455278396606445,EUR/USD,,
2019-02-05,1.1436283588409424,EUR/USD,,
2019-02-06,1.140992522239685,EUR/USD,,
2019-02-07,1.1365960836410522,EUR/USD,,
2019-02-08,1.1338768005371094,EUR/USD,,
2019-02-11,1.1324259042739868,EUR/USD,,
2019-02-12,1.1279042959213257,EUR/USD,,
2019-02-13,1.1334655284881592,EUR/USD,,
2019-02-14,1.12649405002594,EUR/USD,,
2019-02-15,1.1295350790023804,EUR/USD,,
2019-02-18,1.1298030614852905,EUR/USD,,
2019-02-19,1.131196141242981,EUR/USD,,
2019-02-20,1.1343011856079102,EUR/USD,,
2019-02-21,1.1346358060836792,EUR/USD,,
2019-02-22,1.1343011856079102,EUR/USD,,
2019-02-25,1.1342240571975708,EUR/USD,,
2019-02-26,1.1367511749267578,EUR/USD,,
2019-02-27,1.1393154859542847,EUR/USD,,
2019-02-28,1.1380189657211304,EUR/USD,,
2019-03-01,1.1373459100723267,EUR/USD,,
2019-03-04,1.1375917196273804,EUR/USD,,
2019-03-05,1.1337354183197021,EUR/USD,,
2019-03-06,1.1307101249694824,EUR/USD,,
2019-03-07,1.1314009428024292,EUR/USD,,
2019-03-08,1.1198333501815796,EUR/USD,,
2019-03-11,1.1232421398162842,EUR/USD,,
2019-03-12,1.1259232759475708,EUR/USD,,
2019-03-13,1.1287446022033691,EUR/USD,,
2019-03-14,1.133105993270874,EUR/USD,,
2019-03-15,1.1308379173278809,EUR/USD,,
2019-03-18,1.1319772005081177,EUR/USD,,
2019-03-19,1.133619785308838,EUR/USD,,
2019-03-20,1.135486125946045,EUR/USD,,
2019-03-21,1.1427918672561646,EUR/USD,,
2019-03-22,1.1375011205673218,EUR/USD,,
2019-03-25,1.129586100578308,EUR/USD,,
2019-03-26,1.131580114364624,EUR/USD,,
2019-03-27,1.127484679222107,EUR/USD,,
2019-03-28,1.1251758337020874,EUR/USD,,
2019-03-29,1.1230024099349976,EUR/USD,,
2019-04-01,1.1223849058151245,EUR/USD,,
2019-04-02,1.1205737590789795,EUR/USD,,
2019-04-03,1.1203854084014893,EUR/USD,,
2019-04-04,1.1246949434280396,EUR/USD,,
2019-04-05,1.1225864887237549,EUR/USD,,
2019-04-08,1.121956706047058,EUR/USD,,
2019-04-09,1.1256444454193115,EUR/USD,,
2019-04-10,1.126697063446045,EUR/USD,,
2019-04-11,1.1276500225067139,EUR/USD,,
2019-04-12,1.1260753870010376,EUR/USD,,
2019-04-15,1.1305055618286133,EUR/USD,,
2019-04-16,1.1304928064346313,EUR/USD,,
2019-04-17,1.128502607345581,EUR/USD,,
2019-04-18,1.129713773727417,EUR/USD,,
2019-04-19,1.1235954761505127,EUR/USD,,
2019-04-22,1.1244546175003052,EUR/USD,,
2019-04-23,1.1258978843688965,EUR/USD,,
2019-04-24,1.122435212135315,EUR/USD,,
2019-04-25,1.1153494119644165,EUR/USD,,
2019-04-26,1.113684892654419,EUR/USD,,
2019-04-29,1.1150261163711548,EUR/USD,,
2019-04-30,1.1185182332992554,EUR/USD,,
2019-05-01,1.121604323387146,EUR/USD,,
2019-05-02,1.1200841665267944,EUR/USD,,
2019-05-03,1.1173559427261353,EUR/USD,,
2019-05-06,1.1185808181762695,EUR/USD,,
2019-05-07,1.1201846599578857,EUR/USD,,
2019-05-08,1.1191065311431885,EUR/USD,,
2019-05-09,1.1198333501815796,EUR/USD,,
2019-05-10,1.1222084760665894,EUR/USD,,
2019-05-13,1.1236460208892822,EUR/USD,,
2019-05-14,1.1232547760009766,EUR/USD,,
2019-05-15,1.1204482316970825,EUR/USD,,
2019-05-16,1.1207244396209717,EUR/USD,,
2019-05-17,1.1173559427261353,EUR/USD,,
2019-05-20,1.1165324449539185,EUR/USD,,
2019-05-21,1.1168566942214966,EUR/USD,,
2019-05-23,1.1155484914779663,EUR/USD,,
2019-05-24,1.1184556484222412,EUR/USD,,
2019-05-27,1.1209630966186523,EUR/USD,,
2019-05-28,1.1193821430206299,EUR/USD,,
2019-05-29,1.1170687675476074,EUR/USD,,
2019-05-30,1.1137346029281616,EUR/USD,,
2019-05-31,1.1131147146224976,EUR/USD,,
2019-06-03,1.1174057722091675,EUR/USD,,
2019-06-04,1.124631643295288,EUR/USD,,
2019-06-05,1.1254037618637085,EUR/USD,,
2019-06-06,1.1229015588760376,EUR/USD,,
2019-06-07,1.1276500225067139,EUR/USD,,
2019-06-10,1.1320157051086426,EUR/USD,,
2019-06-11,1.1318106651306152,EUR/USD,,
2019-06-12,1.1329518556594849,EUR/USD,,
2019-06-13,1.1295605897903442,EUR/USD,,
2019-06-14,1.1280443668365479,EUR/USD,,
2019-06-17,1.1217050552368164,EUR/USD,,
2019-06-18,1.1224603652954102,EUR/USD,,
2019-06-19,1.1198208332061768,EUR/USD,,
2019-06-20,1.1238480806350708,EUR/USD,,
2019-06-21,1.1295605897903442,EUR/USD,,
2019-06-24,1.1384724378585815,EUR/USD,,
2019-06-25,1.140029788017273,EUR/USD,,
2019-06-26,1.1369967460632324,EUR/USD,,
2019-06-27,1.1374752521514893,EUR/USD,,
2019-06-28,1.1372941732406616,EUR/USD,,
2019-07-01,1.1364928483963013,EUR/USD,,
2019-07-02,1.1287446022033691,EUR/USD,,
2019-07-03,1.1293054819107056,EUR/USD,,
2019-07-04,1.1287955045700073,EUR/USD,,
2019-07-05,1.128579020500183,EUR/USD,,
2019-07-08,1.1227376461029053,EUR/USD,,
2019-07-09,1.121604323387146,EUR/USD,,
2019-07-10,1.120824933052063,EUR/USD,,
2019-07-11,1.125885248184204,EUR/USD,,
2019-07-12,1.1252391338348389,EUR/USD,,
2019-07-15,1.1272051334381104,EUR/USD,,
2019-07-16,1.1261768341064453,EUR/USD,,
2019-07-17,1.1212271451950073,EUR/USD,,
2019-07-18,1.12296462059021,EUR/USD,,
2019-07-19,1.1261515617370605,EUR/USD,,
2019-07-22,1.1218308210372925,EUR/USD,,
2019-07-23,1.1206114292144775,EUR/USD,,
2019-07-24,1.1151255369186401,EUR/USD,,
2019-07-25,1.1142433881759644,EUR/USD,,
2019-07-26,1.1146159172058105,EUR/USD,,
2019-07-29,1.1132138967514038,EUR/USD,,
2019-07-30,1.1143054962158203,EUR/USD,,
2019-07-31,1.1157974004745483,EUR/USD,,
2019-08-01,1.1071745157241821,EUR/USD,,
2019-08-02,1.1078859567642212,EUR/USD,,
2019-08-05,1.1108025312423706,EUR/USD,,
2019-08-06,1.1243788003921509,EUR/USD,,
2019-08-07,1.1206992864608765,EUR/USD,,
2019-08-08,1.1204355955123901,EUR/USD,,
2019-08-09,1.1187183856964111,EUR/USD,,
2019-08-12,1.1208499670028687,EUR/USD,,
2019-08-13,1.1218308210372925,EUR/USD,,
2019-08-14,1.1177055835723877,EUR/USD,,
2019-08-15,1.1143302917480469,EUR/USD,,
2019-08-16,1.1113580465316772,EUR/USD,,
2019-08-19,1.109385371208191,EUR/USD,,
2019-08-20,1.1083157062530518,EUR/USD,,
2019-08-21,1.1097793579101562,EUR/USD,,
2019-08-22,1.10907781124115,EUR/USD,,
2019-08-23,1.1084016561508179,EUR/USD,,
2019-08-26,1.1143054962158203,EUR/USD,,
2019-08-27,1.1103708744049072,EUR/USD,,
2019-08-28,1.109004020690918,EUR/USD,,
2019-08-29,1.1085859537124634,EUR/USD,,
2019-08-30,1.1061947345733643,EUR/USD,,
2019-09-02,1.0991789102554321,EUR/USD,,
2019-09-03,1.0968520641326904,EUR/USD,,
2019-09-04,1.0974539518356323,EUR/USD,,
2019-09-05,1.10349702835083,EUR/USD,,
2019-09-06,1.1036310195922852,EUR/USD,,
2019-09-09,1.1020619869232178,EUR/USD,,
2019-09-10,1.1048381328582764,EUR/USD,,
2019-09-11,1.1050333976745605,EUR/USD,,
2019-09-12,1.1013457775115967,EUR/USD,,
2019-09-13,1.1058276891708374,EUR/USD,,
2019-09-16,1.1083402633666992,EUR/USD,,
2019-09-17,1.100594401359558,EUR/USD,,
2019-09-18,1.1074687242507935,EUR/USD,,
2019-09-19,1.1031439304351807,EUR/USD,,
2019-09-20,1.1048502922058105,EUR/USD,,
2019-09-23,1.1019041538238525,EUR/USD,,
2019-09-24,1.0993722677230835,EUR/USD,,
2019-09-25,1.1016855239868164,EUR/USD,,
2019-09-26,1.0952903032302856,EUR/USD,,
2019-09-27,1.0922753810882568,EUR/USD,,
2019-09-30,1.0942714214324951,EUR/USD,,
2019-10-01,1.0899657011032104,EUR/USD,,
2019-10-02,1.0934937000274658,EUR/USD,,
2019-10-03,1.0963709354400635,EUR/USD,,
2019-10-04,1.0975382328033447,EUR/USD,,
2019-10-07,1.098659634590149,EUR/USD,,
2019-10-08,1.0972130298614502,EUR/USD,,
2019-10-09,1.0960105657577515,EUR/USD,,
2019-10-10,1.0987803936004639,EUR/USD,,
2019-10-11,1.1011033058166504,EUR/USD,,
2019-10-14,1.1030004024505615,EUR/USD,,
2019-10-15,1.1029006242752075,EUR/USD,,
2019-10-16,1.1034727096557617,EUR/USD,,
2019-10-17,1.107493281364441,EUR/USD,,
2019-10-18,1.1127183437347412,EUR/USD,,
2019-10-21,1.1155734062194824,EUR/USD,,
2019-10-22,1.1151753664016724,EUR/USD,,
2019-10-23,1.112928867340088,EUR/USD,,
2019-10-24,1.1132385730743408,EUR/USD,,
2019-10-25,1.1103955507278442,EUR/USD,,
2019-10-28,1.1084262132644653,EUR/USD,,
2019-10-29,1.1099148988723755,EUR/USD,,
2019-10-30,1.1114816665649414,EUR/USD,,
2019-10-31,1.1154489517211914,EUR/USD,,
2019-11-01,1.1157102584838867,EUR/USD,,
2019-11-04,1.1166571378707886,EUR/USD,,
2019-11-05,1.1128545999526978,EUR/USD,,
2019-11-06,1.107419729232788,EUR/USD,,
2019-11-07,1.1070396900177002,EUR/USD,,
2019-11-08,1.1019697189331055,EUR/USD,,
2019-11-11,1.102244257926941,EUR/USD,,
2019-11-12,1.1035456657409668,EUR/USD,,
2019-11-13,1.1012367010116577,EUR/USD,,
2019-11-14,1.1013215780258179,EUR/USD,,
2019-11-15,1.1020498275756836,EUR/USD,,
2019-11-18,1.105509877204895,EUR/USD,,
2019-11-19,1.1072357892990112,EUR/USD,,
2019-11-20,1.1080001592636108,EUR/USD,,
2019-11-21,1.1078859567642212,EUR/USD,,
2019-11-22,1.1065863370895386,EUR/USD,,
2019-11-25,1.1022562980651855,EUR/USD,,
2019-11-26,1.1014429330825806,EUR/USD,,
2019-11-27,1.1022562980651855,EUR/USD,,
2019-11-28,1.1004853248596191,EUR/USD,,
2019-11-29,1.101176142692566,EUR/USD,,
2019-12-02,1.1019041538238525,EUR/USD,,
2019-12-03,1.1079105138778687,EUR/USD,,
2019-12-04,1.1085245609283447,EUR/USD,,
2019-12-05,1.108303427696228,EUR/USD,,
2019-12-06,1.1105434894561768,EUR/USD,,
2019-12-09,1.105888843536377,EUR/USD,,
2019-12-10,1.106499433517456,EUR/USD,,
2019-12-11,1.1092746257781982,EUR/USD,,
2019-12-12,1.1135857105255127,EUR/USD,,
2019-12-13,1.1186057329177856,EUR/USD,,
2019-12-16,1.1124460697174072,EUR/USD,,
2019-12-17,1.1136974096298218,EUR/USD,,
2019-12-18,1.115138053894043,EUR/USD,,
2019-12-19,1.1115927696228027,EUR/USD,,
2019-12-20,1.1125946044921875,EUR/USD,,
2019-12-23,1.1079840660095215,EUR/USD,,
2019-12-24,1.109385371208191,EUR/USD,,
2019-12-25,1.1090162992477417,EUR/USD,,
2019-12-26,1.1095454692840576,EUR/USD,,
2019-12-27,1.110111951828003,EUR/USD,,
2019-12-30,1.1182304620742798,EUR/USD,,
2015-01-01,,EUR/GBP,0.7761600017547607,
2015-01-02,,EUR/GBP,0.7759000062942505,
2015-01-05,,EUR/GBP,0.7814800143241882,
2015-01-06,,EUR/GBP,0.7824000120162964,
2015-01-07,,EUR/GBP,0.7844399809837341,
2015-01-08,,EUR/GBP,0.78329998254776,
2015-01-09,,EUR/GBP,0.7816299796104431,
2015-01-12,,EUR/GBP,0.781470000743866,
2015-01-13,,EUR/GBP,0.7797999978065491,
2015-01-14,,EUR/GBP,0.7763000130653381,
2015-01-15,,EUR/GBP,0.7735099792480469,
2015-01-16,,EUR/GBP,0.7664999961853027,
2015-01-19,,EUR/GBP,0.7635999917984009,
2015-01-20,,EUR/GBP,0.7684999704360962,
2015-01-21,,EUR/GBP,0.7623000144958496,
2015-01-22,,EUR/GBP,0.7667499780654907,
2015-01-23,,EUR/GBP,0.7558000087738037,
2015-01-26,,EUR/GBP,0.7422699928283691,
2015-01-27,,EUR/GBP,0.7455599904060364,
2015-01-28,,EUR/GBP,0.7483999729156494,
2015-01-29,,EUR/GBP,0.7451900243759155,
2015-01-30,,EUR/GBP,0.7516000270843506,
2015-02-02,,EUR/GBP,0.7494999766349792,
2015-02-03,,EUR/GBP,0.754610002040863,
2015-02-04,,EUR/GBP,0.756600022315979,
2015-02-05,,EUR/GBP,0.7455999851226807,
2015-02-06,,EUR/GBP,0.7484999895095825,
2015-02-09,,EUR/GBP,0.7425000071525574,
2015-02-10,,EUR/GBP,0.7442600131034851,
2015-02-11,,EUR/GBP,0.7417200207710266,
2015-02-12,,EUR/GBP,0.7419599890708923,
2015-02-13,,EUR/GBP,0.7408699989318848,
2015-02-16,,EUR/GBP,0.7397800087928772,
2015-02-17,,EUR/GBP,0.7379999756813049,
2015-02-18,,EUR/GBP,0.7426000237464905,
2015-02-19,,EUR/GBP,0.7383999824523926,
2015-02-20,,EUR/GBP,0.7369999885559082,
2015-02-23,,EUR/GBP,0.7394999861717224,
2015-02-24,,EUR/GBP,0.7333999872207642,
2015-02-25,,EUR/GBP,0.7335500121116638,
2015-02-26,,EUR/GBP,0.7318999767303467,
2015-02-27,,EUR/GBP,0.7267100214958191,
2015-03-02,,EUR/GBP,0.7243000268936157,
2015-03-03,,EUR/GBP,0.7275999784469604,
2015-03-04,,EUR/GBP,0.7275699973106384,
2015-03-05,,EUR/GBP,0.7258999943733215,
2015-03-06,,EUR/GBP,0.7234200239181519,
2015-03-09,,EUR/GBP,0.7200300097465515,
2015-03-10,,EUR/GBP,0.717199981212616,
2015-03-11,,EUR/GBP,0.7099999785423279,
2015-03-12,,EUR/GBP,0.7059999704360962,
2015-03-13,,EUR/GBP,0.7133299708366394,
2015-03-16,,EUR/GBP,0.7103000283241272,
2015-03-17,,EUR/GBP,0.713100016117096,
2015-03-18,,EUR/GBP,0.718280017375946,
2015-03-19,,EUR/GBP,0.7250999808311462,
2015-03-20,,EUR/GBP,0.722760021686554,
2015-03-23,,EUR/GBP,0.7242199778556824,
2015-03-24,,EUR/GBP,0.7321199774742126,
2015-03-25,,EUR/GBP,0.7350199818611145,
2015-03-26,,EUR/GBP,0.7368000149726868,
2015-03-27,,EUR/GBP,0.7325999736785889,
2015-03-30,,EUR/GBP,0.7311699986457825,
2015-03-31,,EUR/GBP,0.7311999797821045,
2015-04-01,,EUR/GBP,0.7239999771118164,
2015-04-02,,EUR/GBP,0.7259100079536438,
2015-04-03,,EUR/GBP,0.7329999804496765,
2015-04-06,,EUR/GBP,0.7366999983787537,
2015-04-07,,EUR/GBP,0.7342000007629395,
2015-04-08,,EUR/GBP,0.7300900220870972,
2015-04-09,,EUR/GBP,0.7249000072479248,
2015-04-10,,EUR/GBP,0.7247999906539917,
2015-04-13,,EUR/GBP,0.724399983882904,
2015-04-14,,EUR/GBP,0.7207000255584717,
2015-04-15,,EUR/GBP,0.7207000255584717,
2015-04-16,,EUR/GBP,0.7199500203132629,
2015-04-17,,EUR/GBP,0.7209399938583374,
2015-04-20,,EUR/GBP,0.7221199870109558,
2015-04-21,,EUR/GBP,0.7207800149917603,
2015-04-22,,EUR/GBP,0.7192000150680542,
2015-04-23,,EUR/GBP,0.713100016117096,
2015-04-24,,EUR/GBP,0.718529999256134,
2015-04-27,,EUR/GBP,0.7160800099372864,
2015-04-28,,EUR/GBP,0.7143700122833252,
2015-04-29,,EUR/GBP,0.7152000069618225,
2015-04-30,,EUR/GBP,0.7203999757766724,
2015-05-01,,EUR/GBP,0.7301999926567078,
2015-05-04,,EUR/GBP,0.7383999824523926,
2015-05-05,,EUR/GBP,0.7372000217437744,
2015-05-06,,EUR/GBP,0.7370499968528748,
2015-05-07,,EUR/GBP,0.7440000176429749,
2015-05-08,,EUR/GBP,0.7300000190734863,
2015-05-11,,EUR/GBP,0.7251999974250793,
2015-05-12,,EUR/GBP,0.7152000069618225,
2015-05-13,,EUR/GBP,0.7160800099372864,
2015-05-14,,EUR/GBP,0.7210999727249146,
2015-05-15,,EUR/GBP,0.7228999733924866,
2015-05-18,,EUR/GBP,0.7268900275230408,
2015-05-19,,EUR/GBP,0.7228999733924866,
2015-05-20,,EUR/GBP,0.7183099985122681,
2015-05-21,,EUR/GBP,0.7141600251197815,
2015-05-22,,EUR/GBP,0.7092999815940857,
2015-05-25,,EUR/GBP,0.7102900147438049,
2015-05-26,,EUR/GBP,0.7089999914169312,
2015-05-27,,EUR/GBP,0.7069900035858154,
2015-05-28,,EUR/GBP,0.7099000215530396,
2015-05-29,,EUR/GBP,0.715399980545044,
2015-06-01,,EUR/GBP,0.7167099714279175,
2015-06-02,,EUR/GBP,0.718559980392456,
2015-06-03,,EUR/GBP,0.7267000079154968,
2015-06-04,,EUR/GBP,0.7343699932098389,
2015-06-05,,EUR/GBP,0.7294999957084656,
2015-06-08,,EUR/GBP,0.7275000214576721,
2015-06-09,,EUR/GBP,0.7351999878883362,
2015-06-10,,EUR/GBP,0.7338500022888184,
2015-06-11,,EUR/GBP,0.7296000123023987,
2015-06-12,,EUR/GBP,0.7246999740600586,
2015-06-15,,EUR/GBP,0.7208999991416931,
2015-06-16,,EUR/GBP,0.7228999733924866,
2015-06-17,,EUR/GBP,0.7185999751091003,
2015-06-18,,EUR/GBP,0.7172999978065491,
2015-06-19,,EUR/GBP,0.7160999774932861,
2015-06-22,,EUR/GBP,0.7158200144767761,
2015-06-23,,EUR/GBP,0.71670001745224,
2015-06-24,,EUR/GBP,0.7099000215530396,
2015-06-25,,EUR/GBP,0.7132700085639954,
2015-06-26,,EUR/GBP,0.7113999724388123,
2015-06-29,,EUR/GBP,0.6991999745368958,
2015-06-30,,EUR/GBP,0.7131999731063843,
2015-07-01,,EUR/GBP,0.7096999883651733,
2015-07-02,,EUR/GBP,0.707260012626648,
2015-07-03,,EUR/GBP,0.7099999785423279,
2015-07-06,,EUR/GBP,0.7069000005722046,
2015-07-07,,EUR/GBP,0.708109974861145,
2015-07-08,,EUR/GBP,0.7117999792098999,
2015-07-09,,EUR/GBP,0.7200999855995178,
2015-07-10,,EUR/GBP,0.7195000052452087,
2015-07-13,,EUR/GBP,0.7172600030899048,
2015-07-14,,EUR/GBP,0.7096999883651733,
2015-07-15,,EUR/GBP,0.7038999795913696,
2015-07-16,,EUR/GBP,0.6998000144958496,
2015-07-17,,EUR/GBP,0.6970800161361694,
2015-07-20,,EUR/GBP,0.694100022315979,
2015-07-21,,EUR/GBP,0.6956999897956848,
2015-07-22,,EUR/GBP,0.703000009059906,
2015-07-23,,EUR/GBP,0.6995999813079834,
2015-07-24,,EUR/GBP,0.7078999876976013,
2015-07-27,,EUR/GBP,0.7067000269889832,
2015-07-28,,EUR/GBP,0.7124999761581421,
2015-07-29,,EUR/GBP,0.7087699770927429,
2015-07-30,,EUR/GBP,0.7038999795913696,
2015-07-31,,EUR/GBP,0.7009999752044678,
2015-08-03,,EUR/GBP,0.7017999887466431,
2015-08-04,,EUR/GBP,0.7024000287055969,
2015-08-05,,EUR/GBP,0.6992999911308289,
2015-08-06,,EUR/GBP,0.6985999941825867,
2015-08-07,,EUR/GBP,0.7041100263595581,
2015-08-10,,EUR/GBP,0.7074999809265137,
2015-08-11,,EUR/GBP,0.7067800164222717,
2015-08-12,,EUR/GBP,0.7085000276565552,
2015-08-13,,EUR/GBP,0.7145000100135803,
2015-08-14,,EUR/GBP,0.7145000100135803,
2015-08-17,,EUR/GBP,0.7087299823760986,
2015-08-18,,EUR/GBP,0.7106000185012817,
2015-08-19,,EUR/GBP,0.7041199803352356,
2015-08-20,,EUR/GBP,0.708899974822998,
2015-08-21,,EUR/GBP,0.7160400152206421,
2015-08-24,,EUR/GBP,0.725600004196167,
2015-08-25,,EUR/GBP,0.734749972820282,
2015-08-26,,EUR/GBP,0.7359099984169006,
2015-08-27,,EUR/GBP,0.7324000000953674,
2015-08-28,,EUR/GBP,0.7297800183296204,
2015-08-31,,EUR/GBP,0.7273399829864502,
2015-09-01,,EUR/GBP,0.7304999828338623,
2015-09-02,,EUR/GBP,0.7379699945449829,
2015-09-03,,EUR/GBP,0.7325000166893005,
2015-09-04,,EUR/GBP,0.7289000153541565,
2015-09-07,,EUR/GBP,0.7336999773979187,
2015-09-08,,EUR/GBP,0.7305999994277954,
2015-09-09,,EUR/GBP,0.7275999784469604,
2015-09-10,,EUR/GBP,0.730400025844574,
2015-09-11,,EUR/GBP,0.7307699918746948,
2015-09-14,,EUR/GBP,0.7342399954795837,
2015-09-15,,EUR/GBP,0.7329000234603882,
2015-09-16,,EUR/GBP,0.7343999743461609,
2015-09-17,,EUR/GBP,0.7275999784469604,
2015-09-18,,EUR/GBP,0.7322499752044678,
2015-09-21,,EUR/GBP,0.7271000146865845,
2015-09-22,,EUR/GBP,0.7214999794960022,
2015-09-23,,EUR/GBP,0.7242000102996826,
2015-09-24,,EUR/GBP,0.7336000204086304,
2015-09-25,,EUR/GBP,0.7340800166130066,
2015-09-28,,EUR/GBP,0.7367100119590759,
2015-09-29,,EUR/GBP,0.7404999732971191,
2015-09-30,,EUR/GBP,0.7423999905586243,
2015-10-01,,EUR/GBP,0.7385900020599365,
2015-10-02,,EUR/GBP,0.739300012588501,
2015-10-05,,EUR/GBP,0.7387999892234802,
2015-10-06,,EUR/GBP,0.7387199997901917,
2015-10-07,,EUR/GBP,0.7399500012397766,
2015-10-08,,EUR/GBP,0.7336999773979187,
2015-10-09,,EUR/GBP,0.7350000143051147,
2015-10-12,,EUR/GBP,0.7418000102043152,
2015-10-13,,EUR/GBP,0.7402999997138977,
2015-10-14,,EUR/GBP,0.7461000084877014,
2015-10-15,,EUR/GBP,0.7412999868392944,
2015-10-16,,EUR/GBP,0.7346000075340271,
2015-10-19,,EUR/GBP,0.7355999946594238,
2015-10-20,,EUR/GBP,0.732200026512146,
2015-10-21,,EUR/GBP,0.7348999977111816,
2015-10-22,,EUR/GBP,0.7357000112533569,
2015-10-23,,EUR/GBP,0.7200999855995178,
2015-10-26,,EUR/GBP,0.7194300293922424,
2015-10-27,,EUR/GBP,0.7202000021934509,
2015-10-28,,EUR/GBP,0.7206000089645386,
2015-10-29,,EUR/GBP,0.715499997138977,
2015-10-30,,EUR/GBP,0.7174400091171265,
2015-11-02,,EUR/GBP,0.7138000130653381,
2015-11-03,,EUR/GBP,0.7142099738121033,
2015-11-04,,EUR/GBP,0.710919976234436,
2015-11-05,,EUR/GBP,0.706059992313385,
2015-11-06,,EUR/GBP,0.715399980545044,
2015-11-09,,EUR/GBP,0.7130299806594849,
2015-11-10,,EUR/GBP,0.7115200161933899,
2015-11-11,,EUR/GBP,0.7091000080108643,
2015-11-12,,EUR/GBP,0.7069500088691711,
2015-11-13,,EUR/GBP,0.7095999717712402,
2015-11-16,,EUR/GBP,0.70305997133255,
2015-11-17,,EUR/GBP,0.7030100226402283,
2015-11-18,,EUR/GBP,0.6994100213050842,
2015-11-19,,EUR/GBP,0.7001000046730042,
2015-11-20,,EUR/GBP,0.7016000151634216,
2015-11-23,,EUR/GBP,0.7003499865531921,
2015-11-24,,EUR/GBP,0.7033500075340271,
2015-11-25,,EUR/GBP,0.7053999900817871,
2015-11-26,,EUR/GBP,0.7024999856948853,
2015-11-27,,EUR/GBP,0.702269971370697,
2015-11-30,,EUR/GBP,0.7037000060081482,
2015-12-01,,EUR/GBP,0.7019000053405762,
2015-12-02,,EUR/GBP,0.7047200202941895,
2015-12-03,,EUR/GBP,0.7098199725151062,
2015-12-04,,EUR/GBP,0.721310019493103,
2015-12-07,,EUR/GBP,0.7200999855995178,
2015-12-08,,EUR/GBP,0.7197999954223633,
2015-12-09,,EUR/GBP,0.7257300019264221,
2015-12-10,,EUR/GBP,0.7253999710083008,
2015-12-11,,EUR/GBP,0.7220600247383118,
2015-12-14,,EUR/GBP,0.722599983215332,
2015-12-15,,EUR/GBP,0.725130021572113,
2015-12-16,,EUR/GBP,0.7268900275230408,
2015-12-17,,EUR/GBP,0.7261000275611877,
2015-12-18,,EUR/GBP,0.7261999845504761,
2015-12-21,,EUR/GBP,0.7290800213813782,
2015-12-22,,EUR/GBP,0.7322999835014343,
2015-12-23,,EUR/GBP,0.7386999726295471,
2015-12-24,,EUR/GBP,0.7332000136375427,
2015-12-25,,EUR/GBP,0.7351800203323364,
2015-12-28,,EUR/GBP,0.734470009803772,
2015-12-29,,EUR/GBP,0.7368999719619751,
2015-12-30,,EUR/GBP,0.737089991569519,
2015-12-31,,EUR/GBP,0.7378000020980835,
2016-01-01,,EUR/GBP,0.7367299795150757,
2016-01-04,,EUR/GBP,0.7364000082015991,
2016-01-05,,EUR/GBP,0.7355999946594238,
2016-01-06,,EUR/GBP,0.7326599955558777,
2016-01-07,,EUR/GBP,0.7366600036621094,
2016-01-08,,EUR/GBP,0.7468000054359436,
2016-01-11,,EUR/GBP,0.7531300187110901,
2016-01-12,,EUR/GBP,0.746399998664856,
2016-01-13,,EUR/GBP,0.7508999705314636,
2016-01-14,,EUR/GBP,0.7554100155830383,
2016-01-15,,EUR/GBP,0.7526699900627136,
2016-01-18,,EUR/GBP,0.7649800181388855,
2016-01-19,,EUR/GBP,0.7642999887466431,
2016-01-20,,EUR/GBP,0.7693899869918823,
2016-01-21,,EUR/GBP,0.7659299969673157,
2016-01-22,,EUR/GBP,0.7633000016212463,
2016-01-25,,EUR/GBP,0.7573000192642212,
2016-01-26,,EUR/GBP,0.7619500160217285,
2016-01-27,,EUR/GBP,0.7573000192642212,
2016-01-28,,EUR/GBP,0.7653999924659729,
2016-01-29,,EUR/GBP,0.7615600228309631,
2016-02-01,,EUR/GBP,0.7598999738693237,
2016-02-02,,EUR/GBP,0.7552800178527832,
2016-02-03,,EUR/GBP,0.7578499913215637,
2016-02-04,,EUR/GBP,0.7604600191116333,
2016-02-05,,EUR/GBP,0.7680400013923645,
2016-02-08,,EUR/GBP,0.7679399847984314,
2016-02-09,,EUR/GBP,0.7749999761581421,
2016-02-10,,EUR/GBP,0.7802000045776367,
2016-02-11,,EUR/GBP,0.7766000032424927,
2016-02-12,,EUR/GBP,0.781499981880188,
2016-02-15,,EUR/GBP,0.7730000019073486,
2016-02-16,,EUR/GBP,0.7732999920845032,
2016-02-17,,EUR/GBP,0.7789999842643738,
2016-02-18,,EUR/GBP,0.7786999940872192,
2016-02-19,,EUR/GBP,0.7749999761581421,
2016-02-22,,EUR/GBP,0.779670000076294,
2016-02-23,,EUR/GBP,0.779259979724884,
2016-02-24,,EUR/GBP,0.7867100238800049,
2016-02-25,,EUR/GBP,0.7906000018119812,
2016-02-26,,EUR/GBP,0.7893000245094299,
2016-02-29,,EUR/GBP,0.7878000140190125,
2016-03-01,,EUR/GBP,0.7814000248908997,
2016-03-02,,EUR/GBP,0.7786999940872192,
2016-03-03,,EUR/GBP,0.7718999981880188,
2016-03-04,,EUR/GBP,0.7723699808120728,
2016-03-07,,EUR/GBP,0.7734500169754028,
2016-03-08,,EUR/GBP,0.7724000215530396,
2016-03-09,,EUR/GBP,0.774399995803833,
2016-03-10,,EUR/GBP,0.7732999920845032,
2016-03-11,,EUR/GBP,0.7821800112724304,
2016-03-14,,EUR/GBP,0.7764000296592712,
2016-03-15,,EUR/GBP,0.7771999835968018,
2016-03-16,,EUR/GBP,0.7846500277519226,
2016-03-17,,EUR/GBP,0.7870000004768372,
2016-03-18,,EUR/GBP,0.7816200256347656,
2016-03-21,,EUR/GBP,0.7795199751853943,
2016-03-22,,EUR/GBP,0.7819700241088867,
2016-03-23,,EUR/GBP,0.7888500094413757,
2016-03-24,,EUR/GBP,0.7919099926948547,
2016-03-25,,EUR/GBP,0.7901700139045715,
2016-03-28,,EUR/GBP,0.7894999980926514,
2016-03-29,,EUR/GBP,0.7853699922561646,
2016-03-30,,EUR/GBP,0.7846999764442444,
2016-03-31,,EUR/GBP,0.7885199785232544,
2016-04-01,,EUR/GBP,0.7919999957084656,
2016-04-04,,EUR/GBP,0.8007100224494934,
2016-04-05,,EUR/GBP,0.79830002784729,
2016-04-06,,EUR/GBP,0.8040000200271606,
2016-04-07,,EUR/GBP,0.8065800070762634,
2016-04-08,,EUR/GBP,0.808899998664856,
2016-04-11,,EUR/GBP,0.8071399927139282,
2016-04-12,,EUR/GBP,0.8015999794006348,
2016-04-13,,EUR/GBP,0.7979400157928467,
2016-04-14,,EUR/GBP,0.7946000099182129,
2016-04-15,,EUR/GBP,0.7965999841690063,
2016-04-18,,EUR/GBP,0.7968999743461609,
2016-04-19,,EUR/GBP,0.7911700010299683,
2016-04-20,,EUR/GBP,0.7893000245094299,
2016-04-21,,EUR/GBP,0.7882599830627441,
2016-04-22,,EUR/GBP,0.7882999777793884,
2016-04-25,,EUR/GBP,0.7775400280952454,
2016-04-26,,EUR/GBP,0.7775999903678894,
2016-04-27,,EUR/GBP,0.7750200033187866,
2016-04-28,,EUR/GBP,0.7789999842643738,
2016-04-29,,EUR/GBP,0.7773200273513794,
2016-05-02,,EUR/GBP,0.7850000262260437,
2016-05-03,,EUR/GBP,0.7857599854469299,
2016-05-04,,EUR/GBP,0.7904700040817261,
2016-05-05,,EUR/GBP,0.7919999957084656,
2016-05-06,,EUR/GBP,0.7867900133132935,
2016-05-09,,EUR/GBP,0.7892500162124634,
2016-05-10,,EUR/GBP,0.7898399829864502,
2016-05-11,,EUR/GBP,0.786899983882904,
2016-05-12,,EUR/GBP,0.7914000153541565,
2016-05-13,,EUR/GBP,0.7874000072479248,
2016-05-16,,EUR/GBP,0.7886999845504761,
2016-05-17,,EUR/GBP,0.7832000255584717,
2016-05-18,,EUR/GBP,0.7825999855995178,
2016-05-19,,EUR/GBP,0.7687000036239624,
2016-05-20,,EUR/GBP,0.767300009727478,
2016-05-23,,EUR/GBP,0.774399995803833,
2016-05-24,,EUR/GBP,0.7743399739265442,
2016-05-25,,EUR/GBP,0.7620000243186951,
2016-05-26,,EUR/GBP,0.7590100169181824,
2016-05-27,,EUR/GBP,0.7631400227546692,
2016-05-30,,EUR/GBP,0.7594299912452698,
2016-05-31,,EUR/GBP,0.7617999911308289,
2016-06-01,,EUR/GBP,0.7688000202178955,
2016-06-02,,EUR/GBP,0.775879979133606,
2016-06-03,,EUR/GBP,0.7739499807357788,
2016-06-06,,EUR/GBP,0.7889000177383423,
2016-06-07,,EUR/GBP,0.7858099937438965,
2016-06-08,,EUR/GBP,0.7807999849319458,
2016-06-09,,EUR/GBP,0.785610020160675,
2016-06-10,,EUR/GBP,0.7821900248527527,
2016-06-13,,EUR/GBP,0.7918999791145325,
2016-06-14,,EUR/GBP,0.7945899963378906,
2016-06-15,,EUR/GBP,0.7937700152397156,
2016-06-16,,EUR/GBP,0.7933099865913391,
2016-06-17,,EUR/GBP,0.7874600291252136,
2016-06-20,,EUR/GBP,0.7778599858283997,
2016-06-21,,EUR/GBP,0.7714999914169312,
2016-06-22,,EUR/GBP,0.7669000029563904,
2016-06-23,,EUR/GBP,0.7657999992370605,
2016-06-24,,EUR/GBP,0.7780200242996216,
2016-06-27,,EUR/GBP,0.8208000063896179,
2016-06-28,,EUR/GBP,0.832260012626648,
2016-06-29,,EUR/GBP,0.8294699788093567,
2016-06-30,,EUR/GBP,0.8261799812316895,
2016-07-01,,EUR/GBP,0.8332200050354004,
2016-07-04,,EUR/GBP,0.8374999761581421,
2016-07-05,,EUR/GBP,0.839139997959137,
2016-07-06,,EUR/GBP,0.8538699746131897,
2016-07-07,,EUR/GBP,0.8586999773979187,
2016-07-08,,EUR/GBP,0.8567500114440918,
2016-07-11,,EUR/GBP,0.8531000018119812,
2016-07-12,,EUR/GBP,0.8517600297927856,
2016-07-13,,EUR/GBP,0.8329700231552124,
2016-07-14,,EUR/GBP,0.8457300066947937,
2016-07-15,,EUR/GBP,0.8315600156784058,
2016-07-18,,EUR/GBP,0.8355299830436707,
2016-07-19,,EUR/GBP,0.8343499898910522,
2016-07-20,,EUR/GBP,0.8402500152587891,
2016-07-21,,EUR/GBP,0.8309800028800964,
2016-07-22,,EUR/GBP,0.8331599831581116,
2016-07-25,,EUR/GBP,0.8354899883270264,
2016-07-26,,EUR/GBP,0.8385000228881836,
2016-07-27,,EUR/GBP,0.8354499936103821,
2016-07-28,,EUR/GBP,0.8362600207328796,
2016-07-29,,EUR/GBP,0.8421300053596497,
2016-08-01,,EUR/GBP,0.8450000286102295,
2016-08-02,,EUR/GBP,0.847029983997345,
2016-08-03,,EUR/GBP,0.8411200046539307,
2016-08-04,,EUR/GBP,0.8367300033569336,
2016-08-05,,EUR/GBP,0.8480700254440308,
2016-08-08,,EUR/GBP,0.8472800254821777,
2016-08-09,,EUR/GBP,0.8504899740219116,
2016-08-10,,EUR/GBP,0.8547099828720093,
2016-08-11,,EUR/GBP,0.8590899705886841,
2016-08-12,,EUR/GBP,0.8598700165748596,
2016-08-15,,EUR/GBP,0.8647800087928772,
2016-08-16,,EUR/GBP,0.8679800033569336,
2016-08-17,,EUR/GBP,0.8651300072669983,
2016-08-18,,EUR/GBP,0.8661699891090393,
2016-08-19,,EUR/GBP,0.8620100021362305,
2016-08-22,,EUR/GBP,0.8651599884033203,
2016-08-23,,EUR/GBP,0.8617799878120422,
2016-08-24,,EUR/GBP,0.8564199805259705,
2016-08-25,,EUR/GBP,0.8507999777793884,
2016-08-26,,EUR/GBP,0.8554700016975403,
2016-08-29,,EUR/GBP,0.8528199791908264,
2016-08-30,,EUR/GBP,0.8537999987602234,
2016-08-31,,EUR/GBP,0.8517000079154968,
2016-09-01,,EUR/GBP,0.8494700193405151,
2016-09-02,,EUR/GBP,0.8435999751091003,
2016-09-05,,EUR/GBP,0.8391900062561035,
2016-09-06,,EUR/GBP,0.8377000093460083,
2016-09-07,,EUR/GBP,0.8382999897003174,
2016-09-08,,EUR/GBP,0.8424500226974487,
2016-09-09,,EUR/GBP,0.846750020980835,
2016-09-12,,EUR/GBP,0.8468000292778015,
2016-09-13,,EUR/GBP,0.842710018157959,
2016-09-14,,EUR/GBP,0.8501999974250793,
2016-09-15,,EUR/GBP,0.8479099869728088,
2016-09-16,,EUR/GBP,0.8488199710845947,
2016-09-19,,EUR/GBP,0.8572099804878235,
2016-09-20,,EUR/GBP,0.8568900227546692,
2016-09-21,,EUR/GBP,0.858959972858429,
2016-09-22,,EUR/GBP,0.8585600256919861,
2016-09-23,,EUR/GBP,0.8566399812698364,
2016-09-26,,EUR/GBP,0.8658499717712402,
2016-09-27,,EUR/GBP,0.8673499822616577,
2016-09-28,,EUR/GBP,0.8620499968528748,
2016-09-29,,EUR/GBP,0.860729992389679,
2016-09-30,,EUR/GBP,0.8653600215911865,
2016-10-03,,EUR/GBP,0.868619978427887,
2016-10-04,,EUR/GBP,0.871999979019165,
2016-10-05,,EUR/GBP,0.8804000020027161,
2016-10-06,,EUR/GBP,0.8785799741744995,
2016-10-07,,EUR/GBP,0.8989599943161011,
2016-10-10,,EUR/GBP,0.900189995765686,
2016-10-11,,EUR/GBP,0.9026100039482117,
2016-10-12,,EUR/GBP,0.9010900259017944,
2016-10-13,,EUR/GBP,0.903410017490387,
2016-10-14,,EUR/GBP,0.9038800001144409,
2016-10-17,,EUR/GBP,0.9003199934959412,
2016-10-18,,EUR/GBP,0.9011499881744385,
2016-10-19,,EUR/GBP,0.8919000029563904,
2016-10-20,,EUR/GBP,0.8928499817848206,
2016-10-21,,EUR/GBP,0.891700029373169,
2016-10-24,,EUR/GBP,0.8905500173568726,
2016-10-25,,EUR/GBP,0.8899999856948853,
2016-10-26,,EUR/GBP,0.894029974937439,
2016-10-27,,EUR/GBP,0.8916400074958801,
2016-10-28,,EUR/GBP,0.8953999876976013,
2016-10-31,,EUR/GBP,0.8993200063705444,
2016-11-01,,EUR/GBP,0.8965499997138977,
2016-11-02,,EUR/GBP,0.9034000039100647,
2016-11-03,,EUR/GBP,0.9016199707984924,
2016-11-04,,EUR/GBP,0.8902999758720398,
2016-11-07,,EUR/GBP,0.8886600136756897,
2016-11-08,,EUR/GBP,0.8911499977111816,
2016-11-09,,EUR/GBP,0.8893499970436096,
2016-11-10,,EUR/GBP,0.8791400194168091,
2016-11-11,,EUR/GBP,0.867330014705658,
2016-11-14,,EUR/GBP,0.860759973526001,
2016-11-15,,EUR/GBP,0.8585000038146973,
2016-11-16,,EUR/GBP,0.8611500263214111,
2016-11-17,,EUR/GBP,0.8605700135231018,
2016-11-18,,EUR/GBP,0.8558800220489502,
2016-11-21,,EUR/GBP,0.8586900234222412,
2016-11-22,,EUR/GBP,0.851419985294342,
2016-11-23,,EUR/GBP,0.8557599782943726,
2016-11-24,,EUR/GBP,0.8479200005531311,
2016-11-25,,EUR/GBP,0.8479700088500977,
2016-11-28,,EUR/GBP,0.8500800132751465,
2016-11-29,,EUR/GBP,0.8557999730110168,
2016-11-30,,EUR/GBP,0.8524199724197388,
2016-12-01,,EUR/GBP,0.8461099863052368,
2016-12-02,,EUR/GBP,0.8468800187110901,
2016-12-05,,EUR/GBP,0.835070013999939,
2016-12-06,,EUR/GBP,0.8449400067329407,
2016-12-07,,EUR/GBP,0.8458399772644043,
2016-12-08,,EUR/GBP,0.8519899845123291,
2016-12-09,,EUR/GBP,0.8440300226211548,
2016-12-12,,EUR/GBP,0.8371700048446655,
2016-12-13,,EUR/GBP,0.8393399715423584,
2016-12-14,,EUR/GBP,0.8392699956893921,
2016-12-15,,EUR/GBP,0.8384699821472168,
2016-12-16,,EUR/GBP,0.8384900093078613,
2016-12-19,,EUR/GBP,0.8363000154495239,
2016-12-20,,EUR/GBP,0.8398000001907349,
2016-12-21,,EUR/GBP,0.8402699828147888,
2016-12-22,,EUR/GBP,0.8440499901771545,
2016-12-23,,EUR/GBP,0.8496299982070923,
2016-12-26,,EUR/GBP,0.8502600193023682,
2016-12-27,,EUR/GBP,0.8518000245094299,
2016-12-28,,EUR/GBP,0.8521999716758728,
2016-12-29,,EUR/GBP,0.8519799709320068,
2016-12-30,,EUR/GBP,0.860260009765625,
2017-01-02,,EUR/GBP,0.8514299988746643,
2017-01-03,,EUR/GBP,0.8514999747276306,
2017-01-04,,EUR/GBP,0.850849986076355,
2017-01-05,,EUR/GBP,0.8518900275230408,
2017-01-06,,EUR/GBP,0.8536700010299683,
2017-01-09,,EUR/GBP,0.859000027179718,
2017-01-10,,EUR/GBP,0.8697800040245056,
2017-01-11,,EUR/GBP,0.8668599724769592,
2017-01-12,,EUR/GBP,0.8676999807357788,
2017-01-13,,EUR/GBP,0.8723000288009644,
2017-01-16,,EUR/GBP,0.8827700018882751,
2017-01-17,,EUR/GBP,0.8805999755859375,
2017-01-18,,EUR/GBP,0.8634200096130371,
2017-01-19,,EUR/GBP,0.8668100237846375,
2017-01-20,,EUR/GBP,0.8638700246810913,
2017-01-23,,EUR/GBP,0.8648099899291992,
2017-01-24,,EUR/GBP,0.8595200181007385,
2017-01-25,,EUR/GBP,0.8559600114822388,
2017-01-26,,EUR/GBP,0.8509899973869324,
2017-01-27,,EUR/GBP,0.8481000065803528,
2017-01-30,,EUR/GBP,0.8507900238037109,
2017-01-31,,EUR/GBP,0.8566499948501587,
2017-02-01,,EUR/GBP,0.8580300211906433,
2017-02-02,,EUR/GBP,0.8505300283432007,
2017-02-03,,EUR/GBP,0.8595200181007385,
2017-02-06,,EUR/GBP,0.8636500239372253,
2017-02-07,,EUR/GBP,0.8615700006484985,
2017-02-08,,EUR/GBP,0.8544999957084656,
2017-02-09,,EUR/GBP,0.8533999919891357,
2017-02-10,,EUR/GBP,0.8527500033378601,
2017-02-13,,EUR/GBP,0.8504999876022339,
2017-02-14,,EUR/GBP,0.8462600111961365,
2017-02-15,,EUR/GBP,0.8482699990272522,
2017-02-16,,EUR/GBP,0.850570023059845,
2017-02-17,,EUR/GBP,0.8544999957084656,
2017-02-20,,EUR/GBP,0.8545799851417542,
2017-02-21,,EUR/GBP,0.8505399823188782,
2017-02-22,,EUR/GBP,0.8441799879074097,
2017-02-23,,EUR/GBP,0.847100019454956,
2017-02-24,,EUR/GBP,0.8429200053215027,
2017-02-27,,EUR/GBP,0.8509899973869324,
2017-02-28,,EUR/GBP,0.8508999943733215,
2017-03-01,,EUR/GBP,0.8537999987602234,
2017-03-02,,EUR/GBP,0.858430027961731,
2017-03-03,,EUR/GBP,0.8559499979019165,
2017-03-06,,EUR/GBP,0.8633599877357483,
2017-03-07,,EUR/GBP,0.8644000291824341,
2017-03-08,,EUR/GBP,0.8659999966621399,
2017-03-09,,EUR/GBP,0.8659999966621399,
2017-03-10,,EUR/GBP,0.8701599836349487,
2017-03-13,,EUR/GBP,0.8782200217247009,
2017-03-14,,EUR/GBP,0.8725600242614746,
2017-03-15,,EUR/GBP,0.8728600144386292,
2017-03-16,,EUR/GBP,0.8742300271987915,
2017-03-17,,EUR/GBP,0.8720999956130981,
2017-03-20,,EUR/GBP,0.8673700094223022,
2017-03-21,,EUR/GBP,0.8680999875068665,
2017-03-22,,EUR/GBP,0.8662499785423279,
2017-03-23,,EUR/GBP,0.8649799823760986,
2017-03-24,,EUR/GBP,0.8615000247955322,
2017-03-27,,EUR/GBP,0.8667100071907043,
2017-03-28,,EUR/GBP,0.8647000193595886,
2017-03-29,,EUR/GBP,0.8707000017166138,
2017-03-30,,EUR/GBP,0.864870011806488,
2017-03-31,,EUR/GBP,0.856469988822937,
2017-04-03,,EUR/GBP,0.8507999777793884,
2017-04-04,,EUR/GBP,0.8539999723434448,
2017-04-05,,EUR/GBP,0.858299970626831,
2017-04-06,,EUR/GBP,0.8543999791145325,
2017-04-07,,EUR/GBP,0.8535900115966797,
2017-04-10,,EUR/GBP,0.8550300002098083,
2017-04-11,,EUR/GBP,0.8529000282287598,
2017-04-12,,EUR/GBP,0.84934002161026,
2017-04-13,,EUR/GBP,0.8501799702644348,
2017-04-14,,EUR/GBP,0.8488799929618835,
2017-04-17,,EUR/GBP,0.8465099930763245,
2017-04-18,,EUR/GBP,0.847540020942688,
2017-04-19,,EUR/GBP,0.8352100253105164,
2017-04-20,,EUR/GBP,0.8381999731063843,
2017-04-21,,EUR/GBP,0.8369200229644775,
2017-04-24,,EUR/GBP,0.847599983215332,
2017-04-25,,EUR/GBP,0.8501999974250793,
2017-04-26,,EUR/GBP,0.8515400290489197,
2017-04-27,,EUR/GBP,0.8489599823951721,
2017-04-28,,EUR/GBP,0.8425599932670593,
2017-05-01,,EUR/GBP,0.8433899879455566,
2017-05-02,,EUR/GBP,0.8457900285720825,
2017-05-03,,EUR/GBP,0.844980001449585,
2017-05-04,,EUR/GBP,0.8458600044250488,
2017-05-05,,EUR/GBP,0.8495000004768372,
2017-05-08,,EUR/GBP,0.8456500172615051,
2017-05-09,,EUR/GBP,0.8441900014877319,
2017-05-10,,EUR/GBP,0.8407099843025208,
2017-05-11,,EUR/GBP,0.8404499888420105,
2017-05-12,,EUR/GBP,0.8428699970245361,
2017-05-15,,EUR/GBP,0.8480299711227417,
2017-05-16,,EUR/GBP,0.8508800268173218,
2017-05-17,,EUR/GBP,0.8588200211524963,
2017-05-18,,EUR/GBP,0.8600999712944031,
2017-05-19,,EUR/GBP,0.8575400114059448,
2017-05-22,,EUR/GBP,0.861050009727478,
2017-05-23,,EUR/GBP,0.864799976348877,
2017-05-24,,EUR/GBP,0.8628000020980835,
2017-05-25,,EUR/GBP,0.86531001329422,
2017-05-26,,EUR/GBP,0.8669499754905701,
2017-05-29,,EUR/GBP,0.8720999956130981,
2017-05-30,,EUR/GBP,0.8684499859809875,
2017-05-31,,EUR/GBP,0.8720999956130981,
2017-06-01,,EUR/GBP,0.8729000091552734,
2017-06-02,,EUR/GBP,0.8701000213623047,
2017-06-05,,EUR/GBP,0.8764500021934509,
2017-06-06,,EUR/GBP,0.8719000220298767,
2017-06-07,,EUR/GBP,0.8733199834823608,
2017-06-08,,EUR/GBP,0.8682500123977661,
2017-06-09,,EUR/GBP,0.8790299892425537,
2017-06-12,,EUR/GBP,0.8791400194168091,
2017-06-13,,EUR/GBP,0.8836399912834167,
2017-06-14,,EUR/GBP,0.8791199922561646,
2017-06-15,,EUR/GBP,0.8790599703788757,
2017-06-16,,EUR/GBP,0.8737000226974487,
2017-06-19,,EUR/GBP,0.8769199848175049,
2017-06-20,,EUR/GBP,0.8753200173377991,
2017-06-21,,EUR/GBP,0.8815900087356567,
2017-06-22,,EUR/GBP,0.8809000253677368,
2017-06-23,,EUR/GBP,0.8793900012969971,
2017-06-26,,EUR/GBP,0.8787400126457214,
2017-06-27,,EUR/GBP,0.8788300156593323,
2017-06-28,,EUR/GBP,0.8847699761390686,
2017-06-29,,EUR/GBP,0.8794999718666077,
2017-06-30,,EUR/GBP,0.8791900277137756,
2017-07-03,,EUR/GBP,0.8775100111961365,
2017-07-04,,EUR/GBP,0.8782100081443787,
2017-07-05,,EUR/GBP,0.8781099915504456,
2017-07-06,,EUR/GBP,0.8773300051689148,
2017-07-07,,EUR/GBP,0.880810022354126,
2017-07-10,,EUR/GBP,0.8845999836921692,
2017-07-12,,EUR/GBP,0.8921999931335449,
2017-07-13,,EUR/GBP,0.8856099843978882,
2017-07-14,,EUR/GBP,0.8807399868965149,
2017-07-17,,EUR/GBP,0.8752099871635437,
2017-07-18,,EUR/GBP,0.8790599703788757,
2017-07-19,,EUR/GBP,0.8857600092887878,
2017-07-20,,EUR/GBP,0.88468998670578,
2017-07-21,,EUR/GBP,0.8968999981880188,
2017-07-24,,EUR/GBP,0.8981999754905701,
2017-07-25,,EUR/GBP,0.8932899832725525,
2017-07-26,,EUR/GBP,0.893809974193573,
2017-07-27,,EUR/GBP,0.8942800164222717,
2017-07-28,,EUR/GBP,0.893809974193573,
2017-07-31,,EUR/GBP,0.8936499953269958,
2017-08-01,,EUR/GBP,0.8960300087928772,
2017-08-02,,EUR/GBP,0.8942000269889832,
2017-08-03,,EUR/GBP,0.895799994468689,
2017-08-04,,EUR/GBP,0.9039899706840515,
2017-08-07,,EUR/GBP,0.9027100205421448,
2017-08-08,,EUR/GBP,0.9051399827003479,
2017-08-09,,EUR/GBP,0.9051100015640259,
2017-08-10,,EUR/GBP,0.9038500189781189,
2017-08-11,,EUR/GBP,0.9069799780845642,
2017-08-14,,EUR/GBP,0.9092100262641907,
2017-08-15,,EUR/GBP,0.9082499742507935,
2017-08-16,,EUR/GBP,0.9124400019645691,
2017-08-17,,EUR/GBP,0.9132800102233887,
2017-08-18,,EUR/GBP,0.9103800058364868,
2017-08-21,,EUR/GBP,0.913129985332489,
2017-08-22,,EUR/GBP,0.9157299995422363,
2017-08-23,,EUR/GBP,0.9171900153160095,
2017-08-24,,EUR/GBP,0.9229099750518799,
2017-08-25,,EUR/GBP,0.9215400218963623,
2017-08-28,,EUR/GBP,0.926069974899292,
2017-08-29,,EUR/GBP,0.9254099726676941,
2017-08-30,,EUR/GBP,0.9262599945068359,
2017-08-31,,EUR/GBP,0.9200999736785889,
2017-09-01,,EUR/GBP,0.9203000068664551,
2017-09-04,,EUR/GBP,0.9164400100708008,
2017-09-05,,EUR/GBP,0.920199990272522,
2017-09-06,,EUR/GBP,0.9143000245094299,
2017-09-07,,EUR/GBP,0.9140999913215637,
2017-09-08,,EUR/GBP,0.9178699851036072,
2017-09-11,,EUR/GBP,0.9105799794197083,
2017-09-12,,EUR/GBP,0.908050000667572,
2017-09-13,,EUR/GBP,0.9007899761199951,
2017-09-14,,EUR/GBP,0.9000499844551086,
2017-09-15,,EUR/GBP,0.889680027961731,
2017-09-18,,EUR/GBP,0.879289984703064,
2017-09-19,,EUR/GBP,0.8848000168800354,
2017-09-20,,EUR/GBP,0.8873400092124939,
2017-09-21,,EUR/GBP,0.8799399733543396,
2017-09-22,,EUR/GBP,0.879610002040863,
2017-09-25,,EUR/GBP,0.8829799890518188,
2017-09-26,,EUR/GBP,0.8795899748802185,
2017-09-27,,EUR/GBP,0.8766199946403503,
2017-09-28,,EUR/GBP,0.8768600225448608,
2017-09-29,,EUR/GBP,0.8772000074386597,
2017-10-02,,EUR/GBP,0.8816999793052673,
2017-10-03,,EUR/GBP,0.8838000297546387,
2017-10-04,,EUR/GBP,0.88714998960495,
2017-10-05,,EUR/GBP,0.8883299827575684,
2017-10-06,,EUR/GBP,0.8931999802589417,
2017-10-09,,EUR/GBP,0.8974400162696838,
2017-10-10,,EUR/GBP,0.893339991569519,
2017-10-11,,EUR/GBP,0.8942899703979492,
2017-10-12,,EUR/GBP,0.8961399793624878,
2017-10-13,,EUR/GBP,0.8919699788093567,
2017-10-16,,EUR/GBP,0.8888999819755554,
2017-10-17,,EUR/GBP,0.8899400234222412,
2017-10-18,,EUR/GBP,0.8921999931335449,
2017-10-19,,EUR/GBP,0.8926200270652771,
2017-10-20,,EUR/GBP,0.9008600115776062,
2017-10-23,,EUR/GBP,0.8910599946975708,
2017-10-24,,EUR/GBP,0.8899999856948853,
2017-10-25,,EUR/GBP,0.8953999876976013,
2017-10-26,,EUR/GBP,0.890500009059906,
2017-10-27,,EUR/GBP,0.8863199949264526,
2017-10-30,,EUR/GBP,0.8835600018501282,
2017-10-31,,EUR/GBP,0.8819199800491333,
2017-11-01,,EUR/GBP,0.8765299916267395,
2017-11-02,,EUR/GBP,0.8772299885749817,
2017-11-03,,EUR/GBP,0.8928999900817871,
2017-11-06,,EUR/GBP,0.8877999782562256,
2017-11-07,,EUR/GBP,0.8812999725341797,
2017-11-08,,EUR/GBP,0.8805999755859375,
2017-11-09,,EUR/GBP,0.8840799927711487,
2017-11-10,,EUR/GBP,0.8860599994659424,
2017-11-13,,EUR/GBP,0.8888000249862671,
2017-11-14,,EUR/GBP,0.8891000151634216,
2017-11-15,,EUR/GBP,0.8960999846458435,
2017-11-17,,EUR/GBP,0.8921700119972229,
2017-11-20,,EUR/GBP,0.8885999917984009,
2017-11-21,,EUR/GBP,0.8863199949264526,
2017-11-22,,EUR/GBP,0.8860499858856201,
2017-11-23,,EUR/GBP,0.8870999813079834,
2017-11-24,,EUR/GBP,0.8906000256538391,
2017-11-27,,EUR/GBP,0.8950700163841248,
2017-11-28,,EUR/GBP,0.8934999704360962,
2017-11-29,,EUR/GBP,0.88646000623703,
2017-11-30,,EUR/GBP,0.8833000063896179,
2017-12-01,,EUR/GBP,0.8793500065803528,
2017-12-04,,EUR/GBP,0.87882000207901,
2017-12-05,,EUR/GBP,0.8807600140571594,
2017-12-06,,EUR/GBP,0.881879985332489,
2017-12-07,,EUR/GBP,0.8813999891281128,
2017-12-08,,EUR/GBP,0.8730900287628174,
2017-12-11,,EUR/GBP,0.878600001335144,
2017-12-12,,EUR/GBP,0.8821899890899658,
2017-12-13,,EUR/GBP,0.8815500140190125,
2017-12-14,,EUR/GBP,0.8826299905776978,
2017-12-15,,EUR/GBP,0.8765299916267395,
2017-12-18,,EUR/GBP,0.8817800283432007,
2017-12-19,,EUR/GBP,0.8805999755859375,
2017-12-20,,EUR/GBP,0.8842899799346924,
2017-12-21,,EUR/GBP,0.8882200121879578,
2017-12-22,,EUR/GBP,0.8861200213432312,
2017-12-25,,EUR/GBP,0.8850799798965454,
2017-12-26,,EUR/GBP,0.8873999714851379,
2017-12-27,,EUR/GBP,0.8865299820899963,
2017-12-28,,EUR/GBP,0.8877999782562256,
2017-12-29,,EUR/GBP,0.8883200287818909,
2018-01-01,,EUR/GBP,0.8881000280380249,
2018-01-02,,EUR/GBP,0.8889200091362,
2018-01-03,,EUR/GBP,0.8871999979019165,
2018-01-04,,EUR/GBP,0.8888400197029114,
2018-01-05,,EUR/GBP,0.8902999758720398,
2018-01-08,,EUR/GBP,0.8866199851036072,
2018-01-09,,EUR/GBP,0.8820499777793884,
2018-01-10,,EUR/GBP,0.8815500140190125,
2018-01-11,,EUR/GBP,0.8847699761390686,
2018-01-12,,EUR/GBP,0.8891900181770325,
2018-01-15,,EUR/GBP,0.8877900242805481,
2018-01-16,,EUR/GBP,0.8890600204467773,
2018-01-17,,EUR/GBP,0.8892800211906433,
2018-01-18,,EUR/GBP,0.881089985370636,
2018-01-19,,EUR/GBP,0.8807299733161926,
2018-01-22,,EUR/GBP,0.8821899890899658,
2018-01-23,,EUR/GBP,0.8765000104904175,
2018-01-24,,EUR/GBP,0.8783699870109558,
2018-01-25,,EUR/GBP,0.871399998664856,
2018-01-26,,EUR/GBP,0.8757200241088867,
2018-01-29,,EUR/GBP,0.8783100247383118,
2018-01-30,,EUR/GBP,0.8796200156211853,
2018-01-31,,EUR/GBP,0.876579999923706,
2018-02-01,,EUR/GBP,0.8743000030517578,
2018-02-02,,EUR/GBP,0.8768100142478943,
2018-02-05,,EUR/GBP,0.8820199966430664,
2018-02-06,,EUR/GBP,0.886929988861084,
2018-02-07,,EUR/GBP,0.8870300054550171,
2018-02-08,,EUR/GBP,0.8839499950408936,
2018-02-09,,EUR/GBP,0.8797799944877625,
2018-02-12,,EUR/GBP,0.8861600160598755,
2018-02-13,,EUR/GBP,0.8881000280380249,
2018-02-14,,EUR/GBP,0.8896999955177307,
2018-02-15,,EUR/GBP,0.8894799947738647,
2018-02-16,,EUR/GBP,0.886489987373352,
2018-02-19,,EUR/GBP,0.8845099806785583,
2018-02-20,,EUR/GBP,0.8860599994659424,
2018-02-21,,EUR/GBP,0.8809700012207031,
2018-02-22,,EUR/GBP,0.882860004901886,
2018-02-23,,EUR/GBP,0.883400022983551,
2018-02-26,,EUR/GBP,0.879610002040863,
2018-02-27,,EUR/GBP,0.8817399740219116,
2018-02-28,,EUR/GBP,0.8793900012969971,
2018-03-01,,EUR/GBP,0.8863000273704529,
2018-03-02,,EUR/GBP,0.8907099962234497,
2018-03-05,,EUR/GBP,0.892799973487854,
2018-03-06,,EUR/GBP,0.8906000256538391,
2018-03-07,,EUR/GBP,0.8932499885559082,
2018-03-08,,EUR/GBP,0.8927000164985657,
2018-03-09,,EUR/GBP,0.8914300203323364,
2018-03-12,,EUR/GBP,0.8883500099182129,
2018-03-13,,EUR/GBP,0.8871999979019165,
2018-03-14,,EUR/GBP,0.8870400190353394,
2018-03-15,,EUR/GBP,0.8857399821281433,
2018-03-16,,EUR/GBP,0.8827999830245972,
2018-03-19,,EUR/GBP,0.8806999921798706,
2018-03-20,,EUR/GBP,0.8795999884605408,
2018-03-21,,EUR/GBP,0.8745999932289124,
2018-03-22,,EUR/GBP,0.87295001745224,
2018-03-23,,EUR/GBP,0.8732100129127502,
2018-03-26,,EUR/GBP,0.8731899857521057,
2018-03-27,,EUR/GBP,0.8748999834060669,
2018-03-28,,EUR/GBP,0.8751999735832214,
2018-03-29,,EUR/GBP,0.8742499947547913,
2018-03-30,,EUR/GBP,0.8768600225448608,
2018-04-02,,EUR/GBP,0.8771499991416931,
2018-04-03,,EUR/GBP,0.8750900030136108,
2018-04-04,,EUR/GBP,0.872730016708374,
2018-04-05,,EUR/GBP,0.8720999956130981,
2018-04-06,,EUR/GBP,0.8744999766349792,
2018-04-09,,EUR/GBP,0.8707799911499023,
2018-04-10,,EUR/GBP,0.8717300295829773,
2018-04-11,,EUR/GBP,0.8716999888420105,
2018-04-12,,EUR/GBP,0.871969997882843,
2018-04-13,,EUR/GBP,0.8660100102424622,
2018-04-16,,EUR/GBP,0.8654900193214417,
2018-04-17,,EUR/GBP,0.8635299801826477,
2018-04-18,,EUR/GBP,0.8654299974441528,
2018-04-19,,EUR/GBP,0.8715100288391113,
2018-04-20,,EUR/GBP,0.8764200210571289,
2018-04-23,,EUR/GBP,0.8763700127601624,
2018-04-24,,EUR/GBP,0.8758900165557861,
2018-04-25,,EUR/GBP,0.8743000030517578,
2018-04-26,,EUR/GBP,0.873199999332428,
2018-04-27,,EUR/GBP,0.8699300289154053,
2018-04-30,,EUR/GBP,0.8801000118255615,
2018-05-01,,EUR/GBP,0.8772100210189819,
2018-05-02,,EUR/GBP,0.8810799717903137,
2018-05-03,,EUR/GBP,0.8804000020027161,
2018-05-04,,EUR/GBP,0.8833199739456177,
2018-05-07,,EUR/GBP,0.8834099769592285,
2018-05-08,,EUR/GBP,0.8794599771499634,
2018-05-09,,EUR/GBP,0.8755999803543091,
2018-05-10,,EUR/GBP,0.8746200203895569,
2018-05-11,,EUR/GBP,0.8810999989509583,
2018-05-14,,EUR/GBP,0.8819000124931335,
2018-05-15,,EUR/GBP,0.8797000050544739,
2018-05-16,,EUR/GBP,0.8755900263786316,
2018-05-17,,EUR/GBP,0.8721100091934204,
2018-05-18,,EUR/GBP,0.8726000189781189,
2018-05-21,,EUR/GBP,0.8729000091552734,
2018-05-22,,EUR/GBP,0.8777999877929688,
2018-05-23,,EUR/GBP,0.8769000172615051,
2018-05-24,,EUR/GBP,0.8758000135421753,
2018-05-25,,EUR/GBP,0.8759999871253967,
2018-05-28,,EUR/GBP,0.8782100081443787,
2018-05-29,,EUR/GBP,0.8732500076293945,
2018-05-30,,EUR/GBP,0.8704500198364258,
2018-05-31,,EUR/GBP,0.8781099915504456,
2018-06-01,,EUR/GBP,0.879800021648407,
2018-06-04,,EUR/GBP,0.8736000061035156,
2018-06-05,,EUR/GBP,0.8786200284957886,
2018-06-06,,EUR/GBP,0.8744999766349792,
2018-06-07,,EUR/GBP,0.8778499960899353,
2018-06-08,,EUR/GBP,0.8789299726486206,
2018-06-11,,EUR/GBP,0.8784999847412109,
2018-06-12,,EUR/GBP,0.8804100155830383,
2018-06-13,,EUR/GBP,0.8783800005912781,
2018-06-14,,EUR/GBP,0.8820000290870667,
2018-06-15,,EUR/GBP,0.8724700212478638,
2018-06-18,,EUR/GBP,0.8733999729156494,
2018-06-19,,EUR/GBP,0.8771899938583374,
2018-06-20,,EUR/GBP,0.8796499967575073,
2018-06-21,,EUR/GBP,0.8789299726486206,
2018-06-22,,EUR/GBP,0.8759999871253967,
2018-06-25,,EUR/GBP,0.8792200088500977,
2018-06-26,,EUR/GBP,0.8812000155448914,
2018-06-27,,EUR/GBP,0.8811399936676025,
2018-06-28,,EUR/GBP,0.8813999891281128,
2018-06-29,,EUR/GBP,0.8842800259590149,
2018-07-02,,EUR/GBP,0.8841999769210815,
2018-07-03,,EUR/GBP,0.8855999708175659,
2018-07-04,,EUR/GBP,0.8835899829864502,
2018-07-05,,EUR/GBP,0.8815000057220459,
2018-07-06,,EUR/GBP,0.8842800259590149,
2018-07-09,,EUR/GBP,0.8838499784469604,
2018-07-10,,EUR/GBP,0.8868700265884399,
2018-07-11,,EUR/GBP,0.8842999935150146,
2018-07-12,,EUR/GBP,0.883899986743927,
2018-07-13,,EUR/GBP,0.8851000070571899,
2018-07-16,,EUR/GBP,0.882889986038208,
2018-07-17,,EUR/GBP,0.8845999836921692,
2018-07-18,,EUR/GBP,0.88919997215271,
2018-07-19,,EUR/GBP,0.8904100060462952,
2018-07-20,,EUR/GBP,0.8949300050735474,
2018-07-23,,EUR/GBP,0.8930000066757202,
2018-07-24,,EUR/GBP,0.8924199938774109,
2018-07-25,,EUR/GBP,0.8884000182151794,
2018-07-26,,EUR/GBP,0.8891699910163879,
2018-07-27,,EUR/GBP,0.8881499767303467,
2018-07-30,,EUR/GBP,0.8892499804496765,
2018-07-31,,EUR/GBP,0.8912699818611145,
2018-08-01,,EUR/GBP,0.8910999894142151,
2018-08-02,,EUR/GBP,0.8885499835014343,
2018-08-03,,EUR/GBP,0.8899000287055969,
2018-08-06,,EUR/GBP,0.8891199827194214,
2018-08-07,,EUR/GBP,0.8929499983787537,
2018-08-08,,EUR/GBP,0.8962399959564209,
2018-08-09,,EUR/GBP,0.9014800190925598,
2018-08-10,,EUR/GBP,0.8982700109481812,
2018-08-13,,EUR/GBP,0.8929700255393982,
2018-08-14,,EUR/GBP,0.8932399749755859,
2018-08-15,,EUR/GBP,0.892009973526001,
2018-08-16,,EUR/GBP,0.8934900164604187,
2018-08-17,,EUR/GBP,0.8944299817085266,
2018-08-20,,EUR/GBP,0.8972300291061401,
2018-08-21,,EUR/GBP,0.8974199891090393,
2018-08-22,,EUR/GBP,0.8968600034713745,
2018-08-23,,EUR/GBP,0.8978000283241272,
2018-08-24,,EUR/GBP,0.9009699821472168,
2018-08-27,,EUR/GBP,0.9057000279426575,
2018-08-28,,EUR/GBP,0.9059100151062012,
2018-08-29,,EUR/GBP,0.9085299968719482,
2018-08-30,,EUR/GBP,0.8982099890708923,
2018-08-31,,EUR/GBP,0.8965100049972534,
2018-09-03,,EUR/GBP,0.8975200057029724,
2018-09-04,,EUR/GBP,0.9025400280952454,
2018-09-05,,EUR/GBP,0.9010999798774719,
2018-09-06,,EUR/GBP,0.9009000062942505,
2018-09-07,,EUR/GBP,0.8989800214767456,
2018-09-10,,EUR/GBP,0.8938999772071838,
2018-09-11,,EUR/GBP,0.8899800181388855,
2018-09-12,,EUR/GBP,0.8908900022506714,
2018-09-13,,EUR/GBP,0.8911600112915039,
2018-09-14,,EUR/GBP,0.8917999863624573,
2018-09-17,,EUR/GBP,0.88919997215271,
2018-09-18,,EUR/GBP,0.8873999714851379,
2018-09-19,,EUR/GBP,0.886900007724762,
2018-09-20,,EUR/GBP,0.8883500099182129,
2018-09-21,,EUR/GBP,0.8873400092124939,
2018-09-24,,EUR/GBP,0.8981999754905701,
2018-09-25,,EUR/GBP,0.8959500193595886,
2018-09-26,,EUR/GBP,0.892300009727478,
2018-09-27,,EUR/GBP,0.8918899893760681,
2018-09-28,,EUR/GBP,0.889959990978241,
2018-10-01,,EUR/GBP,0.8899999856948853,
2018-10-02,,EUR/GBP,0.8876000046730042,
2018-10-03,,EUR/GBP,0.889930009841919,
2018-10-04,,EUR/GBP,0.8867800235748291,
2018-10-05,,EUR/GBP,0.8842999935150146,
2018-10-08,,EUR/GBP,0.8777199983596802,
2018-10-09,,EUR/GBP,0.8779000043869019,
2018-10-10,,EUR/GBP,0.8744000196456909,
2018-10-11,,EUR/GBP,0.8732699751853943,
2018-10-12,,EUR/GBP,0.8756999969482422,
2018-10-15,,EUR/GBP,0.8814600110054016,
2018-10-16,,EUR/GBP,0.8805199861526489,
2018-10-17,,EUR/GBP,0.8777400255203247,
2018-10-18,,EUR/GBP,0.8777700066566467,
2018-10-19,,EUR/GBP,0.8797000050544739,
2018-10-22,,EUR/GBP,0.8808000087738037,
2018-10-23,,EUR/GBP,0.884190022945404,
2018-10-24,,EUR/GBP,0.8836899995803833,
2018-10-25,,EUR/GBP,0.8845400214195251,
2018-10-26,,EUR/GBP,0.8870000243186951,
2018-10-29,,EUR/GBP,0.8884000182151794,
2018-10-30,,EUR/GBP,0.8885700106620789,
2018-10-31,,EUR/GBP,0.8925999999046326,
2018-11-01,,EUR/GBP,0.8861799836158752,
2018-11-02,,EUR/GBP,0.8768799901008606,
2018-11-05,,EUR/GBP,0.8762900233268738,
2018-11-06,,EUR/GBP,0.8736400008201599,
2018-11-07,,EUR/GBP,0.8722699880599976,
2018-11-08,,EUR/GBP,0.8708800077438354,
2018-11-09,,EUR/GBP,0.8699700236320496,
2018-11-12,,EUR/GBP,0.875190019607544,
2018-11-13,,EUR/GBP,0.8730000257492065,
2018-11-14,,EUR/GBP,0.8691099882125854,
2018-11-15,,EUR/GBP,0.8710100054740906,
2018-11-16,,EUR/GBP,0.8870499730110168,
2018-11-19,,EUR/GBP,0.8893600106239319,
2018-11-20,,EUR/GBP,0.8909000158309937,
2018-11-21,,EUR/GBP,0.8891599774360657,
2018-11-22,,EUR/GBP,0.8912400007247925,
2018-11-23,,EUR/GBP,0.8854799866676331,
2018-11-26,,EUR/GBP,0.8847000002861023,
2018-11-27,,EUR/GBP,0.884440004825592,
2018-11-28,,EUR/GBP,0.8865000009536743,
2018-11-29,,EUR/GBP,0.8865000009536743,
2018-11-30,,EUR/GBP,0.8910999894142151,
2018-12-03,,EUR/GBP,0.8894000053405762,
2018-12-04,,EUR/GBP,0.8921999931335449,
2018-12-05,,EUR/GBP,0.8917099833488464,
2018-12-06,,EUR/GBP,0.8916100263595581,
2018-12-07,,EUR/GBP,0.8900899887084961,
2018-12-10,,EUR/GBP,0.8961899876594543,
2018-12-11,,EUR/GBP,0.9039000272750854,
2018-12-12,,EUR/GBP,0.9062899947166443,
2018-12-13,,EUR/GBP,0.9005900025367737,
2018-12-14,,EUR/GBP,0.8978000283241272,
2018-12-17,,EUR/GBP,0.8982399702072144,
2018-12-18,,EUR/GBP,0.8995000123977661,
2018-12-19,,EUR/GBP,0.8988100290298462,
2018-12-20,,EUR/GBP,0.9017500281333923,
2018-12-21,,EUR/GBP,0.90420001745224,
2018-12-24,,EUR/GBP,0.8990499973297119,
2018-12-25,,EUR/GBP,0.8966000080108643,
2018-12-26,,EUR/GBP,0.8994899988174438,
2018-12-27,,EUR/GBP,0.8981599807739258,
2018-12-28,,EUR/GBP,0.9038599729537964,
2018-12-31,,EUR/GBP,0.9013299942016602,
2019-01-01,,EUR/GBP,0.9023000001907349,
2019-01-02,,EUR/GBP,0.8985000252723694,
2019-01-03,,EUR/GBP,0.9040499925613403,
2019-01-04,,EUR/GBP,0.9019100069999695,
2019-01-07,,EUR/GBP,0.8959299921989441,
2019-01-08,,EUR/GBP,0.897849977016449,
2019-01-09,,EUR/GBP,0.8993200063705444,
2019-01-10,,EUR/GBP,0.9025999903678894,
2019-01-11,,EUR/GBP,0.9022200107574463,
2019-01-14,,EUR/GBP,0.8917999863624573,
2019-01-15,,EUR/GBP,0.8909000158309937,
2019-01-16,,EUR/GBP,0.8866000175476074,
2019-01-17,,EUR/GBP,0.8844900131225586,
2019-01-18,,EUR/GBP,0.8772000074386597,
2019-01-21,,EUR/GBP,0.8843200206756592,
2019-01-22,,EUR/GBP,0.8819100260734558,
2019-01-23,,EUR/GBP,0.876990020275116,
2019-01-24,,EUR/GBP,0.8702999949455261,
2019-01-25,,EUR/GBP,0.8621199727058411,
2019-01-28,,EUR/GBP,0.8639000058174133,
2019-01-29,,EUR/GBP,0.8684700131416321,
2019-01-30,,EUR/GBP,0.8743699789047241,
2019-01-31,,EUR/GBP,0.8754000067710876,
2019-02-01,,EUR/GBP,0.873199999332428,
2019-02-04,,EUR/GBP,0.8758999705314636,
2019-02-05,,EUR/GBP,0.877590000629425,
2019-02-06,,EUR/GBP,0.8805099725723267,
2019-02-07,,EUR/GBP,0.8786299824714661,
2019-02-08,,EUR/GBP,0.8755999803543091,
2019-02-11,,EUR/GBP,0.8752999901771545,
2019-02-12,,EUR/GBP,0.87677001953125,
2019-02-13,,EUR/GBP,0.8791199922561646,
2019-02-14,,EUR/GBP,0.876230001449585,
2019-02-15,,EUR/GBP,0.8824899792671204,
2019-02-18,,EUR/GBP,0.8751000165939331,
2019-02-19,,EUR/GBP,0.875249981880188,
2019-02-20,,EUR/GBP,0.8682299852371216,
2019-02-21,,EUR/GBP,0.8697100281715393,
2019-02-22,,EUR/GBP,0.8695099949836731,
2019-02-25,,EUR/GBP,0.8680400252342224,
2019-02-26,,EUR/GBP,0.8657199740409851,
2019-02-27,,EUR/GBP,0.8593299984931946,
2019-02-28,,EUR/GBP,0.8544399738311768,
2019-03-01,,EUR/GBP,0.8573799729347229,
2019-03-04,,EUR/GBP,0.8592000007629395,
2019-03-05,,EUR/GBP,0.8602399826049805,
2019-03-06,,EUR/GBP,0.8592900037765503,
2019-03-07,,EUR/GBP,0.858299970626831,
2019-03-08,,EUR/GBP,0.855400025844574,
2019-03-11,,EUR/GBP,0.8647599816322327,
2019-03-12,,EUR/GBP,0.8499699831008911,
2019-03-13,,EUR/GBP,0.8638899922370911,
2019-03-14,,EUR/GBP,0.8528299927711487,
2019-03-15,,EUR/GBP,0.8528599739074707,
2019-03-18,,EUR/GBP,0.8511999845504761,
2019-03-19,,EUR/GBP,0.8546900153160095,
2019-03-20,,EUR/GBP,0.8554999828338623,
2019-03-21,,EUR/GBP,0.8653500080108643,
2019-03-22,,EUR/GBP,0.8662999868392944,
2019-03-25,,EUR/GBP,0.8553000092506409,
2019-03-26,,EUR/GBP,0.8561999797821045,
2019-03-27,,EUR/GBP,0.8533400297164917,
2019-03-28,,EUR/GBP,0.855400025844574,
2019-03-29,,EUR/GBP,0.8602100014686584,
2019-04-01,,EUR/GBP,0.8618000149726868,
2019-04-02,,EUR/GBP,0.8573799729347229,
2019-04-03,,EUR/GBP,0.8533899784088135,
2019-04-04,,EUR/GBP,0.8533899784088135,
2019-04-05,,EUR/GBP,0.8583300113677979,
2019-04-08,,EUR/GBP,0.8604999780654907,
2019-04-09,,EUR/GBP,0.861739993095398,
2019-04-10,,EUR/GBP,0.8627899885177612,
2019-04-11,,EUR/GBP,0.8608499765396118,
2019-04-12,,EUR/GBP,0.8624299764633179,
2019-04-15,,EUR/GBP,0.8638799786567688,
2019-04-16,,EUR/GBP,0.8628000020980835,
2019-04-17,,EUR/GBP,0.864799976348877,
2019-04-18,,EUR/GBP,0.866320013999939,
2019-04-19,,EUR/GBP,0.8646000027656555,
2019-04-22,,EUR/GBP,0.8654199838638306,
2019-04-23,,EUR/GBP,0.8672999739646912,
2019-04-24,,EUR/GBP,0.8674899935722351,
2019-04-25,,EUR/GBP,0.8641999959945679,
2019-04-26,,EUR/GBP,0.863569974899292,
2019-04-29,,EUR/GBP,0.8629500269889832,
2019-04-30,,EUR/GBP,0.8648499846458435,
2019-05-01,,EUR/GBP,0.8599399924278259,
2019-05-02,,EUR/GBP,0.8579000234603882,
2019-05-03,,EUR/GBP,0.8571000099182129,
2019-05-06,,EUR/GBP,0.8505300283432007,
2019-05-07,,EUR/GBP,0.8550000190734863,
2019-05-08,,EUR/GBP,0.8561999797821045,
2019-05-09,,EUR/GBP,0.860539972782135,
2019-05-10,,EUR/GBP,0.8622900247573853,
2019-05-13,,EUR/GBP,0.8637999892234802,
2019-05-14,,EUR/GBP,0.8664299845695496,
2019-05-15,,EUR/GBP,0.8680999875068665,
2019-05-16,,EUR/GBP,0.8722599744796753,
2019-05-17,,EUR/GBP,0.8730300068855286,
2019-05-20,,EUR/GBP,0.8769199848175049,
2019-05-21,,EUR/GBP,0.8773499727249146,
2019-05-22,,EUR/GBP,0.8785099983215332,
2019-05-23,,EUR/GBP,0.8808000087738037,
2019-05-24,,EUR/GBP,0.8833000063896179,
2019-05-27,,EUR/GBP,0.8809000253677368,
2019-05-28,,EUR/GBP,0.8826900124549866,
2019-05-29,,EUR/GBP,0.8822299838066101,
2019-05-30,,EUR/GBP,0.8817800283432007,
2019-05-31,,EUR/GBP,0.8827099800109863,
2019-06-03,,EUR/GBP,0.8840000033378601,
2019-06-04,,EUR/GBP,0.8879899978637695,
2019-06-05,,EUR/GBP,0.8858299851417542,
2019-06-06,,EUR/GBP,0.8849999904632568,
2019-06-07,,EUR/GBP,0.8881000280380249,
2019-06-10,,EUR/GBP,0.8895000219345093,
2019-06-11,,EUR/GBP,0.8917700052261353,
2019-06-12,,EUR/GBP,0.8903099894523621,
2019-06-13,,EUR/GBP,0.8895999789237976,
2019-06-14,,EUR/GBP,0.8895699977874756,
2019-06-17,,EUR/GBP,0.890529990196228,
2019-06-18,,EUR/GBP,0.8949300050735474,
2019-06-19,,EUR/GBP,0.8910899758338928,
2019-06-20,,EUR/GBP,0.8878999948501587,
2019-06-21,,EUR/GBP,0.8887900114059448,
2019-06-24,,EUR/GBP,0.892799973487854,
2019-06-25,,EUR/GBP,0.8948400020599365,
2019-06-26,,EUR/GBP,0.8956999778747559,
2019-06-27,,EUR/GBP,0.8959100246429443,
2019-06-28,,EUR/GBP,0.8970999717712402,
2019-07-01,,EUR/GBP,0.8949000239372253,
2019-07-02,,EUR/GBP,0.8926100134849548,
2019-07-03,,EUR/GBP,0.8962000012397766,
2019-07-04,,EUR/GBP,0.8969900012016296,
2019-07-05,,EUR/GBP,0.8967000246047974,
2019-07-08,,EUR/GBP,0.8963099718093872,
2019-07-09,,EUR/GBP,0.8960800170898438,
2019-07-10,,EUR/GBP,0.899399995803833,
2019-07-11,,EUR/GBP,0.9000999927520752,
2019-07-12,,EUR/GBP,0.8982999920845032,
2019-07-15,,EUR/GBP,0.8965200185775757,
2019-07-16,,EUR/GBP,0.8995800018310547,
2019-07-17,,EUR/GBP,0.9034000039100647,
2019-07-18,,EUR/GBP,0.902899980545044,
2019-07-19,,EUR/GBP,0.897849977016449,
2019-07-22,,EUR/GBP,0.8966000080108643,
2019-07-23,,EUR/GBP,0.8982899785041809,
2019-07-24,,EUR/GBP,0.8966000080108643,
2019-07-25,,EUR/GBP,0.8924000263214111,
2019-07-26,,EUR/GBP,0.8949000239372253,
2019-07-29,,EUR/GBP,0.8992000222206116,
2019-07-30,,EUR/GBP,0.9119899868965149,
2019-07-31,,EUR/GBP,0.9174100160598755,
2019-08-01,,EUR/GBP,0.9107999801635742,
2019-08-02,,EUR/GBP,0.9136899709701538,
2019-08-05,,EUR/GBP,0.9141499996185303,
2019-08-06,,EUR/GBP,0.9247000217437744,
2019-08-07,,EUR/GBP,0.9206100106239319,
2019-08-08,,EUR/GBP,0.9225599765777588,
2019-08-09,,EUR/GBP,0.9211000204086304,
2019-08-12,,EUR/GBP,0.9322500228881836,
2019-08-13,,EUR/GBP,0.9284999966621399,
2019-08-14,,EUR/GBP,0.9264500141143799,
2019-08-15,,EUR/GBP,0.9240000247955322,
2019-08-16,,EUR/GBP,0.9188500046730042,
2019-08-19,,EUR/GBP,0.9121999740600586,
2019-08-20,,EUR/GBP,0.9136000275611877,
2019-08-21,,EUR/GBP,0.9124199748039246,
2019-08-22,,EUR/GBP,0.9140899777412415,
2019-08-23,,EUR/GBP,0.904699981212616,
2019-08-26,,EUR/GBP,0.9086599946022034,
2019-08-27,,EUR/GBP,0.9082499742507935,
2019-08-28,,EUR/GBP,0.9027900099754333,
2019-08-29,,EUR/GBP,0.9072399735450745,
2019-08-30,,EUR/GBP,0.9074900150299072,
2019-09-02,,EUR/GBP,0.9039099812507629,
2019-09-03,,EUR/GBP,0.9085599780082703,
2019-09-04,,EUR/GBP,0.9072999954223633,
2019-09-05,,EUR/GBP,0.9010000228881836,
2019-09-06,,EUR/GBP,0.8952000141143799,
2019-09-09,,EUR/GBP,0.8970900177955627,
2019-09-10,,EUR/GBP,0.8948900103569031,
2019-09-11,,EUR/GBP,0.8944200277328491,
2019-09-12,,EUR/GBP,0.8928200006484985,
2019-09-13,,EUR/GBP,0.8966900110244751,
2019-09-16,,EUR/GBP,0.8867899775505066,
2019-09-17,,EUR/GBP,0.8853999972343445,
2019-09-18,,EUR/GBP,0.8857799768447876,
2019-09-19,,EUR/GBP,0.8843799829483032,
2019-09-20,,EUR/GBP,0.8818699717521667,
2019-09-23,,EUR/GBP,0.8835600018501282,
2019-09-24,,EUR/GBP,0.8841999769210815,
2019-09-25,,EUR/GBP,0.882099986076355,
2019-09-26,,EUR/GBP,0.8860999941825867,
2019-09-27,,EUR/GBP,0.8858799934387207,
2019-09-30,,EUR/GBP,0.8899999856948853,
2019-10-01,,EUR/GBP,0.8870000243186951,
2019-10-02,,EUR/GBP,0.889519989490509,
2019-10-03,,EUR/GBP,0.890749990940094,
2019-10-04,,EUR/GBP,0.8892199993133545,
2019-10-07,,EUR/GBP,0.8904299736022949,
2019-10-08,,EUR/GBP,0.892799973487854,
2019-10-09,,EUR/GBP,0.8968600034713745,
2019-10-10,,EUR/GBP,0.8994699716567993,
2019-10-11,,EUR/GBP,0.8855000138282776,
2019-10-14,,EUR/GBP,0.8737999796867371,
2019-10-15,,EUR/GBP,0.8742300271987915,
2019-10-16,,EUR/GBP,0.8646900057792664,
2019-10-17,,EUR/GBP,0.8636999726295471,
2019-10-18,,EUR/GBP,0.8645099997520447,
2019-10-21,,EUR/GBP,0.8647099733352661,
2019-10-22,,EUR/GBP,0.8596199750900269,
2019-10-23,,EUR/GBP,0.863610029220581,
2019-10-24,,EUR/GBP,0.8615400195121765,
2019-10-25,,EUR/GBP,0.8648099899291992,
2019-10-28,,EUR/GBP,0.8639799952507019,
2019-10-29,,EUR/GBP,0.863099992275238,
2019-10-30,,EUR/GBP,0.8637199997901917,
2019-10-31,,EUR/GBP,0.8643800020217896,
2019-11-01,,EUR/GBP,0.8621799945831299,
2019-11-04,,EUR/GBP,0.8630499839782715,
2019-11-05,,EUR/GBP,0.8631500005722046,
2019-11-06,,EUR/GBP,0.8597000241279602,
2019-11-07,,EUR/GBP,0.8609799742698669,
2019-11-08,,EUR/GBP,0.862060010433197,
2019-11-11,,EUR/GBP,0.8613200187683105,
2019-11-12,,EUR/GBP,0.858299970626831,
2019-11-13,,EUR/GBP,0.8567900061607361,
2019-11-14,,EUR/GBP,0.8565000295639038,
2019-11-15,,EUR/GBP,0.8554400205612183,
2019-11-18,,EUR/GBP,0.8555200099945068,
2019-11-19,,EUR/GBP,0.854889988899231,
2019-11-20,,EUR/GBP,0.8568000197410583,
2019-11-21,,EUR/GBP,0.8571000099182129,
2019-11-22,,EUR/GBP,0.8565000295639038,
2019-11-25,,EUR/GBP,0.8576599955558777,
2019-11-26,,EUR/GBP,0.8536800146102905,
2019-11-27,,EUR/GBP,0.8571000099182129,
2019-11-28,,EUR/GBP,0.851069986820221,
2019-11-29,,EUR/GBP,0.8526999950408936,
2019-12-02,,EUR/GBP,0.8532800078392029,
2019-12-03,,EUR/GBP,0.8558300137519836,
2019-12-04,,EUR/GBP,0.8525500297546387,
2019-12-05,,EUR/GBP,0.8453599810600281,
2019-12-06,,EUR/GBP,0.8438799977302551,
2019-12-09,,EUR/GBP,0.8415399789810181,
2019-12-10,,EUR/GBP,0.8416299819946289,
2019-12-11,,EUR/GBP,0.8446999788284302,
2019-12-12,,EUR/GBP,0.8433600068092346,
2019-12-13,,EUR/GBP,0.8300399780273438,
2019-12-16,,EUR/GBP,0.8330299854278564,
2019-12-17,,EUR/GBP,0.8390499949455261,
2019-12-18,,EUR/GBP,0.8497899770736694,
2019-12-19,,EUR/GBP,0.8493000268936157,
2019-12-20,,EUR/GBP,0.8544999957084656,
2019-12-23,,EUR/GBP,0.8519499897956848,
2019-12-24,,EUR/GBP,0.8569899797439575,
2019-12-25,,EUR/GBP,0.8569999933242798,
2019-12-26,,EUR/GBP,0.8553000092506409,
2019-12-27,,EUR/GBP,0.8537999987602234,
2019-12-30,,EUR/GBP,0.8540599942207336,
2015-01-01,,EUR/JPY,,144.77999877929688
2015-01-02,,EUR/JPY,,144.92999267578125
2015-01-05,,EUR/JPY,,143.86000061035156
2015-01-06,,EUR/JPY,,142.5570068359375
2015-01-07,,EUR/JPY,,140.91200256347656
2015-01-08,,EUR/JPY,,141.15699768066406
2015-01-09,,EUR/JPY,,141.2449951171875
2015-01-12,,EUR/JPY,,140.32699584960938
2015-01-13,,EUR/JPY,,139.97999572753906
2015-01-14,,EUR/JPY,,138.7270050048828
2015-01-15,,EUR/JPY,,138.33299255371094
2015-01-16,,EUR/JPY,,135.13600158691406
2015-01-19,,EUR/JPY,,135.94900512695312
2015-01-20,,EUR/JPY,,136.49099731445312
2015-01-21,,EUR/JPY,,136.99099731445312
2015-01-22,,EUR/JPY,,136.8509979248047
2015-01-23,,EUR/JPY,,134.7050018310547
2015-01-26,,EUR/JPY,,130.63099670410156
2015-01-27,,EUR/JPY,,133.3300018310547
2015-01-28,,EUR/JPY,,133.8719940185547
2015-01-29,,EUR/JPY,,132.6929931640625
2015-01-30,,EUR/JPY,,134.0399932861328
2015-02-02,,EUR/JPY,,132.50399780273438
2015-02-03,,EUR/JPY,,133.3350067138672
2015-02-04,,EUR/JPY,,134.7779998779297
2015-02-05,,EUR/JPY,,132.74000549316406
2015-02-06,,EUR/JPY,,134.8209991455078
2015-02-09,,EUR/JPY,,134.5989990234375
2015-02-10,,EUR/JPY,,134.2969970703125
2015-02-11,,EUR/JPY,,135.10699462890625
2015-02-12,,EUR/JPY,,135.9199981689453
2015-02-13,,EUR/JPY,,135.6060028076172
2015-02-16,,EUR/JPY,,135.13999938964844
2015-02-17,,EUR/JPY,,134.28500366210938
2015-02-18,,EUR/JPY,,135.9530029296875
2015-02-19,,EUR/JPY,,135.28700256347656
2015-02-20,,EUR/JPY,,135.24899291992188
2015-02-23,,EUR/JPY,,135.50900268554688
2015-02-24,,EUR/JPY,,134.74899291992188
2015-02-25,,EUR/JPY,,134.80999755859375
2015-02-26,,EUR/JPY,,135.0279998779297
2015-02-27,,EUR/JPY,,133.72999572753906
2015-03-02,,EUR/JPY,,133.7270050048828
2015-03-03,,EUR/JPY,,134.33999633789062
2015-03-04,,EUR/JPY,,133.77099609375
2015-03-05,,EUR/JPY,,132.5500030517578
2015-03-06,,EUR/JPY,,132.4199981689453
2015-03-09,,EUR/JPY,,130.93099975585938
2015-03-10,,EUR/JPY,,131.52200317382812
2015-03-11,,EUR/JPY,,129.6009979248047
2015-03-12,,EUR/JPY,,128.06100463867188
2015-03-13,,EUR/JPY,,128.88999938964844
2015-03-16,,EUR/JPY,,127.18000030517578
2015-03-17,,EUR/JPY,,128.30999755859375
2015-03-18,,EUR/JPY,,128.54600524902344
2015-03-19,,EUR/JPY,,130.2570037841797
2015-03-20,,EUR/JPY,,128.8209991455078
2015-03-23,,EUR/JPY,,129.88900756835938
2015-03-24,,EUR/JPY,,131.08299255371094
2015-03-25,,EUR/JPY,,130.61399841308594
2015-03-26,,EUR/JPY,,131.00900268554688
2015-03-27,,EUR/JPY,,129.7270050048828
2015-03-30,,EUR/JPY,,129.78700256347656
2015-03-31,,EUR/JPY,,129.95799255371094
2015-04-01,,EUR/JPY,,128.86300659179688
2015-04-02,,EUR/JPY,,128.7760009765625
2015-04-03,,EUR/JPY,,130.11000061035156
2015-04-06,,EUR/JPY,,130.7010040283203
2015-04-07,,EUR/JPY,,130.62600708007812
2015-04-08,,EUR/JPY,,130.17100524902344
2015-04-09,,EUR/JPY,,129.51100158691406
2015-04-10,,EUR/JPY,,128.57699584960938
2015-04-13,,EUR/JPY,,127.51799774169922
2015-04-14,,EUR/JPY,,126.91999816894531
2015-04-15,,EUR/JPY,,127.1709976196289
2015-04-16,,EUR/JPY,,127.2020034790039
2015-04-17,,EUR/JPY,,128.07400512695312
2015-04-20,,EUR/JPY,,128.4199981689453
2015-04-21,,EUR/JPY,,128.11500549316406
2015-04-22,,EUR/JPY,,128.49899291992188
2015-04-23,,EUR/JPY,,128.63299560546875
2015-04-24,,EUR/JPY,,129.30999755859375
2015-04-27,,EUR/JPY,,129.2239990234375
2015-04-28,,EUR/JPY,,129.55999755859375
2015-04-29,,EUR/JPY,,130.3090057373047
2015-04-30,,EUR/JPY,,132.1999969482422
2015-05-01,,EUR/JPY,,133.95799255371094
2015-05-04,,EUR/JPY,,134.3769989013672
2015-05-05,,EUR/JPY,,133.88999938964844
2015-05-06,,EUR/JPY,,134.1300048828125
2015-05-07,,EUR/JPY,,135.41000366210938
2015-05-08,,EUR/JPY,,134.61000061035156
2015-05-11,,EUR/JPY,,134.08999633789062
2015-05-12,,EUR/JPY,,133.8769989013672
2015-05-13,,EUR/JPY,,134.4600067138672
2015-05-14,,EUR/JPY,,135.24000549316406
2015-05-15,,EUR/JPY,,135.9010009765625
2015-05-18,,EUR/JPY,,136.56300354003906
2015-05-19,,EUR/JPY,,135.78799438476562
2015-05-20,,EUR/JPY,,134.46800231933594
2015-05-21,,EUR/JPY,,134.5449981689453
2015-05-22,,EUR/JPY,,134.47999572753906
2015-05-25,,EUR/JPY,,133.61099243164062
2015-05-26,,EUR/JPY,,133.38999938964844
2015-05-27,,EUR/JPY,,133.86900329589844
2015-05-28,,EUR/JPY,,134.84800720214844
2015-05-29,,EUR/JPY,,135.70899963378906
2015-06-01,,EUR/JPY,,136.07200622558594
2015-06-02,,EUR/JPY,,136.3300018310547
2015-06-03,,EUR/JPY,,138.2779998779297
2015-06-04,,EUR/JPY,,139.9239959716797
2015-06-05,,EUR/JPY,,139.40199279785156
2015-06-08,,EUR/JPY,,139.5189971923828
2015-06-09,,EUR/JPY,,140.50900268554688
2015-06-10,,EUR/JPY,,140.43800354003906
2015-06-11,,EUR/JPY,,138.9600067138672
2015-06-12,,EUR/JPY,,138.9340057373047
2015-06-15,,EUR/JPY,,138.3090057373047
2015-06-16,,EUR/JPY,,139.1479949951172
2015-06-17,,EUR/JPY,,138.74000549316406
2015-06-18,,EUR/JPY,,140.43299865722656
2015-06-19,,EUR/JPY,,139.85699462890625
2015-06-22,,EUR/JPY,,139.50900268554688
2015-06-23,,EUR/JPY,,139.98399353027344
2015-06-24,,EUR/JPY,,138.39199829101562
2015-06-25,,EUR/JPY,,138.77099609375
2015-06-26,,EUR/JPY,,138.4600067138672
2015-06-29,,EUR/JPY,,134.55599975585938
2015-06-30,,EUR/JPY,,137.57699584960938
2015-07-01,,EUR/JPY,,136.25900268554688
2015-07-02,,EUR/JPY,,136.10899353027344
2015-07-03,,EUR/JPY,,136.40699768066406
2015-07-06,,EUR/JPY,,134.5679931640625
2015-07-07,,EUR/JPY,,135.4600067138672
2015-07-08,,EUR/JPY,,134.83999633789062
2015-07-09,,EUR/JPY,,133.7729949951172
2015-07-10,,EUR/JPY,,134.5959930419922
2015-07-13,,EUR/JPY,,136.31100463867188
2015-07-14,,EUR/JPY,,135.80999755859375
2015-07-15,,EUR/JPY,,135.74000549316406
2015-07-16,,EUR/JPY,,135.5399932861328
2015-07-17,,EUR/JPY,,135.11599731445312
2015-07-20,,EUR/JPY,,134.4499969482422
2015-07-21,,EUR/JPY,,134.64300537109375
2015-07-22,,EUR/JPY,,135.4499969482422
2015-07-23,,EUR/JPY,,135.5279998779297
2015-07-24,,EUR/JPY,,136.093994140625
2015-07-27,,EUR/JPY,,135.7779998779297
2015-07-28,,EUR/JPY,,136.6699981689453
2015-07-29,,EUR/JPY,,136.7220001220703
2015-07-30,,EUR/JPY,,136.12399291992188
2015-07-31,,EUR/JPY,,135.73199462890625
2015-08-03,,EUR/JPY,,136.05999755859375
2015-08-04,,EUR/JPY,,135.76400756835938
2015-08-05,,EUR/JPY,,135.28599548339844
2015-08-06,,EUR/JPY,,136.00599670410156
2015-08-07,,EUR/JPY,,136.2550048828125
2015-08-10,,EUR/JPY,,136.25
2015-08-11,,EUR/JPY,,137.26699829101562
2015-08-12,,EUR/JPY,,138.0800018310547
2015-08-13,,EUR/JPY,,138.63299560546875
2015-08-14,,EUR/JPY,,138.76800537109375
2015-08-17,,EUR/JPY,,137.93499755859375
2015-08-18,,EUR/JPY,,137.83599853515625
2015-08-19,,EUR/JPY,,137.17999267578125
2015-08-20,,EUR/JPY,,137.75900268554688
2015-08-21,,EUR/JPY,,138.6750030517578
2015-08-24,,EUR/JPY,,138.46299743652344
2015-08-25,,EUR/JPY,,137.67300415039062
2015-08-26,,EUR/JPY,,136.92300415039062
2015-08-27,,EUR/JPY,,136.10899353027344
2015-08-28,,EUR/JPY,,136.08700561523438
2015-08-31,,EUR/JPY,,135.98800659179688
2015-09-01,,EUR/JPY,,135.92799377441406
2015-09-02,,EUR/JPY,,135.2010040283203
2015-09-03,,EUR/JPY,,135.17999267578125
2015-09-04,,EUR/JPY,,133.55999755859375
2015-09-07,,EUR/JPY,,132.8800048828125
2015-09-08,,EUR/JPY,,133.27000427246094
2015-09-09,,EUR/JPY,,134.5800018310547
2015-09-10,,EUR/JPY,,134.93099975585938
2015-09-11,,EUR/JPY,,136.10499572753906
2015-09-14,,EUR/JPY,,136.9969940185547
2015-09-15,,EUR/JPY,,136.0989990234375
2015-09-16,,EUR/JPY,,135.74000549316406
2015-09-17,,EUR/JPY,,136.1009979248047
2015-09-18,,EUR/JPY,,136.85800170898438
2015-09-21,,EUR/JPY,,135.49000549316406
2015-09-22,,EUR/JPY,,134.83200073242188
2015-09-23,,EUR/JPY,,133.52000427246094
2015-09-24,,EUR/JPY,,134.47999572753906
2015-09-25,,EUR/JPY,,134.4010009765625
2015-09-28,,EUR/JPY,,134.8209991455078
2015-09-29,,EUR/JPY,,134.57699584960938
2015-09-30,,EUR/JPY,,134.906005859375
2015-10-01,,EUR/JPY,,133.86300659179688
2015-10-02,,EUR/JPY,,134.08999633789062
2015-10-05,,EUR/JPY,,134.64700317382812
2015-10-06,,EUR/JPY,,134.85000610351562
2015-10-07,,EUR/JPY,,135.47000122070312
2015-10-08,,EUR/JPY,,134.76400756835938
2015-10-09,,EUR/JPY,,135.322998046875
2015-10-12,,EUR/JPY,,136.6199951171875
2015-10-13,,EUR/JPY,,136.2899932861328
2015-10-14,,EUR/JPY,,136.2899932861328
2015-10-15,,EUR/JPY,,136.35000610351562
2015-10-16,,EUR/JPY,,135.3300018310547
2015-10-19,,EUR/JPY,,135.49000549316406
2015-10-20,,EUR/JPY,,135.36000061035156
2015-10-21,,EUR/JPY,,135.99000549316406
2015-10-22,,EUR/JPY,,135.97999572753906
2015-10-23,,EUR/JPY,,133.9199981689453
2015-10-26,,EUR/JPY,,133.65899658203125
2015-10-27,,EUR/JPY,,133.7760009765625
2015-10-28,,EUR/JPY,,132.91900634765625
2015-10-29,,EUR/JPY,,132.0500030517578
2015-10-30,,EUR/JPY,,133.00999450683594
2015-11-02,,EUR/JPY,,132.83099365234375
2015-11-03,,EUR/JPY,,133.04200744628906
2015-11-04,,EUR/JPY,,132.7270050048828
2015-11-05,,EUR/JPY,,132.00799560546875
2015-11-06,,EUR/JPY,,132.42999267578125
2015-11-09,,EUR/JPY,,132.22999572753906
2015-11-10,,EUR/JPY,,132.4080047607422
2015-11-11,,EUR/JPY,,132.15499877929688
2015-11-12,,EUR/JPY,,132.10000610351562
2015-11-13,,EUR/JPY,,132.50999450683594
2015-11-16,,EUR/JPY,,130.89999389648438
2015-11-17,,EUR/JPY,,131.7220001220703
2015-11-18,,EUR/JPY,,131.3699951171875
2015-11-19,,EUR/JPY,,131.7969970703125
2015-11-20,,EUR/JPY,,131.82000732421875
2015-11-23,,EUR/JPY,,130.7689971923828
2015-11-24,,EUR/JPY,,130.78199768066406
2015-11-25,,EUR/JPY,,130.3699951171875
2015-11-26,,EUR/JPY,,130.3209991455078
2015-11-27,,EUR/JPY,,130.02999877929688
2015-11-30,,EUR/JPY,,129.9600067138672
2015-12-01,,EUR/JPY,,130.22000122070312
2015-12-02,,EUR/JPY,,130.60000610351562
2015-12-03,,EUR/JPY,,130.75
2015-12-04,,EUR/JPY,,133.88400268554688
2015-12-07,,EUR/JPY,,134.0399932861328
2015-12-08,,EUR/JPY,,133.5659942626953
2015-12-09,,EUR/JPY,,133.87899780273438
2015-12-10,,EUR/JPY,,134.02999877929688
2015-12-11,,EUR/JPY,,133.23800659179688
2015-12-14,,EUR/JPY,,132.75999450683594
2015-12-15,,EUR/JPY,,133.10000610351562
2015-12-16,,EUR/JPY,,133.05099487304688
2015-12-17,,EUR/JPY,,133.16000366210938
2015-12-18,,EUR/JPY,,132.76499938964844
2015-12-21,,EUR/JPY,,131.84500122070312
2015-12-22,,EUR/JPY,,132.24000549316406
2015-12-23,,EUR/JPY,,132.5
2015-12-24,,EUR/JPY,,131.9199981689453
2015-12-25,,EUR/JPY,,131.90699768066406
2015-12-28,,EUR/JPY,,131.8249969482422
2015-12-29,,EUR/JPY,,132.10699462890625
2015-12-30,,EUR/JPY,,131.7030029296875
2015-12-31,,EUR/JPY,,131.6999969482422
2016-01-01,,EUR/JPY,,130.61199951171875
2016-01-04,,EUR/JPY,,130.5760040283203
2016-01-05,,EUR/JPY,,129.3000030517578
2016-01-06,,EUR/JPY,,128.03199768066406
2016-01-07,,EUR/JPY,,127.80400085449219
2016-01-08,,EUR/JPY,,128.41799926757812
2016-01-11,,EUR/JPY,,128.06900024414062
2016-01-12,,EUR/JPY,,127.7300033569336
2016-01-13,,EUR/JPY,,127.7699966430664
2016-01-14,,EUR/JPY,,127.80999755859375
2016-01-15,,EUR/JPY,,128.32899475097656
2016-01-18,,EUR/JPY,,127.75
2016-01-19,,EUR/JPY,,127.86000061035156
2016-01-20,,EUR/JPY,,128.26199340820312
2016-01-21,,EUR/JPY,,127.38800048828125
2016-01-22,,EUR/JPY,,128.0399932861328
2016-01-25,,EUR/JPY,,128.02000427246094
2016-01-26,,EUR/JPY,,128.2949981689453
2016-01-27,,EUR/JPY,,128.58999633789062
2016-01-28,,EUR/JPY,,129.15199279785156
2016-01-29,,EUR/JPY,,130.0399932861328
2016-02-01,,EUR/JPY,,131.3699951171875
2016-02-02,,EUR/JPY,,131.6699981689453
2016-02-03,,EUR/JPY,,130.88099670410156
2016-02-04,,EUR/JPY,,131.02000427246094
2016-02-05,,EUR/JPY,,130.8699951171875
2016-02-08,,EUR/JPY,,130.32200622558594
2016-02-09,,EUR/JPY,,129.41000366210938
2016-02-10,,EUR/JPY,,130.03700256347656
2016-02-11,,EUR/JPY,,127.73999786376953
2016-02-12,,EUR/JPY,,127.30500030517578
2016-02-15,,EUR/JPY,,127.56700134277344
2016-02-16,,EUR/JPY,,127.75
2016-02-17,,EUR/JPY,,127.13500213623047
2016-02-18,,EUR/JPY,,127.07599639892578
2016-02-19,,EUR/JPY,,125.78500366210938
2016-02-22,,EUR/JPY,,125.10399627685547
2016-02-23,,EUR/JPY,,124.5459976196289
2016-02-24,,EUR/JPY,,123.33499908447266
2016-02-25,,EUR/JPY,,123.43499755859375
2016-02-26,,EUR/JPY,,124.66899871826172
2016-02-29,,EUR/JPY,,124.16000366210938
2016-03-01,,EUR/JPY,,122.38999938964844
2016-03-02,,EUR/JPY,,123.93000030517578
2016-03-03,,EUR/JPY,,123.31999969482422
2016-03-04,,EUR/JPY,,124.43000030517578
2016-03-07,,EUR/JPY,,125.11000061035156
2016-03-08,,EUR/JPY,,124.9489974975586
2016-03-09,,EUR/JPY,,123.93900299072266
2016-03-10,,EUR/JPY,,124.42400360107422
2016-03-11,,EUR/JPY,,126.14099884033203
2016-03-14,,EUR/JPY,,127.02899932861328
2016-03-15,,EUR/JPY,,126.3499984741211
2016-03-16,,EUR/JPY,,125.62899780273438
2016-03-17,,EUR/JPY,,126.47100067138672
2016-03-18,,EUR/JPY,,125.98400115966797
2016-03-21,,EUR/JPY,,125.66500091552734
2016-03-22,,EUR/JPY,,125.98300170898438
2016-03-23,,EUR/JPY,,125.94300079345703
2016-03-24,,EUR/JPY,,125.64800262451172
2016-03-25,,EUR/JPY,,125.97899627685547
2016-03-28,,EUR/JPY,,126.56999969482422
2016-03-29,,EUR/JPY,,126.96299743652344
2016-03-30,,EUR/JPY,,127.20999908447266
2016-03-31,,EUR/JPY,,127.3550033569336
2016-04-01,,EUR/JPY,,128.00999450683594
2016-04-04,,EUR/JPY,,127.27999877929688
2016-04-05,,EUR/JPY,,126.68099975585938
2016-04-06,,EUR/JPY,,125.62000274658203
2016-04-07,,EUR/JPY,,125.0770034790039
2016-04-08,,EUR/JPY,,123.28700256347656
2016-04-11,,EUR/JPY,,123.52100372314453
2016-04-12,,EUR/JPY,,123.1719970703125
2016-04-13,,EUR/JPY,,123.69000244140625
2016-04-14,,EUR/JPY,,123.41000366210938
2016-04-15,,EUR/JPY,,123.16000366210938
2016-04-18,,EUR/JPY,,122.0199966430664
2016-04-19,,EUR/JPY,,123.33599853515625
2016-04-20,,EUR/JPY,,124.08000183105469
2016-04-21,,EUR/JPY,,124.13500213623047
2016-04-22,,EUR/JPY,,123.5530014038086
2016-04-25,,EUR/JPY,,125.16600036621094
2016-04-26,,EUR/JPY,,125.21700286865234
2016-04-27,,EUR/JPY,,125.66200256347656
2016-04-28,,EUR/JPY,,126.3499984741211
2016-04-29,,EUR/JPY,,122.73999786376953
2016-05-02,,EUR/JPY,,122.0199966430664
2016-05-03,,EUR/JPY,,122.62799835205078
2016-05-04,,EUR/JPY,,122.69999694824219
2016-05-05,,EUR/JPY,,122.86000061035156
2016-05-06,,EUR/JPY,,122.322998046875
2016-05-09,,EUR/JPY,,122.27999877929688
2016-05-10,,EUR/JPY,,123.33300018310547
2016-05-11,,EUR/JPY,,124.18900299072266
2016-05-12,,EUR/JPY,,123.86699676513672
2016-05-13,,EUR/JPY,,124.0999984741211
2016-05-16,,EUR/JPY,,122.95500183105469
2016-05-17,,EUR/JPY,,123.4000015258789
2016-05-18,,EUR/JPY,,123.26000213623047
2016-05-19,,EUR/JPY,,123.58000183105469
2016-05-20,,EUR/JPY,,123.0999984741211
2016-05-23,,EUR/JPY,,123.5
2016-05-24,,EUR/JPY,,122.62300109863281
2016-05-25,,EUR/JPY,,122.68000030517578
2016-05-26,,EUR/JPY,,122.84400177001953
2016-05-27,,EUR/JPY,,122.7750015258789
2016-05-30,,EUR/JPY,,123.04000091552734
2016-05-31,,EUR/JPY,,123.55999755859375
2016-06-01,,EUR/JPY,,123.22000122070312
2016-06-02,,EUR/JPY,,122.47000122070312
2016-06-03,,EUR/JPY,,121.38700103759766
2016-06-06,,EUR/JPY,,121.11000061035156
2016-06-07,,EUR/JPY,,122.06999969482422
2016-06-08,,EUR/JPY,,121.79000091552734
2016-06-09,,EUR/JPY,,121.77400207519531
2016-06-10,,EUR/JPY,,121.14299774169922
2016-06-13,,EUR/JPY,,119.69100189208984
2016-06-14,,EUR/JPY,,119.91699981689453
2016-06-15,,EUR/JPY,,118.9229965209961
2016-06-16,,EUR/JPY,,119.19400024414062
2016-06-17,,EUR/JPY,,117.9000015258789
2016-06-20,,EUR/JPY,,118.72899627685547
2016-06-21,,EUR/JPY,,117.5459976196289
2016-06-22,,EUR/JPY,,117.75299835205078
2016-06-23,,EUR/JPY,,118.5199966430664
2016-06-24,,EUR/JPY,,118.80400085449219
2016-06-27,,EUR/JPY,,112.7490005493164
2016-06-28,,EUR/JPY,,112.12699890136719
2016-06-29,,EUR/JPY,,113.71800231933594
2016-06-30,,EUR/JPY,,114.3270034790039
2016-07-01,,EUR/JPY,,114.46099853515625
2016-07-04,,EUR/JPY,,114.0459976196289
2016-07-05,,EUR/JPY,,114.25
2016-07-06,,EUR/JPY,,111.8759994506836
2016-07-07,,EUR/JPY,,112.23999786376953
2016-07-08,,EUR/JPY,,111.52999877929688
2016-07-11,,EUR/JPY,,111.2020034790039
2016-07-12,,EUR/JPY,,113.35700225830078
2016-07-13,,EUR/JPY,,115.85900115966797
2016-07-14,,EUR/JPY,,115.4739990234375
2016-07-15,,EUR/JPY,,116.83000183105469
2016-07-18,,EUR/JPY,,116.5739974975586
2016-07-19,,EUR/JPY,,117.50499725341797
2016-07-20,,EUR/JPY,,116.88899993896484
2016-07-21,,EUR/JPY,,118.11100006103516
2016-07-22,,EUR/JPY,,116.71900177001953
2016-07-25,,EUR/JPY,,116.6259994506836
2016-07-26,,EUR/JPY,,116.02899932861328
2016-07-27,,EUR/JPY,,115.197998046875
2016-07-28,,EUR/JPY,,116.17400360107422
2016-07-29,,EUR/JPY,,116.09100341796875
2016-08-01,,EUR/JPY,,114.27200317382812
2016-08-02,,EUR/JPY,,114.30500030517578
2016-08-03,,EUR/JPY,,113.36000061035156
2016-08-04,,EUR/JPY,,113.00399780273438
2016-08-05,,EUR/JPY,,112.6729965209961
2016-08-08,,EUR/JPY,,113.23400115966797
2016-08-09,,EUR/JPY,,113.38400268554688
2016-08-10,,EUR/JPY,,113.30500030517578
2016-08-11,,EUR/JPY,,113.11799621582031
2016-08-12,,EUR/JPY,,113.39700317382812
2016-08-15,,EUR/JPY,,113.07599639892578
2016-08-16,,EUR/JPY,,113.2040023803711
2016-08-17,,EUR/JPY,,112.98200225830078
2016-08-18,,EUR/JPY,,112.8759994506836
2016-08-19,,EUR/JPY,,113.61199951171875
2016-08-22,,EUR/JPY,,113.5770034790039
2016-08-23,,EUR/JPY,,113.47100067138672
2016-08-24,,EUR/JPY,,113.35800170898438
2016-08-25,,EUR/JPY,,113.2239990234375
2016-08-26,,EUR/JPY,,113.5009994506836
2016-08-29,,EUR/JPY,,114.12300109863281
2016-08-30,,EUR/JPY,,113.94499969482422
2016-08-31,,EUR/JPY,,114.70800018310547
2016-09-01,,EUR/JPY,,115.25900268554688
2016-09-02,,EUR/JPY,,115.62999725341797
2016-09-05,,EUR/JPY,,115.9739990234375
2016-09-06,,EUR/JPY,,115.4229965209961
2016-09-07,,EUR/JPY,,114.22599792480469
2016-09-08,,EUR/JPY,,114.44200134277344
2016-09-09,,EUR/JPY,,115.27999877929688
2016-09-12,,EUR/JPY,,115.14600372314453
2016-09-13,,EUR/JPY,,114.3759994506836
2016-09-14,,EUR/JPY,,114.95999908447266
2016-09-15,,EUR/JPY,,115.31999969482422
2016-09-16,,EUR/JPY,,114.69000244140625
2016-09-19,,EUR/JPY,,114.1510009765625
2016-09-20,,EUR/JPY,,113.84700012207031
2016-09-21,,EUR/JPY,,113.26499938964844
2016-09-22,,EUR/JPY,,112.34700012207031
2016-09-23,,EUR/JPY,,113.02100372314453
2016-09-26,,EUR/JPY,,113.37799835205078
2016-09-27,,EUR/JPY,,112.90499877929688
2016-09-28,,EUR/JPY,,112.68900299072266
2016-09-29,,EUR/JPY,,113.2699966430664
2016-09-30,,EUR/JPY,,113.53500366210938
2016-10-03,,EUR/JPY,,114.06999969482422
2016-10-04,,EUR/JPY,,114.12300109863281
2016-10-05,,EUR/JPY,,115.30899810791016
2016-10-06,,EUR/JPY,,115.93499755859375
2016-10-07,,EUR/JPY,,115.6050033569336
2016-10-10,,EUR/JPY,,115.32099914550781
2016-10-11,,EUR/JPY,,115.49199676513672
2016-10-12,,EUR/JPY,,114.28500366210938
2016-10-13,,EUR/JPY,,114.84700012207031
2016-10-14,,EUR/JPY,,114.58799743652344
2016-10-17,,EUR/JPY,,114.08799743652344
2016-10-18,,EUR/JPY,,114.37000274658203
2016-10-19,,EUR/JPY,,113.98899841308594
2016-10-20,,EUR/JPY,,113.45500183105469
2016-10-21,,EUR/JPY,,113.78099822998047
2016-10-24,,EUR/JPY,,113.06600189208984
2016-10-25,,EUR/JPY,,113.4209976196289
2016-10-26,,EUR/JPY,,113.38500213623047
2016-10-27,,EUR/JPY,,114.07499694824219
2016-10-28,,EUR/JPY,,114.64399719238281
2016-10-31,,EUR/JPY,,114.8499984741211
2016-11-01,,EUR/JPY,,114.99299621582031
2016-11-02,,EUR/JPY,,115.0770034790039
2016-11-03,,EUR/JPY,,114.69499969482422
2016-11-04,,EUR/JPY,,114.38400268554688
2016-11-07,,EUR/JPY,,115.63500213623047
2016-11-08,,EUR/JPY,,115.4010009765625
2016-11-09,,EUR/JPY,,115.70700073242188
2016-11-10,,EUR/JPY,,115.5780029296875
2016-11-11,,EUR/JPY,,116.35700225830078
2016-11-14,,EUR/JPY,,115.66600036621094
2016-11-15,,EUR/JPY,,116.28099822998047
2016-11-16,,EUR/JPY,,116.93299865722656
2016-11-17,,EUR/JPY,,116.46900177001953
2016-11-18,,EUR/JPY,,117.09400177001953
2016-11-21,,EUR/JPY,,117.43699645996094
2016-11-22,,EUR/JPY,,117.70500183105469
2016-11-23,,EUR/JPY,,118.0199966430664
2016-11-24,,EUR/JPY,,118.6760025024414
2016-11-25,,EUR/JPY,,119.61900329589844
2016-11-28,,EUR/JPY,,119.52999877929688
2016-11-29,,EUR/JPY,,118.5989990234375
2016-11-30,,EUR/JPY,,119.74299621582031
2016-12-01,,EUR/JPY,,121.47000122070312
2016-12-02,,EUR/JPY,,121.44499969482422
2016-12-05,,EUR/JPY,,120.11900329589844
2016-12-06,,EUR/JPY,,122.4520034790039
2016-12-07,,EUR/JPY,,122.24099731445312
2016-12-08,,EUR/JPY,,122.34500122070312
2016-12-09,,EUR/JPY,,121.1500015258789
2016-12-12,,EUR/JPY,,121.71800231933594
2016-12-13,,EUR/JPY,,122.3550033569336
2016-12-14,,EUR/JPY,,122.43499755859375
2016-12-15,,EUR/JPY,,123.20700073242188
2016-12-16,,EUR/JPY,,123.16300201416016
2016-12-19,,EUR/JPY,,123.05599975585938
2016-12-20,,EUR/JPY,,121.77100372314453
2016-12-21,,EUR/JPY,,122.5
2016-12-22,,EUR/JPY,,122.61399841308594
2016-12-23,,EUR/JPY,,122.67400360107422
2016-12-26,,EUR/JPY,,122.61699676513672
2016-12-27,,EUR/JPY,,122.50900268554688
2016-12-28,,EUR/JPY,,122.89399719238281
2016-12-29,,EUR/JPY,,121.96299743652344
2016-12-30,,EUR/JPY,,122.9260025024414
2017-01-02,,EUR/JPY,,122.93000030517578
2017-01-03,,EUR/JPY,,122.87000274658203
2017-01-04,,EUR/JPY,,122.56999969482422
2017-01-05,,EUR/JPY,,122.95700073242188
2017-01-06,,EUR/JPY,,122.2300033569336
2017-01-09,,EUR/JPY,,123.34500122070312
2017-01-10,,EUR/JPY,,122.79299926757812
2017-01-11,,EUR/JPY,,122.2750015258789
2017-01-12,,EUR/JPY,,121.94200134277344
2017-01-13,,EUR/JPY,,121.70999908447266
2017-01-16,,EUR/JPY,,121.38999938964844
2017-01-17,,EUR/JPY,,121.02899932861328
2017-01-18,,EUR/JPY,,120.73899841308594
2017-01-19,,EUR/JPY,,121.95500183105469
2017-01-20,,EUR/JPY,,122.52999877929688
2017-01-23,,EUR/JPY,,121.9229965209961
2017-01-24,,EUR/JPY,,121.33799743652344
2017-01-25,,EUR/JPY,,122.12899780273438
2017-01-26,,EUR/JPY,,121.79000091552734
2017-01-27,,EUR/JPY,,122.26399993896484
2017-01-30,,EUR/JPY,,122.8499984741211
2017-01-31,,EUR/JPY,,121.71800231933594
2017-02-01,,EUR/JPY,,121.7760009765625
2017-02-02,,EUR/JPY,,121.99199676513672
2017-02-03,,EUR/JPY,,121.36900329589844
2017-02-06,,EUR/JPY,,121.4520034790039
2017-02-07,,EUR/JPY,,120.13200378417969
2017-02-08,,EUR/JPY,,120.0
2017-02-09,,EUR/JPY,,119.69300079345703
2017-02-10,,EUR/JPY,,120.89600372314453
2017-02-13,,EUR/JPY,,120.96199798583984
2017-02-14,,EUR/JPY,,120.50199890136719
2017-02-15,,EUR/JPY,,120.89399719238281
2017-02-16,,EUR/JPY,,121.03500366210938
2017-02-17,,EUR/JPY,,120.91600036621094
2017-02-20,,EUR/JPY,,119.97699737548828
2017-02-21,,EUR/JPY,,120.1729965209961
2017-02-22,,EUR/JPY,,119.82499694824219
2017-02-23,,EUR/JPY,,119.65599822998047
2017-02-24,,EUR/JPY,,119.26100158691406
2017-02-27,,EUR/JPY,,118.38400268554688
2017-02-28,,EUR/JPY,,119.3239974975586
2017-03-01,,EUR/JPY,,119.4990005493164
2017-03-02,,EUR/JPY,,120.2239990234375
2017-03-03,,EUR/JPY,,120.13600158691406
2017-03-06,,EUR/JPY,,120.9010009765625
2017-03-07,,EUR/JPY,,120.51300048828125
2017-03-08,,EUR/JPY,,120.41000366210938
2017-03-09,,EUR/JPY,,120.64399719238281
2017-03-10,,EUR/JPY,,121.7959976196289
2017-03-13,,EUR/JPY,,122.66400146484375
2017-03-14,,EUR/JPY,,122.38700103759766
2017-03-15,,EUR/JPY,,121.66999816894531
2017-03-16,,EUR/JPY,,121.76499938964844
2017-03-17,,EUR/JPY,,122.09600067138672
2017-03-20,,EUR/JPY,,121.03500366210938
2017-03-21,,EUR/JPY,,120.85099792480469
2017-03-22,,EUR/JPY,,120.58799743652344
2017-03-23,,EUR/JPY,,120.1780014038086
2017-03-24,,EUR/JPY,,119.6989974975586
2017-03-27,,EUR/JPY,,119.91500091552734
2017-03-28,,EUR/JPY,,120.3030014038086
2017-03-29,,EUR/JPY,,120.30000305175781
2017-03-30,,EUR/JPY,,119.56999969482422
2017-03-31,,EUR/JPY,,119.44000244140625
2017-04-03,,EUR/JPY,,118.70700073242188
2017-04-04,,EUR/JPY,,118.11900329589844
2017-04-05,,EUR/JPY,,118.38999938964844
2017-04-06,,EUR/JPY,,117.79199981689453
2017-04-07,,EUR/JPY,,118.03399658203125
2017-04-10,,EUR/JPY,,117.69200134277344
2017-04-11,,EUR/JPY,,117.322998046875
2017-04-12,,EUR/JPY,,116.25
2017-04-13,,EUR/JPY,,116.197998046875
2017-04-14,,EUR/JPY,,115.8759994506836
2017-04-17,,EUR/JPY,,114.93199920654297
2017-04-18,,EUR/JPY,,116.15499877929688
2017-04-19,,EUR/JPY,,116.43299865722656
2017-04-20,,EUR/JPY,,116.6050033569336
2017-04-21,,EUR/JPY,,117.19400024414062
2017-04-24,,EUR/JPY,,119.5790023803711
2017-04-25,,EUR/JPY,,119.11699676513672
2017-04-26,,EUR/JPY,,121.33999633789062
2017-04-27,,EUR/JPY,,121.29100036621094
2017-04-28,,EUR/JPY,,120.83499908447266
2017-05-01,,EUR/JPY,,121.41799926757812
2017-05-02,,EUR/JPY,,121.96800231933594
2017-05-03,,EUR/JPY,,122.46299743652344
2017-05-04,,EUR/JPY,,122.79900360107422
2017-05-05,,EUR/JPY,,123.58100128173828
2017-05-08,,EUR/JPY,,123.55799865722656
2017-05-09,,EUR/JPY,,123.70800018310547
2017-05-10,,EUR/JPY,,123.73999786376953
2017-05-11,,EUR/JPY,,124.2300033569336
2017-05-12,,EUR/JPY,,123.64800262451172
2017-05-15,,EUR/JPY,,123.7699966430664
2017-05-16,,EUR/JPY,,124.78299713134766
2017-05-17,,EUR/JPY,,124.96600341796875
2017-05-18,,EUR/JPY,,123.95999908447266
2017-05-19,,EUR/JPY,,123.80000305175781
2017-05-22,,EUR/JPY,,124.68499755859375
2017-05-23,,EUR/JPY,,124.62100219726562
2017-05-24,,EUR/JPY,,125.15399932861328
2017-05-25,,EUR/JPY,,125.24400329589844
2017-05-26,,EUR/JPY,,125.2490005493164
2017-05-29,,EUR/JPY,,124.3280029296875
2017-05-30,,EUR/JPY,,123.7229995727539
2017-05-31,,EUR/JPY,,123.80000305175781
2017-06-01,,EUR/JPY,,124.51000213623047
2017-06-02,,EUR/JPY,,124.95600128173828
2017-06-05,,EUR/JPY,,124.60299682617188
2017-06-06,,EUR/JPY,,124.24700164794922
2017-06-07,,EUR/JPY,,123.41000366210938
2017-06-08,,EUR/JPY,,123.67900085449219
2017-06-09,,EUR/JPY,,122.87300109863281
2017-06-12,,EUR/JPY,,123.51399993896484
2017-06-13,,EUR/JPY,,123.06199645996094
2017-06-14,,EUR/JPY,,123.33999633789062
2017-06-15,,EUR/JPY,,122.69999694824219
2017-06-16,,EUR/JPY,,123.66999816894531
2017-06-19,,EUR/JPY,,124.322998046875
2017-06-20,,EUR/JPY,,124.44999694824219
2017-06-21,,EUR/JPY,,123.98999786376953
2017-06-22,,EUR/JPY,,124.31099700927734
2017-06-23,,EUR/JPY,,124.05999755859375
2017-06-26,,EUR/JPY,,124.56999969482422
2017-06-27,,EUR/JPY,,125.09400177001953
2017-06-28,,EUR/JPY,,127.16999816894531
2017-06-29,,EUR/JPY,,127.87999725341797
2017-06-30,,EUR/JPY,,128.12899780273438
2017-07-03,,EUR/JPY,,128.2270050048828
2017-07-04,,EUR/JPY,,128.93299865722656
2017-07-05,,EUR/JPY,,128.32200622558594
2017-07-06,,EUR/JPY,,128.4290008544922
2017-07-07,,EUR/JPY,,129.26699829101562
2017-07-10,,EUR/JPY,,129.97000122070312
2017-07-12,,EUR/JPY,,130.5070037841797
2017-07-13,,EUR/JPY,,129.4199981689453
2017-07-14,,EUR/JPY,,129.3300018310547
2017-07-17,,EUR/JPY,,128.9720001220703
2017-07-18,,EUR/JPY,,129.1699981689453
2017-07-19,,EUR/JPY,,129.3470001220703
2017-07-20,,EUR/JPY,,128.97900390625
2017-07-21,,EUR/JPY,,130.1009979248047
2017-07-24,,EUR/JPY,,129.59100341796875
2017-07-25,,EUR/JPY,,129.4550018310547
2017-07-26,,EUR/JPY,,130.41700744628906
2017-07-27,,EUR/JPY,,130.3300018310547
2017-07-28,,EUR/JPY,,129.85000610351562
2017-07-31,,EUR/JPY,,129.81100463867188
2017-08-01,,EUR/JPY,,130.4810028076172
2017-08-02,,EUR/JPY,,130.43099975585938
2017-08-03,,EUR/JPY,,131.2530059814453
2017-08-04,,EUR/JPY,,130.58299255371094
2017-08-07,,EUR/JPY,,130.4810028076172
2017-08-08,,EUR/JPY,,130.697998046875
2017-08-09,,EUR/JPY,,129.4320068359375
2017-08-10,,EUR/JPY,,129.4340057373047
2017-08-11,,EUR/JPY,,128.41200256347656
2017-08-14,,EUR/JPY,,129.13999938964844
2017-08-15,,EUR/JPY,,129.447998046875
2017-08-16,,EUR/JPY,,129.843994140625
2017-08-17,,EUR/JPY,,129.50799560546875
2017-08-18,,EUR/JPY,,128.07000732421875
2017-08-21,,EUR/JPY,,128.51400756835938
2017-08-22,,EUR/JPY,,128.71099853515625
2017-08-23,,EUR/JPY,,129.0709991455078
2017-08-24,,EUR/JPY,,128.69400024414062
2017-08-25,,EUR/JPY,,129.17999267578125
2017-08-28,,EUR/JPY,,130.6790008544922
2017-08-29,,EUR/JPY,,130.0850067138672
2017-08-30,,EUR/JPY,,131.4010009765625
2017-08-31,,EUR/JPY,,131.30999755859375
2017-09-01,,EUR/JPY,,131.16099548339844
2017-09-04,,EUR/JPY,,130.45899963378906
2017-09-05,,EUR/JPY,,130.5989990234375
2017-09-06,,EUR/JPY,,129.49000549316406
2017-09-07,,EUR/JPY,,130.14999389648438
2017-09-08,,EUR/JPY,,130.22799682617188
2017-09-11,,EUR/JPY,,130.0590057373047
2017-09-12,,EUR/JPY,,130.82699584960938
2017-09-13,,EUR/JPY,,131.9550018310547
2017-09-14,,EUR/JPY,,131.3699951171875
2017-09-15,,EUR/JPY,,131.03199768066406
2017-09-18,,EUR/JPY,,132.72300720214844
2017-09-19,,EUR/JPY,,133.33299255371094
2017-09-20,,EUR/JPY,,133.81500244140625
2017-09-21,,EUR/JPY,,133.5760040283203
2017-09-22,,EUR/JPY,,134.322998046875
2017-09-25,,EUR/JPY,,134.10299682617188
2017-09-26,,EUR/JPY,,132.4929962158203
2017-09-27,,EUR/JPY,,132.4429931640625
2017-09-28,,EUR/JPY,,132.6020050048828
2017-09-29,,EUR/JPY,,132.4969940185547
2017-10-02,,EUR/JPY,,132.97999572753906
2017-10-03,,EUR/JPY,,132.3159942626953
2017-10-04,,EUR/JPY,,132.56399536132812
2017-10-05,,EUR/JPY,,132.63800048828125
2017-10-06,,EUR/JPY,,132.0760040283203
2017-10-09,,EUR/JPY,,132.156005859375
2017-10-10,,EUR/JPY,,132.27099609375
2017-10-11,,EUR/JPY,,132.72999572753906
2017-10-12,,EUR/JPY,,133.4029998779297
2017-10-13,,EUR/JPY,,132.77999877929688
2017-10-16,,EUR/JPY,,132.1699981689453
2017-10-17,,EUR/JPY,,132.32000732421875
2017-10-18,,EUR/JPY,,132.08399963378906
2017-10-19,,EUR/JPY,,133.29200744628906
2017-10-20,,EUR/JPY,,133.4929962158203
2017-10-23,,EUR/JPY,,134.04100036621094
2017-10-24,,EUR/JPY,,133.23199462890625
2017-10-25,,EUR/JPY,,133.9810028076172
2017-10-26,,EUR/JPY,,134.2239990234375
2017-10-27,,EUR/JPY,,132.80299377441406
2017-10-30,,EUR/JPY,,131.98500061035156
2017-10-31,,EUR/JPY,,131.66700744628906
2017-11-01,,EUR/JPY,,132.4199981689453
2017-11-02,,EUR/JPY,,132.7429962158203
2017-11-03,,EUR/JPY,,132.91000366210938
2017-11-06,,EUR/JPY,,132.58999633789062
2017-11-07,,EUR/JPY,,132.11199951171875
2017-11-08,,EUR/JPY,,131.968994140625
2017-11-09,,EUR/JPY,,132.0760040283203
2017-11-10,,EUR/JPY,,132.0399932861328
2017-11-13,,EUR/JPY,,132.56399536132812
2017-11-14,,EUR/JPY,,132.47000122070312
2017-11-15,,EUR/JPY,,133.73500061035156
2017-11-17,,EUR/JPY,,133.11399841308594
2017-11-20,,EUR/JPY,,131.4340057373047
2017-11-21,,EUR/JPY,,132.10299682617188
2017-11-22,,EUR/JPY,,131.8459930419922
2017-11-23,,EUR/JPY,,131.47999572753906
2017-11-24,,EUR/JPY,,131.83999633789062
2017-11-27,,EUR/JPY,,133.1790008544922
2017-11-28,,EUR/JPY,,132.3419952392578
2017-11-29,,EUR/JPY,,132.2740020751953
2017-11-30,,EUR/JPY,,132.73399353027344
2017-12-01,,EUR/JPY,,133.91700744628906
2017-12-04,,EUR/JPY,,133.84300231933594
2017-12-05,,EUR/JPY,,133.50599670410156
2017-12-06,,EUR/JPY,,133.05499267578125
2017-12-07,,EUR/JPY,,132.5469970703125
2017-12-08,,EUR/JPY,,133.22999572753906
2017-12-11,,EUR/JPY,,133.60899353027344
2017-12-12,,EUR/JPY,,133.69700622558594
2017-12-13,,EUR/JPY,,133.322998046875
2017-12-14,,EUR/JPY,,133.47999572753906
2017-12-15,,EUR/JPY,,132.33999633789062
2017-12-18,,EUR/JPY,,132.36500549316406
2017-12-19,,EUR/JPY,,132.6510009765625
2017-12-20,,EUR/JPY,,133.74400329589844
2017-12-21,,EUR/JPY,,134.5019989013672
2017-12-22,,EUR/JPY,,134.36000061035156
2017-12-25,,EUR/JPY,,134.3000030517578
2017-12-26,,EUR/JPY,,134.51100158691406
2017-12-27,,EUR/JPY,,134.22999572753906
2017-12-28,,EUR/JPY,,134.7270050048828
2017-12-29,,EUR/JPY,,134.7779998779297
2018-01-01,,EUR/JPY,,135.24000549316406
2018-01-02,,EUR/JPY,,135.44000244140625
2018-01-03,,EUR/JPY,,135.4010009765625
2018-01-04,,EUR/JPY,,135.23399353027344
2018-01-05,,EUR/JPY,,136.1219940185547
2018-01-08,,EUR/JPY,,136.2030029296875
2018-01-09,,EUR/JPY,,135.4340057373047
2018-01-10,,EUR/JPY,,134.5019989013672
2018-01-11,,EUR/JPY,,133.23699951171875
2018-01-12,,EUR/JPY,,134.01400756835938
2018-01-15,,EUR/JPY,,135.4499969482422
2018-01-16,,EUR/JPY,,135.65699768066406
2018-01-17,,EUR/JPY,,135.45199584960938
2018-01-18,,EUR/JPY,,135.69400024414062
2018-01-19,,EUR/JPY,,135.85000610351562
2018-01-22,,EUR/JPY,,135.64100646972656
2018-01-23,,EUR/JPY,,136.00100708007812
2018-01-24,,EUR/JPY,,135.53799438476562
2018-01-25,,EUR/JPY,,135.45899963378906
2018-01-26,,EUR/JPY,,135.9459991455078
2018-01-29,,EUR/JPY,,135.01400756835938
2018-01-30,,EUR/JPY,,134.85699462890625
2018-01-31,,EUR/JPY,,134.92599487304688
2018-02-01,,EUR/JPY,,135.60000610351562
2018-02-02,,EUR/JPY,,136.86199951171875
2018-02-05,,EUR/JPY,,136.9550018310547
2018-02-06,,EUR/JPY,,134.91900634765625
2018-02-07,,EUR/JPY,,135.72000122070312
2018-02-08,,EUR/JPY,,133.95599365234375
2018-02-09,,EUR/JPY,,133.06399536132812
2018-02-12,,EUR/JPY,,133.30299377441406
2018-02-13,,EUR/JPY,,133.71800231933594
2018-02-14,,EUR/JPY,,133.1199951171875
2018-02-15,,EUR/JPY,,132.87100219726562
2018-02-16,,EUR/JPY,,132.67300415039062
2018-02-19,,EUR/JPY,,131.88099670410156
2018-02-20,,EUR/JPY,,132.30099487304688
2018-02-21,,EUR/JPY,,132.45399475097656
2018-02-22,,EUR/JPY,,132.08999633789062
2018-02-23,,EUR/JPY,,131.66099548339844
2018-02-26,,EUR/JPY,,131.5590057373047
2018-02-27,,EUR/JPY,,131.86099243164062
2018-02-28,,EUR/JPY,,131.3780059814453
2018-03-01,,EUR/JPY,,130.0030059814453
2018-03-02,,EUR/JPY,,130.2729949951172
2018-03-05,,EUR/JPY,,129.97999572753906
2018-03-06,,EUR/JPY,,131.06900024414062
2018-03-07,,EUR/JPY,,131.03900146484375
2018-03-08,,EUR/JPY,,131.7989959716797
2018-03-09,,EUR/JPY,,130.947998046875
2018-03-12,,EUR/JPY,,131.56100463867188
2018-03-13,,EUR/JPY,,131.11599731445312
2018-03-14,,EUR/JPY,,131.98399353027344
2018-03-15,,EUR/JPY,,131.3699951171875
2018-03-16,,EUR/JPY,,130.82899475097656
2018-03-19,,EUR/JPY,,130.13999938964844
2018-03-20,,EUR/JPY,,130.77000427246094
2018-03-21,,EUR/JPY,,130.41000366210938
2018-03-22,,EUR/JPY,,130.78900146484375
2018-03-23,,EUR/JPY,,129.36900329589844
2018-03-26,,EUR/JPY,,129.54299926757812
2018-03-27,,EUR/JPY,,131.42100524902344
2018-03-28,,EUR/JPY,,130.83999633789062
2018-03-29,,EUR/JPY,,131.4669952392578
2018-03-30,,EUR/JPY,,130.9720001220703
2018-04-02,,EUR/JPY,,130.9029998779297
2018-04-03,,EUR/JPY,,130.0500030517578
2018-04-04,,EUR/JPY,,130.67799377441406
2018-04-05,,EUR/JPY,,131.19000244140625
2018-04-06,,EUR/JPY,,131.14999389648438
2018-04-09,,EUR/JPY,,131.25900268554688
2018-04-10,,EUR/JPY,,131.5330047607422
2018-04-11,,EUR/JPY,,132.41700744628906
2018-04-12,,EUR/JPY,,132.16099548339844
2018-04-13,,EUR/JPY,,132.2010040283203
2018-04-16,,EUR/JPY,,132.57400512695312
2018-04-17,,EUR/JPY,,132.57400512695312
2018-04-18,,EUR/JPY,,132.406005859375
2018-04-19,,EUR/JPY,,132.8800048828125
2018-04-20,,EUR/JPY,,132.62399291992188
2018-04-23,,EUR/JPY,,132.38600158691406
2018-04-24,,EUR/JPY,,132.7790069580078
2018-04-25,,EUR/JPY,,133.14999389648438
2018-04-26,,EUR/JPY,,133.12100219726562
2018-04-27,,EUR/JPY,,132.35000610351562
2018-04-30,,EUR/JPY,,132.2480010986328
2018-05-01,,EUR/JPY,,132.10899353027344
2018-05-02,,EUR/JPY,,131.78599548339844
2018-05-03,,EUR/JPY,,131.2469940185547
2018-05-04,,EUR/JPY,,130.7989959716797
2018-05-07,,EUR/JPY,,130.47500610351562
2018-05-08,,EUR/JPY,,130.00399780273438
2018-05-09,,EUR/JPY,,129.38400268554688
2018-05-10,,EUR/JPY,,130.1300048828125
2018-05-11,,EUR/JPY,,130.3939971923828
2018-05-14,,EUR/JPY,,130.67599487304688
2018-05-15,,EUR/JPY,,130.91200256347656
2018-05-16,,EUR/JPY,,130.3800048828125
2018-05-17,,EUR/JPY,,130.38499450683594
2018-05-18,,EUR/JPY,,130.68899536132812
2018-05-21,,EUR/JPY,,130.4600067138672
2018-05-22,,EUR/JPY,,130.8419952392578
2018-05-23,,EUR/JPY,,130.531005859375
2018-05-24,,EUR/JPY,,128.65499877929688
2018-05-25,,EUR/JPY,,128.13800048828125
2018-05-28,,EUR/JPY,,128.1320037841797
2018-05-29,,EUR/JPY,,127.18299865722656
2018-05-30,,EUR/JPY,,125.0459976196289
2018-05-31,,EUR/JPY,,126.80999755859375
2018-06-01,,EUR/JPY,,127.16000366210938
2018-06-04,,EUR/JPY,,127.87799835205078
2018-06-05,,EUR/JPY,,128.66099548339844
2018-06-06,,EUR/JPY,,128.8159942626953
2018-06-07,,EUR/JPY,,129.75
2018-06-08,,EUR/JPY,,129.35699462890625
2018-06-11,,EUR/JPY,,128.9600067138672
2018-06-12,,EUR/JPY,,129.96400451660156
2018-06-13,,EUR/JPY,,129.75100708007812
2018-06-14,,EUR/JPY,,130.1199951171875
2018-06-15,,EUR/JPY,,127.9749984741211
2018-06-18,,EUR/JPY,,128.2550048828125
2018-06-19,,EUR/JPY,,128.08799743652344
2018-06-20,,EUR/JPY,,127.55500030517578
2018-06-21,,EUR/JPY,,127.76799774169922
2018-06-22,,EUR/JPY,,127.60399627685547
2018-06-25,,EUR/JPY,,128.1959991455078
2018-06-26,,EUR/JPY,,128.28599548339844
2018-06-27,,EUR/JPY,,128.26100158691406
2018-06-28,,EUR/JPY,,127.4469985961914
2018-06-29,,EUR/JPY,,127.75
2018-07-02,,EUR/JPY,,129.25999450683594
2018-07-03,,EUR/JPY,,129.0679931640625
2018-07-04,,EUR/JPY,,128.718994140625
2018-07-05,,EUR/JPY,,128.86599731445312
2018-07-06,,EUR/JPY,,129.2899932861328
2018-07-09,,EUR/JPY,,129.76100158691406
2018-07-10,,EUR/JPY,,130.44000244140625
2018-07-11,,EUR/JPY,,129.9669952392578
2018-07-12,,EUR/JPY,,130.71400451660156
2018-07-13,,EUR/JPY,,131.427001953125
2018-07-16,,EUR/JPY,,131.25
2018-07-17,,EUR/JPY,,131.57699584960938
2018-07-18,,EUR/JPY,,131.68800354003906
2018-07-19,,EUR/JPY,,131.343994140625
2018-07-20,,EUR/JPY,,130.96099853515625
2018-07-23,,EUR/JPY,,130.39199829101562
2018-07-24,,EUR/JPY,,130.33399963378906
2018-07-25,,EUR/JPY,,129.98500061035156
2018-07-26,,EUR/JPY,,130.0959930419922
2018-07-27,,EUR/JPY,,129.4029998779297
2018-07-30,,EUR/JPY,,129.3489990234375
2018-07-31,,EUR/JPY,,129.9429931640625
2018-08-01,,EUR/JPY,,130.6580047607422
2018-08-02,,EUR/JPY,,130.1929931640625
2018-08-03,,EUR/JPY,,129.3939971923828
2018-08-06,,EUR/JPY,,128.60699462890625
2018-08-07,,EUR/JPY,,128.66000366210938
2018-08-08,,EUR/JPY,,129.1820068359375
2018-08-09,,EUR/JPY,,128.7480010986328
2018-08-10,,EUR/JPY,,127.99800109863281
2018-08-13,,EUR/JPY,,126.03800201416016
2018-08-14,,EUR/JPY,,126.16400146484375
2018-08-15,,EUR/JPY,,126.20999908447266
2018-08-16,,EUR/JPY,,125.40899658203125
2018-08-17,,EUR/JPY,,126.22000122070312
2018-08-20,,EUR/JPY,,126.33999633789062
2018-08-21,,EUR/JPY,,126.33799743652344
2018-08-22,,EUR/JPY,,127.48300170898438
2018-08-23,,EUR/JPY,,128.10000610351562
2018-08-24,,EUR/JPY,,128.51600646972656
2018-08-27,,EUR/JPY,,129.62399291992188
2018-08-28,,EUR/JPY,,129.84500122070312
2018-08-29,,EUR/JPY,,129.95399475097656
2018-08-30,,EUR/JPY,,130.80599975585938
2018-08-31,,EUR/JPY,,129.47300720214844
2018-09-03,,EUR/JPY,,128.91200256347656
2018-09-04,,EUR/JPY,,129.0279998779297
2018-09-05,,EUR/JPY,,129.13999938964844
2018-09-06,,EUR/JPY,,129.66700744628906
2018-09-07,,EUR/JPY,,128.39100646972656
2018-09-10,,EUR/JPY,,128.22999572753906
2018-09-11,,EUR/JPY,,128.85699462890625
2018-09-12,,EUR/JPY,,129.40199279785156
2018-09-13,,EUR/JPY,,129.31100463867188
2018-09-14,,EUR/JPY,,130.95399475097656
2018-09-17,,EUR/JPY,,130.1649932861328
2018-09-18,,EUR/JPY,,130.3280029296875
2018-09-19,,EUR/JPY,,131.13099670410156
2018-09-20,,EUR/JPY,,131.11700439453125
2018-09-21,,EUR/JPY,,132.47500610351562
2018-09-24,,EUR/JPY,,132.19000244140625
2018-09-25,,EUR/JPY,,132.5500030517578
2018-09-26,,EUR/JPY,,132.88900756835938
2018-09-27,,EUR/JPY,,132.4010009765625
2018-09-28,,EUR/JPY,,131.91099548339844
2018-10-01,,EUR/JPY,,132.0570068359375
2018-10-02,,EUR/JPY,,131.91000366210938
2018-10-03,,EUR/JPY,,131.19400024414062
2018-10-04,,EUR/JPY,,131.38099670410156
2018-10-05,,EUR/JPY,,131.18499755859375
2018-10-08,,EUR/JPY,,131.02200317382812
2018-10-09,,EUR/JPY,,129.98800659179688
2018-10-10,,EUR/JPY,,130.0
2018-10-11,,EUR/JPY,,129.2779998779297
2018-10-12,,EUR/JPY,,129.90199279785156
2018-10-15,,EUR/JPY,,129.59100341796875
2018-10-16,,EUR/JPY,,129.54200744628906
2018-10-17,,EUR/JPY,,130.03399658203125
2018-10-18,,EUR/JPY,,129.50999450683594
2018-10-19,,EUR/JPY,,128.5
2018-10-22,,EUR/JPY,,129.45399475097656
2018-10-23,,EUR/JPY,,129.27099609375
2018-10-24,,EUR/JPY,,129.00900268554688
2018-10-25,,EUR/JPY,,127.6780014038086
2018-10-26,,EUR/JPY,,127.7959976196289
2018-10-29,,EUR/JPY,,127.552001953125
2018-10-30,,EUR/JPY,,127.77899932861328
2018-10-31,,EUR/JPY,,128.25
2018-11-01,,EUR/JPY,,127.7030029296875
2018-11-02,,EUR/JPY,,128.52499389648438
2018-11-05,,EUR/JPY,,128.9199981689453
2018-11-06,,EUR/JPY,,129.17999267578125
2018-11-07,,EUR/JPY,,129.66000366210938
2018-11-08,,EUR/JPY,,129.82000732421875
2018-11-09,,EUR/JPY,,129.54100036621094
2018-11-12,,EUR/JPY,,128.91600036621094
2018-11-13,,EUR/JPY,,127.61199951171875
2018-11-14,,EUR/JPY,,128.70799255371094
2018-11-15,,EUR/JPY,,128.45599365234375
2018-11-16,,EUR/JPY,,128.59500122070312
2018-11-19,,EUR/JPY,,128.66099548339844
2018-11-20,,EUR/JPY,,128.8000030517578
2018-11-21,,EUR/JPY,,128.1959991455078
2018-11-22,,EUR/JPY,,128.72000122070312
2018-11-23,,EUR/JPY,,128.8300018310547
2018-11-26,,EUR/JPY,,128.00999450683594
2018-11-27,,EUR/JPY,,128.6300048828125
2018-11-28,,EUR/JPY,,128.53500366210938
2018-11-29,,EUR/JPY,,129.08200073242188
2018-11-30,,EUR/JPY,,129.19200134277344
2018-12-03,,EUR/JPY,,129.0290069580078
2018-12-04,,EUR/JPY,,128.9669952392578
2018-12-05,,EUR/JPY,,127.8280029296875
2018-12-06,,EUR/JPY,,128.29100036621094
2018-12-07,,EUR/JPY,,128.1739959716797
2018-12-10,,EUR/JPY,,128.25100708007812
2018-12-11,,EUR/JPY,,128.52999877929688
2018-12-12,,EUR/JPY,,128.3780059814453
2018-12-13,,EUR/JPY,,128.83999633789062
2018-12-14,,EUR/JPY,,129.03500366210938
2018-12-17,,EUR/JPY,,128.19400024414062
2018-12-18,,EUR/JPY,,128.05299377441406
2018-12-19,,EUR/JPY,,127.99400329589844
2018-12-20,,EUR/JPY,,128.01800537109375
2018-12-21,,EUR/JPY,,127.35199737548828
2018-12-24,,EUR/JPY,,126.29199981689453
2018-12-25,,EUR/JPY,,125.7699966430664
2018-12-26,,EUR/JPY,,126.00199890136719
2018-12-27,,EUR/JPY,,126.40499877929688
2018-12-28,,EUR/JPY,,126.76799774169922
2018-12-31,,EUR/JPY,,126.2490005493164
2019-01-01,,EUR/JPY,,125.9800033569336
2019-01-02,,EUR/JPY,,125.68900299072266
2019-01-03,,EUR/JPY,,121.60099792480469
2019-01-04,,EUR/JPY,,122.79399871826172
2019-01-07,,EUR/JPY,,123.82099914550781
2019-01-08,,EUR/JPY,,124.66000366210938
2019-01-09,,EUR/JPY,,124.60900115966797
2019-01-10,,EUR/JPY,,125.01499938964844
2019-01-11,,EUR/JPY,,124.61900329589844
2019-01-14,,EUR/JPY,,124.29000091552734
2019-01-15,,EUR/JPY,,124.18699645996094
2019-01-16,,EUR/JPY,,123.9800033569336
2019-01-17,,EUR/JPY,,124.2760009765625
2019-01-18,,EUR/JPY,,124.3479995727539
2019-01-21,,EUR/JPY,,124.62799835205078
2019-01-22,,EUR/JPY,,124.68099975585938
2019-01-23,,EUR/JPY,,124.26000213623047
2019-01-24,,EUR/JPY,,124.66000366210938
2019-01-25,,EUR/JPY,,123.96900177001953
2019-01-28,,EUR/JPY,,124.85399627685547
2019-01-29,,EUR/JPY,,124.8499984741211
2019-01-30,,EUR/JPY,,125.11000061035156
2019-01-31,,EUR/JPY,,125.16500091552734
2019-02-01,,EUR/JPY,,124.58000183105469
2019-02-04,,EUR/JPY,,125.33999633789062
2019-02-05,,EUR/JPY,,125.75299835205078
2019-02-06,,EUR/JPY,,125.43199920654297
2019-02-07,,EUR/JPY,,124.9800033569336
2019-02-08,,EUR/JPY,,124.4540023803711
2019-02-11,,EUR/JPY,,124.3479995727539
2019-02-12,,EUR/JPY,,124.5199966430664
2019-02-13,,EUR/JPY,,125.25599670410156
2019-02-14,,EUR/JPY,,124.95099639892578
2019-02-15,,EUR/JPY,,124.8499984741211
2019-02-18,,EUR/JPY,,124.9000015258789
2019-02-19,,EUR/JPY,,125.09300231933594
2019-02-20,,EUR/JPY,,125.39399719238281
2019-02-21,,EUR/JPY,,125.6719970703125
2019-02-22,,EUR/JPY,,125.54000091552734
2019-02-25,,EUR/JPY,,125.63200378417969
2019-02-26,,EUR/JPY,,126.20600128173828
2019-02-27,,EUR/JPY,,125.93000030517578
2019-02-28,,EUR/JPY,,126.15599822998047
2019-03-01,,EUR/JPY,,126.64600372314453
2019-03-04,,EUR/JPY,,127.30999755859375
2019-03-05,,EUR/JPY,,126.71900177001953
2019-03-06,,EUR/JPY,,126.46900177001953
2019-03-07,,EUR/JPY,,126.28099822998047
2019-03-08,,EUR/JPY,,125.01000213623047
2019-03-11,,EUR/JPY,,124.73999786376953
2019-03-12,,EUR/JPY,,125.35800170898438
2019-03-13,,EUR/JPY,,125.62799835205078
2019-03-14,,EUR/JPY,,125.98999786376953
2019-03-15,,EUR/JPY,,126.36000061035156
2019-03-18,,EUR/JPY,,126.2699966430664
2019-03-19,,EUR/JPY,,126.24800109863281
2019-03-20,,EUR/JPY,,126.48999786376953
2019-03-21,,EUR/JPY,,126.45800018310547
2019-03-22,,EUR/JPY,,126.01000213623047
2019-03-25,,EUR/JPY,,124.34200286865234
2019-03-26,,EUR/JPY,,124.5199966430664
2019-03-27,,EUR/JPY,,124.62000274658203
2019-03-28,,EUR/JPY,,124.30999755859375
2019-03-29,,EUR/JPY,,124.22000122070312
2019-04-01,,EUR/JPY,,124.56999969482422
2019-04-02,,EUR/JPY,,124.87899780273438
2019-04-03,,EUR/JPY,,124.68000030517578
2019-04-04,,EUR/JPY,,125.25499725341797
2019-04-05,,EUR/JPY,,125.31199645996094
2019-04-08,,EUR/JPY,,125.31099700927734
2019-04-09,,EUR/JPY,,125.44999694824219
2019-04-10,,EUR/JPY,,125.16400146484375
2019-04-11,,EUR/JPY,,125.12000274658203
2019-04-12,,EUR/JPY,,125.68900299072266
2019-04-15,,EUR/JPY,,126.61000061035156
2019-04-16,,EUR/JPY,,126.54900360107422
2019-04-17,,EUR/JPY,,126.33799743652344
2019-04-18,,EUR/JPY,,126.54499816894531
2019-04-19,,EUR/JPY,,125.82099914550781
2019-04-22,,EUR/JPY,,125.8270034790039
2019-04-23,,EUR/JPY,,126.01200103759766
2019-04-24,,EUR/JPY,,125.55000305175781
2019-04-25,,EUR/JPY,,125.12699890136719
2019-04-26,,EUR/JPY,,124.29900360107422
2019-04-29,,EUR/JPY,,124.50199890136719
2019-04-30,,EUR/JPY,,124.97000122070312
2019-05-01,,EUR/JPY,,124.98100280761719
2019-05-02,,EUR/JPY,,124.87799835205078
2019-05-03,,EUR/JPY,,124.59600067138672
2019-05-06,,EUR/JPY,,123.75599670410156
2019-05-07,,EUR/JPY,,124.11000061035156
2019-05-08,,EUR/JPY,,123.3759994506836
2019-05-09,,EUR/JPY,,123.20600128173828
2019-05-10,,EUR/JPY,,123.18199920654297
2019-05-13,,EUR/JPY,,123.1989974975586
2019-05-14,,EUR/JPY,,122.5999984741211
2019-05-15,,EUR/JPY,,122.8740005493164
2019-05-16,,EUR/JPY,,122.66999816894531
2019-05-17,,EUR/JPY,,122.75900268554688
2019-05-20,,EUR/JPY,,122.98999786376953
2019-05-21,,EUR/JPY,,122.91999816894531
2019-05-22,,EUR/JPY,,123.43800354003906
2019-05-23,,EUR/JPY,,122.93000030517578
2019-05-24,,EUR/JPY,,122.5260009765625
2019-05-27,,EUR/JPY,,122.62300109863281
2019-05-28,,EUR/JPY,,122.57499694824219
2019-05-29,,EUR/JPY,,122.11199951171875
2019-05-30,,EUR/JPY,,121.98699951171875
2019-05-31,,EUR/JPY,,121.71700286865234
2019-06-03,,EUR/JPY,,120.91100311279297
2019-06-04,,EUR/JPY,,121.48200225830078
2019-06-05,,EUR/JPY,,121.8239974975586
2019-06-06,,EUR/JPY,,121.63999938964844
2019-06-07,,EUR/JPY,,122.29100036621094
2019-06-10,,EUR/JPY,,122.73999786376953
2019-06-11,,EUR/JPY,,122.63400268554688
2019-06-12,,EUR/JPY,,122.88600158691406
2019-06-13,,EUR/JPY,,122.51599884033203
2019-06-14,,EUR/JPY,,122.18000030517578
2019-06-17,,EUR/JPY,,121.77999877929688
2019-06-18,,EUR/JPY,,121.83300018310547
2019-06-19,,EUR/JPY,,121.5780029296875
2019-06-20,,EUR/JPY,,121.47200012207031
2019-06-21,,EUR/JPY,,121.16899871826172
2019-06-24,,EUR/JPY,,122.16400146484375
2019-06-25,,EUR/JPY,,122.3489990234375
2019-06-26,,EUR/JPY,,121.80999755859375
2019-06-27,,EUR/JPY,,122.53500366210938
2019-06-28,,EUR/JPY,,122.51899719238281
2019-07-01,,EUR/JPY,,123.125
2019-07-02,,EUR/JPY,,122.31099700927734
2019-07-03,,EUR/JPY,,121.69999694824219
2019-07-04,,EUR/JPY,,121.62999725341797
2019-07-05,,EUR/JPY,,121.66999816894531
2019-07-08,,EUR/JPY,,121.7699966430664
2019-07-09,,EUR/JPY,,121.91000366210938
2019-07-10,,EUR/JPY,,122.04399871826172
2019-07-11,,EUR/JPY,,121.96399688720703
2019-07-12,,EUR/JPY,,122.177001953125
2019-07-15,,EUR/JPY,,121.54100036621094
2019-07-16,,EUR/JPY,,121.50399780273438
2019-07-17,,EUR/JPY,,121.31199645996094
2019-07-18,,EUR/JPY,,121.18099975585938
2019-07-19,,EUR/JPY,,120.94300079345703
2019-07-22,,EUR/JPY,,120.94000244140625
2019-07-23,,EUR/JPY,,120.91000366210938
2019-07-24,,EUR/JPY,,120.69000244140625
2019-07-25,,EUR/JPY,,120.54399871826172
2019-07-26,,EUR/JPY,,121.0999984741211
2019-07-29,,EUR/JPY,,120.87999725341797
2019-07-30,,EUR/JPY,,121.3010025024414
2019-07-31,,EUR/JPY,,121.1259994506836
2019-08-01,,EUR/JPY,,120.45999908447266
2019-08-02,,EUR/JPY,,119.01699829101562
2019-08-05,,EUR/JPY,,118.37799835205078
2019-08-06,,EUR/JPY,,118.72100067138672
2019-08-07,,EUR/JPY,,119.14199829101562
2019-08-08,,EUR/JPY,,118.9000015258789
2019-08-09,,EUR/JPY,,118.44499969482422
2019-08-12,,EUR/JPY,,118.10099792480469
2019-08-13,,EUR/JPY,,118.16999816894531
2019-08-14,,EUR/JPY,,119.13400268554688
2019-08-15,,EUR/JPY,,118.0
2019-08-16,,EUR/JPY,,117.83999633789062
2019-08-19,,EUR/JPY,,118.0510025024414
2019-08-20,,EUR/JPY,,118.11000061035156
2019-08-21,,EUR/JPY,,117.93299865722656
2019-08-22,,EUR/JPY,,118.20999908447266
2019-08-23,,EUR/JPY,,118.0
2019-08-26,,EUR/JPY,,116.83200073242188
2019-08-27,,EUR/JPY,,117.64299774169922
2019-08-28,,EUR/JPY,,117.26300048828125
2019-08-29,,EUR/JPY,,117.58499908447266
2019-08-30,,EUR/JPY,,117.69999694824219
2019-09-02,,EUR/JPY,,116.6500015258789
2019-09-03,,EUR/JPY,,116.44999694824219
2019-09-04,,EUR/JPY,,116.12999725341797
2019-09-05,,EUR/JPY,,117.3270034790039
2019-09-06,,EUR/JPY,,118.13200378417969
2019-09-09,,EUR/JPY,,117.85199737548828
2019-09-10,,EUR/JPY,,118.58200073242188
2019-09-11,,EUR/JPY,,118.89199829101562
2019-09-12,,EUR/JPY,,118.95800018310547
2019-09-13,,EUR/JPY,,119.60399627685547
2019-09-16,,EUR/JPY,,119.41999816894531
2019-09-17,,EUR/JPY,,119.00900268554688
2019-09-18,,EUR/JPY,,119.6969985961914
2019-09-19,,EUR/JPY,,119.58200073242188
2019-09-20,,EUR/JPY,,119.34600067138672
2019-09-23,,EUR/JPY,,118.61699676513672
2019-09-24,,EUR/JPY,,118.29199981689453
2019-09-25,,EUR/JPY,,118.02999877929688
2019-09-26,,EUR/JPY,,117.9469985961914
2019-09-27,,EUR/JPY,,117.66999816894531
2019-09-30,,EUR/JPY,,118.11000061035156
2019-10-01,,EUR/JPY,,117.77999877929688
2019-10-02,,EUR/JPY,,117.80699920654297
2019-10-03,,EUR/JPY,,117.45500183105469
2019-10-04,,EUR/JPY,,117.23999786376953
2019-10-07,,EUR/JPY,,117.26000213623047
2019-10-08,,EUR/JPY,,117.6709976196289
2019-10-09,,EUR/JPY,,117.22200012207031
2019-10-10,,EUR/JPY,,117.73600006103516
2019-10-11,,EUR/JPY,,118.77999877929688
2019-10-14,,EUR/JPY,,119.61000061035156
2019-10-15,,EUR/JPY,,119.50800323486328
2019-10-16,,EUR/JPY,,120.06900024414062
2019-10-17,,EUR/JPY,,120.36000061035156
2019-10-18,,EUR/JPY,,120.80000305175781
2019-10-21,,EUR/JPY,,120.93099975585938
2019-10-22,,EUR/JPY,,121.0979995727539
2019-10-23,,EUR/JPY,,120.7249984741211
2019-10-24,,EUR/JPY,,120.94000244140625
2019-10-25,,EUR/JPY,,120.59159851074219
2019-10-28,,EUR/JPY,,120.5
2019-10-29,,EUR/JPY,,120.93599700927734
2019-10-30,,EUR/JPY,,120.9800033569336
2019-10-31,,EUR/JPY,,121.3219985961914
2019-11-01,,EUR/JPY,,120.49600219726562
2019-11-04,,EUR/JPY,,120.83699798583984
2019-11-05,,EUR/JPY,,120.947998046875
2019-11-06,,EUR/JPY,,120.86900329589844
2019-11-07,,EUR/JPY,,120.56500244140625
2019-11-08,,EUR/JPY,,120.77300262451172
2019-11-11,,EUR/JPY,,120.38973999023438
2019-11-12,,EUR/JPY,,120.31300354003906
2019-11-13,,EUR/JPY,,120.02400207519531
2019-11-14,,EUR/JPY,,119.7699966430664
2019-11-15,,EUR/JPY,,119.55799865722656
2019-11-18,,EUR/JPY,,120.15399932861328
2019-11-19,,EUR/JPY,,120.30000305175781
2019-11-20,,EUR/JPY,,120.13899993896484
2019-11-21,,EUR/JPY,,120.18000030517578
2019-11-22,,EUR/JPY,,120.1500015258789
2019-11-25,,EUR/JPY,,119.83000183105469
2019-11-26,,EUR/JPY,,120.00299835205078
2019-11-27,,EUR/JPY,,120.24700164794922
2019-11-28,,EUR/JPY,,120.35199737548828
2019-11-29,,EUR/JPY,,120.58499908447266
2019-12-02,,EUR/JPY,,120.68599700927734
2019-12-03,,EUR/JPY,,120.75399780273438
2019-12-04,,EUR/JPY,,120.4000015258789
2019-12-05,,EUR/JPY,,120.5999984741211
2019-12-06,,EUR/JPY,,120.73999786376953
2019-12-09,,EUR/JPY,,120.12200164794922
2019-12-10,,EUR/JPY,,120.13700103759766
2019-12-11,,EUR/JPY,,120.64399719238281
2019-12-12,,EUR/JPY,,120.84400177001953
2019-12-13,,EUR/JPY,,122.38300323486328
2019-12-16,,EUR/JPY,,121.69400024414062
2019-12-17,,EUR/JPY,,122.03600311279297
2019-12-18,,EUR/JPY,,122.12000274658203
2019-12-19,,EUR/JPY,,121.77100372314453
2019-12-20,,EUR/JPY,,121.66000366210938
2019-12-23,,EUR/JPY,,121.31099700927734
2019-12-24,,EUR/JPY,,121.3010025024414
2019-12-25,,EUR/JPY,,121.2300033569336
2019-12-26,,EUR/JPY,,121.34200286865234
2019-12-27,,EUR/JPY,,121.68000030517578
2019-12-30,,EUR/JPY,,122.39700317382812
