slug,date,open,high,low,close,currency
EUR/USD,2015-01-01,1.209863,1.209863,1.209863,1.209863,USD
EUR/GBP,2015-01-01,0.77616,0.77616,0.77616,0.77616,GBP
EUR/JPY,2015-01-01,144.779999,144.929993,144.770004,144.779999,JPY
EUR/JPY,2015-01-02,144.889999,145.287994,144.376999,144.929993,JPY
EUR/USD,2015-01-02,1.208868,1.208956,1.20108,1.208941,USD
EUR/GBP,2015-01-02,0.77584,0.78166,0.7745,0.7759,GBP
EUR/JPY,2015-01-05,143.906006,144.141006,142.332001,143.860001,JPY
EUR/GBP,2015-01-05,0.78154,0.78436,0.7801,0.78148,GBP
EUR/USD,2015-01-05,1.1955,1.19759,1.188909,1.194643,USD
EUR/JPY,2015-01-06,142.537994,142.656998,141.391006,142.557007,JPY
EUR/GBP,2015-01-06,0.7823,0.78554,0.7819,0.7824,GBP
EUR/USD,2015-01-06,1.19383,1.197,1.188693,1.193902,USD
EUR/GBP,2015-01-07,0.7843,0.78527,0.7815,0.78444,GBP
EUR/JPY,2015-01-07,140.897995,141.647003,140.792999,140.912003,JPY
EUR/USD,2015-01-07,1.187479,1.19,1.180401,1.187536,USD
EUR/USD,2015-01-08,1.183894,1.184806,1.175601,1.1836,USD
EUR/JPY,2015-01-08,141.175995,141.703995,140.738998,141.156998,JPY
EUR/GBP,2015-01-08,0.78324,0.78533,0.78057,0.7833,GBP
EUR/USD,2015-01-09,1.179426,1.18383,1.176831,1.179607,USD
EUR/JPY,2015-01-09,141.210007,141.347,140.330002,141.244995,JPY
EUR/GBP,2015-01-09,0.78164,0.78245,0.77866,0.78163,GBP
EUR/GBP,2015-01-12,0.78141,0.78291,0.7786,0.78147,GBP
EUR/JPY,2015-01-12,140.330002,140.865997,139.977005,140.326996,JPY
EUR/USD,2015-01-12,1.187014,1.1872,1.1788,1.18707,USD
EUR/GBP,2015-01-13,0.7797,0.7829,0.7756,0.7798,GBP
EUR/USD,2015-01-13,1.183236,1.185902,1.17565,1.183152,USD
EUR/JPY,2015-01-13,139.923004,140.477997,139.339996,139.979996,JPY
EUR/USD,2015-01-14,1.177676,1.184357,1.17306,1.177829,USD
EUR/GBP,2015-01-14,0.77628,0.7781,0.77344,0.7763,GBP
EUR/JPY,2015-01-14,138.701004,138.854996,137.0,138.727005,JPY
EUR/JPY,2015-01-15,138.380005,138.781998,135.419998,138.332993,JPY
EUR/USD,2015-01-15,1.178384,1.178856,1.159229,1.178592,USD
EUR/GBP,2015-01-15,0.7734,0.7745,0.7636,0.77351,GBP
EUR/GBP,2015-01-16,0.7663,0.76709,0.75976,0.7665,GBP
EUR/JPY,2015-01-16,135.119995,135.932007,134.789001,135.136002,JPY
EUR/USD,2015-01-16,1.1639,1.165,1.14643,1.163738,USD
EUR/GBP,2015-01-19,0.7635,0.76745,0.76297,0.7636,GBP
EUR/JPY,2015-01-19,135.889008,136.807999,135.158997,135.949005,JPY
EUR/USD,2015-01-19,1.156377,1.163871,1.155402,1.156604,USD
EUR/USD,2015-01-20,1.159703,1.161599,1.15692,1.159797,USD
EUR/GBP,2015-01-20,0.76843,0.7692,0.76154,0.7685,GBP
EUR/JPY,2015-01-20,136.533005,137.623001,136.503006,136.490997,JPY
EUR/USD,2015-01-21,1.154668,1.1664,1.154374,1.154694,USD
EUR/GBP,2015-01-21,0.7622,0.77124,0.7617,0.7623,GBP
EUR/JPY,2015-01-21,136.957001,137.098007,135.856995,136.990997,JPY
EUR/USD,2015-01-22,1.161697,1.164289,1.1414,1.161535,USD
EUR/JPY,2015-01-22,136.854004,137.281998,134.522995,136.850998,JPY
EUR/GBP,2015-01-22,0.7669,0.7669,0.75675,0.76675,GBP
EUR/JPY,2015-01-23,134.699997,134.830002,130.977997,134.705002,JPY
EUR/USD,2015-01-23,1.134649,1.137398,1.11218,1.134675,USD
EUR/GBP,2015-01-23,0.75605,0.75801,0.74299,0.7558,GBP
EUR/GBP,2015-01-26,0.74265,0.75041,0.74265,0.74227,GBP
EUR/USD,2015-01-26,1.114082,1.128399,1.114082,1.112545,USD
EUR/JPY,2015-01-26,130.729996,133.529007,130.729996,130.630997,JPY
EUR/GBP,2015-01-27,0.7456,0.7511,0.74348,0.74556,GBP
EUR/JPY,2015-01-27,133.320007,134.029999,132.5,133.330002,JPY
EUR/USD,2015-01-27,1.1251,1.142,1.1226,1.124771,USD
EUR/USD,2015-01-28,1.136699,1.1382,1.13078,1.136738,USD
EUR/JPY,2015-01-28,133.910995,134.320999,133.231003,133.871994,JPY
EUR/GBP,2015-01-28,0.7482,0.74942,0.745,0.7484,GBP
EUR/GBP,2015-01-29,0.7451,0.75242,0.74409,0.74519,GBP
EUR/USD,2015-01-29,1.128477,1.1368,1.126405,1.128146,USD
EUR/JPY,2015-01-29,132.701996,134.041,132.559998,132.692993,JPY
EUR/JPY,2015-01-30,134.059998,134.059998,132.557007,134.039993,JPY
EUR/USD,2015-01-30,1.133735,1.1364,1.128599,1.133556,USD
EUR/GBP,2015-01-30,0.75182,0.7535,0.74999,0.7516,GBP
EUR/GBP,2015-02-02,0.7494,0.75561,0.749,0.7495,GBP
EUR/USD,2015-02-02,1.130467,1.136,1.129293,1.130902,USD
EUR/JPY,2015-02-02,132.462006,133.582001,132.462006,132.503998,JPY
EUR/JPY,2015-02-03,133.313004,134.690002,132.401001,133.335007,JPY
EUR/USD,2015-02-03,1.133697,1.145001,1.13179,1.134173,USD
EUR/GBP,2015-02-03,0.7543,0.75805,0.7524,0.75461,GBP
EUR/GBP,2015-02-04,0.7565,0.75739,0.74857,0.7566,GBP
EUR/JPY,2015-02-04,134.807007,135.332993,133.889999,134.778,JPY
EUR/USD,2015-02-04,1.145685,1.148419,1.14042,1.145738,USD
EUR/GBP,2015-02-05,0.74551,0.7509,0.7455,0.7456,GBP
EUR/USD,2015-02-05,1.131721,1.146,1.131695,1.131875,USD
EUR/JPY,2015-02-05,132.733994,134.483002,132.690994,132.740005,JPY
EUR/JPY,2015-02-06,134.792007,135.158997,134.082001,134.820999,JPY
EUR/GBP,2015-02-06,0.7486,0.7486,0.7421,0.7485,GBP
EUR/USD,2015-02-06,1.147092,1.1476,1.132003,1.147197,USD
EUR/JPY,2015-02-09,134.559998,134.981003,133.686005,134.598999,JPY
EUR/USD,2015-02-09,1.131478,1.136,1.127169,1.131439,USD
EUR/GBP,2015-02-09,0.74236,0.74586,0.74128,0.7425,GBP
EUR/JPY,2015-02-10,134.315994,135.270996,134.042007,134.296997,JPY
EUR/GBP,2015-02-10,0.7443,0.7445,0.74085,0.74426,GBP
EUR/USD,2015-02-10,1.132605,1.135,1.12756,1.132695,USD
EUR/USD,2015-02-11,1.131952,1.133196,1.128861,1.132195,USD
EUR/JPY,2015-02-11,135.070007,136.078003,135.016998,135.106995,JPY
EUR/GBP,2015-02-11,0.74176,0.74269,0.73864,0.74172,GBP
EUR/USD,2015-02-12,1.130825,1.139819,1.130621,1.131196,USD
EUR/GBP,2015-02-12,0.7419,0.74533,0.73719,0.74196,GBP
EUR/JPY,2015-02-12,135.910004,136.326996,134.854996,135.919998,JPY
EUR/GBP,2015-02-13,0.74092,0.74327,0.73962,0.74087,GBP
EUR/USD,2015-02-13,1.140485,1.145001,1.1382,1.140394,USD
EUR/JPY,2015-02-13,135.550003,136.0,135.279999,135.606003,JPY
EUR/USD,2015-02-16,1.139705,1.1435,1.139705,1.140004,USD
EUR/JPY,2015-02-16,135.190002,135.535004,135.050995,135.139999,JPY
EUR/GBP,2015-02-16,0.7399,0.74262,0.7391,0.73978,GBP
EUR/USD,2015-02-17,1.133363,1.14423,1.132516,1.133401,USD
EUR/JPY,2015-02-17,134.261002,135.899002,133.962006,134.285004,JPY
EUR/GBP,2015-02-17,0.738,0.74426,0.73749,0.738,GBP
EUR/JPY,2015-02-18,135.906998,136.054001,135.328003,135.953003,JPY
EUR/USD,2015-02-18,1.140498,1.1415,1.13478,1.140472,USD
EUR/GBP,2015-02-18,0.7427,0.74312,0.73539,0.7426,GBP
EUR/JPY,2015-02-19,135.328995,135.878998,134.960007,135.287003,JPY
EUR/USD,2015-02-19,1.140082,1.145001,1.13562,1.140004,USD
EUR/GBP,2015-02-19,0.73854,0.74075,0.736,0.7384,GBP
EUR/GBP,2015-02-20,0.73701,0.7394,0.734,0.737,GBP
EUR/USD,2015-02-20,1.136674,1.137599,1.12821,1.136674,USD
EUR/JPY,2015-02-20,135.229004,135.317993,133.559998,135.248993,JPY
EUR/JPY,2015-02-23,135.477997,135.604004,134.449997,135.509003,JPY
EUR/USD,2015-02-23,1.137941,1.139302,1.12966,1.138148,USD
EUR/GBP,2015-02-23,0.73952,0.74046,0.73413,0.7395,GBP
EUR/GBP,2015-02-24,0.7334,0.73474,0.73149,0.7334,GBP
EUR/JPY,2015-02-24,134.738998,135.475006,134.723007,134.748993,JPY
EUR/USD,2015-02-24,1.133414,1.13474,1.12907,1.133299,USD
EUR/JPY,2015-02-25,134.764008,135.201996,134.569,134.809998,JPY
EUR/USD,2015-02-25,1.13407,1.1388,1.13378,1.133903,USD
EUR/GBP,2015-02-25,0.7336,0.73429,0.7315,0.73355,GBP
EUR/JPY,2015-02-26,135.020004,135.352997,133.570007,135.028,JPY
EUR/USD,2015-02-26,1.136273,1.13788,1.12027,1.136364,USD
EUR/GBP,2015-02-26,0.7317,0.7323,0.72699,0.7319,GBP
EUR/USD,2015-02-27,1.12036,1.125,1.117681,1.120536,USD
EUR/JPY,2015-02-27,133.759003,134.167007,133.449997,133.729996,JPY
EUR/GBP,2015-02-27,0.7267,0.72958,0.72544,0.72671,GBP
EUR/JPY,2015-03-02,133.809998,134.572998,133.772995,133.727005,JPY
EUR/GBP,2015-03-02,0.7246,0.73013,0.7242,0.7243,GBP
EUR/USD,2015-03-02,1.117094,1.12404,1.116395,1.116196,USD
EUR/USD,2015-03-03,1.117668,1.121401,1.1156,1.117905,USD
EUR/JPY,2015-03-03,134.337997,134.369995,133.660004,134.339996,JPY
EUR/GBP,2015-03-03,0.7278,0.7286,0.72587,0.7276,GBP
EUR/JPY,2015-03-04,133.740997,133.779999,132.406998,133.770996,JPY
EUR/GBP,2015-03-04,0.7276,0.728,0.72356,0.72757,GBP
EUR/USD,2015-03-04,1.118406,1.118806,1.10628,1.118218,USD
EUR/JPY,2015-03-05,132.554001,133.585999,132.117996,132.550003,JPY
EUR/GBP,2015-03-05,0.72585,0.72835,0.72256,0.7259,GBP
EUR/USD,2015-03-05,1.107996,1.11089,1.10105,1.108205,USD
EUR/JPY,2015-03-06,132.460007,132.5,131.229004,132.419998,JPY
EUR/USD,2015-03-06,1.1034,1.1034,1.085222,1.103205,USD
EUR/GBP,2015-03-06,0.7234,0.7238,0.71813,0.72342,GBP
EUR/USD,2015-03-09,1.084563,1.091,1.083776,1.084599,USD
EUR/JPY,2015-03-09,130.897995,131.692993,130.856003,130.931,JPY
EUR/GBP,2015-03-09,0.7202,0.72182,0.71819,0.72003,GBP
EUR/JPY,2015-03-10,131.552002,131.854004,129.759995,131.522003,JPY
EUR/USD,2015-03-10,1.083576,1.083705,1.07059,1.083341,USD
EUR/GBP,2015-03-10,0.7171,0.71762,0.70962,0.7172,GBP
EUR/USD,2015-03-11,1.070939,1.071455,1.05614,1.07087,USD
EUR/JPY,2015-03-11,129.626007,129.938004,128.225006,129.600998,JPY
EUR/GBP,2015-03-11,0.71014,0.7105,0.7014,0.71,GBP
EUR/JPY,2015-03-12,128.089005,128.987,127.667999,128.061005,JPY
EUR/GBP,2015-03-12,0.7062,0.71275,0.7034,0.706,GBP
EUR/USD,2015-03-12,1.054941,1.06815,1.050155,1.054875,USD
EUR/GBP,2015-03-13,0.7133,0.71692,0.71139,0.71333,GBP
EUR/JPY,2015-03-13,128.869003,128.990005,127.167,128.889999,JPY
EUR/USD,2015-03-13,1.062598,1.063,1.04863,1.062631,USD
EUR/USD,2015-03-16,1.048449,1.0614,1.048449,1.048163,USD
EUR/GBP,2015-03-16,0.71059,0.71621,0.71059,0.7103,GBP
EUR/JPY,2015-03-16,127.223,128.600006,127.208,127.18,JPY
EUR/GBP,2015-03-17,0.71307,0.72145,0.71186,0.7131,GBP
EUR/USD,2015-03-17,1.057284,1.0649,1.055298,1.057295,USD
EUR/JPY,2015-03-17,128.289993,129.128006,128.080002,128.309998,JPY
EUR/JPY,2015-03-18,128.503006,128.815002,128.259995,128.546005,JPY
EUR/USD,2015-03-18,1.059591,1.0646,1.05805,1.059805,USD
EUR/GBP,2015-03-18,0.71824,0.7253,0.71695,0.71828,GBP
EUR/USD,2015-03-19,1.084399,1.091405,1.062141,1.084999,USD
EUR/JPY,2015-03-19,130.197998,130.727997,128.386993,130.257004,JPY
EUR/GBP,2015-03-19,0.72484,0.7273,0.7154,0.7251,GBP
EUR/USD,2015-03-20,1.06727,1.08149,1.06572,1.066894,USD
EUR/JPY,2015-03-20,128.854004,130.473007,128.710007,128.820999,JPY
EUR/GBP,2015-03-20,0.7228,0.72645,0.7224,0.72276,GBP
EUR/USD,2015-03-23,1.082603,1.09437,1.07695,1.082661,USD
EUR/GBP,2015-03-23,0.72433,0.73303,0.72277,0.72422,GBP
EUR/JPY,2015-03-23,129.876999,130.927002,129.302994,129.889008,JPY
EUR/GBP,2015-03-24,0.73191,0.73708,0.7303,0.73212,GBP
EUR/JPY,2015-03-24,131.044006,131.5,130.350998,131.082993,JPY
EUR/USD,2015-03-24,1.094799,1.103,1.089331,1.094499,USD
EUR/USD,2015-03-25,1.09106,1.101297,1.091,1.090203,USD
EUR/JPY,2015-03-25,130.621002,131.380005,130.600998,130.613998,JPY
EUR/GBP,2015-03-25,0.7351,0.73835,0.73433,0.73502,GBP
EUR/GBP,2015-03-26,0.7369,0.73832,0.7353,0.7368,GBP
EUR/USD,2015-03-26,1.096648,1.10452,1.09126,1.096047,USD
EUR/JPY,2015-03-26,131.039993,131.044006,129.919998,131.009003,JPY
EUR/USD,2015-03-27,1.088554,1.089538,1.08053,1.088637,USD
EUR/GBP,2015-03-27,0.7327,0.73319,0.72669,0.7326,GBP
EUR/JPY,2015-03-27,129.75,129.852005,129.029999,129.727005,JPY
EUR/USD,2015-03-30,1.088198,1.088495,1.08111,1.088495,USD
EUR/JPY,2015-03-30,129.761002,130.162994,129.330002,129.787003,JPY
EUR/GBP,2015-03-30,0.731,0.7336,0.72899,0.73117,GBP
EUR/USD,2015-03-31,1.082907,1.084352,1.071765,1.083025,USD
EUR/JPY,2015-03-31,129.957993,130.233002,128.684006,129.957993,JPY
EUR/GBP,2015-03-31,0.73124,0.7321,0.72275,0.7312,GBP
EUR/GBP,2015-04-01,0.7241,0.7296,0.7233,0.724,GBP
EUR/JPY,2015-04-01,128.839005,129.397003,128.432999,128.863007,JPY
EUR/USD,2015-04-01,1.074102,1.08003,1.07213,1.073814,USD
EUR/USD,2015-04-02,1.076983,1.08969,1.075269,1.076994,USD
EUR/GBP,2015-04-02,0.72593,0.73431,0.72528,0.72591,GBP
EUR/JPY,2015-04-02,128.761993,130.371994,128.610001,128.776001,JPY
EUR/USD,2015-04-03,1.087098,1.102196,1.08659,1.087075,USD
EUR/GBP,2015-04-03,0.73299,0.73781,0.7325,0.733,GBP
EUR/JPY,2015-04-03,130.097,130.955002,130.016006,130.110001,JPY
EUR/JPY,2015-04-06,130.701004,131.276993,130.498993,130.701004,JPY
EUR/USD,2015-04-06,1.100146,1.103594,1.096852,1.100134,USD
EUR/GBP,2015-04-06,0.7368,0.73716,0.7347,0.7367,GBP
EUR/USD,2015-04-07,1.093482,1.095554,1.08377,1.093482,USD
EUR/GBP,2015-04-07,0.7343,0.73498,0.72834,0.7342,GBP
EUR/JPY,2015-04-07,130.641006,131.009995,130.089996,130.626007,JPY
EUR/GBP,2015-04-08,0.73,0.7314,0.72286,0.73009,GBP
EUR/USD,2015-04-08,1.082497,1.089,1.07895,1.082415,USD
EUR/JPY,2015-04-08,130.156006,130.320007,129.442993,130.171005,JPY
EUR/USD,2015-04-09,1.078435,1.079005,1.067,1.078528,USD
EUR/GBP,2015-04-09,0.7249,0.7275,0.7234,0.7249,GBP
EUR/JPY,2015-04-09,129.509003,129.755997,128.389008,129.511002,JPY
EUR/GBP,2015-04-10,0.72483,0.72587,0.72245,0.7248,GBP
EUR/USD,2015-04-10,1.066724,1.06835,1.05715,1.066906,USD
EUR/JPY,2015-04-10,128.593994,128.759995,127.278,128.576996,JPY
EUR/USD,2015-04-13,1.060828,1.062,1.05216,1.060985,USD
EUR/GBP,2015-04-13,0.72459,0.72686,0.72038,0.7244,GBP
EUR/JPY,2015-04-13,127.490997,127.802002,126.598,127.517998,JPY
EUR/USD,2015-04-14,1.057496,1.07069,1.05325,1.057295,USD
EUR/JPY,2015-04-14,126.919998,127.581001,126.086998,126.919998,JPY
EUR/GBP,2015-04-14,0.7206,0.72342,0.71819,0.7207,GBP
EUR/JPY,2015-04-15,127.170998,127.440002,126.301003,127.170998,JPY
EUR/USD,2015-04-15,1.064793,1.06687,1.05746,1.064713,USD
EUR/GBP,2015-04-15,0.72058,0.72156,0.71662,0.7207,GBP
EUR/GBP,2015-04-16,0.7198,0.7229,0.7164,0.71995,GBP
EUR/USD,2015-04-16,1.067714,1.07624,1.0628,1.06768,USD
EUR/JPY,2015-04-16,127.182999,128.078003,126.793999,127.202003,JPY
EUR/USD,2015-04-17,1.075998,1.08469,1.07351,1.075558,USD
EUR/JPY,2015-04-17,128.070999,128.690002,127.792999,128.074005,JPY
EUR/GBP,2015-04-17,0.7206,0.72183,0.717,0.72094,GBP
EUR/JPY,2015-04-20,128.408005,128.654999,127.606003,128.419998,JPY
EUR/GBP,2015-04-20,0.72211,0.7224,0.7185,0.72212,GBP
EUR/USD,2015-04-20,1.081023,1.081865,1.07162,1.081023,USD
EUR/GBP,2015-04-21,0.72083,0.72101,0.71699,0.72078,GBP
EUR/JPY,2015-04-21,128.138,128.666,127.470001,128.115005,JPY
EUR/USD,2015-04-21,1.074818,1.0765,1.066159,1.074749,USD
EUR/GBP,2015-04-22,0.719,0.72057,0.71228,0.7192,GBP
EUR/USD,2015-04-22,1.073825,1.08,1.07101,1.074172,USD
EUR/JPY,2015-04-22,128.457993,128.932999,128.201004,128.498993,JPY
EUR/GBP,2015-04-23,0.7131,0.7185,0.7117,0.7131,GBP
EUR/JPY,2015-04-23,128.625,129.475998,127.887001,128.632996,JPY
EUR/USD,2015-04-23,1.072501,1.08182,1.06713,1.072582,USD
EUR/JPY,2015-04-24,129.307007,130.104004,128.839005,129.309998,JPY
EUR/USD,2015-04-24,1.081514,1.0898,1.078772,1.081502,USD
EUR/GBP,2015-04-24,0.71844,0.7211,0.7147,0.71853,GBP
EUR/GBP,2015-04-27,0.716,0.71704,0.71468,0.71608,GBP
EUR/JPY,2015-04-27,129.229996,129.860992,129.005005,129.223999,JPY
EUR/USD,2015-04-27,1.086744,1.09049,1.082391,1.086897,USD
EUR/GBP,2015-04-28,0.7144,0.71716,0.7133,0.71437,GBP
EUR/JPY,2015-04-28,129.578003,130.604996,129.356003,129.559998,JPY
EUR/USD,2015-04-28,1.087701,1.0989,1.08618,1.087796,USD
EUR/GBP,2015-04-29,0.71555,0.72211,0.7137,0.7152,GBP
EUR/USD,2015-04-29,1.097213,1.117599,1.09606,1.096912,USD
EUR/JPY,2015-04-29,130.369995,132.834,130.259003,130.309006,JPY
EUR/JPY,2015-04-30,132.210999,134.220993,131.313995,132.199997,JPY
EUR/USD,2015-04-30,1.111321,1.124759,1.1073,1.111432,USD
EUR/GBP,2015-04-30,0.7203,0.72943,0.7188,0.7204,GBP
EUR/USD,2015-05-01,1.121504,1.12897,1.1186,1.121466,USD
EUR/JPY,2015-05-01,133.957001,135.220001,133.957001,133.957993,JPY
EUR/GBP,2015-05-01,0.73024,0.74168,0.73,0.7302,GBP
EUR/USD,2015-05-04,1.119094,1.122311,1.1124,1.118593,USD
EUR/JPY,2015-05-04,134.403,134.667999,133.710007,134.376999,JPY
EUR/GBP,2015-05-04,0.7383,0.7396,0.7351,0.7384,GBP
EUR/JPY,2015-05-05,133.901001,134.460007,133.126007,133.889999,JPY
EUR/GBP,2015-05-05,0.7372,0.73725,0.7314,0.7372,GBP
EUR/USD,2015-05-05,1.115001,1.121,1.1069,1.114914,USD
EUR/USD,2015-05-06,1.118443,1.13653,1.117805,1.118631,USD
EUR/JPY,2015-05-06,134.112,135.647003,134.072998,134.130005,JPY
EUR/GBP,2015-05-06,0.73711,0.74458,0.7366,0.73705,GBP
EUR/GBP,2015-05-07,0.74397,0.74811,0.74028,0.744,GBP
EUR/USD,2015-05-07,1.133928,1.13906,1.12382,1.134147,USD
EUR/JPY,2015-05-07,135.375,135.949997,134.222,135.410004,JPY
EUR/GBP,2015-05-08,0.7302,0.7312,0.72268,0.73,GBP
EUR/USD,2015-05-08,1.124505,1.1289,1.118519,1.124695,USD
EUR/JPY,2015-05-08,134.608002,135.199997,134.121002,134.610001,JPY
EUR/USD,2015-05-11,1.119695,1.120298,1.113461,1.119407,USD
EUR/JPY,2015-05-11,134.117996,134.190002,133.490997,134.089996,JPY
EUR/GBP,2015-05-11,0.72505,0.7255,0.7143,0.7252,GBP
EUR/USD,2015-05-12,1.114604,1.12779,1.113598,1.114442,USD
EUR/GBP,2015-05-12,0.7154,0.72242,0.7151,0.7152,GBP
EUR/JPY,2015-05-12,133.858994,135.268997,133.766006,133.876999,JPY
EUR/USD,2015-05-13,1.121894,1.138281,1.12055,1.122146,USD
EUR/JPY,2015-05-13,134.425995,135.479996,134.235001,134.460007,JPY
EUR/GBP,2015-05-13,0.7157,0.7227,0.71251,0.71608,GBP
EUR/GBP,2015-05-14,0.721,0.7243,0.72048,0.7211,GBP
EUR/USD,2015-05-14,1.134803,1.144379,1.134224,1.135048,USD
EUR/JPY,2015-05-14,135.259003,136.404007,135.218002,135.240005,JPY
EUR/USD,2015-05-15,1.140394,1.1451,1.13247,1.140498,USD
EUR/GBP,2015-05-15,0.72287,0.72479,0.7206,0.7229,GBP
EUR/JPY,2015-05-15,135.899994,136.557007,135.722,135.901001,JPY
EUR/USD,2015-05-18,1.1444,1.1447,1.133879,1.144505,USD
EUR/GBP,2015-05-18,0.727,0.7283,0.7235,0.72689,GBP
EUR/JPY,2015-05-18,136.574005,136.927994,135.809998,136.563004,JPY
EUR/JPY,2015-05-19,135.787003,135.819,133.940002,135.787994,JPY
EUR/USD,2015-05-19,1.132541,1.132618,1.1121,1.132618,USD
EUR/GBP,2015-05-19,0.7229,0.72317,0.71522,0.7229,GBP
EUR/JPY,2015-05-20,134.455994,134.75,133.938995,134.468002,JPY
EUR/USD,2015-05-20,1.114678,1.115076,1.106574,1.114666,USD
EUR/GBP,2015-05-20,0.7183,0.71853,0.7127,0.71831,GBP
EUR/JPY,2015-05-21,134.557999,135.315994,134.259995,134.544998,JPY
EUR/GBP,2015-05-21,0.7143,0.71653,0.709,0.71416,GBP
EUR/USD,2015-05-21,1.110309,1.118001,1.108586,1.110075,USD
EUR/JPY,2015-05-22,134.459,135.307007,133.720993,134.479996,JPY
EUR/USD,2015-05-22,1.111099,1.121,1.1007,1.111185,USD
EUR/GBP,2015-05-22,0.70941,0.71622,0.7093,0.7093,GBP
EUR/GBP,2015-05-25,0.71023,0.7104,0.70735,0.71029,GBP
EUR/USD,2015-05-25,1.099215,1.101,1.096071,1.0993,USD
EUR/JPY,2015-05-25,133.600006,133.802994,133.229996,133.610992,JPY
EUR/JPY,2015-05-26,133.419998,134.453995,133.098999,133.389999,JPY
EUR/GBP,2015-05-26,0.70908,0.70977,0.70651,0.709,GBP
EUR/USD,2015-05-26,1.097129,1.097129,1.08752,1.097117,USD
EUR/GBP,2015-05-27,0.707,0.71118,0.70559,0.70699,GBP
EUR/USD,2015-05-27,1.088755,1.093,1.0822,1.088886,USD
EUR/JPY,2015-05-27,133.906998,134.888,133.796997,133.869003,JPY
EUR/USD,2015-05-28,1.0898,1.095,1.08688,1.090001,USD
EUR/GBP,2015-05-28,0.7099,0.715,0.7097,0.7099,GBP
EUR/JPY,2015-05-28,134.809998,135.837006,134.738998,134.848007,JPY
EUR/USD,2015-05-29,1.095794,1.10035,1.092911,1.096035,USD
EUR/GBP,2015-05-29,0.71549,0.72,0.71396,0.7154,GBP
EUR/JPY,2015-05-29,135.690002,136.320999,135.417999,135.709,JPY
EUR/USD,2015-06-01,1.095902,1.098,1.08889,1.095794,USD
EUR/GBP,2015-06-01,0.7167,0.7193,0.7144,0.71671,GBP
EUR/JPY,2015-06-01,136.121002,136.136993,135.158005,136.072006,JPY
EUR/JPY,2015-06-02,136.391006,138.613007,136.100006,136.330002,JPY
EUR/USD,2015-06-02,1.092275,1.11663,1.091941,1.092299,USD
EUR/GBP,2015-06-02,0.7187,0.72957,0.71793,0.71856,GBP
EUR/GBP,2015-06-03,0.7269,0.7356,0.72499,0.7267,GBP
EUR/JPY,2015-06-03,138.304001,140.039993,138.080002,138.278,JPY
EUR/USD,2015-06-03,1.114827,1.128329,1.108679,1.115001,USD
EUR/JPY,2015-06-04,139.962997,141.029999,139.565994,139.923996,JPY
EUR/USD,2015-06-04,1.126228,1.137605,1.12326,1.125784,USD
EUR/GBP,2015-06-04,0.73462,0.73824,0.732,0.73437,GBP
EUR/USD,2015-06-05,1.121604,1.12802,1.10518,1.120787,USD
EUR/JPY,2015-06-05,139.395004,140.673996,139.042999,139.401993,JPY
EUR/GBP,2015-06-05,0.72959,0.7359,0.72699,0.7295,GBP
EUR/USD,2015-06-08,1.110543,1.12428,1.108807,1.110815,USD
EUR/GBP,2015-06-08,0.7275,0.7356,0.7265,0.7275,GBP
EUR/JPY,2015-06-08,139.472,140.528,139.046005,139.518997,JPY
EUR/GBP,2015-06-09,0.73518,0.73876,0.7332,0.7352,GBP
EUR/JPY,2015-06-09,140.524994,140.977997,139.391006,140.509003,JPY
EUR/USD,2015-06-09,1.128197,1.133969,1.12167,1.128095,USD
EUR/JPY,2015-06-10,140.470001,140.651993,138.438995,140.438004,JPY
EUR/USD,2015-06-10,1.129331,1.1382,1.12666,1.129905,USD
EUR/GBP,2015-06-10,0.7338,0.73623,0.72674,0.73385,GBP
EUR/GBP,2015-06-11,0.7295,0.7314,0.72399,0.7296,GBP
EUR/JPY,2015-06-11,139.009995,139.492004,138.559998,138.960007,JPY
EUR/USD,2015-06-11,1.131299,1.132054,1.11888,1.131196,USD
EUR/USD,2015-06-12,1.124505,1.12933,1.11525,1.124063,USD
EUR/JPY,2015-06-12,138.983002,139.179001,138.007996,138.934006,JPY
EUR/GBP,2015-06-12,0.7247,0.72571,0.71974,0.7247,GBP
EUR/JPY,2015-06-15,138.369995,139.070007,138.179001,138.309006,JPY
EUR/USD,2015-06-15,1.121793,1.125811,1.11915,1.121994,USD
EUR/GBP,2015-06-15,0.7209,0.7246,0.72049,0.7209,GBP
EUR/JPY,2015-06-16,139.160004,139.983002,138.309998,139.147995,JPY
EUR/GBP,2015-06-16,0.7228,0.72496,0.7175,0.7229,GBP
EUR/USD,2015-06-16,1.127701,1.13301,1.12116,1.127701,USD
EUR/USD,2015-06-17,1.12424,1.12911,1.122949,1.124202,USD
EUR/JPY,2015-06-17,138.768005,139.841003,138.723007,138.740005,JPY
EUR/GBP,2015-06-17,0.71877,0.7211,0.71465,0.7186,GBP
EUR/JPY,2015-06-18,140.389999,140.389999,139.470001,140.432999,JPY
EUR/GBP,2015-06-18,0.71698,0.71831,0.71539,0.7173,GBP
EUR/USD,2015-06-18,1.136415,1.14284,1.134101,1.136997,USD
EUR/GBP,2015-06-19,0.716,0.7162,0.7124,0.7161,GBP
EUR/JPY,2015-06-19,139.889008,139.949005,138.938995,139.856995,JPY
EUR/USD,2015-06-19,1.137294,1.138797,1.129599,1.137074,USD
EUR/JPY,2015-06-22,139.479996,140.578003,139.279999,139.509003,JPY
EUR/USD,2015-06-22,1.136235,1.141,1.131601,1.137294,USD
EUR/GBP,2015-06-22,0.7156,0.72079,0.71354,0.71582,GBP
EUR/JPY,2015-06-23,139.998993,139.998993,138.274002,139.983994,JPY
EUR/USD,2015-06-23,1.134623,1.134623,1.113771,1.134906,USD
EUR/GBP,2015-06-23,0.71676,0.71735,0.70814,0.7167,GBP
EUR/JPY,2015-06-24,138.410004,139.160004,138.289993,138.391998,JPY
EUR/USD,2015-06-24,1.117706,1.124,1.116283,1.117219,USD
EUR/GBP,2015-06-24,0.7098,0.713,0.7084,0.7099,GBP
EUR/USD,2015-06-25,1.120712,1.12241,1.11567,1.120699,USD
EUR/GBP,2015-06-25,0.71348,0.71473,0.7101,0.71327,GBP
EUR/JPY,2015-06-25,138.794998,138.830994,137.692993,138.770996,JPY
EUR/JPY,2015-06-26,138.460999,138.649994,137.804001,138.460007,JPY
EUR/USD,2015-06-26,1.120385,1.122,1.11363,1.120298,USD
EUR/GBP,2015-06-26,0.7114,0.7126,0.7077,0.7114,GBP
EUR/GBP,2015-06-29,0.69951,0.70958,0.69927,0.6992,GBP
EUR/JPY,2015-06-29,134.445999,137.169998,134.445999,134.556,JPY
EUR/USD,2015-06-29,1.098298,1.119741,1.098298,1.097502,USD
EUR/GBP,2015-06-30,0.71298,0.71298,0.70798,0.7132,GBP
EUR/JPY,2015-06-30,137.619003,137.619003,135.912994,137.576996,JPY
EUR/USD,2015-06-30,1.121604,1.12388,1.1123,1.122297,USD
EUR/GBP,2015-07-01,0.7097,0.71265,0.70631,0.7097,GBP
EUR/JPY,2015-07-01,136.272995,137.339996,136.065994,136.259003,JPY
EUR/USD,2015-07-01,1.113499,1.116759,1.10612,1.113499,USD
EUR/GBP,2015-07-02,0.70727,0.71183,0.7071,0.70726,GBP
EUR/USD,2015-07-02,1.103704,1.11216,1.103704,1.103363,USD
EUR/JPY,2015-07-02,136.102005,136.873001,136.102005,136.108994,JPY
EUR/JPY,2015-07-03,136.389008,136.835999,136.061005,136.406998,JPY
EUR/USD,2015-07-03,1.108598,1.111999,1.10827,1.108697,USD
EUR/GBP,2015-07-03,0.7101,0.71312,0.7096,0.71,GBP
EUR/USD,2015-07-06,1.099795,1.109141,1.099795,1.099505,USD
EUR/GBP,2015-07-06,0.70704,0.71197,0.7069,0.7069,GBP
EUR/JPY,2015-07-06,134.600998,135.970001,134.600998,134.567993,JPY
EUR/USD,2015-07-07,1.104802,1.105265,1.09168,1.104899,USD
EUR/GBP,2015-07-07,0.708,0.71052,0.7065,0.70811,GBP
EUR/JPY,2015-07-07,135.479996,135.660004,133.511993,135.460007,JPY
EUR/USD,2015-07-08,1.100994,1.10901,1.097502,1.100994,USD
EUR/JPY,2015-07-08,134.862,134.862,133.399994,134.839996,JPY
EUR/GBP,2015-07-08,0.71188,0.7222,0.71115,0.7118,GBP
EUR/GBP,2015-07-09,0.7204,0.7217,0.71632,0.7201,GBP
EUR/USD,2015-07-09,1.107236,1.11162,1.10229,1.107101,USD
EUR/JPY,2015-07-09,133.839996,135.0,133.460007,133.772995,JPY
EUR/GBP,2015-07-10,0.71942,0.7223,0.71864,0.7195,GBP
EUR/USD,2015-07-10,1.106305,1.122,1.10562,1.106305,USD
EUR/JPY,2015-07-10,134.582001,137.25,134.369995,134.595993,JPY
EUR/JPY,2015-07-13,136.328995,137.761993,135.891998,136.311005,JPY
EUR/USD,2015-07-13,1.112904,1.119759,1.10077,1.112904,USD
EUR/GBP,2015-07-13,0.7173,0.72,0.70879,0.71726,GBP
EUR/JPY,2015-07-14,135.763,136.255005,135.309998,135.809998,JPY
EUR/USD,2015-07-14,1.098515,1.1074,1.09685,1.099046,USD
EUR/GBP,2015-07-14,0.7096,0.71356,0.7063,0.7097,GBP
EUR/JPY,2015-07-15,135.75,136.339996,135.552002,135.740005,JPY
EUR/GBP,2015-07-15,0.7039,0.70656,0.70099,0.7039,GBP
EUR/USD,2015-07-15,1.100897,1.104,1.09361,1.1008,USD
EUR/GBP,2015-07-16,0.6998,0.7,0.69628,0.6998,GBP
EUR/JPY,2015-07-16,135.522003,135.570007,134.779999,135.539993,JPY
EUR/USD,2015-07-16,1.093888,1.095,1.08594,1.094355,USD
EUR/GBP,2015-07-17,0.69709,0.69887,0.69373,0.69708,GBP
EUR/JPY,2015-07-17,135.119995,135.270004,134.481995,135.115997,JPY
EUR/USD,2015-07-17,1.088601,1.091,1.084391,1.088601,USD
EUR/GBP,2015-07-20,0.694,0.6976,0.6937,0.6941,GBP
EUR/JPY,2015-07-20,134.440002,135.041,134.352997,134.449997,JPY
EUR/USD,2015-07-20,1.083295,1.0872,1.082157,1.083025,USD
EUR/GBP,2015-07-21,0.6957,0.70323,0.6946,0.6957,GBP
EUR/USD,2015-07-21,1.083482,1.09407,1.08127,1.083541,USD
EUR/JPY,2015-07-21,134.643005,135.529999,134.509995,134.643005,JPY
EUR/GBP,2015-07-22,0.703,0.70357,0.69599,0.703,GBP
EUR/USD,2015-07-22,1.0939,1.097,1.08814,1.093996,USD
EUR/JPY,2015-07-22,135.468994,135.619995,134.856003,135.449997,JPY
EUR/USD,2015-07-23,1.092705,1.102,1.092395,1.092705,USD
EUR/JPY,2015-07-23,135.524994,136.419998,135.477997,135.528,JPY
EUR/GBP,2015-07-23,0.6996,0.70726,0.6988,0.6996,GBP
EUR/USD,2015-07-24,1.098841,1.099602,1.09279,1.098901,USD
EUR/GBP,2015-07-24,0.7079,0.70906,0.7054,0.7079,GBP
EUR/JPY,2015-07-24,136.100006,136.263,135.529999,136.093994,JPY
EUR/USD,2015-07-27,1.097406,1.112999,1.097406,1.097237,USD
EUR/GBP,2015-07-27,0.7068,0.7157,0.7067,0.7067,GBP
EUR/JPY,2015-07-27,135.783997,137.057999,135.748993,135.778,JPY
EUR/USD,2015-07-28,1.109102,1.1101,1.1023,1.109004,USD
EUR/GBP,2015-07-28,0.7124,0.713,0.70699,0.7125,GBP
EUR/JPY,2015-07-28,136.699997,136.968002,136.360001,136.669998,JPY
EUR/JPY,2015-07-29,136.759995,136.841003,136.320007,136.722,JPY
EUR/USD,2015-07-29,1.10655,1.108598,1.10142,1.106599,USD
EUR/GBP,2015-07-29,0.70889,0.70987,0.7035,0.70877,GBP
EUR/JPY,2015-07-30,136.108002,136.464005,135.714005,136.123993,JPY
EUR/USD,2015-07-30,1.098394,1.099,1.09113,1.098406,USD
EUR/GBP,2015-07-30,0.7039,0.7039,0.69871,0.7039,GBP
EUR/GBP,2015-07-31,0.70104,0.70947,0.7003,0.701,GBP
EUR/JPY,2015-07-31,135.75,137.289993,135.578003,135.731995,JPY
EUR/USD,2015-07-31,1.094176,1.11103,1.09239,1.093924,USD
EUR/USD,2015-08-03,1.0969,1.09954,1.0944,1.0969,USD
EUR/GBP,2015-08-03,0.702,0.70391,0.7011,0.7018,GBP
EUR/JPY,2015-08-03,136.059998,136.410995,135.869995,136.059998,JPY
EUR/JPY,2015-08-04,135.733994,136.151993,135.548996,135.764008,JPY
EUR/USD,2015-08-04,1.095398,1.0996,1.09335,1.095602,USD
EUR/GBP,2015-08-04,0.70237,0.70441,0.70119,0.7024,GBP
EUR/JPY,2015-08-05,135.287003,135.893997,135.0,135.285995,JPY
EUR/GBP,2015-08-05,0.69919,0.6994,0.69513,0.6993,GBP
EUR/USD,2015-08-05,1.088601,1.091879,1.085031,1.088898,USD
EUR/GBP,2015-08-06,0.6986,0.7045,0.6969,0.6986,GBP
EUR/JPY,2015-08-06,136.039993,136.460999,135.837997,136.005997,JPY
EUR/USD,2015-08-06,1.090405,1.09346,1.08775,1.09031,USD
EUR/GBP,2015-08-07,0.704,0.70881,0.7018,0.70411,GBP
EUR/JPY,2015-08-07,136.244995,136.557007,135.578995,136.255005,JPY
EUR/USD,2015-08-07,1.092204,1.096861,1.08591,1.092705,USD
EUR/GBP,2015-08-10,0.70759,0.70963,0.70568,0.7075,GBP
EUR/USD,2015-08-10,1.095902,1.1,1.09271,1.096503,USD
EUR/JPY,2015-08-10,136.25,136.910004,136.212997,136.25,JPY
EUR/USD,2015-08-11,1.101795,1.10859,1.09615,1.101698,USD
EUR/JPY,2015-08-11,137.270004,138.365997,136.792007,137.266998,JPY
EUR/GBP,2015-08-11,0.7066,0.71169,0.7038,0.70678,GBP
EUR/USD,2015-08-12,1.104374,1.12103,1.103302,1.104204,USD
EUR/JPY,2015-08-12,138.130997,138.847,138.070999,138.080002,JPY
EUR/GBP,2015-08-12,0.7084,0.71688,0.7082,0.7085,GBP
EUR/JPY,2015-08-13,138.649994,138.841995,138.080002,138.632996,JPY
EUR/GBP,2015-08-13,0.71448,0.7154,0.71013,0.7145,GBP
EUR/USD,2015-08-13,1.115586,1.118906,1.108181,1.116096,USD
EUR/GBP,2015-08-14,0.7145,0.7158,0.7109,0.7145,GBP
EUR/USD,2015-08-14,1.115897,1.119,1.11011,1.116096,USD
EUR/JPY,2015-08-14,138.766998,138.847,137.951996,138.768005,JPY
EUR/GBP,2015-08-17,0.70889,0.71132,0.7065,0.70873,GBP
EUR/USD,2015-08-17,1.109496,1.112599,1.10625,1.109299,USD
EUR/JPY,2015-08-17,137.977005,138.362,137.610001,137.934998,JPY
EUR/GBP,2015-08-18,0.7107,0.7116,0.70272,0.7106,GBP
EUR/USD,2015-08-18,1.107714,1.11,1.10219,1.1078,USD
EUR/JPY,2015-08-18,137.804993,137.891998,137.095001,137.835999,JPY
EUR/USD,2015-08-19,1.103095,1.108,1.10204,1.103083,USD
EUR/JPY,2015-08-19,137.182007,137.570007,137.089996,137.179993,JPY
EUR/GBP,2015-08-19,0.70409,0.7072,0.7037,0.70412,GBP
EUR/JPY,2015-08-20,137.772995,138.630005,137.751007,137.759003,JPY
EUR/USD,2015-08-20,1.112001,1.122,1.11084,1.111803,USD
EUR/GBP,2015-08-20,0.7089,0.71519,0.7088,0.7089,GBP
EUR/JPY,2015-08-21,138.690002,138.820007,138.199997,138.675003,JPY
EUR/USD,2015-08-21,1.123595,1.13691,1.123204,1.123697,USD
EUR/GBP,2015-08-21,0.716,0.72458,0.7151,0.71604,GBP
EUR/JPY,2015-08-24,138.479996,138.923004,136.259003,138.462997,JPY
EUR/USD,2015-08-24,1.137799,1.1706,1.137294,1.137695,USD
EUR/GBP,2015-08-24,0.7257,0.74161,0.7255,0.7256,GBP
EUR/USD,2015-08-25,1.158239,1.159,1.14003,1.158306,USD
EUR/GBP,2015-08-25,0.7347,0.73478,0.726,0.73475,GBP
EUR/JPY,2015-08-25,137.639999,138.580002,136.669998,137.673004,JPY
EUR/GBP,2015-08-26,0.73592,0.73636,0.72926,0.73591,GBP
EUR/JPY,2015-08-26,137.085999,137.582001,135.608002,136.923004,JPY
EUR/USD,2015-08-26,1.155482,1.155896,1.1355,1.155095,USD
EUR/GBP,2015-08-27,0.73253,0.7334,0.728,0.7324,GBP
EUR/USD,2015-08-27,1.133954,1.13616,1.12116,1.134005,USD
EUR/JPY,2015-08-27,136.065002,136.324005,135.281006,136.108994,JPY
EUR/JPY,2015-08-28,136.033997,136.589996,135.348007,136.087006,JPY
EUR/GBP,2015-08-28,0.7296,0.7353,0.72687,0.72978,GBP
EUR/USD,2015-08-28,1.124505,1.131,1.11567,1.124796,USD
EUR/JPY,2015-08-31,135.975998,136.304001,135.675003,135.988007,JPY
EUR/USD,2015-08-31,1.121177,1.1264,1.11859,1.121403,USD
EUR/GBP,2015-08-31,0.72724,0.7297,0.72633,0.72734,GBP
EUR/JPY,2015-09-01,135.940002,136.212997,134.682007,135.927994,JPY
EUR/GBP,2015-09-01,0.7305,0.73715,0.7304,0.7305,GBP
EUR/USD,2015-09-01,1.122599,1.133231,1.122536,1.122586,USD
EUR/JPY,2015-09-02,135.231003,135.759003,134.733002,135.201004,JPY
EUR/USD,2015-09-02,1.129624,1.13,1.12229,1.129344,USD
EUR/GBP,2015-09-02,0.73817,0.73862,0.73336,0.73797,GBP
EUR/GBP,2015-09-03,0.7325,0.73689,0.7277,0.7325,GBP
EUR/JPY,2015-09-03,135.237,135.345001,133.153,135.179993,JPY
EUR/USD,2015-09-03,1.121504,1.125,1.10897,1.121604,USD
EUR/JPY,2015-09-04,133.589996,133.589996,132.237,133.559998,JPY
EUR/GBP,2015-09-04,0.7288,0.73329,0.72861,0.7289,GBP
EUR/USD,2015-09-04,1.112595,1.116,1.10946,1.112595,USD
EUR/JPY,2015-09-07,132.899994,133.339996,132.738998,132.880005,JPY
EUR/GBP,2015-09-07,0.734,0.7356,0.72986,0.7337,GBP
EUR/USD,2015-09-07,1.115897,1.118001,1.11242,1.1152,USD
EUR/JPY,2015-09-08,133.281006,134.320999,132.970001,133.270004,JPY
EUR/GBP,2015-09-08,0.7303,0.73287,0.72399,0.7306,GBP
EUR/USD,2015-09-08,1.115897,1.123,1.115371,1.116395,USD
EUR/USD,2015-09-09,1.1208,1.121,1.11332,1.120737,USD
EUR/JPY,2015-09-09,134.559998,135.173004,134.240005,134.580002,JPY
EUR/GBP,2015-09-09,0.72784,0.7295,0.7239,0.7276,GBP
EUR/JPY,2015-09-10,134.869003,136.020004,134.755005,134.931,JPY
EUR/USD,2015-09-10,1.121944,1.128,1.117489,1.12207,USD
EUR/GBP,2015-09-10,0.73046,0.73171,0.72438,0.7304,GBP
EUR/USD,2015-09-11,1.128286,1.13422,1.12558,1.129089,USD
EUR/JPY,2015-09-11,136.126007,136.830002,135.714005,136.104996,JPY
EUR/GBP,2015-09-11,0.7306,0.73493,0.72954,0.73077,GBP
EUR/JPY,2015-09-14,137.0,137.0,135.529999,136.996994,JPY
EUR/USD,2015-09-14,1.134404,1.13721,1.12877,1.134404,USD
EUR/GBP,2015-09-14,0.73423,0.73561,0.73239,0.73424,GBP
EUR/JPY,2015-09-15,136.089996,136.403,135.001007,136.098999,JPY
EUR/GBP,2015-09-15,0.7331,0.73533,0.7313,0.7329,GBP
EUR/USD,2015-09-15,1.131094,1.133003,1.12598,1.130761,USD
EUR/GBP,2015-09-16,0.7345,0.73582,0.7268,0.7344,GBP
EUR/JPY,2015-09-16,135.690002,136.315994,135.130005,135.740005,JPY
EUR/USD,2015-09-16,1.127294,1.13116,1.1215,1.12718,USD
EUR/GBP,2015-09-17,0.72776,0.73129,0.7276,0.7276,GBP
EUR/JPY,2015-09-17,136.095001,137.069,136.095001,136.100998,JPY
EUR/USD,2015-09-17,1.129395,1.134,1.128796,1.129203,USD
EUR/GBP,2015-09-18,0.7322,0.734,0.72899,0.73225,GBP
EUR/JPY,2015-09-18,136.899994,137.067993,136.054001,136.858002,JPY
EUR/USD,2015-09-18,1.140602,1.146,1.13517,1.140095,USD
EUR/GBP,2015-09-21,0.7269,0.72845,0.72147,0.7271,GBP
EUR/USD,2015-09-21,1.129305,1.132999,1.118391,1.129203,USD
EUR/JPY,2015-09-21,135.425003,136.117004,134.848999,135.490005,JPY
EUR/GBP,2015-09-22,0.7214,0.7256,0.71975,0.7215,GBP
EUR/JPY,2015-09-22,134.796997,134.906006,133.5,134.832001,JPY
EUR/USD,2015-09-22,1.119094,1.121,1.11308,1.119094,USD
EUR/JPY,2015-09-23,133.559998,134.673996,133.149994,133.520004,JPY
EUR/GBP,2015-09-23,0.7244,0.7334,0.72348,0.7242,GBP
EUR/USD,2015-09-23,1.112199,1.11906,1.110679,1.112075,USD
EUR/JPY,2015-09-24,134.470001,134.742996,134.009995,134.479996,JPY
EUR/GBP,2015-09-24,0.7334,0.74091,0.7322,0.7336,GBP
EUR/USD,2015-09-24,1.118806,1.12961,1.11667,1.118994,USD
EUR/GBP,2015-09-25,0.73408,0.73943,0.7303,0.73408,GBP
EUR/USD,2015-09-25,1.118118,1.120439,1.11183,1.117893,USD
EUR/JPY,2015-09-25,134.468994,135.335007,134.119995,134.401001,JPY
EUR/USD,2015-09-28,1.120047,1.12414,1.11521,1.120172,USD
EUR/JPY,2015-09-28,134.807007,134.873993,133.945999,134.820999,JPY
EUR/GBP,2015-09-28,0.7367,0.73906,0.73389,0.73671,GBP
EUR/GBP,2015-09-29,0.7405,0.74354,0.73823,0.7405,GBP
EUR/USD,2015-09-29,1.123356,1.12803,1.11948,1.123103,USD
EUR/JPY,2015-09-29,134.556,134.940002,134.229996,134.576996,JPY
EUR/JPY,2015-09-30,134.869995,135.097,133.580002,134.906006,JPY
EUR/USD,2015-09-30,1.125404,1.126202,1.1158,1.125594,USD
EUR/GBP,2015-09-30,0.7423,0.74299,0.7361,0.7424,GBP
EUR/JPY,2015-10-01,133.895004,134.220993,133.457993,133.863007,JPY
EUR/USD,2015-10-01,1.117156,1.121,1.113896,1.117206,USD
EUR/GBP,2015-10-01,0.73867,0.73959,0.73559,0.73859,GBP
EUR/USD,2015-10-02,1.119495,1.13153,1.11518,1.119344,USD
EUR/GBP,2015-10-02,0.7393,0.7441,0.7355,0.7393,GBP
EUR/JPY,2015-10-02,134.117996,134.699997,133.987,134.089996,JPY
EUR/USD,2015-10-05,1.122146,1.128799,1.119695,1.1227,USD
EUR/GBP,2015-10-05,0.73874,0.74224,0.7376,0.7388,GBP
EUR/JPY,2015-10-05,134.639999,135.699005,134.578003,134.647003,JPY
EUR/JPY,2015-10-06,134.865005,135.524002,134.406998,134.850006,JPY
EUR/USD,2015-10-06,1.119796,1.128,1.117606,1.11952,USD
EUR/GBP,2015-10-06,0.7388,0.74056,0.7369,0.73872,GBP
EUR/JPY,2015-10-07,135.496002,135.619995,134.610992,135.470001,JPY
EUR/GBP,2015-10-07,0.73998,0.74033,0.7334,0.73995,GBP
EUR/USD,2015-10-07,1.127294,1.128426,1.121419,1.126799,USD
EUR/GBP,2015-10-08,0.7338,0.7377,0.7335,0.7337,GBP
EUR/JPY,2015-10-08,134.800003,135.453995,134.720001,134.764008,JPY
EUR/USD,2015-10-08,1.124202,1.13131,1.123974,1.124,USD
EUR/USD,2015-10-09,1.128605,1.13787,1.127002,1.128694,USD
EUR/GBP,2015-10-09,0.73509,0.74275,0.7336,0.735,GBP
EUR/JPY,2015-10-09,135.339996,136.858002,135.069,135.322998,JPY
EUR/JPY,2015-10-12,136.548996,136.932007,136.220001,136.619995,JPY
EUR/USD,2015-10-12,1.136906,1.14,1.13584,1.136997,USD
EUR/GBP,2015-10-12,0.7418,0.74245,0.73969,0.7418,GBP
EUR/GBP,2015-10-13,0.7403,0.7492,0.73928,0.7403,GBP
EUR/JPY,2015-10-13,136.304001,136.591003,136.018005,136.289993,JPY
EUR/USD,2015-10-13,1.135396,1.141,1.1347,1.135551,USD
EUR/JPY,2015-10-14,136.339996,136.610001,136.145004,136.289993,JPY
EUR/GBP,2015-10-14,0.7462,0.74726,0.7402,0.7461,GBP
EUR/USD,2015-10-14,1.138511,1.145001,1.138511,1.138498,USD
EUR/JPY,2015-10-15,136.363007,136.720001,134.800003,136.350006,JPY
EUR/GBP,2015-10-15,0.74145,0.74233,0.73589,0.7413,GBP
EUR/USD,2015-10-15,1.1475,1.14942,1.13653,1.147552,USD
EUR/GBP,2015-10-16,0.7346,0.73665,0.73379,0.7346,GBP
EUR/JPY,2015-10-16,135.339996,135.869003,134.960007,135.330002,JPY
EUR/USD,2015-10-16,1.136699,1.14,1.13394,1.136816,USD
EUR/GBP,2015-10-19,0.7358,0.73721,0.73031,0.7356,GBP
EUR/USD,2015-10-19,1.136002,1.138,1.130849,1.136105,USD
EUR/JPY,2015-10-19,135.470001,135.759995,135.080002,135.490005,JPY
EUR/USD,2015-10-20,1.133196,1.139,1.13258,1.132901,USD
EUR/JPY,2015-10-20,135.360001,136.209,135.259995,135.360001,JPY
EUR/GBP,2015-10-20,0.73216,0.73548,0.73142,0.7322,GBP
EUR/USD,2015-10-21,1.135602,1.1378,1.1338,1.135396,USD
EUR/JPY,2015-10-21,136.0,136.378006,135.960007,135.990005,JPY
EUR/GBP,2015-10-21,0.73503,0.73725,0.7333,0.7349,GBP
EUR/USD,2015-10-22,1.1347,1.135203,1.1138,1.134803,USD
EUR/JPY,2015-10-22,135.985992,136.050003,134.160995,135.979996,JPY
EUR/GBP,2015-10-22,0.7357,0.73578,0.7229,0.7357,GBP
EUR/USD,2015-10-23,1.108402,1.114094,1.101103,1.108095,USD
EUR/GBP,2015-10-23,0.72034,0.72313,0.71705,0.7201,GBP
EUR/JPY,2015-10-23,133.973007,134.229004,133.434006,133.919998,JPY
EUR/JPY,2015-10-26,133.667007,133.735992,133.156006,133.658997,JPY
EUR/USD,2015-10-26,1.102038,1.106,1.1006,1.102038,USD
EUR/GBP,2015-10-26,0.71948,0.72095,0.7178,0.71943,GBP
EUR/USD,2015-10-27,1.106097,1.1078,1.1032,1.106599,USD
EUR/GBP,2015-10-27,0.72023,0.72259,0.71917,0.7202,GBP
EUR/JPY,2015-10-27,133.761002,133.761002,132.738007,133.776001,JPY
EUR/GBP,2015-10-28,0.7204,0.72495,0.7201,0.7206,GBP
EUR/JPY,2015-10-28,132.919998,133.483002,132.716003,132.919006,JPY
EUR/USD,2015-10-28,1.103594,1.11,1.102706,1.103704,USD
EUR/GBP,2015-10-29,0.71536,0.719,0.71439,0.7155,GBP
EUR/JPY,2015-10-29,132.035004,133.016006,131.578003,132.050003,JPY
EUR/USD,2015-10-29,1.092598,1.0982,1.091,1.092896,USD
EUR/GBP,2015-10-30,0.7171,0.71984,0.7156,0.71744,GBP
EUR/USD,2015-10-30,1.099203,1.1072,1.096996,1.099384,USD
EUR/JPY,2015-10-30,133.003006,133.365005,132.389999,133.009995,JPY
EUR/USD,2015-11-02,1.102499,1.106,1.100401,1.102597,USD
EUR/GBP,2015-11-02,0.7139,0.7159,0.7109,0.7138,GBP
EUR/JPY,2015-11-02,132.837006,133.182999,132.619003,132.830994,JPY
EUR/JPY,2015-11-03,133.041,133.110001,132.539001,133.042007,JPY
EUR/USD,2015-11-03,1.101698,1.1032,1.0938,1.101601,USD
EUR/GBP,2015-11-03,0.71417,0.71465,0.7109,0.71421,GBP
EUR/USD,2015-11-04,1.096503,1.096696,1.0848,1.096395,USD
EUR/JPY,2015-11-04,132.729996,132.882004,131.845001,132.727005,JPY
EUR/GBP,2015-11-04,0.71092,0.71099,0.7055,0.71092,GBP
EUR/USD,2015-11-05,1.086602,1.09,1.083705,1.086803,USD
EUR/JPY,2015-11-05,131.998001,132.692001,131.860992,132.007996,JPY
EUR/GBP,2015-11-05,0.70599,0.71481,0.7043,0.70606,GBP
EUR/GBP,2015-11-06,0.71539,0.71963,0.71146,0.7154,GBP
EUR/USD,2015-11-06,1.088495,1.089503,1.071168,1.0884,USD
EUR/JPY,2015-11-06,132.442993,132.707001,131.643997,132.429993,JPY
EUR/USD,2015-11-09,1.073238,1.079,1.072996,1.073341,USD
EUR/GBP,2015-11-09,0.7126,0.71534,0.7109,0.71303,GBP
EUR/JPY,2015-11-09,132.175995,133.173004,132.175995,132.229996,JPY
EUR/GBP,2015-11-10,0.7115,0.71262,0.7067,0.71152,GBP
EUR/JPY,2015-11-10,132.397995,132.766006,131.740005,132.408005,JPY
EUR/USD,2015-11-10,1.075975,1.076276,1.0676,1.075951,USD
EUR/USD,2015-11-11,1.073802,1.077296,1.0708,1.073756,USD
EUR/GBP,2015-11-11,0.7092,0.71013,0.70534,0.7091,GBP
EUR/JPY,2015-11-11,132.153,132.389999,131.740005,132.154999,JPY
EUR/JPY,2015-11-12,132.119995,132.565002,131.522995,132.100006,JPY
EUR/USD,2015-11-12,1.076496,1.08,1.0694,1.076299,USD
EUR/GBP,2015-11-12,0.70701,0.70911,0.70432,0.70695,GBP
EUR/USD,2015-11-13,1.080894,1.081105,1.0722,1.081502,USD
EUR/JPY,2015-11-13,132.496002,132.5,131.576004,132.509995,JPY
EUR/GBP,2015-11-13,0.7095,0.70976,0.70426,0.7096,GBP
EUR/USD,2015-11-16,1.070102,1.076,1.070102,1.069999,USD
EUR/GBP,2015-11-16,0.703,0.70778,0.703,0.70306,GBP
EUR/JPY,2015-11-16,130.863007,132.186005,130.863007,130.899994,JPY
EUR/USD,2015-11-17,1.068901,1.069198,1.064401,1.068799,USD
EUR/GBP,2015-11-17,0.703,0.70326,0.69989,0.70301,GBP
EUR/JPY,2015-11-17,131.720001,131.759995,131.195999,131.722,JPY
EUR/USD,2015-11-18,1.064396,1.0692,1.06323,1.064385,USD
EUR/JPY,2015-11-18,131.376007,131.766006,131.089996,131.369995,JPY
EUR/GBP,2015-11-18,0.69943,0.70193,0.6991,0.69941,GBP
EUR/GBP,2015-11-19,0.70023,0.70187,0.69813,0.7001,GBP
EUR/JPY,2015-11-19,131.807999,132.210007,131.429993,131.796997,JPY
EUR/USD,2015-11-19,1.067304,1.0734,1.067,1.066997,USD
EUR/GBP,2015-11-20,0.70165,0.70193,0.6985,0.7016,GBP
EUR/JPY,2015-11-20,131.826004,131.830002,131.009003,131.820007,JPY
EUR/USD,2015-11-20,1.072697,1.073001,1.066401,1.072616,USD
EUR/GBP,2015-11-23,0.7003,0.7029,0.6991,0.70035,GBP
EUR/JPY,2015-11-23,130.759995,131.020004,130.552002,130.768997,JPY
EUR/USD,2015-11-23,1.064,1.0654,1.060299,1.064101,USD
EUR/GBP,2015-11-24,0.70317,0.70788,0.70149,0.70335,GBP
EUR/JPY,2015-11-24,130.770004,130.770004,130.210999,130.781998,JPY
EUR/USD,2015-11-24,1.063898,1.067201,1.062383,1.064203,USD
EUR/JPY,2015-11-25,130.386002,130.720993,129.75,130.369995,JPY
EUR/GBP,2015-11-25,0.70574,0.70781,0.70036,0.7054,GBP
EUR/USD,2015-11-25,1.064396,1.069,1.0576,1.064385,USD
EUR/USD,2015-11-26,1.062496,1.063,1.0602,1.062496,USD
EUR/GBP,2015-11-26,0.70239,0.70432,0.7018,0.7025,GBP
EUR/JPY,2015-11-26,130.320007,130.345001,129.899994,130.320999,JPY
EUR/USD,2015-11-27,1.060445,1.0638,1.057,1.060445,USD
EUR/GBP,2015-11-27,0.70231,0.70488,0.7017,0.70227,GBP
EUR/JPY,2015-11-27,130.072006,130.141006,129.667999,130.029999,JPY
EUR/JPY,2015-11-30,129.994003,130.276001,129.813004,129.960007,JPY
EUR/USD,2015-11-30,1.058302,1.059704,1.0564,1.058302,USD
EUR/GBP,2015-11-30,0.70372,0.70507,0.70161,0.7037,GBP
EUR/USD,2015-12-01,1.057295,1.064,1.056602,1.057295,USD
EUR/GBP,2015-12-01,0.70198,0.7048,0.70059,0.7019,GBP
EUR/JPY,2015-12-01,130.223999,130.772003,129.772003,130.220001,JPY
EUR/USD,2015-12-02,1.062699,1.064,1.056201,1.062586,USD
EUR/GBP,2015-12-02,0.7047,0.70724,0.703,0.70472,GBP
EUR/JPY,2015-12-02,130.608002,130.919998,130.317993,130.600006,JPY
EUR/JPY,2015-12-03,130.75,133.834,130.160004,130.75,JPY
EUR/USD,2015-12-03,1.061199,1.0892,1.0542,1.061301,USD
EUR/GBP,2015-12-03,0.70982,0.7235,0.70569,0.70982,GBP
EUR/GBP,2015-12-04,0.72139,0.72354,0.71789,0.72131,GBP
EUR/JPY,2015-12-04,133.897995,134.528,133.350998,133.884003,JPY
EUR/USD,2015-12-04,1.091834,1.095194,1.0858,1.091596,USD
EUR/GBP,2015-12-07,0.72,0.72011,0.7164,0.7201,GBP
EUR/USD,2015-12-07,1.088305,1.088305,1.0798,1.0884,USD
EUR/JPY,2015-12-07,134.048996,134.048996,133.279999,134.039993,JPY
EUR/GBP,2015-12-08,0.7198,0.72772,0.7196,0.7198,GBP
EUR/JPY,2015-12-08,133.572006,133.858002,133.470001,133.565994,JPY
EUR/USD,2015-12-08,1.0836,1.09,1.083142,1.0834,USD
EUR/JPY,2015-12-09,133.889999,134.214996,133.759995,133.878998,JPY
EUR/USD,2015-12-09,1.089503,1.099,1.088198,1.089396,USD
EUR/GBP,2015-12-09,0.72568,0.72733,0.72215,0.72573,GBP
EUR/JPY,2015-12-10,134.037994,134.050995,132.779007,134.029999,JPY
EUR/USD,2015-12-10,1.101698,1.102305,1.092799,1.101795,USD
EUR/GBP,2015-12-10,0.72563,0.72577,0.7205,0.7254,GBP
EUR/JPY,2015-12-11,133.220001,133.770004,132.867004,133.238007,JPY
EUR/USD,2015-12-11,1.094799,1.103,1.092801,1.094811,USD
EUR/GBP,2015-12-11,0.72201,0.72501,0.7209,0.72206,GBP
EUR/GBP,2015-12-14,0.72257,0.72931,0.72064,0.7226,GBP
EUR/JPY,2015-12-14,132.744995,133.210007,132.460007,132.759995,JPY
EUR/USD,2015-12-14,1.098998,1.104,1.094703,1.098394,USD
EUR/JPY,2015-12-15,133.126999,133.511002,132.867996,133.100006,JPY
EUR/GBP,2015-12-15,0.7251,0.73014,0.72144,0.72513,GBP
EUR/USD,2015-12-15,1.099227,1.107,1.0922,1.0993,USD
EUR/JPY,2015-12-16,133.016006,133.488007,132.901993,133.050995,JPY
EUR/GBP,2015-12-16,0.7267,0.72938,0.726,0.72689,GBP
EUR/USD,2015-12-16,1.093601,1.0958,1.091322,1.093625,USD
EUR/USD,2015-12-17,1.087406,1.088898,1.083353,1.087453,USD
EUR/JPY,2015-12-17,133.177002,133.229996,132.649994,133.160004,JPY
EUR/GBP,2015-12-17,0.726,0.72951,0.7241,0.7261,GBP
EUR/JPY,2015-12-18,132.759995,133.623001,131.054001,132.764999,JPY
EUR/GBP,2015-12-18,0.72624,0.72854,0.72399,0.7262,GBP
EUR/USD,2015-12-18,1.084399,1.087,1.0806,1.08441,USD
EUR/USD,2015-12-21,1.087016,1.092,1.0852,1.086992,USD
EUR/GBP,2015-12-21,0.72907,0.73322,0.7278,0.72908,GBP
EUR/JPY,2015-12-21,131.845001,132.313004,131.658005,131.845001,JPY
EUR/GBP,2015-12-22,0.73261,0.74005,0.73198,0.7323,GBP
EUR/USD,2015-12-22,1.091203,1.0984,1.090501,1.091298,USD
EUR/JPY,2015-12-22,132.257004,132.697006,132.100006,132.240005,JPY
EUR/GBP,2015-12-23,0.73854,0.7387,0.73198,0.7387,GBP
EUR/USD,2015-12-23,1.095002,1.095494,1.088495,1.095002,USD
EUR/JPY,2015-12-23,132.5,132.520004,131.673996,132.5,JPY
EUR/GBP,2015-12-24,0.7332,0.73698,0.73192,0.7332,GBP
EUR/JPY,2015-12-24,131.929993,131.990005,131.559998,131.919998,JPY
EUR/USD,2015-12-24,1.091,1.096696,1.091,1.090917,USD
EUR/JPY,2015-12-25,131.906998,131.955002,131.559998,131.906998,JPY
EUR/USD,2015-12-25,1.096515,1.097502,1.094703,1.096996,USD
EUR/GBP,2015-12-25,0.7343,0.73518,0.73173,0.73518,GBP
EUR/JPY,2015-12-28,131.830002,132.451996,131.830002,131.824997,JPY
EUR/USD,2015-12-28,1.096599,1.1,1.0958,1.096599,USD
EUR/GBP,2015-12-28,0.73464,0.73761,0.7344,0.73447,GBP
EUR/USD,2015-12-29,1.097695,1.1,1.091,1.097526,USD
EUR/GBP,2015-12-29,0.7369,0.74082,0.73519,0.7369,GBP
EUR/JPY,2015-12-29,132.102005,132.330002,131.389999,132.106995,JPY
EUR/GBP,2015-12-30,0.737,0.73869,0.7354,0.73709,GBP
EUR/JPY,2015-12-30,131.679993,131.903,131.449997,131.703003,JPY
EUR/USD,2015-12-30,1.092801,1.095,1.091,1.092801,USD
EUR/GBP,2015-12-31,0.7378,0.73833,0.73351,0.7378,GBP
EUR/JPY,2015-12-31,131.720001,131.759995,130.647995,131.699997,JPY
EUR/USD,2015-12-31,1.093805,1.0939,1.0866,1.093398,USD
EUR/GBP,2016-01-01,0.73673,0.7373,0.73673,0.73673,GBP
EUR/USD,2016-01-01,1.085906,1.086697,1.085906,1.085906,USD
EUR/JPY,2016-01-01,130.612,130.679993,130.570007,130.612,JPY
EUR/USD,2016-01-04,1.085505,1.0946,1.0806,1.085399,USD
EUR/GBP,2016-01-04,0.73638,0.74165,0.7353,0.7364,GBP
EUR/JPY,2016-01-04,130.550003,130.630005,128.908005,130.576004,JPY
EUR/USD,2016-01-05,1.082603,1.084105,1.071201,1.082755,USD
EUR/GBP,2016-01-05,0.73565,0.7363,0.73133,0.7356,GBP
EUR/JPY,2016-01-05,129.298996,129.455994,127.510002,129.300003,JPY
EUR/GBP,2016-01-06,0.7325,0.73695,0.7319,0.73266,GBP
EUR/JPY,2016-01-06,128.037003,128.059998,127.019997,128.031998,JPY
EUR/USD,2016-01-06,1.075199,1.077203,1.0722,1.075199,USD
EUR/JPY,2016-01-07,127.82,128.212006,126.839996,127.804001,JPY
EUR/USD,2016-01-07,1.077795,1.0876,1.0774,1.0779,USD
EUR/GBP,2016-01-07,0.73663,0.7469,0.7361,0.73666,GBP
EUR/JPY,2016-01-08,128.408005,128.940002,128.084,128.417999,JPY
EUR/USD,2016-01-08,1.092705,1.092896,1.080801,1.092598,USD
EUR/GBP,2016-01-08,0.747,0.75027,0.74221,0.7468,GBP
EUR/JPY,2016-01-11,128.029999,128.440002,127.379997,128.069,JPY
EUR/GBP,2016-01-11,0.7529,0.75396,0.74425,0.75313,GBP
EUR/USD,2016-01-11,1.0939,1.094595,1.0852,1.094104,USD
EUR/GBP,2016-01-12,0.74643,0.75468,0.7451,0.7464,GBP
EUR/USD,2016-01-12,1.085894,1.0902,1.0824,1.0858,USD
EUR/JPY,2016-01-12,127.755997,127.991997,127.650002,127.730003,JPY
EUR/GBP,2016-01-13,0.75109,0.75357,0.74689,0.7509,GBP
EUR/USD,2016-01-13,1.084399,1.0884,1.0806,1.084399,USD
EUR/JPY,2016-01-13,127.760002,128.507996,127.639999,127.769997,JPY
EUR/GBP,2016-01-14,0.75535,0.7605,0.75249,0.75541,GBP
EUR/USD,2016-01-14,1.088803,1.095,1.083999,1.088601,USD
EUR/JPY,2016-01-14,127.800003,128.742996,127.732002,127.809998,JPY
EUR/GBP,2016-01-15,0.7527,0.76552,0.75259,0.75267,GBP
EUR/USD,2016-01-15,1.085776,1.0982,1.085776,1.085894,USD
EUR/JPY,2016-01-15,128.356995,128.375,127.707001,128.328995,JPY
EUR/USD,2016-01-18,1.091906,1.092705,1.0876,1.092001,USD
EUR/JPY,2016-01-18,127.739998,127.93,127.369003,127.75,JPY
EUR/GBP,2016-01-18,0.7649,0.7661,0.75962,0.76498,GBP
EUR/GBP,2016-01-19,0.7642,0.77119,0.75839,0.7643,GBP
EUR/USD,2016-01-19,1.089503,1.091,1.0862,1.089503,USD
EUR/JPY,2016-01-19,127.860001,128.548004,127.787003,127.860001,JPY
EUR/GBP,2016-01-20,0.76945,0.77541,0.767,0.76939,GBP
EUR/USD,2016-01-20,1.091155,1.0976,1.089289,1.091298,USD
EUR/JPY,2016-01-20,128.259995,128.335999,126.692001,128.261993,JPY
EUR/GBP,2016-01-21,0.76582,0.77409,0.76389,0.76593,GBP
EUR/USD,2016-01-21,1.087701,1.0922,1.0782,1.087701,USD
EUR/JPY,2016-01-21,127.440002,127.764999,126.220001,127.388,JPY
EUR/GBP,2016-01-22,0.76322,0.76352,0.75268,0.7633,GBP
EUR/USD,2016-01-22,1.086095,1.0864,1.079599,1.086201,USD
EUR/JPY,2016-01-22,128.048004,128.408005,127.440002,128.039993,JPY
EUR/JPY,2016-01-25,128.0,128.488007,127.852997,128.020004,JPY
EUR/USD,2016-01-25,1.079902,1.085,1.079203,1.079902,USD
EUR/GBP,2016-01-25,0.7574,0.76082,0.7551,0.7573,GBP
EUR/USD,2016-01-26,1.085376,1.088,1.082,1.085305,USD
EUR/GBP,2016-01-26,0.7619,0.7661,0.75626,0.76195,GBP
EUR/JPY,2016-01-26,128.309998,128.507004,127.809998,128.294998,JPY
EUR/JPY,2016-01-27,128.580002,129.212006,128.264008,128.589996,JPY
EUR/USD,2016-01-27,1.086401,1.0912,1.085305,1.086496,USD
EUR/GBP,2016-01-27,0.75727,0.76406,0.7564,0.7573,GBP
EUR/JPY,2016-01-28,129.160004,129.985992,128.947006,129.151993,JPY
EUR/USD,2016-01-28,1.090405,1.095,1.087,1.090798,USD
EUR/GBP,2016-01-28,0.7652,0.76622,0.75961,0.7654,GBP
EUR/JPY,2016-01-29,130.044006,132.244003,129.600006,130.039993,JPY
EUR/GBP,2016-01-29,0.76155,0.76483,0.7564,0.76156,GBP
EUR/USD,2016-01-29,1.093697,1.094715,1.082,1.093697,USD
EUR/GBP,2016-02-01,0.7598,0.76227,0.75752,0.7599,GBP
EUR/USD,2016-02-01,1.082626,1.0912,1.082626,1.082591,USD
EUR/JPY,2016-02-01,131.363998,131.992004,131.270004,131.369995,JPY
EUR/GBP,2016-02-02,0.7553,0.76151,0.7548,0.75528,GBP
EUR/JPY,2016-02-02,131.677994,131.951004,131.029999,131.669998,JPY
EUR/USD,2016-02-02,1.089895,1.094,1.089526,1.089728,USD
EUR/USD,2016-02-03,1.092204,1.1078,1.0906,1.092204,USD
EUR/JPY,2016-02-03,130.860992,130.940002,130.139008,130.880997,JPY
EUR/GBP,2016-02-03,0.75784,0.76067,0.75258,0.75785,GBP
EUR/USD,2016-02-04,1.109201,1.1238,1.1072,1.109102,USD
EUR/JPY,2016-02-04,131.061996,131.634995,130.634995,131.020004,JPY
EUR/GBP,2016-02-04,0.76042,0.76983,0.7593,0.76046,GBP
EUR/USD,2016-02-05,1.119996,1.121705,1.111,1.119996,USD
EUR/JPY,2016-02-05,130.860001,131.014999,130.212006,130.869995,JPY
EUR/GBP,2016-02-05,0.768,0.77132,0.7671,0.76804,GBP
EUR/USD,2016-02-08,1.114703,1.119,1.1088,1.114504,USD
EUR/JPY,2016-02-08,130.320007,130.886993,128.804001,130.322006,JPY
EUR/GBP,2016-02-08,0.768,0.77548,0.76611,0.76794,GBP
EUR/JPY,2016-02-09,129.410004,129.919006,128.285004,129.410004,JPY
EUR/USD,2016-02-09,1.119094,1.1314,1.1164,1.118981,USD
EUR/GBP,2016-02-09,0.77511,0.78487,0.77328,0.775,GBP
EUR/USD,2016-02-10,1.128999,1.130902,1.116632,1.128999,USD
EUR/JPY,2016-02-10,130.028,130.029999,128.251007,130.037003,JPY
EUR/GBP,2016-02-10,0.7804,0.78175,0.77154,0.7802,GBP
EUR/USD,2016-02-11,1.128401,1.1368,1.1276,1.128095,USD
EUR/JPY,2016-02-11,127.778,127.940002,125.856003,127.739998,JPY
EUR/GBP,2016-02-11,0.77696,0.78956,0.7755,0.7766,GBP
EUR/JPY,2016-02-12,127.279999,127.639,126.452003,127.305,JPY
EUR/USD,2016-02-12,1.131734,1.133376,1.123,1.131798,USD
EUR/GBP,2016-02-12,0.7814,0.78254,0.77461,0.7815,GBP
EUR/GBP,2016-02-15,0.7728,0.7744,0.7698,0.773,GBP
EUR/JPY,2016-02-15,127.583,127.942001,127.255997,127.567001,JPY
EUR/USD,2016-02-15,1.122599,1.123949,1.112999,1.122599,USD
EUR/GBP,2016-02-16,0.77317,0.7811,0.7695,0.7733,GBP
EUR/JPY,2016-02-16,127.793999,128.151993,126.674004,127.75,JPY
EUR/USD,2016-02-16,1.117818,1.1192,1.112999,1.117406,USD
EUR/GBP,2016-02-17,0.779,0.7843,0.7762,0.779,GBP
EUR/JPY,2016-02-17,127.174004,127.348999,126.660004,127.135002,JPY
EUR/USD,2016-02-17,1.114604,1.118001,1.1108,1.114703,USD
EUR/USD,2016-02-18,1.112199,1.1152,1.1074,1.112298,USD
EUR/JPY,2016-02-18,127.094002,127.094002,126.040001,127.075996,JPY
EUR/GBP,2016-02-18,0.7786,0.78143,0.7708,0.7787,GBP
EUR/USD,2016-02-19,1.111,1.115,1.106799,1.111099,USD
EUR/JPY,2016-02-19,125.805,125.879997,125.089996,125.785004,JPY
EUR/GBP,2016-02-19,0.775,0.77917,0.77377,0.775,GBP
EUR/JPY,2016-02-22,125.139999,125.540001,124.529999,125.103996,JPY
EUR/USD,2016-02-22,1.112397,1.112496,1.1006,1.112397,USD
EUR/GBP,2016-02-22,0.7797,0.7837,0.777,0.77967,GBP
EUR/USD,2016-02-23,1.102706,1.105199,1.099199,1.102803,USD
EUR/GBP,2016-02-23,0.77919,0.78311,0.7775,0.77926,GBP
EUR/JPY,2016-02-23,124.530998,124.556,123.072998,124.545998,JPY
EUR/GBP,2016-02-24,0.7869,0.79144,0.7854,0.78671,GBP
EUR/JPY,2016-02-24,123.359001,123.584,122.472,123.334999,JPY
EUR/USD,2016-02-24,1.102499,1.104,1.095999,1.102706,USD
EUR/JPY,2016-02-25,123.422997,124.441002,123.32,123.434998,JPY
EUR/USD,2016-02-25,1.101491,1.105,1.099199,1.101394,USD
EUR/GBP,2016-02-25,0.79066,0.79262,0.7879,0.7906,GBP
EUR/JPY,2016-02-26,124.709999,124.987,124.236,124.668999,JPY
EUR/GBP,2016-02-26,0.78914,0.7921,0.78453,0.7893,GBP
EUR/USD,2016-02-26,1.102499,1.107,1.0926,1.102499,USD
EUR/GBP,2016-02-29,0.78803,0.78945,0.77928,0.7878,GBP
EUR/JPY,2016-02-29,124.220001,124.348999,122.521004,124.160004,JPY
EUR/USD,2016-02-29,1.092598,1.0962,1.0864,1.092395,USD
EUR/USD,2016-03-01,1.088696,1.089401,1.083801,1.088898,USD
EUR/GBP,2016-03-01,0.78159,0.78184,0.7759,0.7814,GBP
EUR/JPY,2016-03-01,122.367996,123.649002,122.117996,122.389999,JPY
EUR/USD,2016-03-02,1.087701,1.088,1.0826,1.087595,USD
EUR/GBP,2016-03-02,0.7789,0.7811,0.76968,0.7787,GBP
EUR/JPY,2016-03-02,123.890999,124.345001,123.230003,123.93,JPY
EUR/USD,2016-03-03,1.087004,1.0938,1.0856,1.086897,USD
EUR/JPY,2016-03-03,123.339996,124.244003,123.277,123.32,JPY
EUR/GBP,2016-03-03,0.77198,0.7748,0.7704,0.7719,GBP
EUR/USD,2016-03-04,1.094799,1.104,1.0908,1.094895,USD
EUR/GBP,2016-03-04,0.77228,0.77717,0.772,0.77237,GBP
EUR/JPY,2016-03-04,124.427002,125.262001,123.959999,124.43,JPY
EUR/JPY,2016-03-07,125.107002,125.107002,124.230003,125.110001,JPY
EUR/GBP,2016-03-07,0.77343,0.77482,0.7726,0.77345,GBP
EUR/USD,2016-03-07,1.099396,1.099904,1.0942,1.099396,USD
EUR/JPY,2016-03-08,124.973999,124.973999,124.253998,124.948997,JPY
EUR/GBP,2016-03-08,0.7721,0.77919,0.772,0.7724,GBP
EUR/USD,2016-03-08,1.101394,1.106,1.1006,1.101601,USD
EUR/JPY,2016-03-09,123.959999,124.482002,123.050003,123.939003,JPY
EUR/USD,2016-03-09,1.100195,1.101516,1.094799,1.100401,USD
EUR/GBP,2016-03-09,0.7742,0.7748,0.7701,0.7744,GBP
EUR/USD,2016-03-10,1.098696,1.116,1.082767,1.098901,USD
EUR/JPY,2016-03-10,124.379997,126.719002,123.741997,124.424004,JPY
EUR/GBP,2016-03-10,0.7731,0.7808,0.76565,0.7733,GBP
EUR/JPY,2016-03-11,126.117996,126.924004,126.089996,126.140999,JPY
EUR/USD,2016-03-11,1.117905,1.121001,1.108377,1.117843,USD
EUR/GBP,2016-03-11,0.78235,0.7847,0.7748,0.78218,GBP
EUR/JPY,2016-03-14,127.028,127.139999,126.135002,127.028999,JPY
EUR/GBP,2016-03-14,0.7764,0.77691,0.77352,0.7764,GBP
EUR/USD,2016-03-14,1.116296,1.116801,1.1096,1.116794,USD
EUR/GBP,2016-03-15,0.7772,0.78464,0.7769,0.7772,GBP
EUR/JPY,2016-03-15,126.329002,126.459999,125.120003,126.349998,JPY
EUR/USD,2016-03-15,1.110198,1.112999,1.1074,1.110198,USD
EUR/GBP,2016-03-16,0.7844,0.78822,0.7844,0.78465,GBP
EUR/JPY,2016-03-16,125.629997,126.109001,125.550003,125.628998,JPY
EUR/USD,2016-03-16,1.111,1.111099,1.1058,1.110901,USD
EUR/GBP,2016-03-17,0.7869,0.79103,0.7809,0.787,GBP
EUR/USD,2016-03-17,1.121705,1.134404,1.1208,1.121894,USD
EUR/JPY,2016-03-17,126.512001,126.620003,125.348999,126.471001,JPY
EUR/USD,2016-03-18,1.131542,1.133903,1.1258,1.131798,USD
EUR/GBP,2016-03-18,0.78166,0.7829,0.77816,0.78162,GBP
EUR/JPY,2016-03-18,126.024002,126.183998,125.300003,125.984001,JPY
EUR/GBP,2016-03-21,0.7794,0.7837,0.7794,0.77952,GBP
EUR/JPY,2016-03-21,125.641998,126.059998,125.220001,125.665001,JPY
EUR/USD,2016-03-21,1.127599,1.128999,1.1238,1.127904,USD
EUR/GBP,2016-03-22,0.782,0.79045,0.7813,0.78197,GBP
EUR/USD,2016-03-22,1.123697,1.1262,1.119194,1.123595,USD
EUR/JPY,2016-03-22,125.991997,126.252998,124.700996,125.983002,JPY
EUR/GBP,2016-03-23,0.7889,0.79255,0.7882,0.78885,GBP
EUR/JPY,2016-03-23,125.949997,126.210999,125.529999,125.943001,JPY
EUR/USD,2016-03-23,1.122297,1.122297,1.1166,1.122297,USD
EUR/JPY,2016-03-24,125.657997,126.120003,125.410004,125.648003,JPY
EUR/GBP,2016-03-24,0.79194,0.79437,0.7889,0.79191,GBP
EUR/USD,2016-03-24,1.118206,1.119,1.114964,1.118105,USD
EUR/JPY,2016-03-25,125.974998,126.436996,125.940002,125.978996,JPY
EUR/GBP,2016-03-25,0.7899,0.79088,0.7884,0.79017,GBP
EUR/USD,2016-03-25,1.116695,1.117706,1.115673,1.116794,USD
EUR/JPY,2016-03-28,126.594002,127.031998,126.510002,126.57,JPY
EUR/GBP,2016-03-28,0.7895,0.79016,0.78474,0.7895,GBP
EUR/USD,2016-03-28,1.115997,1.121806,1.115536,1.115997,USD
EUR/GBP,2016-03-29,0.78545,0.78707,0.7834,0.78537,GBP
EUR/USD,2016-03-29,1.120097,1.1224,1.117,1.120272,USD
EUR/JPY,2016-03-29,126.970001,127.425003,126.795998,126.962997,JPY
EUR/JPY,2016-03-30,127.181999,127.800003,126.790001,127.209999,JPY
EUR/GBP,2016-03-30,0.7848,0.7873,0.78353,0.7847,GBP
EUR/USD,2016-03-30,1.129012,1.1362,1.128796,1.129203,USD
EUR/GBP,2016-03-31,0.7885,0.79435,0.7878,0.78852,GBP
EUR/JPY,2016-03-31,127.316002,128.210007,126.959999,127.355003,JPY
EUR/USD,2016-03-31,1.133401,1.141,1.1312,1.133466,USD
EUR/GBP,2016-04-01,0.792,0.80189,0.7918,0.792,GBP
EUR/USD,2016-04-01,1.137902,1.1438,1.134198,1.137967,USD
EUR/JPY,2016-04-01,127.983002,128.160004,127.433998,128.009995,JPY
EUR/GBP,2016-04-04,0.8009,0.8015,0.7959,0.80071,GBP
EUR/USD,2016-04-04,1.139705,1.141201,1.136,1.139004,USD
EUR/JPY,2016-04-04,127.279999,127.337997,126.467003,127.279999,JPY
EUR/GBP,2016-04-05,0.79836,0.8051,0.79806,0.7983,GBP
EUR/USD,2016-04-05,1.138706,1.140706,1.134,1.1389,USD
EUR/JPY,2016-04-05,126.660004,126.660004,125.282997,126.681,JPY
EUR/GBP,2016-04-06,0.80387,0.81034,0.8023,0.804,GBP
EUR/JPY,2016-04-06,125.589996,125.823997,125.080002,125.620003,JPY
EUR/USD,2016-04-06,1.138097,1.1428,1.133144,1.1382,USD
EUR/USD,2016-04-07,1.139965,1.145305,1.134,1.140498,USD
EUR/JPY,2016-04-07,125.085999,125.178001,122.570999,125.077003,JPY
EUR/GBP,2016-04-07,0.8066,0.81155,0.80464,0.80658,GBP
EUR/JPY,2016-04-08,123.339996,124.224998,123.269997,123.287003,JPY
EUR/USD,2016-04-08,1.136906,1.142,1.135,1.137398,USD
EUR/GBP,2016-04-08,0.8089,0.8092,0.805,0.8089,GBP
EUR/JPY,2016-04-11,123.5,123.711998,122.858002,123.521004,JPY
EUR/USD,2016-04-11,1.140706,1.145001,1.137436,1.140303,USD
EUR/GBP,2016-04-11,0.8069,0.80868,0.7994,0.80714,GBP
EUR/USD,2016-04-12,1.141214,1.1464,1.135306,1.141292,USD
EUR/JPY,2016-04-12,123.164001,123.981003,123.128998,123.171997,JPY
EUR/GBP,2016-04-12,0.80157,0.80268,0.79599,0.8016,GBP
EUR/GBP,2016-04-13,0.7977,0.79827,0.79274,0.79794,GBP
EUR/JPY,2016-04-13,123.685997,123.849998,123.016998,123.690002,JPY
EUR/USD,2016-04-13,1.138602,1.139302,1.1274,1.138498,USD
EUR/USD,2016-04-14,1.128006,1.1294,1.123601,1.127904,USD
EUR/GBP,2016-04-14,0.7947,0.79812,0.7943,0.7946,GBP
EUR/JPY,2016-04-14,123.394997,123.410004,122.739998,123.410004,JPY
EUR/GBP,2016-04-15,0.79661,0.79752,0.79389,0.7966,GBP
EUR/USD,2016-04-15,1.126507,1.1318,1.124758,1.127002,USD
EUR/JPY,2016-04-15,123.150002,123.559998,122.75,123.160004,JPY
EUR/JPY,2016-04-18,122.124001,123.288002,121.720001,122.019997,JPY
EUR/GBP,2016-04-18,0.7964,0.79926,0.79229,0.7969,GBP
EUR/USD,2016-04-18,1.130097,1.1332,1.127497,1.129995,USD
EUR/JPY,2016-04-19,123.332001,124.429001,123.254997,123.335999,JPY
EUR/USD,2016-04-19,1.131004,1.138602,1.130506,1.130902,USD
EUR/GBP,2016-04-19,0.79152,0.79214,0.7881,0.79117,GBP
EUR/USD,2016-04-20,1.135886,1.138599,1.1322,1.135963,USD
EUR/GBP,2016-04-20,0.7894,0.79137,0.78676,0.7893,GBP
EUR/JPY,2016-04-20,124.010002,124.311996,123.540001,124.080002,JPY
EUR/USD,2016-04-21,1.130506,1.1394,1.1278,1.130506,USD
EUR/GBP,2016-04-21,0.78838,0.78968,0.78563,0.78826,GBP
EUR/JPY,2016-04-21,124.133003,124.907997,123.446999,124.135002,JPY
EUR/JPY,2016-04-22,123.599998,125.466003,123.400002,123.553001,JPY
EUR/USD,2016-04-22,1.129305,1.130902,1.124,1.129203,USD
EUR/GBP,2016-04-22,0.78815,0.78831,0.77954,0.7883,GBP
EUR/JPY,2016-04-25,125.179001,125.309998,124.815002,125.166,JPY
EUR/GBP,2016-04-25,0.77748,0.78108,0.77558,0.77754,GBP
EUR/USD,2016-04-25,1.123305,1.127904,1.1227,1.123406,USD
EUR/GBP,2016-04-26,0.7777,0.7779,0.77355,0.7776,GBP
EUR/JPY,2016-04-26,125.172997,125.914001,124.709,125.217003,JPY
EUR/USD,2016-04-26,1.126672,1.133903,1.125796,1.1269,USD
EUR/GBP,2016-04-27,0.775,0.77838,0.7738,0.77502,GBP
EUR/USD,2016-04-27,1.129803,1.134,1.1292,1.129905,USD
EUR/JPY,2016-04-27,125.658997,126.040001,125.440002,125.662003,JPY
EUR/JPY,2016-04-28,126.300003,126.449997,122.570999,126.349998,JPY
EUR/USD,2016-04-28,1.132798,1.1366,1.129905,1.132901,USD
EUR/GBP,2016-04-28,0.77898,0.78036,0.77538,0.779,GBP
EUR/JPY,2016-04-29,122.779999,122.910004,121.765999,122.739998,JPY
EUR/GBP,2016-04-29,0.7771,0.78366,0.7766,0.77732,GBP
EUR/USD,2016-04-29,1.135796,1.146,1.135796,1.135589,USD
EUR/GBP,2016-05-02,0.78484,0.7864,0.78226,0.785,GBP
EUR/USD,2016-05-02,1.146197,1.1528,1.145016,1.146303,USD
EUR/JPY,2016-05-02,122.024002,122.850998,121.876999,122.019997,JPY
EUR/JPY,2016-05-03,122.635002,122.747002,122.120003,122.627998,JPY
EUR/GBP,2016-05-03,0.78578,0.79191,0.7842,0.78576,GBP
EUR/USD,2016-05-03,1.152605,1.1614,1.1504,1.152499,USD
EUR/JPY,2016-05-04,122.718002,123.235001,122.330002,122.699997,JPY
EUR/GBP,2016-05-04,0.79046,0.79461,0.78899,0.79047,GBP
EUR/USD,2016-05-04,1.150245,1.1528,1.146999,1.150404,USD
EUR/USD,2016-05-05,1.149122,1.1496,1.139,1.149306,USD
EUR/JPY,2016-05-05,122.889999,123.121002,122.110001,122.860001,JPY
EUR/GBP,2016-05-05,0.7921,0.79221,0.78599,0.792,GBP
EUR/USD,2016-05-06,1.140199,1.147184,1.139328,1.140602,USD
EUR/JPY,2016-05-06,122.386002,122.448997,121.480003,122.322998,JPY
EUR/GBP,2016-05-06,0.78686,0.7916,0.7864,0.78679,GBP
EUR/GBP,2016-05-09,0.7892,0.79272,0.78673,0.78925,GBP
EUR/JPY,2016-05-09,122.209,123.704002,122.169998,122.279999,JPY
EUR/USD,2016-05-09,1.138797,1.143,1.137599,1.138797,USD
EUR/USD,2016-05-10,1.138369,1.140599,1.1362,1.138797,USD
EUR/GBP,2016-05-10,0.78975,0.79031,0.78708,0.78984,GBP
EUR/JPY,2016-05-10,123.369003,124.400002,123.322998,123.333,JPY
EUR/USD,2016-05-11,1.137501,1.1446,1.137398,1.137436,USD
EUR/JPY,2016-05-11,124.208,124.265999,123.625999,124.189003,JPY
EUR/GBP,2016-05-11,0.7869,0.79182,0.7864,0.7869,GBP
EUR/GBP,2016-05-12,0.7913,0.7918,0.78461,0.7914,GBP
EUR/USD,2016-05-12,1.142596,1.143105,1.138,1.1427,USD
EUR/JPY,2016-05-12,123.870003,124.620003,123.699997,123.866997,JPY
EUR/USD,2016-05-13,1.137527,1.138006,1.128399,1.137695,USD
EUR/GBP,2016-05-13,0.78738,0.78817,0.7858,0.7874,GBP
EUR/JPY,2016-05-13,124.108002,124.108002,123.071999,124.099998,JPY
EUR/GBP,2016-05-16,0.7886,0.78919,0.78589,0.7887,GBP
EUR/USD,2016-05-16,1.131695,1.134404,1.130544,1.131695,USD
EUR/JPY,2016-05-16,122.964996,123.398003,122.901001,122.955002,JPY
EUR/GBP,2016-05-17,0.78319,0.78545,0.78002,0.7832,GBP
EUR/USD,2016-05-17,1.131606,1.134799,1.130399,1.131606,USD
EUR/JPY,2016-05-17,123.411003,124.160004,123.233002,123.400002,JPY
EUR/GBP,2016-05-18,0.78252,0.78306,0.77099,0.7826,GBP
EUR/USD,2016-05-18,1.131375,1.131695,1.125999,1.131606,USD
EUR/JPY,2016-05-18,123.338997,123.906998,122.977997,123.260002,JPY
EUR/USD,2016-05-19,1.122196,1.123103,1.1182,1.122297,USD
EUR/GBP,2016-05-19,0.7686,0.77022,0.76499,0.7687,GBP
EUR/JPY,2016-05-19,123.629997,123.768997,122.967003,123.580002,JPY
EUR/USD,2016-05-20,1.12016,1.124,1.119896,1.120599,USD
EUR/JPY,2016-05-20,123.119003,124.033997,123.084,123.099998,JPY
EUR/GBP,2016-05-20,0.7673,0.77265,0.7669,0.7673,GBP
EUR/JPY,2016-05-23,123.489998,123.495003,122.389999,123.5,JPY
EUR/GBP,2016-05-23,0.7742,0.77532,0.77045,0.7744,GBP
EUR/USD,2016-05-23,1.122095,1.124303,1.119,1.122171,USD
EUR/GBP,2016-05-24,0.7743,0.77468,0.7617,0.77434,GBP
EUR/USD,2016-05-24,1.121705,1.123,1.1146,1.121604,USD
EUR/JPY,2016-05-24,122.620003,122.709999,122.347,122.623001,JPY
EUR/JPY,2016-05-25,122.669998,123.099998,122.519997,122.68,JPY
EUR/GBP,2016-05-25,0.7619,0.76372,0.7564,0.762,GBP
EUR/USD,2016-05-25,1.113697,1.1171,1.112999,1.113797,USD
EUR/JPY,2016-05-26,122.822998,123.057999,122.269997,122.844002,JPY
EUR/GBP,2016-05-26,0.7591,0.76302,0.75795,0.75901,GBP
EUR/USD,2016-05-26,1.115698,1.122,1.115698,1.115897,USD
EUR/GBP,2016-05-27,0.76316,0.76438,0.7602,0.76314,GBP
EUR/USD,2016-05-27,1.119294,1.1202,1.112599,1.119207,USD
EUR/JPY,2016-05-27,122.764,123.063004,122.220001,122.775002,JPY
EUR/GBP,2016-05-30,0.75956,0.76317,0.7588,0.75943,GBP
EUR/USD,2016-05-30,1.111099,1.115,1.110001,1.111,USD
EUR/JPY,2016-05-30,123.033997,123.884003,122.931999,123.040001,JPY
EUR/JPY,2016-05-31,123.579002,124.18,123.32,123.559998,JPY
EUR/USD,2016-05-31,1.115001,1.117599,1.1122,1.11484,USD
EUR/GBP,2016-05-31,0.7617,0.7667,0.75733,0.7618,GBP
EUR/GBP,2016-06-01,0.7688,0.77585,0.7671,0.7688,GBP
EUR/USD,2016-06-01,1.113598,1.119,1.111704,1.113598,USD
EUR/JPY,2016-06-01,123.203003,123.310997,121.900002,123.220001,JPY
EUR/USD,2016-06-02,1.119294,1.122,1.115,1.118906,USD
EUR/JPY,2016-06-02,122.421997,122.484001,121.088997,122.470001,JPY
EUR/GBP,2016-06-02,0.77604,0.77746,0.77208,0.77588,GBP
EUR/USD,2016-06-03,1.115399,1.135,1.1138,1.1152,USD
EUR/GBP,2016-06-03,0.77395,0.78098,0.77201,0.77395,GBP
EUR/JPY,2016-06-03,121.455002,121.648003,120.929001,121.387001,JPY
EUR/GBP,2016-06-06,0.78864,0.78998,0.7852,0.7889,GBP
EUR/JPY,2016-06-06,121.095001,122.078003,120.917999,121.110001,JPY
EUR/USD,2016-06-06,1.1351,1.138,1.133324,1.1351,USD
EUR/GBP,2016-06-07,0.78578,0.786,0.77774,0.78581,GBP
EUR/USD,2016-06-07,1.136467,1.138,1.134005,1.136402,USD
EUR/JPY,2016-06-07,122.043999,122.651001,121.693001,122.07,JPY
EUR/GBP,2016-06-08,0.78088,0.78404,0.7795,0.7808,GBP
EUR/USD,2016-06-08,1.135654,1.142,1.135654,1.135783,USD
EUR/JPY,2016-06-08,121.783997,121.878998,121.330002,121.790001,JPY
EUR/JPY,2016-06-09,121.780998,121.856003,120.338997,121.774002,JPY
EUR/GBP,2016-06-09,0.78554,0.78772,0.7807,0.78561,GBP
EUR/USD,2016-06-09,1.140602,1.141696,1.1308,1.140706,USD
EUR/USD,2016-06-10,1.131196,1.1324,1.1274,1.131503,USD
EUR/JPY,2016-06-10,121.103996,121.156998,120.440002,121.142998,JPY
EUR/GBP,2016-06-10,0.78204,0.78853,0.78104,0.78219,GBP
EUR/GBP,2016-06-13,0.792,0.79832,0.78824,0.7919,GBP
EUR/USD,2016-06-13,1.124101,1.1302,1.123697,1.124,USD
EUR/JPY,2016-06-13,119.679001,120.291,119.003998,119.691002,JPY
EUR/JPY,2016-06-14,119.858002,120.099998,118.514,119.917,JPY
EUR/USD,2016-06-14,1.128796,1.129995,1.119,1.129102,USD
EUR/GBP,2016-06-14,0.7944,0.79696,0.79105,0.79459,GBP
EUR/JPY,2016-06-15,118.904999,119.431,118.723999,118.922997,JPY
EUR/GBP,2016-06-15,0.79402,0.79414,0.7893,0.79377,GBP
EUR/USD,2016-06-15,1.121302,1.126001,1.119094,1.121302,USD
EUR/JPY,2016-06-16,119.214996,119.214996,115.515999,119.194,JPY
EUR/GBP,2016-06-16,0.79323,0.79935,0.7899,0.79331,GBP
EUR/USD,2016-06-16,1.126126,1.13,1.1132,1.126266,USD
EUR/JPY,2016-06-17,118.051003,118.066002,116.914001,117.900002,JPY
EUR/GBP,2016-06-17,0.78868,0.79074,0.7863,0.78746,GBP
EUR/USD,2016-06-17,1.127002,1.1296,1.1226,1.125201,USD
EUR/JPY,2016-06-20,118.779999,119.120003,118.0,118.728996,JPY
EUR/GBP,2016-06-20,0.77806,0.78017,0.76958,0.77786,GBP
EUR/USD,2016-06-20,1.134906,1.1384,1.1308,1.134906,USD
EUR/USD,2016-06-21,1.132285,1.135,1.1244,1.132298,USD
EUR/GBP,2016-06-21,0.7715,0.77432,0.76563,0.7715,GBP
EUR/JPY,2016-06-21,117.511002,118.639,117.339996,117.545998,JPY
EUR/JPY,2016-06-22,117.739998,118.602997,117.448997,117.752998,JPY
EUR/USD,2016-06-22,1.125201,1.133504,1.12376,1.125062,USD
EUR/GBP,2016-06-22,0.767,0.76986,0.7655,0.7669,GBP
EUR/USD,2016-06-23,1.132798,1.142204,1.132,1.132824,USD
EUR/JPY,2016-06-23,118.481003,120.787003,118.176003,118.519997,JPY
EUR/GBP,2016-06-23,0.7658,0.77051,0.76232,0.7658,GBP
EUR/JPY,2016-06-24,118.852997,119.378998,109.598999,118.804001,JPY
EUR/USD,2016-06-24,1.133003,1.133517,1.091906,1.1324,USD
EUR/GBP,2016-06-24,0.77824,0.8312,0.7732,0.77802,GBP
EUR/USD,2016-06-27,1.103497,1.108193,1.0974,1.103594,USD
EUR/JPY,2016-06-27,112.824997,113.18,111.419998,112.749001,JPY
EUR/GBP,2016-06-27,0.82126,0.83533,0.8201,0.8208,GBP
EUR/USD,2016-06-28,1.101601,1.111,1.101601,1.101503,USD
EUR/JPY,2016-06-28,112.059998,113.692001,111.938004,112.126999,JPY
EUR/GBP,2016-06-28,0.8325,0.83379,0.8258,0.83226,GBP
EUR/USD,2016-06-29,1.1078,1.112805,1.105156,1.107395,USD
EUR/JPY,2016-06-29,113.728996,114.293999,112.956001,113.718002,JPY
EUR/GBP,2016-06-29,0.82929,0.83192,0.82063,0.82947,GBP
EUR/GBP,2016-06-30,0.82653,0.83803,0.82414,0.82618,GBP
EUR/USD,2016-06-30,1.112595,1.1154,1.1054,1.112805,USD
EUR/JPY,2016-06-30,114.262001,114.744003,113.507004,114.327003,JPY
EUR/USD,2016-07-01,1.110371,1.117,1.1074,1.110605,USD
EUR/JPY,2016-07-01,114.431,114.551003,113.699997,114.460999,JPY
EUR/GBP,2016-07-01,0.83256,0.8404,0.8315,0.83322,GBP
EUR/USD,2016-07-04,1.113102,1.115,1.11,1.113102,USD
EUR/JPY,2016-07-04,114.036003,114.5,113.970001,114.045998,JPY
EUR/GBP,2016-07-04,0.8375,0.83979,0.8354,0.8375,GBP
EUR/JPY,2016-07-05,114.250999,114.250999,112.475998,114.25,JPY
EUR/GBP,2016-07-05,0.839,0.8545,0.8389,0.83914,GBP
EUR/USD,2016-07-05,1.114554,1.118001,1.1076,1.114604,USD
EUR/GBP,2016-07-06,0.85318,0.86153,0.85091,0.85387,GBP
EUR/JPY,2016-07-06,111.933998,112.051003,110.852997,111.875999,JPY
EUR/USD,2016-07-06,1.106439,1.109,1.1034,1.106501,USD
EUR/JPY,2016-07-07,112.178001,112.290001,111.317001,112.239998,JPY
EUR/GBP,2016-07-07,0.8591,0.8591,0.8491,0.8587,GBP
EUR/USD,2016-07-07,1.110001,1.1108,1.1058,1.109903,USD
EUR/JPY,2016-07-08,111.522003,111.818001,110.886002,111.529999,JPY
EUR/GBP,2016-07-08,0.8568,0.8573,0.85049,0.85675,GBP
EUR/USD,2016-07-08,1.106501,1.1108,1.101,1.106574,USD
EUR/GBP,2016-07-11,0.85322,0.85762,0.84853,0.8531,GBP
EUR/JPY,2016-07-11,111.183998,113.544998,111.135002,111.202003,JPY
EUR/USD,2016-07-11,1.104704,1.1072,1.102,1.104399,USD
EUR/USD,2016-07-12,1.105803,1.1124,1.1054,1.105803,USD
EUR/JPY,2016-07-12,113.348,116.050003,113.294998,113.357002,JPY
EUR/GBP,2016-07-12,0.8515,0.8519,0.8354,0.85176,GBP
EUR/GBP,2016-07-13,0.83346,0.84307,0.83029,0.83297,GBP
EUR/USD,2016-07-13,1.106072,1.111999,1.1044,1.106293,USD
EUR/JPY,2016-07-13,115.822998,116.209,114.967003,115.859001,JPY
EUR/USD,2016-07-14,1.109595,1.117,1.1092,1.109496,USD
EUR/GBP,2016-07-14,0.84562,0.8465,0.82558,0.84573,GBP
EUR/JPY,2016-07-14,115.432999,118.005997,115.432999,115.473999,JPY
EUR/JPY,2016-07-15,116.802002,118.383003,116.777,116.830002,JPY
EUR/GBP,2016-07-15,0.83142,0.83834,0.82621,0.83156,GBP
EUR/USD,2016-07-15,1.110642,1.1157,1.105877,1.110605,USD
EUR/JPY,2016-07-18,116.571999,117.620003,116.367996,116.573997,JPY
EUR/USD,2016-07-18,1.105534,1.109,1.103826,1.105314,USD
EUR/GBP,2016-07-18,0.83544,0.83712,0.8324,0.83553,GBP
EUR/JPY,2016-07-19,117.482002,117.558998,116.799004,117.504997,JPY
EUR/USD,2016-07-19,1.107138,1.10807,1.1002,1.107187,USD
EUR/GBP,2016-07-19,0.8343,0.8403,0.83423,0.83435,GBP
EUR/USD,2016-07-20,1.101455,1.103,1.0984,1.101358,USD
EUR/JPY,2016-07-20,116.884003,117.528,116.545998,116.889,JPY
EUR/GBP,2016-07-20,0.84025,0.84219,0.8338,0.84025,GBP
EUR/JPY,2016-07-21,118.046997,118.435997,116.181,118.111,JPY
EUR/USD,2016-07-21,1.101734,1.1058,1.098601,1.101953,USD
EUR/GBP,2016-07-21,0.83173,0.83812,0.83108,0.83098,GBP
EUR/JPY,2016-07-22,116.695999,117.261002,116.426003,116.719002,JPY
EUR/USD,2016-07-22,1.103314,1.104,1.0968,1.10329,USD
EUR/GBP,2016-07-22,0.83348,0.84173,0.83045,0.83316,GBP
EUR/USD,2016-07-25,1.096924,1.0998,1.095362,1.097045,USD
EUR/JPY,2016-07-25,116.567001,116.931,116.300003,116.625999,JPY
EUR/GBP,2016-07-25,0.83581,0.83802,0.83373,0.83549,GBP
EUR/JPY,2016-07-26,116.025002,116.056999,114.489998,116.028999,JPY
EUR/USD,2016-07-26,1.098986,1.1024,1.098,1.099118,USD
EUR/GBP,2016-07-26,0.83842,0.84239,0.8351,0.8385,GBP
EUR/USD,2016-07-27,1.098804,1.101,1.098286,1.09878,USD
EUR/JPY,2016-07-27,115.172997,117.102997,115.172997,115.197998,JPY
EUR/GBP,2016-07-27,0.83551,0.84088,0.83497,0.83545,GBP
EUR/USD,2016-07-28,1.106819,1.111999,1.106085,1.107346,USD
EUR/GBP,2016-07-28,0.8364,0.84493,0.83565,0.83626,GBP
EUR/JPY,2016-07-28,116.189003,116.422997,115.849998,116.174004,JPY
EUR/JPY,2016-07-29,116.113998,116.150002,113.998001,116.091003,JPY
EUR/USD,2016-07-29,1.108365,1.1196,1.1074,1.108438,USD
EUR/GBP,2016-07-29,0.84179,0.84754,0.836,0.84213,GBP
EUR/GBP,2016-08-01,0.84477,0.84863,0.84167,0.845,GBP
EUR/JPY,2016-08-01,114.286003,114.728996,114.029999,114.272003,JPY
EUR/USD,2016-08-01,1.116782,1.118401,1.1156,1.116807,USD
EUR/GBP,2016-08-02,0.84671,0.84906,0.84219,0.84703,GBP
EUR/JPY,2016-08-02,114.250999,114.768997,113.168999,114.305,JPY
EUR/USD,2016-08-02,1.116707,1.1232,1.116358,1.116807,USD
EUR/GBP,2016-08-03,0.84111,0.84309,0.83779,0.84112,GBP
EUR/JPY,2016-08-03,113.382004,113.602997,112.959999,113.360001,JPY
EUR/USD,2016-08-03,1.121856,1.122,1.1164,1.121906,USD
EUR/JPY,2016-08-04,112.959,113.230003,112.492996,113.003998,JPY
EUR/USD,2016-08-04,1.115237,1.115561,1.111778,1.11515,USD
EUR/GBP,2016-08-04,0.83658,0.84951,0.8344,0.83673,GBP
EUR/JPY,2016-08-05,112.709,112.878998,112.337997,112.672997,JPY
EUR/USD,2016-08-05,1.113449,1.116146,1.104911,1.113474,USD
EUR/GBP,2016-08-05,0.84822,0.8502,0.8462,0.84807,GBP
EUR/GBP,2016-08-08,0.84791,0.85081,0.84693,0.84728,GBP
EUR/JPY,2016-08-08,113.124001,113.714996,113.005997,113.234001,JPY
EUR/USD,2016-08-08,1.10877,1.1106,1.107371,1.108955,USD
EUR/GBP,2016-08-09,0.85067,0.85649,0.85067,0.85049,GBP
EUR/USD,2016-08-09,1.108684,1.1122,1.1072,1.108365,USD
EUR/JPY,2016-08-09,113.392998,113.577003,113.035004,113.384003,JPY
EUR/GBP,2016-08-10,0.85439,0.8596,0.85179,0.85471,GBP
EUR/USD,2016-08-10,1.111815,1.12,1.111815,1.11158,USD
EUR/JPY,2016-08-10,113.321999,113.458,112.807999,113.305,JPY
EUR/USD,2016-08-11,1.118606,1.119094,1.1138,1.118643,USD
EUR/JPY,2016-08-11,113.119003,113.338997,112.714996,113.117996,JPY
EUR/GBP,2016-08-11,0.85895,0.86229,0.85762,0.85909,GBP
EUR/GBP,2016-08-12,0.85973,0.86459,0.85834,0.85987,GBP
EUR/JPY,2016-08-12,113.393997,114.019997,112.755997,113.397003,JPY
EUR/USD,2016-08-12,1.113896,1.122,1.113263,1.113908,USD
EUR/JPY,2016-08-15,113.041,113.265999,112.681,113.075996,JPY
EUR/GBP,2016-08-15,0.86469,0.87023,0.86209,0.86478,GBP
EUR/USD,2016-08-15,1.116695,1.120574,1.115548,1.116695,USD
EUR/JPY,2016-08-16,113.212997,113.222,112.366997,113.204002,JPY
EUR/GBP,2016-08-16,0.86806,0.87232,0.86578,0.86798,GBP
EUR/USD,2016-08-16,1.118443,1.132375,1.117943,1.118406,USD
EUR/GBP,2016-08-17,0.86533,0.86714,0.8631,0.86513,GBP
EUR/USD,2016-08-17,1.127904,1.129433,1.1256,1.127599,USD
EUR/JPY,2016-08-17,113.013,113.876999,112.834999,112.982002,JPY
EUR/GBP,2016-08-18,0.86616,0.86694,0.8591,0.86617,GBP
EUR/JPY,2016-08-18,112.851997,113.679001,112.68,112.875999,JPY
EUR/USD,2016-08-18,1.130199,1.134044,1.129612,1.129892,USD
EUR/JPY,2016-08-19,113.612999,113.863998,113.209999,113.612,JPY
EUR/GBP,2016-08-19,0.8619,0.86904,0.86092,0.86201,GBP
EUR/USD,2016-08-19,1.134945,1.135203,1.1306,1.134945,USD
EUR/JPY,2016-08-22,113.587997,113.819,113.400002,113.577003,JPY
EUR/GBP,2016-08-22,0.86479,0.86527,0.86101,0.86516,GBP
EUR/USD,2016-08-22,1.130071,1.133273,1.127396,1.129816,USD
EUR/GBP,2016-08-23,0.86165,0.8628,0.858,0.86178,GBP
EUR/JPY,2016-08-23,113.498001,113.717003,113.278,113.471001,JPY
EUR/USD,2016-08-23,1.131862,1.135718,1.131,1.131926,USD
EUR/USD,2016-08-24,1.130327,1.13135,1.1246,1.130084,USD
EUR/GBP,2016-08-24,0.85617,0.85778,0.84868,0.85642,GBP
EUR/JPY,2016-08-24,113.396004,113.550003,112.811996,113.358002,JPY
EUR/GBP,2016-08-25,0.8507,0.85623,0.85007,0.8508,GBP
EUR/JPY,2016-08-25,113.216003,113.561996,113.089996,113.223999,JPY
EUR/USD,2016-08-25,1.126253,1.13,1.126063,1.12638,USD
EUR/USD,2016-08-26,1.128923,1.134044,1.123469,1.12905,USD
EUR/JPY,2016-08-26,113.492996,113.802002,113.172997,113.500999,JPY
EUR/GBP,2016-08-26,0.8555,0.85641,0.85221,0.85547,GBP
EUR/USD,2016-08-29,1.119695,1.121001,1.116071,1.119946,USD
EUR/GBP,2016-08-29,0.85297,0.85489,0.85297,0.85282,GBP
EUR/JPY,2016-08-29,114.139999,114.675003,114.012001,114.123001,JPY
EUR/USD,2016-08-30,1.119194,1.119194,1.114,1.119282,USD
EUR/JPY,2016-08-30,113.927002,114.774002,113.857002,113.945,JPY
EUR/GBP,2016-08-30,0.85375,0.85509,0.8498,0.8538,GBP
EUR/GBP,2016-08-31,0.8517,0.8525,0.84699,0.8517,GBP
EUR/JPY,2016-08-31,114.691002,115.335999,114.690002,114.708,JPY
EUR/USD,2016-08-31,1.115076,1.116445,1.112595,1.115324,USD
EUR/GBP,2016-09-01,0.84943,0.8497,0.83894,0.84947,GBP
EUR/JPY,2016-09-01,115.252998,115.813004,115.024002,115.259003,JPY
EUR/USD,2016-09-01,1.115822,1.12,1.112999,1.116071,USD
EUR/GBP,2016-09-02,0.8434,0.84442,0.83762,0.8436,GBP
EUR/USD,2016-09-02,1.120072,1.125113,1.1154,1.120072,USD
EUR/JPY,2016-09-02,115.620003,116.332001,115.510002,115.629997,JPY
EUR/JPY,2016-09-05,115.991997,116.079002,115.126999,115.973999,JPY
EUR/GBP,2016-09-05,0.8391,0.84055,0.83527,0.83919,GBP
EUR/USD,2016-09-05,1.116071,1.118443,1.114132,1.116196,USD
EUR/JPY,2016-09-06,115.428001,115.667999,114.750999,115.422997,JPY
EUR/GBP,2016-09-06,0.83755,0.83787,0.83353,0.8377,GBP
EUR/USD,2016-09-06,1.1152,1.1254,1.114455,1.115324,USD
EUR/JPY,2016-09-07,114.195999,114.389999,113.839996,114.225998,JPY
EUR/GBP,2016-09-07,0.83826,0.84266,0.8374,0.8383,GBP
EUR/USD,2016-09-07,1.124859,1.126507,1.12328,1.125366,USD
EUR/USD,2016-09-08,1.124101,1.132999,1.123848,1.124101,USD
EUR/GBP,2016-09-08,0.84248,0.84931,0.84219,0.84245,GBP
EUR/JPY,2016-09-08,114.422997,115.178001,114.157997,114.442001,JPY
EUR/GBP,2016-09-09,0.84672,0.84822,0.84417,0.84675,GBP
EUR/JPY,2016-09-09,115.271004,115.904999,115.0,115.279999,JPY
EUR/USD,2016-09-09,1.126888,1.128668,1.1206,1.127142,USD
EUR/GBP,2016-09-12,0.84684,0.84836,0.8427,0.8468,GBP
EUR/JPY,2016-09-12,115.219002,115.461998,114.25,115.146004,JPY
EUR/USD,2016-09-12,1.124101,1.126253,1.121466,1.124113,USD
EUR/GBP,2016-09-13,0.84274,0.85329,0.84193,0.84271,GBP
EUR/JPY,2016-09-13,114.375,115.101997,113.947998,114.375999,JPY
EUR/USD,2016-09-13,1.124126,1.126001,1.122,1.124354,USD
EUR/GBP,2016-09-14,0.85032,0.85431,0.84839,0.8502,GBP
EUR/JPY,2016-09-14,115.014,116.070999,114.975998,114.959999,JPY
EUR/USD,2016-09-14,1.121957,1.127523,1.121453,1.121869,USD
EUR/JPY,2016-09-15,115.279999,115.405998,114.656998,115.32,JPY
EUR/GBP,2016-09-15,0.84783,0.85364,0.8473,0.84791,GBP
EUR/USD,2016-09-15,1.124543,1.128159,1.122095,1.124733,USD
EUR/JPY,2016-09-16,114.709,114.794998,113.940002,114.690002,JPY
EUR/USD,2016-09-16,1.124796,1.124986,1.1156,1.124594,USD
EUR/GBP,2016-09-16,0.84895,0.854,0.84868,0.84882,GBP
EUR/USD,2016-09-19,1.116071,1.121,1.115399,1.115847,USD
EUR/JPY,2016-09-19,114.172997,114.186996,113.478996,114.151001,JPY
EUR/GBP,2016-09-19,0.8573,0.8573,0.8534,0.85721,GBP
EUR/USD,2016-09-20,1.117943,1.121328,1.1166,1.118068,USD
EUR/GBP,2016-09-20,0.85712,0.86303,0.8562,0.85689,GBP
EUR/JPY,2016-09-20,113.897003,114.014999,113.556,113.847,JPY
EUR/USD,2016-09-21,1.115573,1.116944,1.112599,1.115399,USD
EUR/GBP,2016-09-21,0.85891,0.86051,0.8567,0.85896,GBP
EUR/JPY,2016-09-21,113.318001,114.383003,112.097,113.264999,JPY
EUR/GBP,2016-09-22,0.85833,0.86102,0.857,0.85856,GBP
EUR/JPY,2016-09-22,112.339996,113.446999,112.098999,112.347,JPY
EUR/USD,2016-09-22,1.119319,1.125873,1.118206,1.119319,USD
EUR/JPY,2016-09-23,112.956001,113.410004,112.882004,113.021004,JPY
EUR/GBP,2016-09-23,0.85653,0.86742,0.85636,0.85664,GBP
EUR/USD,2016-09-23,1.120951,1.123,1.1196,1.121013,USD
EUR/USD,2016-09-26,1.123974,1.127904,1.1222,1.123924,USD
EUR/GBP,2016-09-26,0.8658,0.87153,0.86459,0.86585,GBP
EUR/JPY,2016-09-26,113.379997,113.483002,112.863998,113.377998,JPY
EUR/USD,2016-09-27,1.125075,1.126001,1.1194,1.124986,USD
EUR/JPY,2016-09-27,112.922997,113.544998,112.247002,112.904999,JPY
EUR/GBP,2016-09-27,0.86738,0.86915,0.86112,0.86735,GBP
EUR/GBP,2016-09-28,0.86224,0.86384,0.85894,0.86205,GBP
EUR/JPY,2016-09-28,112.685997,113.080002,112.519997,112.689003,JPY
EUR/USD,2016-09-28,1.121831,1.123722,1.118401,1.121957,USD
EUR/USD,2016-09-29,1.12246,1.125,1.119946,1.122498,USD
EUR/JPY,2016-09-29,113.289001,114.171997,113.264,113.269997,JPY
EUR/GBP,2016-09-29,0.8608,0.86651,0.8599,0.86073,GBP
EUR/JPY,2016-09-30,113.517998,114.045998,112.599998,113.535004,JPY
EUR/USD,2016-09-30,1.122208,1.125,1.1154,1.121957,USD
EUR/GBP,2016-09-30,0.86535,0.8661,0.8604,0.86536,GBP
EUR/USD,2016-10-03,1.123595,1.124354,1.1206,1.123469,USD
EUR/JPY,2016-10-03,114.054001,114.094002,113.633003,114.07,JPY
EUR/GBP,2016-10-03,0.8686,0.87452,0.86767,0.86862,GBP
EUR/USD,2016-10-04,1.121328,1.125,1.114,1.121039,USD
EUR/JPY,2016-10-04,114.150002,115.332001,114.093002,114.123001,JPY
EUR/GBP,2016-10-04,0.87173,0.87995,0.8708,0.872,GBP
EUR/USD,2016-10-05,1.121076,1.124,1.1192,1.121076,USD
EUR/JPY,2016-10-05,115.271004,115.978996,115.129997,115.308998,JPY
EUR/GBP,2016-10-05,0.8805,0.88418,0.87766,0.8804,GBP
EUR/USD,2016-10-06,1.120825,1.121202,1.114951,1.120825,USD
EUR/JPY,2016-10-06,115.922997,116.269997,115.735001,115.934998,JPY
EUR/GBP,2016-10-06,0.87862,0.88497,0.87854,0.87858,GBP
EUR/JPY,2016-10-07,115.622002,115.711998,115.105003,115.605003,JPY
EUR/GBP,2016-10-07,0.89879,0.91003,0.89052,0.89896,GBP
EUR/USD,2016-10-07,1.114579,1.120197,1.1106,1.114455,USD
EUR/JPY,2016-10-10,115.349998,115.716003,115.059998,115.320999,JPY
EUR/USD,2016-10-10,1.119545,1.120197,1.115076,1.119695,USD
EUR/GBP,2016-10-10,0.90018,0.90385,0.89789,0.90019,GBP
EUR/GBP,2016-10-11,0.90226,0.90653,0.89979,0.90261,GBP
EUR/USD,2016-10-11,1.11433,1.11433,1.1056,1.114082,USD
EUR/JPY,2016-10-11,115.541,115.787003,114.279999,115.491997,JPY
EUR/JPY,2016-10-12,114.25,115.124001,114.037003,114.285004,JPY
EUR/GBP,2016-10-12,0.90108,0.90485,0.89658,0.90109,GBP
EUR/USD,2016-10-12,1.106195,1.106195,1.1006,1.106195,USD
EUR/USD,2016-10-13,1.101322,1.10485,1.098601,1.101188,USD
EUR/GBP,2016-10-13,0.90326,0.90666,0.90227,0.90341,GBP
EUR/JPY,2016-10-13,114.857002,115.116997,113.942001,114.847,JPY
EUR/JPY,2016-10-14,114.611,115.036003,114.358002,114.587997,JPY
EUR/USD,2016-10-14,1.104972,1.105828,1.098539,1.104972,USD
EUR/GBP,2016-10-14,0.90357,0.9047,0.89745,0.90388,GBP
EUR/GBP,2016-10-17,0.90043,0.90559,0.90043,0.90032,GBP
EUR/JPY,2016-10-17,114.132004,114.559998,114.056,114.087997,JPY
EUR/USD,2016-10-17,1.096852,1.1012,1.096527,1.09678,USD
EUR/USD,2016-10-18,1.1012,1.102901,1.0972,1.101564,USD
EUR/GBP,2016-10-18,0.90074,0.9017,0.89137,0.90115,GBP
EUR/JPY,2016-10-18,114.334,114.667,114.017998,114.370003,JPY
EUR/GBP,2016-10-19,0.8921,0.89555,0.89002,0.8919,GBP
EUR/JPY,2016-10-19,114.0,114.153,113.150002,113.988998,JPY
EUR/USD,2016-10-19,1.097574,1.100473,1.0956,1.097695,USD
EUR/GBP,2016-10-20,0.89265,0.90173,0.89184,0.89285,GBP
EUR/JPY,2016-10-20,113.503998,114.386002,113.366997,113.455002,JPY
EUR/USD,2016-10-20,1.097574,1.102901,1.091601,1.097514,USD
EUR/JPY,2016-10-21,113.806999,113.806999,112.607002,113.780998,JPY
EUR/USD,2016-10-21,1.093028,1.093135,1.086248,1.09304,USD
EUR/GBP,2016-10-21,0.89164,0.8939,0.88882,0.8917,GBP
EUR/GBP,2016-10-24,0.8904,0.89218,0.88898,0.89055,GBP
EUR/USD,2016-10-24,1.088495,1.0902,1.086048,1.088258,USD
EUR/JPY,2016-10-24,113.051003,113.558998,112.844002,113.066002,JPY
EUR/GBP,2016-10-25,0.88934,0.8978,0.8891,0.89,GBP
EUR/USD,2016-10-25,1.087548,1.09,1.08534,1.087548,USD
EUR/JPY,2016-10-25,113.403999,113.898003,113.402,113.420998,JPY
EUR/USD,2016-10-26,1.08872,1.094811,1.087666,1.088732,USD
EUR/GBP,2016-10-26,0.89398,0.89627,0.89173,0.89403,GBP
EUR/JPY,2016-10-26,113.371002,114.021004,113.273003,113.385002,JPY
EUR/JPY,2016-10-27,114.066002,114.838997,113.723,114.074997,JPY
EUR/USD,2016-10-27,1.091107,1.094212,1.089396,1.091203,USD
EUR/GBP,2016-10-27,0.8915,0.89781,0.88953,0.89164,GBP
EUR/JPY,2016-10-28,114.655998,115.304001,114.580002,114.643997,JPY
EUR/USD,2016-10-28,1.090001,1.09529,1.089752,1.090037,USD
EUR/GBP,2016-10-28,0.89544,0.90119,0.89455,0.8954,GBP
EUR/USD,2016-10-31,1.098418,1.098418,1.093924,1.098467,USD
EUR/GBP,2016-10-31,0.89981,0.90139,0.89808,0.89932,GBP
EUR/JPY,2016-10-31,114.835999,115.194,114.791,114.849998,JPY
EUR/JPY,2016-11-01,115.007004,115.656998,114.829002,114.992996,JPY
EUR/GBP,2016-11-01,0.89656,0.9037,0.89494,0.89655,GBP
EUR/USD,2016-11-01,1.097333,1.105094,1.096179,1.097333,USD
EUR/JPY,2016-11-02,115.097,115.110001,114.370003,115.077003,JPY
EUR/GBP,2016-11-02,0.90356,0.90465,0.89821,0.9034,GBP
EUR/USD,2016-11-02,1.10595,1.111976,1.105156,1.105705,USD
EUR/JPY,2016-11-03,114.693001,114.757004,114.029999,114.695,JPY
EUR/GBP,2016-11-03,0.9016,0.90216,0.88612,0.90162,GBP
EUR/USD,2016-11-03,1.109755,1.112842,1.106085,1.109755,USD
EUR/GBP,2016-11-04,0.8905,0.89134,0.8858,0.8903,GBP
EUR/USD,2016-11-04,1.110248,1.112595,1.108402,1.110248,USD
EUR/JPY,2016-11-04,114.383003,114.774002,114.139999,114.384003,JPY
EUR/USD,2016-11-07,1.109632,1.111235,1.103387,1.110124,USD
EUR/JPY,2016-11-07,115.583,115.757004,115.268997,115.635002,JPY
EUR/GBP,2016-11-07,0.88841,0.89362,0.88806,0.88866,GBP
EUR/USD,2016-11-08,1.105046,1.106807,1.103059,1.105217,USD
EUR/JPY,2016-11-08,115.407997,115.809998,115.126999,115.401001,JPY
EUR/GBP,2016-11-08,0.89108,0.89323,0.88912,0.89115,GBP
EUR/USD,2016-11-09,1.10205,1.130199,1.093398,1.101904,USD
EUR/JPY,2016-11-09,115.679001,115.915001,113.836998,115.707001,JPY
EUR/GBP,2016-11-09,0.88957,0.90237,0.8786,0.88935,GBP
EUR/USD,2016-11-10,1.092037,1.09553,1.08661,1.092061,USD
EUR/JPY,2016-11-10,115.572998,116.544998,114.980003,115.578003,JPY
EUR/GBP,2016-11-10,0.8792,0.88243,0.8709,0.87914,GBP
EUR/JPY,2016-11-11,116.278,116.478996,115.321999,116.357002,JPY
EUR/GBP,2016-11-11,0.86736,0.86888,0.85668,0.86733,GBP
EUR/USD,2016-11-11,1.088969,1.092538,1.0857,1.088969,USD
EUR/GBP,2016-11-14,0.86045,0.86344,0.85817,0.86076,GBP
EUR/USD,2016-11-14,1.082603,1.087429,1.07108,1.082485,USD
EUR/JPY,2016-11-14,115.657997,116.346001,115.550003,115.666,JPY
EUR/USD,2016-11-15,1.074691,1.081666,1.07237,1.075038,USD
EUR/GBP,2016-11-15,0.85847,0.87056,0.85847,0.8585,GBP
EUR/JPY,2016-11-15,116.267998,117.005997,116.080002,116.280998,JPY
EUR/USD,2016-11-16,1.072616,1.076079,1.067122,1.072731,USD
EUR/JPY,2016-11-16,116.889999,117.468002,116.813499,116.932999,JPY
EUR/GBP,2016-11-16,0.8613,0.86256,0.8574,0.86115,GBP
EUR/GBP,2016-11-17,0.86066,0.86239,0.85794,0.86057,GBP
EUR/JPY,2016-11-17,116.463997,117.203003,116.278,116.469002,JPY
EUR/USD,2016-11-17,1.070549,1.075038,1.066691,1.070664,USD
EUR/JPY,2016-11-18,117.087997,117.454002,116.801003,117.094002,JPY
EUR/GBP,2016-11-18,0.85584,0.86343,0.85273,0.85588,GBP
EUR/USD,2016-11-18,1.062473,1.064,1.057306,1.062304,USD
EUR/JPY,2016-11-21,117.401001,117.962997,117.319,117.436996,JPY
EUR/GBP,2016-11-21,0.85884,0.86365,0.84991,0.85869,GBP
EUR/USD,2016-11-21,1.058537,1.0651,1.058537,1.058425,USD
EUR/JPY,2016-11-22,117.723999,118.001999,117.417,117.705002,JPY
EUR/USD,2016-11-22,1.063875,1.065871,1.058728,1.063886,USD
EUR/GBP,2016-11-22,0.85144,0.85584,0.84966,0.85142,GBP
EUR/JPY,2016-11-23,118.016998,118.947998,117.720001,118.019997,JPY
EUR/USD,2016-11-23,1.063411,1.064509,1.052964,1.063377,USD
EUR/GBP,2016-11-23,0.85584,0.85921,0.84913,0.85576,GBP
EUR/USD,2016-11-24,1.05463,1.058761,1.052255,1.054519,USD
EUR/GBP,2016-11-24,0.84829,0.85013,0.84614,0.84792,GBP
EUR/JPY,2016-11-24,118.632004,119.697998,118.500999,118.676003,JPY
EUR/GBP,2016-11-25,0.84807,0.85437,0.8469,0.84797,GBP
EUR/JPY,2016-11-25,119.614998,120.143997,119.330002,119.619003,JPY
EUR/USD,2016-11-25,1.056412,1.062812,1.054107,1.056189,USD
EUR/GBP,2016-11-28,0.85,0.85622,0.85,0.85008,GBP
EUR/USD,2016-11-28,1.061121,1.06849,1.056747,1.061233,USD
EUR/JPY,2016-11-28,119.510002,119.628998,118.790001,119.529999,JPY
EUR/JPY,2016-11-29,118.599998,119.911003,118.599998,118.598999,JPY
EUR/USD,2016-11-29,1.062022,1.0634,1.056859,1.062135,USD
EUR/GBP,2016-11-29,0.85559,0.8557,0.84674,0.8558,GBP
EUR/USD,2016-11-30,1.064849,1.0667,1.0585,1.064849,USD
EUR/GBP,2016-11-30,0.8524,0.85771,0.84923,0.85242,GBP
EUR/JPY,2016-11-30,119.776001,120.871002,119.462997,119.742996,JPY
EUR/GBP,2016-12-01,0.84615,0.84846,0.83695,0.84611,GBP
EUR/USD,2016-12-01,1.05921,1.063717,1.058761,1.05921,USD
EUR/JPY,2016-12-01,121.434998,121.651001,120.842003,121.470001,JPY
EUR/GBP,2016-12-02,0.84664,0.84827,0.84055,0.84688,GBP
EUR/JPY,2016-12-02,121.439003,121.879997,120.911003,121.445,JPY
EUR/USD,2016-12-02,1.066325,1.069176,1.0628,1.066314,USD
EUR/USD,2016-12-05,1.057083,1.074114,1.054185,1.058201,USD
EUR/JPY,2016-12-05,119.982002,123.176003,119.512001,120.119003,JPY
EUR/GBP,2016-12-05,0.83419,0.84455,0.8305,0.83507,GBP
EUR/JPY,2016-12-06,122.490997,122.924004,122.113998,122.452003,JPY
EUR/GBP,2016-12-06,0.84502,0.84547,0.8406,0.84494,GBP
EUR/USD,2016-12-06,1.075847,1.078516,1.0726,1.075732,USD
EUR/GBP,2016-12-07,0.8457,0.85492,0.8457,0.84584,GBP
EUR/JPY,2016-12-07,122.259003,122.581001,122.069,122.240997,JPY
EUR/USD,2016-12-07,1.071926,1.0769,1.071352,1.072041,USD
EUR/GBP,2016-12-08,0.85185,0.85583,0.84284,0.85199,GBP
EUR/JPY,2016-12-08,122.387001,123.264999,121.059998,122.345001,JPY
EUR/USD,2016-12-08,1.076009,1.085658,1.061,1.076195,USD
EUR/GBP,2016-12-09,0.84392,0.8457,0.83771,0.84403,GBP
EUR/JPY,2016-12-09,121.112999,121.674004,121.059998,121.150002,JPY
EUR/USD,2016-12-09,1.062135,1.063151,1.053841,1.062135,USD
EUR/GBP,2016-12-12,0.83729,0.8428,0.8363,0.83717,GBP
EUR/USD,2016-12-12,1.05463,1.062699,1.052742,1.054741,USD
EUR/JPY,2016-12-12,121.725998,122.915001,121.585999,121.718002,JPY
EUR/USD,2016-12-13,1.064283,1.065303,1.06067,1.064169,USD
EUR/JPY,2016-12-13,122.349998,122.765999,122.150002,122.355003,JPY
EUR/GBP,2016-12-13,0.83942,0.8402,0.83399,0.83934,GBP
EUR/USD,2016-12-14,1.063038,1.066667,1.0615,1.062925,USD
EUR/JPY,2016-12-14,122.428001,122.654999,122.135002,122.434998,JPY
EUR/GBP,2016-12-14,0.83938,0.84202,0.83699,0.83927,GBP
EUR/USD,2016-12-15,1.051525,1.052521,1.040366,1.051414,USD
EUR/JPY,2016-12-15,123.237999,124.060997,122.681,123.207001,JPY
EUR/GBP,2016-12-15,0.83856,0.8398,0.83323,0.83847,GBP
EUR/USD,2016-12-16,1.041775,1.04723,1.040366,1.041884,USD
EUR/GBP,2016-12-16,0.83857,0.84242,0.83629,0.83849,GBP
EUR/JPY,2016-12-16,123.214996,123.606003,123.003998,123.163002,JPY
EUR/GBP,2016-12-19,0.83633,0.84484,0.83611,0.8363,GBP
EUR/USD,2016-12-19,1.044823,1.048196,1.041341,1.044998,USD
EUR/JPY,2016-12-19,123.069,123.094002,121.916,123.056,JPY
EUR/JPY,2016-12-20,121.766998,122.783997,121.741997,121.771004,JPY
EUR/USD,2016-12-20,1.040475,1.041992,1.035518,1.040583,USD
EUR/GBP,2016-12-20,0.83975,0.84229,0.8376,0.8398,GBP
EUR/USD,2016-12-21,1.039393,1.045151,1.03853,1.039047,USD
EUR/JPY,2016-12-21,122.431,122.801003,122.087502,122.5,JPY
EUR/GBP,2016-12-21,0.84033,0.84424,0.8403,0.84027,GBP
EUR/JPY,2016-12-22,122.620003,123.168999,122.5,122.613998,JPY
EUR/USD,2016-12-22,1.042753,1.049759,1.042753,1.042862,USD
EUR/GBP,2016-12-22,0.84399,0.85083,0.84336,0.84405,GBP
EUR/GBP,2016-12-23,0.8497,0.85372,0.8492,0.84963,GBP
EUR/USD,2016-12-23,1.04395,1.046792,1.04297,1.043765,USD
EUR/JPY,2016-12-23,122.686996,122.740997,122.370003,122.674004,JPY
EUR/GBP,2016-12-26,0.85025,0.85264,0.84843,0.85026,GBP
EUR/USD,2016-12-26,1.045588,1.047011,1.0446,1.045478,USD
EUR/JPY,2016-12-26,122.612,122.634003,122.199997,122.616997,JPY
EUR/JPY,2016-12-27,122.515999,122.971001,122.444,122.509003,JPY
EUR/GBP,2016-12-27,0.85163,0.85361,0.84996,0.8518,GBP
EUR/USD,2016-12-27,1.045577,1.046134,1.043536,1.045697,USD
EUR/JPY,2016-12-28,122.888,123.218002,122.140999,122.893997,JPY
EUR/USD,2016-12-28,1.046244,1.048218,1.038745,1.046233,USD
EUR/GBP,2016-12-28,0.85214,0.85354,0.84935,0.8522,GBP
EUR/JPY,2016-12-29,121.910004,122.233002,121.559998,121.962997,JPY
EUR/GBP,2016-12-29,0.8519,0.85801,0.85152,0.85198,GBP
EUR/USD,2016-12-29,1.041775,1.049098,1.041775,1.041699,USD
EUR/GBP,2016-12-30,0.86,0.86035,0.85161,0.86026,GBP
EUR/JPY,2016-12-30,122.929001,123.724998,122.540001,122.926003,JPY
EUR/USD,2016-12-30,1.056904,1.059098,1.051,1.05753,USD
EUR/USD,2017-01-02,1.053075,1.054074,1.046572,1.052698,USD
EUR/JPY,2017-01-02,122.919998,123.475998,122.760002,122.93,JPY
EUR/GBP,2017-01-02,0.85143,0.8533,0.8494,0.85143,GBP
EUR/GBP,2017-01-03,0.85146,0.85284,0.845,0.8515,GBP
EUR/USD,2017-01-03,1.045916,1.049208,1.034768,1.046003,USD
EUR/JPY,2017-01-03,122.850998,123.317001,122.525002,122.870003,JPY
EUR/USD,2017-01-04,1.04184,1.047889,1.039134,1.041992,USD
EUR/JPY,2017-01-04,122.583,122.967003,122.492996,122.57,JPY
EUR/GBP,2017-01-04,0.85076,0.85355,0.8481,0.85085,GBP
EUR/JPY,2017-01-05,122.902,123.001999,122.084999,122.957001,JPY
EUR/USD,2017-01-05,1.049869,1.060895,1.048658,1.050089,USD
EUR/GBP,2017-01-05,0.85168,0.85777,0.85168,0.85189,GBP
EUR/GBP,2017-01-06,0.85356,0.85865,0.8534,0.85367,GBP
EUR/JPY,2017-01-06,122.273003,123.199997,122.262001,122.230003,JPY
EUR/USD,2017-01-06,1.060558,1.060895,1.053963,1.060592,USD
EUR/GBP,2017-01-09,0.85903,0.8689,0.8586,0.859,GBP
EUR/JPY,2017-01-09,123.363998,123.699997,122.431,123.345001,JPY
EUR/USD,2017-01-09,1.053408,1.056078,1.051348,1.053186,USD
EUR/JPY,2017-01-10,122.765999,122.925003,122.232597,122.792999,JPY
EUR/USD,2017-01-10,1.058761,1.062586,1.056189,1.058862,USD
EUR/GBP,2017-01-10,0.86963,0.87628,0.8684,0.86978,GBP
EUR/USD,2017-01-11,1.055409,1.056747,1.045697,1.055242,USD
EUR/GBP,2017-01-11,0.86667,0.86991,0.86488,0.86686,GBP
EUR/JPY,2017-01-11,122.264,122.609001,121.945999,122.275002,JPY
EUR/JPY,2017-01-12,121.899002,122.012001,121.169998,121.942001,JPY
EUR/USD,2017-01-12,1.059659,1.068604,1.05753,1.059771,USD
EUR/GBP,2017-01-12,0.86764,0.87248,0.86551,0.8677,GBP
EUR/JPY,2017-01-13,121.751999,122.391998,121.663002,121.709999,JPY
EUR/USD,2017-01-13,1.061797,1.06678,1.06,1.061684,USD
EUR/GBP,2017-01-13,0.8726,0.87652,0.87077,0.8723,GBP
EUR/GBP,2017-01-16,0.88276,0.88451,0.87684,0.88277,GBP
EUR/USD,2017-01-16,1.062688,1.063343,1.058134,1.062869,USD
EUR/JPY,2017-01-16,121.412003,121.632004,120.75,121.389999,JPY
EUR/JPY,2017-01-17,121.005997,121.367996,120.557999,121.028999,JPY
EUR/USD,2017-01-17,1.060389,1.0718,1.060142,1.060299,USD
EUR/GBP,2017-01-17,0.88062,0.88126,0.86335,0.8806,GBP
EUR/JPY,2017-01-18,120.778999,121.252998,120.648003,120.738998,JPY
EUR/GBP,2017-01-18,0.8634,0.8702,0.8632,0.86342,GBP
EUR/USD,2017-01-18,1.069782,1.071467,1.065962,1.069679,USD
EUR/JPY,2017-01-19,121.953003,122.417999,121.789001,121.955002,JPY
EUR/USD,2017-01-19,1.062948,1.06768,1.058974,1.062778,USD
EUR/GBP,2017-01-19,0.86683,0.86776,0.86105,0.86681,GBP
EUR/GBP,2017-01-20,0.86385,0.86707,0.8631,0.86387,GBP
EUR/USD,2017-01-20,1.066132,1.069519,1.062677,1.065973,USD
EUR/JPY,2017-01-20,122.480003,122.846001,122.367996,122.529999,JPY
EUR/GBP,2017-01-23,0.86478,0.86622,0.85952,0.86481,GBP
EUR/USD,2017-01-23,1.071146,1.075616,1.070836,1.071375,USD
EUR/JPY,2017-01-23,121.941002,122.200996,121.421997,121.922997,JPY
EUR/GBP,2017-01-24,0.8595,0.86472,0.85735,0.85952,GBP
EUR/JPY,2017-01-24,121.375,121.898003,121.204002,121.337997,JPY
EUR/USD,2017-01-24,1.075755,1.077284,1.072777,1.076079,USD
EUR/JPY,2017-01-25,122.169998,122.228996,121.628998,122.128998,JPY
EUR/USD,2017-01-25,1.072789,1.076878,1.071214,1.072869,USD
EUR/GBP,2017-01-25,0.85609,0.85779,0.85142,0.85596,GBP
EUR/JPY,2017-01-26,121.724998,122.651001,121.690002,121.790001,JPY
EUR/USD,2017-01-26,1.0755,1.076658,1.067065,1.075199,USD
EUR/GBP,2017-01-26,0.85103,0.85324,0.84725,0.85099,GBP
EUR/JPY,2017-01-27,122.253998,123.297997,122.237,122.264,JPY
EUR/USD,2017-01-27,1.068285,1.072478,1.066053,1.068296,USD
EUR/GBP,2017-01-27,0.84815,0.85361,0.8477,0.8481,GBP
EUR/JPY,2017-01-30,122.925003,123.011002,121.542,122.849998,JPY
EUR/USD,2017-01-30,1.071915,1.074033,1.06209,1.071398,USD
EUR/GBP,2017-01-30,0.85105,0.85491,0.84903,0.85079,GBP
EUR/JPY,2017-01-31,121.723999,122.195999,121.033997,121.718002,JPY
EUR/USD,2017-01-31,1.07071,1.081034,1.068604,1.070859,USD
EUR/GBP,2017-01-31,0.85636,0.86324,0.8546,0.85665,GBP
EUR/GBP,2017-02-01,0.85807,0.85934,0.84936,0.85803,GBP
EUR/USD,2017-02-01,1.080264,1.080847,1.073941,1.08038,USD
EUR/JPY,2017-02-01,121.785004,122.490997,121.785004,121.776001,JPY
EUR/USD,2017-02-02,1.076844,1.082661,1.076844,1.076739,USD
EUR/JPY,2017-02-02,121.933998,121.963997,121.268997,121.991997,JPY
EUR/GBP,2017-02-02,0.85032,0.8622,0.84999,0.85053,GBP
EUR/USD,2017-02-03,1.076334,1.079715,1.072892,1.076171,USD
EUR/JPY,2017-02-03,121.377998,121.758003,121.112,121.369003,JPY
EUR/GBP,2017-02-03,0.85958,0.864,0.85743,0.85952,GBP
EUR/JPY,2017-02-06,121.455002,121.466003,120.132004,121.452003,JPY
EUR/GBP,2017-02-06,0.86369,0.86381,0.85925,0.86365,GBP
EUR/USD,2017-02-06,1.078341,1.078888,1.070664,1.078295,USD
EUR/USD,2017-02-07,1.074322,1.074345,1.065678,1.074322,USD
EUR/GBP,2017-02-07,0.8615,0.86375,0.85849,0.86157,GBP
EUR/JPY,2017-02-07,120.098,120.130997,119.526001,120.132004,JPY
EUR/JPY,2017-02-08,120.027,120.080002,119.338997,120.0,JPY
EUR/USD,2017-02-08,1.067897,1.070744,1.064215,1.067806,USD
EUR/GBP,2017-02-08,0.85455,0.85512,0.85098,0.8545,GBP
EUR/JPY,2017-02-09,119.697998,120.683998,119.660004,119.693001,JPY
EUR/USD,2017-02-09,1.06921,1.071008,1.065735,1.069221,USD
EUR/GBP,2017-02-09,0.85351,0.8547,0.84951,0.8534,GBP
EUR/USD,2017-02-10,1.065689,1.066894,1.060985,1.065859,USD
EUR/JPY,2017-02-10,120.879997,121.332001,120.499001,120.896004,JPY
EUR/GBP,2017-02-10,0.85291,0.8549,0.8502,0.85275,GBP
EUR/JPY,2017-02-13,121.022003,121.148003,120.726997,120.961998,JPY
EUR/GBP,2017-02-13,0.85064,0.85127,0.84805,0.8505,GBP
EUR/USD,2017-02-13,1.061932,1.065803,1.059345,1.061954,USD
EUR/GBP,2017-02-14,0.84627,0.85289,0.84585,0.84626,GBP
EUR/USD,2017-02-14,1.059917,1.063321,1.056178,1.05985,USD
EUR/JPY,2017-02-14,120.484001,120.915001,120.231003,120.501999,JPY
EUR/GBP,2017-02-15,0.84833,0.85113,0.84659,0.84827,GBP
EUR/USD,2017-02-15,1.057865,1.058795,1.052211,1.057832,USD
EUR/JPY,2017-02-15,120.884003,121.241997,120.709503,120.893997,JPY
EUR/GBP,2017-02-16,0.85045,0.85384,0.8487,0.85057,GBP
EUR/USD,2017-02-16,1.060187,1.067475,1.060052,1.060738,USD
EUR/JPY,2017-02-16,121.0,121.136002,120.739998,121.035004,JPY
EUR/JPY,2017-02-17,120.904999,121.089996,119.879997,120.916,JPY
EUR/USD,2017-02-17,1.066701,1.067692,1.062586,1.067225,USD
EUR/GBP,2017-02-17,0.85454,0.85893,0.85198,0.8545,GBP
EUR/JPY,2017-02-20,119.969002,120.296997,119.769997,119.976997,JPY
EUR/USD,2017-02-20,1.062677,1.063151,1.060524,1.062665,USD
EUR/GBP,2017-02-20,0.8548,0.8552,0.8511,0.85458,GBP
EUR/USD,2017-02-21,1.06103,1.061256,1.052665,1.06094,USD
EUR/JPY,2017-02-21,120.153999,120.301003,119.566002,120.172997,JPY
EUR/GBP,2017-02-21,0.85053,0.85117,0.84494,0.85054,GBP
EUR/USD,2017-02-22,1.054218,1.055621,1.049681,1.054207,USD
EUR/GBP,2017-02-22,0.8442,0.8467,0.84021,0.84418,GBP
EUR/JPY,2017-02-22,119.809998,119.844002,118.580002,119.824997,JPY
EUR/GBP,2017-02-23,0.84718,0.84928,0.84381,0.8471,GBP
EUR/JPY,2017-02-23,119.625999,119.689003,119.153999,119.655998,JPY
EUR/USD,2017-02-23,1.055175,1.059502,1.053896,1.055409,USD
EUR/GBP,2017-02-24,0.8428,0.84759,0.84218,0.84292,GBP
EUR/JPY,2017-02-24,119.260002,119.491997,118.714996,119.261002,JPY
EUR/USD,2017-02-24,1.05847,1.061808,1.056625,1.058447,USD
EUR/GBP,2017-02-27,0.85092,0.85391,0.84959,0.85099,GBP
EUR/JPY,2017-02-27,118.364998,119.099998,118.248001,118.384003,JPY
EUR/USD,2017-02-27,1.055286,1.061458,1.055286,1.055275,USD
EUR/GBP,2017-02-28,0.85084,0.85434,0.85058,0.8509,GBP
EUR/USD,2017-02-28,1.058279,1.062699,1.057664,1.058425,USD
EUR/JPY,2017-02-28,119.299004,119.362,118.712997,119.323997,JPY
EUR/USD,2017-03-01,1.056926,1.058806,1.051525,1.056915,USD
EUR/GBP,2017-03-01,0.85372,0.8575,0.851,0.8538,GBP
EUR/JPY,2017-03-01,119.460999,120.195999,119.396004,119.499001,JPY
EUR/USD,2017-03-02,1.05363,1.054519,1.050045,1.053585,USD
EUR/GBP,2017-03-02,0.85861,0.85881,0.85486,0.85843,GBP
EUR/JPY,2017-03-02,120.210999,120.476997,119.970001,120.223999,JPY
EUR/GBP,2017-03-03,0.85607,0.86394,0.85591,0.85595,GBP
EUR/USD,2017-03-03,1.050851,1.057373,1.050354,1.050972,USD
EUR/JPY,2017-03-03,120.127998,120.938004,120.010002,120.136002,JPY
EUR/GBP,2017-03-06,0.86375,0.86683,0.8625,0.86336,GBP
EUR/USD,2017-03-06,1.061875,1.063807,1.05782,1.062045,USD
EUR/JPY,2017-03-06,120.855003,120.855003,120.361,120.901001,JPY
EUR/JPY,2017-03-07,120.528999,120.705002,120.379997,120.513,JPY
EUR/GBP,2017-03-07,0.86446,0.8681,0.8639,0.8644,GBP
EUR/USD,2017-03-07,1.058123,1.0604,1.056078,1.057921,USD
EUR/GBP,2017-03-08,0.86597,0.86945,0.8652,0.866,GBP
EUR/JPY,2017-03-08,120.393997,121.097,120.0,120.410004,JPY
EUR/USD,2017-03-08,1.056893,1.05753,1.05373,1.057015,USD
EUR/JPY,2017-03-09,120.621002,121.834999,120.5,120.643997,JPY
EUR/USD,2017-03-09,1.054407,1.061402,1.052565,1.054741,USD
EUR/GBP,2017-03-09,0.8661,0.8715,0.8654,0.866,GBP
EUR/USD,2017-03-10,1.058134,1.066906,1.058134,1.057843,USD
EUR/GBP,2017-03-10,0.87024,0.8765,0.87024,0.87016,GBP
EUR/JPY,2017-03-10,121.813004,122.733002,121.813004,121.795998,JPY
EUR/USD,2017-03-13,1.068799,1.071582,1.065689,1.069004,USD
EUR/GBP,2017-03-13,0.87819,0.8787,0.87155,0.87822,GBP
EUR/JPY,2017-03-13,122.667,122.878998,122.160004,122.664001,JPY
EUR/GBP,2017-03-14,0.8724,0.87834,0.8723,0.87256,GBP
EUR/USD,2017-03-14,1.065201,1.066212,1.062744,1.065144,USD
EUR/JPY,2017-03-14,122.384003,122.601997,121.821999,122.387001,JPY
EUR/USD,2017-03-15,1.061244,1.0641,1.061053,1.061244,USD
EUR/GBP,2017-03-15,0.87278,0.87326,0.86788,0.87286,GBP
EUR/JPY,2017-03-15,121.674004,122.051003,121.667,121.669998,JPY
EUR/JPY,2017-03-16,121.757004,121.810997,121.181,121.764999,JPY
EUR/GBP,2017-03-16,0.87418,0.87565,0.86729,0.87423,GBP
EUR/USD,2017-03-16,1.073791,1.074576,1.07071,1.073791,USD
EUR/JPY,2017-03-17,122.101997,122.25,120.817001,122.096001,JPY
EUR/GBP,2017-03-17,0.87215,0.87357,0.8679,0.8721,GBP
EUR/USD,2017-03-17,1.077052,1.0783,1.072984,1.07747,USD
EUR/GBP,2017-03-20,0.86747,0.86955,0.86596,0.86737,GBP
EUR/USD,2017-03-20,1.074229,1.0777,1.074229,1.074299,USD
EUR/JPY,2017-03-20,121.036003,121.415001,120.989998,121.035004,JPY
EUR/GBP,2017-03-21,0.8682,0.8724,0.8654,0.8681,GBP
EUR/JPY,2017-03-21,120.862999,121.828003,120.724998,120.850998,JPY
EUR/USD,2017-03-21,1.073676,1.0819,1.073676,1.073768,USD
EUR/USD,2017-03-22,1.081128,1.082075,1.077656,1.081245,USD
EUR/GBP,2017-03-22,0.86614,0.86972,0.8643,0.86625,GBP
EUR/JPY,2017-03-22,120.607002,120.725998,119.764,120.587997,JPY
EUR/JPY,2017-03-23,120.115997,120.294998,119.329002,120.178001,JPY
EUR/GBP,2017-03-23,0.8651,0.8653,0.86051,0.86498,GBP
EUR/USD,2017-03-23,1.07897,1.080497,1.077052,1.079016,USD
EUR/USD,2017-03-24,1.0784,1.081198,1.07616,1.078388,USD
EUR/JPY,2017-03-24,119.686996,120.143997,119.526001,119.698997,JPY
EUR/GBP,2017-03-24,0.8614,0.86612,0.8613,0.8615,GBP
EUR/USD,2017-03-27,1.084599,1.090489,1.083905,1.084952,USD
EUR/JPY,2017-03-27,119.889999,120.313004,119.547997,119.915001,JPY
EUR/GBP,2017-03-27,0.86679,0.86679,0.8625,0.86671,GBP
EUR/JPY,2017-03-28,120.290001,120.379997,119.700996,120.303001,JPY
EUR/GBP,2017-03-28,0.86481,0.86788,0.8617,0.8647,GBP
EUR/USD,2017-03-28,1.086272,1.087429,1.084693,1.086095,USD
EUR/JPY,2017-03-29,120.269997,120.439003,119.016998,120.300003,JPY
EUR/USD,2017-03-29,1.081748,1.082649,1.074091,1.081771,USD
EUR/GBP,2017-03-29,0.87078,0.8733,0.86272,0.8707,GBP
EUR/JPY,2017-03-30,119.556,119.827003,119.150002,119.57,JPY
EUR/USD,2017-03-30,1.075998,1.0769,1.072191,1.075963,USD
EUR/GBP,2017-03-30,0.86486,0.86601,0.85763,0.86487,GBP
EUR/JPY,2017-03-31,119.413002,119.805,119.105202,119.440002,JPY
EUR/USD,2017-03-31,1.068753,1.070091,1.067225,1.068707,USD
EUR/GBP,2017-03-31,0.85652,0.85932,0.85331,0.85647,GBP
EUR/GBP,2017-04-03,0.85073,0.85451,0.85049,0.8508,GBP
EUR/JPY,2017-04-03,118.739998,119.040001,118.141998,118.707001,JPY
EUR/USD,2017-04-03,1.066815,1.068376,1.064373,1.066883,USD
EUR/USD,2017-04-04,1.067019,1.067464,1.063683,1.067008,USD
EUR/JPY,2017-04-04,118.112999,118.181,117.419998,118.119003,JPY
EUR/GBP,2017-04-04,0.8541,0.85843,0.8537,0.854,GBP
EUR/GBP,2017-04-05,0.85827,0.85887,0.85326,0.8583,GBP
EUR/USD,2017-04-05,1.067954,1.068913,1.065405,1.068034,USD
EUR/JPY,2017-04-05,118.346001,118.763,118.019997,118.389999,JPY
EUR/GBP,2017-04-06,0.85462,0.85652,0.85111,0.8544,GBP
EUR/USD,2017-04-06,1.067327,1.068399,1.063196,1.067247,USD
EUR/JPY,2017-04-06,117.818001,118.394997,117.385002,117.792,JPY
EUR/GBP,2017-04-07,0.85358,0.85779,0.85315,0.85359,GBP
EUR/JPY,2017-04-07,118.016998,118.156998,117.363998,118.033997,JPY
EUR/USD,2017-04-07,1.064305,1.066041,1.061166,1.064464,USD
EUR/GBP,2017-04-10,0.85497,0.85515,0.8524,0.85503,GBP
EUR/JPY,2017-04-10,117.688004,118.035004,117.589996,117.692001,JPY
EUR/USD,2017-04-10,1.058425,1.060783,1.057038,1.058201,USD
EUR/GBP,2017-04-11,0.8529,0.85474,0.85023,0.8529,GBP
EUR/USD,2017-04-11,1.059782,1.062948,1.057921,1.05976,USD
EUR/JPY,2017-04-11,117.301003,117.455002,116.432503,117.322998,JPY
EUR/JPY,2017-04-12,116.25,116.540001,115.969002,116.25,JPY
EUR/GBP,2017-04-12,0.84935,0.85044,0.8477,0.84934,GBP
EUR/USD,2017-04-12,1.060963,1.062383,1.059659,1.061132,USD
EUR/USD,2017-04-13,1.067156,1.067806,1.061177,1.067065,USD
EUR/GBP,2017-04-13,0.85024,0.85024,0.8475,0.85018,GBP
EUR/JPY,2017-04-13,116.165001,116.442001,115.875504,116.197998,JPY
EUR/USD,2017-04-14,1.061797,1.063151,1.060704,1.061639,USD
EUR/GBP,2017-04-14,0.84884,0.84944,0.8474,0.84888,GBP
EUR/JPY,2017-04-14,115.816002,116.002998,115.339996,115.875999,JPY
EUR/USD,2017-04-17,1.061121,1.066985,1.060974,1.061053,USD
EUR/JPY,2017-04-17,114.905998,115.683998,114.867996,114.931999,JPY
EUR/GBP,2017-04-17,0.84627,0.84892,0.84627,0.84651,GBP
EUR/GBP,2017-04-18,0.84751,0.85092,0.83794,0.84754,GBP
EUR/JPY,2017-04-18,116.166,116.407997,115.762001,116.154999,JPY
EUR/USD,2017-04-18,1.064385,1.070859,1.063796,1.064453,USD
EUR/GBP,2017-04-19,0.8351,0.8373,0.83371,0.83521,GBP
EUR/USD,2017-04-19,1.072835,1.073653,1.07016,1.072869,USD
EUR/JPY,2017-04-19,116.446999,116.948997,116.275002,116.432999,JPY
EUR/JPY,2017-04-20,116.620003,117.769997,116.599998,116.605003,JPY
EUR/USD,2017-04-20,1.07149,1.077819,1.071065,1.071501,USD
EUR/GBP,2017-04-20,0.83827,0.84135,0.83625,0.8382,GBP
EUR/GBP,2017-04-21,0.83693,0.83835,0.83526,0.83692,GBP
EUR/JPY,2017-04-21,117.161003,117.294998,116.480003,117.194,JPY
EUR/USD,2017-04-21,1.071329,1.073756,1.068707,1.07149,USD
EUR/USD,2017-04-24,1.087536,1.0878,1.082169,1.087394,USD
EUR/GBP,2017-04-24,0.84777,0.85086,0.84523,0.8476,GBP
EUR/JPY,2017-04-24,119.612999,119.912003,119.004997,119.579002,JPY
EUR/USD,2017-04-25,1.086768,1.094092,1.085199,1.086484,USD
EUR/JPY,2017-04-25,119.130997,121.397003,119.130997,119.116997,JPY
EUR/GBP,2017-04-25,0.85034,0.8526,0.8477,0.8502,GBP
EUR/USD,2017-04-26,1.092848,1.095074,1.086071,1.092825,USD
EUR/JPY,2017-04-26,121.362999,121.973999,120.964996,121.339996,JPY
EUR/GBP,2017-04-26,0.8516,0.85303,0.84594,0.85154,GBP
EUR/JPY,2017-04-27,121.271004,121.852997,120.621201,121.291,JPY
EUR/USD,2017-04-27,1.090929,1.093075,1.085258,1.090893,USD
EUR/GBP,2017-04-27,0.84902,0.8495,0.84158,0.84896,GBP
EUR/GBP,2017-04-28,0.8427,0.84614,0.84119,0.84256,GBP
EUR/JPY,2017-04-28,120.848999,121.987999,120.669998,120.834999,JPY
EUR/USD,2017-04-28,1.086673,1.094811,1.085824,1.086425,USD
EUR/USD,2017-05-01,1.090608,1.092538,1.088542,1.09075,USD
EUR/JPY,2017-05-01,121.410004,122.044998,121.360001,121.417999,JPY
EUR/GBP,2017-05-01,0.84328,0.8448,0.8424,0.84339,GBP
EUR/GBP,2017-05-02,0.8459,0.84837,0.8423,0.84579,GBP
EUR/USD,2017-05-02,1.090965,1.092538,1.08891,1.090893,USD
EUR/JPY,2017-05-02,122.007004,122.589996,121.989998,121.968002,JPY
EUR/GBP,2017-05-03,0.84496,0.84764,0.84379,0.84498,GBP
EUR/JPY,2017-05-03,122.463997,122.764,122.300003,122.462997,JPY
EUR/USD,2017-05-03,1.093565,1.093972,1.090572,1.093565,USD
EUR/USD,2017-05-04,1.088874,1.096852,1.08763,1.088898,USD
EUR/JPY,2017-05-04,122.818001,123.626999,122.599998,122.799004,JPY
EUR/GBP,2017-05-04,0.8457,0.84924,0.8456,0.84586,GBP
EUR/GBP,2017-05-05,0.84954,0.8508,0.84661,0.8495,GBP
EUR/USD,2017-05-05,1.098141,1.099989,1.095326,1.098153,USD
EUR/JPY,2017-05-05,123.569,123.893997,122.931999,123.581001,JPY
EUR/USD,2017-05-08,1.096696,1.099626,1.091953,1.096515,USD
EUR/JPY,2017-05-08,123.581001,123.997002,123.0,123.557999,JPY
EUR/GBP,2017-05-08,0.84549,0.84784,0.84343,0.84565,GBP
EUR/USD,2017-05-09,1.092729,1.0934,1.087264,1.092777,USD
EUR/GBP,2017-05-09,0.84428,0.84463,0.84029,0.84419,GBP
EUR/JPY,2017-05-09,123.699997,124.527,123.657997,123.708,JPY
EUR/GBP,2017-05-10,0.84079,0.84163,0.8384,0.84071,GBP
EUR/USD,2017-05-10,1.088696,1.090037,1.085941,1.088684,USD
EUR/JPY,2017-05-10,123.764999,124.313004,123.516998,123.739998,JPY
EUR/GBP,2017-05-11,0.84043,0.84501,0.8397,0.84045,GBP
EUR/JPY,2017-05-11,124.204002,124.401001,123.342003,124.230003,JPY
EUR/USD,2017-05-11,1.086673,1.0892,1.083999,1.087075,USD
EUR/JPY,2017-05-12,123.644997,123.945999,123.322998,123.648003,JPY
EUR/GBP,2017-05-12,0.8429,0.84882,0.8428,0.84287,GBP
EUR/USD,2017-05-12,1.086602,1.093374,1.085765,1.086496,USD
EUR/JPY,2017-05-15,123.777,124.883003,123.772003,123.769997,JPY
EUR/GBP,2017-05-15,0.84807,0.85083,0.84585,0.84803,GBP
EUR/USD,2017-05-15,1.092801,1.099,1.092323,1.092729,USD
EUR/JPY,2017-05-16,124.780998,125.790001,124.599998,124.782997,JPY
EUR/GBP,2017-05-16,0.85092,0.85944,0.85042,0.85088,GBP
EUR/USD,2017-05-16,1.098068,1.10893,1.09796,1.098177,USD
EUR/USD,2017-05-17,1.10957,1.115026,1.108316,1.109398,USD
EUR/JPY,2017-05-17,125.060997,125.065002,123.949501,124.966003,JPY
EUR/GBP,2017-05-17,0.85895,0.86115,0.85614,0.85882,GBP
EUR/GBP,2017-05-18,0.8598,0.86096,0.85255,0.8601,GBP
EUR/JPY,2017-05-18,123.934998,124.100998,122.572998,123.959999,JPY
EUR/USD,2017-05-18,1.115424,1.117206,1.110494,1.115636,USD
EUR/USD,2017-05-19,1.111086,1.119821,1.110075,1.111358,USD
EUR/GBP,2017-05-19,0.8576,0.86021,0.85688,0.85754,GBP
EUR/JPY,2017-05-19,123.782997,124.910004,123.379997,123.800003,JPY
EUR/GBP,2017-05-22,0.86105,0.86501,0.86003,0.86105,GBP
EUR/JPY,2017-05-22,124.637001,125.271004,124.140999,124.684998,JPY
EUR/USD,2017-05-22,1.120235,1.126329,1.116233,1.120486,USD
EUR/JPY,2017-05-23,124.667,125.345001,124.559998,124.621002,JPY
EUR/GBP,2017-05-23,0.86488,0.86744,0.86239,0.8648,GBP
EUR/USD,2017-05-23,1.123709,1.126672,1.119633,1.123886,USD
EUR/GBP,2017-05-24,0.86282,0.86495,0.8602,0.8628,GBP
EUR/USD,2017-05-24,1.118093,1.120247,1.116944,1.117931,USD
EUR/JPY,2017-05-24,125.148003,125.385002,124.910698,125.153999,JPY
EUR/USD,2017-05-25,1.123116,1.1251,1.119557,1.123091,USD
EUR/GBP,2017-05-25,0.86539,0.86659,0.8643,0.86531,GBP
EUR/JPY,2017-05-25,125.264,125.776001,125.190002,125.244003,JPY
EUR/GBP,2017-05-26,0.867,0.87495,0.867,0.86695,GBP
EUR/USD,2017-05-26,1.121064,1.123204,1.116346,1.121076,USD
EUR/JPY,2017-05-26,125.230003,125.280998,124.160004,125.249001,JPY
EUR/JPY,2017-05-29,124.338997,124.625,124.199997,124.328003,JPY
EUR/USD,2017-05-29,1.117518,1.119069,1.116296,1.117606,USD
EUR/GBP,2017-05-29,0.87207,0.87214,0.87,0.8721,GBP
EUR/JPY,2017-05-30,123.742996,124.371002,123.177002,123.723,JPY
EUR/GBP,2017-05-30,0.86841,0.87011,0.86574,0.86845,GBP
EUR/USD,2017-05-30,1.112941,1.12016,1.111074,1.112904,USD
EUR/GBP,2017-05-31,0.87227,0.87465,0.87031,0.8721,GBP
EUR/USD,2017-05-31,1.117368,1.125226,1.116582,1.117169,USD
EUR/JPY,2017-05-31,123.878998,124.512001,123.760002,123.800003,JPY
EUR/USD,2017-06-01,1.123823,1.12572,1.12031,1.124354,USD
EUR/GBP,2017-06-01,0.87278,0.87533,0.86862,0.8729,GBP
EUR/JPY,2017-06-01,124.483002,125.072998,124.483002,124.510002,JPY
EUR/GBP,2017-06-02,0.8701,0.87667,0.86966,0.8701,GBP
EUR/JPY,2017-06-02,124.973,125.294998,124.436996,124.956001,JPY
EUR/USD,2017-06-02,1.121328,1.128146,1.120624,1.121579,USD
EUR/JPY,2017-06-05,124.566002,124.698997,124.190002,124.602997,JPY
EUR/GBP,2017-06-05,0.87635,0.87653,0.8694,0.87645,GBP
EUR/USD,2017-06-05,1.127548,1.127904,1.123621,1.128083,USD
EUR/GBP,2017-06-06,0.87221,0.87471,0.8693,0.8719,GBP
EUR/USD,2017-06-06,1.125822,1.127904,1.124126,1.125682,USD
EUR/JPY,2017-06-06,124.266998,124.348,122.955002,124.247002,JPY
EUR/GBP,2017-06-07,0.8731,0.8736,0.86773,0.87332,GBP
EUR/USD,2017-06-07,1.127053,1.127993,1.120523,1.127142,USD
EUR/JPY,2017-06-07,123.396004,123.509003,122.649002,123.410004,JPY
EUR/GBP,2017-06-08,0.86819,0.86981,0.86634,0.86825,GBP
EUR/USD,2017-06-08,1.125467,1.127015,1.119645,1.125518,USD
EUR/JPY,2017-06-08,123.723,124.023003,123.182999,123.679001,JPY
EUR/GBP,2017-06-09,0.87879,0.88551,0.87479,0.87903,GBP
EUR/USD,2017-06-09,1.119319,1.121705,1.116782,1.118481,USD
EUR/JPY,2017-06-09,123.008003,123.849998,122.919998,122.873001,JPY
EUR/USD,2017-06-12,1.120235,1.1231,1.119407,1.120197,USD
EUR/GBP,2017-06-12,0.87898,0.88639,0.878,0.87914,GBP
EUR/JPY,2017-06-12,123.564003,123.710999,122.862,123.514,JPY
EUR/JPY,2017-06-13,123.087997,123.735001,123.050003,123.061996,JPY
EUR/USD,2017-06-13,1.119909,1.122523,1.118581,1.11962,USD
EUR/GBP,2017-06-13,0.88386,0.885,0.87852,0.88364,GBP
EUR/JPY,2017-06-14,123.365997,123.633003,122.860001,123.339996,JPY
EUR/USD,2017-06-14,1.121076,1.12951,1.119858,1.120888,USD
EUR/GBP,2017-06-14,0.8792,0.88352,0.87678,0.87912,GBP
EUR/JPY,2017-06-15,122.696999,123.529999,122.400002,122.699997,JPY
EUR/USD,2017-06-15,1.121617,1.122838,1.113363,1.121579,USD
EUR/GBP,2017-06-15,0.87914,0.88063,0.8722,0.87906,GBP
EUR/JPY,2017-06-16,123.781998,124.447998,123.769997,123.669998,JPY
EUR/GBP,2017-06-16,0.87353,0.87605,0.87196,0.8737,GBP
EUR/USD,2017-06-16,1.11474,1.119971,1.113908,1.114691,USD
EUR/USD,2017-06-19,1.120335,1.121328,1.115984,1.120825,USD
EUR/GBP,2017-06-19,0.87695,0.87732,0.87344,0.87692,GBP
EUR/JPY,2017-06-19,124.328003,124.488998,124.129997,124.322998,JPY
EUR/GBP,2017-06-20,0.87533,0.88297,0.87387,0.87532,GBP
EUR/USD,2017-06-20,1.114467,1.1166,1.112087,1.114455,USD
EUR/JPY,2017-06-20,124.522003,124.621002,124.0,124.449997,JPY
EUR/USD,2017-06-21,1.113635,1.115449,1.112867,1.113697,USD
EUR/JPY,2017-06-21,123.992996,124.431999,123.655998,123.989998,JPY
EUR/GBP,2017-06-21,0.88151,0.88441,0.87724,0.88159,GBP
EUR/USD,2017-06-22,1.116844,1.117818,1.114715,1.11672,USD
EUR/GBP,2017-06-22,0.881,0.88275,0.8804,0.8809,GBP
EUR/JPY,2017-06-22,124.336998,124.336998,123.849998,124.310997,JPY
EUR/USD,2017-06-23,1.114976,1.120863,1.114628,1.114964,USD
EUR/GBP,2017-06-23,0.8791,0.88028,0.87639,0.87939,GBP
EUR/JPY,2017-06-23,124.099998,124.696999,124.018997,124.059998,JPY
EUR/USD,2017-06-26,1.119971,1.121869,1.117256,1.119884,USD
EUR/GBP,2017-06-26,0.87872,0.88061,0.8772,0.87874,GBP
EUR/JPY,2017-06-26,124.580002,125.007004,124.519997,124.57,JPY
EUR/JPY,2017-06-27,125.111,127.359001,124.753998,125.094002,JPY
EUR/USD,2017-06-27,1.118068,1.133016,1.118055,1.118356,USD
EUR/GBP,2017-06-27,0.87887,0.8856,0.87832,0.87883,GBP
EUR/GBP,2017-06-28,0.88475,0.88794,0.87716,0.88477,GBP
EUR/USD,2017-06-28,1.133684,1.138797,1.129727,1.133915,USD
EUR/JPY,2017-06-28,127.168999,127.831001,126.535004,127.169998,JPY
EUR/USD,2017-06-29,1.137799,1.143511,1.137799,1.138265,USD
EUR/JPY,2017-06-29,127.845001,128.820999,127.75,127.879997,JPY
EUR/GBP,2017-06-29,0.8793,0.88071,0.878,0.8795,GBP
EUR/GBP,2017-06-30,0.87934,0.88068,0.87647,0.87919,GBP
EUR/JPY,2017-06-30,128.091995,128.255997,127.459,128.128998,JPY
EUR/USD,2017-06-30,1.144047,1.1445,1.139289,1.144165,USD
EUR/JPY,2017-07-03,128.233994,128.882996,128.117004,128.227005,JPY
EUR/USD,2017-07-03,1.142505,1.142596,1.135693,1.142309,USD
EUR/GBP,2017-07-03,0.87763,0.87893,0.87573,0.87751,GBP
EUR/GBP,2017-07-04,0.87841,0.87896,0.8764,0.87821,GBP
EUR/JPY,2017-07-04,128.925995,128.929001,128.042007,128.932999,JPY
EUR/USD,2017-07-04,1.137527,1.137915,1.133787,1.137139,USD
EUR/JPY,2017-07-05,128.311996,129.078003,128.173996,128.322006,JPY
EUR/USD,2017-07-05,1.135989,1.13688,1.131503,1.136015,USD
EUR/GBP,2017-07-05,0.87808,0.88077,0.87618,0.87811,GBP
EUR/JPY,2017-07-06,128.442001,129.304001,128.003006,128.429001,JPY
EUR/USD,2017-07-06,1.134494,1.140901,1.133067,1.134687,USD
EUR/GBP,2017-07-06,0.8774,0.88172,0.8756,0.87733,GBP
EUR/USD,2017-07-07,1.142126,1.143824,1.138291,1.142478,USD
EUR/JPY,2017-07-07,129.244995,130.072998,129.242004,129.266998,JPY
EUR/GBP,2017-07-07,0.88064,0.88581,0.87969,0.88081,GBP
EUR/JPY,2017-07-10,129.932999,130.378006,129.856995,129.970001,JPY
EUR/USD,2017-07-10,1.140641,1.141735,1.138304,1.140381,USD
EUR/GBP,2017-07-10,0.88459,0.88579,0.8833,0.8846,GBP
EUR/GBP,2017-07-12,0.89228,0.89458,0.88396,0.8922,GBP
EUR/JPY,2017-07-12,130.528,130.565002,129.063004,130.507004,JPY
EUR/USD,2017-07-12,1.147394,1.1491,1.139484,1.147394,USD
EUR/GBP,2017-07-13,0.88566,0.88734,0.88031,0.88561,GBP
EUR/JPY,2017-07-13,129.371994,129.639999,128.533005,129.419998,JPY
EUR/USD,2017-07-13,1.141904,1.145528,1.137255,1.141891,USD
EUR/USD,2017-07-14,1.140394,1.146684,1.139238,1.140394,USD
EUR/GBP,2017-07-14,0.88073,0.88144,0.87449,0.88074,GBP
EUR/JPY,2017-07-14,129.322006,129.503006,128.619003,129.330002,JPY
EUR/GBP,2017-07-17,0.87518,0.8786,0.87446,0.87521,GBP
EUR/JPY,2017-07-17,128.996002,129.438004,128.744995,128.972,JPY
EUR/USD,2017-07-17,1.147513,1.148726,1.143628,1.147539,USD
EUR/JPY,2017-07-18,129.186996,129.731995,129.063004,129.169998,JPY
EUR/GBP,2017-07-18,0.87905,0.88977,0.87843,0.87906,GBP
EUR/USD,2017-07-18,1.147342,1.15848,1.147236,1.147434,USD
EUR/USD,2017-07-19,1.154961,1.155321,1.151066,1.154974,USD
EUR/GBP,2017-07-19,0.8859,0.8861,0.88295,0.88576,GBP
EUR/JPY,2017-07-19,129.289993,129.421005,128.576996,129.347,JPY
EUR/USD,2017-07-20,1.152884,1.164999,1.148013,1.152844,USD
EUR/GBP,2017-07-20,0.88466,0.89728,0.88328,0.88469,GBP
EUR/JPY,2017-07-20,128.949005,130.248993,128.789001,128.979004,JPY
EUR/USD,2017-07-21,1.162804,1.167515,1.16202,1.162872,USD
EUR/GBP,2017-07-21,0.89686,0.89908,0.89401,0.8969,GBP
EUR/JPY,2017-07-21,130.102005,130.492004,129.479996,130.100998,JPY
EUR/GBP,2017-07-24,0.89814,0.89814,0.89206,0.8982,GBP
EUR/USD,2017-07-24,1.168156,1.16817,1.163169,1.16817,USD
EUR/JPY,2017-07-24,129.595001,129.695999,128.886002,129.591003,JPY
EUR/USD,2017-07-25,1.163887,1.170686,1.163156,1.163887,USD
EUR/JPY,2017-07-25,129.444,130.541,129.268997,129.455002,JPY
EUR/GBP,2017-07-25,0.89347,0.89586,0.89276,0.89329,GBP
EUR/JPY,2017-07-26,130.417999,130.457001,129.929993,130.417007,JPY
EUR/GBP,2017-07-26,0.8936,0.89445,0.89052,0.89381,GBP
EUR/USD,2017-07-26,1.164334,1.165501,1.161575,1.164456,USD
EUR/JPY,2017-07-27,130.352997,130.580994,130.080994,130.330002,JPY
EUR/GBP,2017-07-27,0.89437,0.89501,0.88911,0.89428,GBP
EUR/USD,2017-07-27,1.173034,1.177496,1.165488,1.1728,USD
EUR/JPY,2017-07-28,129.835999,130.386993,129.582993,129.850006,JPY
EUR/GBP,2017-07-28,0.89394,0.89684,0.89284,0.89381,GBP
EUR/USD,2017-07-28,1.169003,1.176332,1.167256,1.168866,USD
EUR/JPY,2017-07-31,129.820999,130.503998,129.591995,129.811005,JPY
EUR/GBP,2017-07-31,0.89374,0.89614,0.8933,0.89365,GBP
EUR/USD,2017-07-31,1.174688,1.182466,1.172374,1.174729,USD
EUR/JPY,2017-08-01,130.470001,130.582001,129.873993,130.481003,JPY
EUR/GBP,2017-08-01,0.89582,0.896,0.89235,0.89603,GBP
EUR/USD,2017-08-01,1.182355,1.183754,1.179106,1.18241,USD
EUR/USD,2017-08-02,1.18093,1.18676,1.179496,1.181126,USD
EUR/GBP,2017-08-02,0.89406,0.8967,0.8935,0.8942,GBP
EUR/JPY,2017-08-02,130.434006,131.363007,130.386993,130.431,JPY
EUR/GBP,2017-08-03,0.89577,0.9048,0.89266,0.8958,GBP
EUR/USD,2017-08-03,1.185143,1.189485,1.1834,1.185115,USD
EUR/JPY,2017-08-03,131.264999,131.264999,130.557999,131.253006,JPY
EUR/JPY,2017-08-04,130.559006,131.065002,130.139694,130.582993,JPY
EUR/USD,2017-08-04,1.188778,1.1891,1.173695,1.188495,USD
EUR/GBP,2017-08-04,0.90401,0.90538,0.90006,0.90399,GBP
EUR/JPY,2017-08-07,130.483994,130.843002,130.447998,130.481003,JPY
EUR/USD,2017-08-07,1.177773,1.181251,1.177773,1.177842,USD
EUR/GBP,2017-08-07,0.9028,0.90603,0.90262,0.90271,GBP
EUR/GBP,2017-08-08,0.90521,0.90864,0.90391,0.90514,GBP
EUR/USD,2017-08-08,1.180025,1.182452,1.171866,1.180094,USD
EUR/JPY,2017-08-08,130.688004,130.798996,129.781006,130.697998,JPY
EUR/JPY,2017-08-09,129.399994,129.455002,128.447006,129.432007,JPY
EUR/USD,2017-08-09,1.175337,1.176028,1.169235,1.175461,USD
EUR/GBP,2017-08-09,0.90511,0.90544,0.90108,0.90511,GBP
EUR/GBP,2017-08-10,0.90404,0.90543,0.90085,0.90385,GBP
EUR/JPY,2017-08-10,129.449005,129.531006,128.231003,129.434006,JPY
EUR/USD,2017-08-10,1.176471,1.176471,1.170467,1.176152,USD
EUR/GBP,2017-08-11,0.90686,0.9117,0.90521,0.90698,GBP
EUR/USD,2017-08-11,1.176997,1.18318,1.174922,1.177024,USD
EUR/JPY,2017-08-11,128.388,129.149994,128.048004,128.412003,JPY
EUR/JPY,2017-08-14,129.197006,129.628006,128.910004,129.139999,JPY
EUR/GBP,2017-08-14,0.90912,0.90972,0.90714,0.90921,GBP
EUR/USD,2017-08-14,1.182634,1.183999,1.177329,1.18255,USD
EUR/USD,2017-08-15,1.177704,1.179245,1.1689,1.177579,USD
EUR/GBP,2017-08-15,0.9081,0.91319,0.9051,0.90825,GBP
EUR/JPY,2017-08-15,129.479996,130.024002,129.417999,129.447998,JPY
EUR/USD,2017-08-16,1.173985,1.175751,1.168361,1.174122,USD
EUR/GBP,2017-08-16,0.91228,0.91414,0.90851,0.91244,GBP
EUR/JPY,2017-08-16,129.804001,130.382996,129.529999,129.843994,JPY
EUR/USD,2017-08-17,1.177426,1.179023,1.166698,1.177426,USD
EUR/GBP,2017-08-17,0.91337,0.91348,0.90656,0.91328,GBP
EUR/JPY,2017-08-17,129.490997,129.535995,128.576004,129.507996,JPY
EUR/USD,2017-08-18,1.171729,1.176817,1.171221,1.17155,USD
EUR/GBP,2017-08-18,0.91068,0.91486,0.90924,0.91038,GBP
EUR/JPY,2017-08-18,128.108994,128.462997,127.566002,128.070007,JPY
EUR/JPY,2017-08-21,128.526001,128.660995,127.862999,128.514008,JPY
EUR/USD,2017-08-21,1.175724,1.182466,1.173186,1.175627,USD
EUR/GBP,2017-08-21,0.91331,0.91613,0.91114,0.91313,GBP
EUR/JPY,2017-08-22,128.820999,129.164993,128.326004,128.710999,JPY
EUR/USD,2017-08-22,1.181181,1.182592,1.174646,1.181195,USD
EUR/GBP,2017-08-22,0.91571,0.91746,0.91545,0.91573,GBP
EUR/JPY,2017-08-23,129.074005,129.119003,128.492004,129.070999,JPY
EUR/USD,2017-08-23,1.176083,1.181865,1.174357,1.176221,USD
EUR/GBP,2017-08-23,0.91703,0.92358,0.91608,0.91719,GBP
EUR/USD,2017-08-24,1.181642,1.181893,1.178523,1.181656,USD
EUR/GBP,2017-08-24,0.92289,0.92335,0.91902,0.92291,GBP
EUR/JPY,2017-08-24,128.699005,129.171005,128.699005,128.694,JPY
EUR/GBP,2017-08-25,0.92167,0.92293,0.91958,0.92154,GBP
EUR/USD,2017-08-25,1.17983,1.188425,1.177482,1.18022,USD
EUR/JPY,2017-08-25,129.181,129.753006,129.108002,129.179993,JPY
EUR/GBP,2017-08-28,0.92601,0.92675,0.923,0.92607,GBP
EUR/USD,2017-08-28,1.195143,1.197605,1.191782,1.195186,USD
EUR/JPY,2017-08-28,130.699997,130.778,130.005997,130.679001,JPY
EUR/USD,2017-08-29,1.196516,1.206695,1.196301,1.196387,USD
EUR/GBP,2017-08-29,0.9255,0.9306,0.9247,0.92541,GBP
EUR/JPY,2017-08-29,130.085999,131.123993,130.003998,130.085007,JPY
EUR/GBP,2017-08-30,0.92624,0.9269,0.92158,0.92626,GBP
EUR/USD,2017-08-30,1.197031,1.19861,1.189669,1.197046,USD
EUR/JPY,2017-08-30,131.386993,131.682999,131.130005,131.401001,JPY
EUR/JPY,2017-08-31,131.354004,131.565002,130.720001,131.309998,JPY
EUR/GBP,2017-08-31,0.92034,0.92368,0.91859,0.9201,GBP
EUR/USD,2017-08-31,1.189004,1.190816,1.182438,1.189343,USD
EUR/JPY,2017-09-01,131.149002,131.332001,130.682999,131.160995,JPY
EUR/GBP,2017-09-01,0.92039,0.92197,0.91514,0.9203,GBP
EUR/USD,2017-09-01,1.191086,1.197863,1.185115,1.191043,USD
EUR/JPY,2017-09-04,130.436005,130.694,130.117996,130.459,JPY
EUR/USD,2017-09-04,1.188255,1.192321,1.187945,1.188284,USD
EUR/GBP,2017-09-04,0.91642,0.92162,0.91628,0.91644,GBP
EUR/USD,2017-09-05,1.189443,1.193816,1.187042,1.189343,USD
EUR/JPY,2017-09-05,130.567993,130.570007,129.662994,130.598999,JPY
EUR/GBP,2017-09-05,0.9202,0.92125,0.91424,0.9202,GBP
EUR/USD,2017-09-06,1.192364,1.194929,1.190377,1.192407,USD
EUR/JPY,2017-09-06,129.483994,130.078003,129.350006,129.490005,JPY
EUR/GBP,2017-09-06,0.91425,0.91633,0.91292,0.9143,GBP
EUR/USD,2017-09-07,1.192748,1.205691,1.191568,1.192777,USD
EUR/JPY,2017-09-07,130.182999,131.061005,129.959,130.149994,JPY
EUR/GBP,2017-09-07,0.91412,0.92009,0.9135,0.9141,GBP
EUR/JPY,2017-09-08,130.261993,130.636002,129.466003,130.227997,JPY
EUR/USD,2017-09-08,1.202863,1.209336,1.201894,1.202906,USD
EUR/GBP,2017-09-08,0.9179,0.92016,0.91118,0.91787,GBP
EUR/JPY,2017-09-11,130.100998,130.565002,130.046005,130.059006,JPY
EUR/USD,2017-09-11,1.201533,1.202935,1.196244,1.201764,USD
EUR/GBP,2017-09-11,0.91055,0.91215,0.90753,0.91058,GBP
EUR/USD,2017-09-12,1.195858,1.197748,1.192748,1.195943,USD
EUR/JPY,2017-09-12,130.843002,131.707001,130.669998,130.826996,JPY
EUR/GBP,2017-09-12,0.90801,0.9082,0.89856,0.90805,GBP
EUR/USD,2017-09-13,1.19716,1.1996,1.188566,1.197461,USD
EUR/GBP,2017-09-13,0.9008,0.90379,0.89834,0.90079,GBP
EUR/JPY,2017-09-13,131.929993,131.983994,131.513,131.955002,JPY
EUR/USD,2017-09-14,1.189047,1.191001,1.184567,1.189061,USD
EUR/GBP,2017-09-14,0.90015,0.90229,0.88699,0.90005,GBP
EUR/JPY,2017-09-14,131.354004,131.681,131.136002,131.369995,JPY
EUR/GBP,2017-09-15,0.88985,0.88997,0.87756,0.88968,GBP
EUR/JPY,2017-09-15,131.048004,133.076004,131.048004,131.031998,JPY
EUR/USD,2017-09-15,1.192279,1.198552,1.190235,1.192165,USD
EUR/JPY,2017-09-18,132.679001,133.404007,132.641006,132.723007,JPY
EUR/USD,2017-09-18,1.193745,1.196888,1.191682,1.193716,USD
EUR/GBP,2017-09-18,0.87909,0.88542,0.8779,0.87929,GBP
EUR/GBP,2017-09-19,0.8848,0.88977,0.8842,0.8848,GBP
EUR/JPY,2017-09-19,133.330002,134.132996,133.276001,133.332993,JPY
EUR/USD,2017-09-19,1.196172,1.200538,1.196001,1.195929,USD
EUR/USD,2017-09-20,1.199285,1.201923,1.198667,1.199256,USD
EUR/GBP,2017-09-20,0.8873,0.8888,0.883,0.88734,GBP
EUR/JPY,2017-09-20,133.800995,134.014008,133.5,133.815002,JPY
EUR/GBP,2017-09-21,0.88019,0.88332,0.87974,0.87994,GBP
EUR/USD,2017-09-21,1.187296,1.195357,1.18662,1.187211,USD
EUR/JPY,2017-09-21,133.653,134.238998,133.511002,133.576004,JPY
EUR/JPY,2017-09-22,134.309998,134.391998,133.514999,134.322998,JPY
EUR/USD,2017-09-22,1.194486,1.20025,1.194058,1.194558,USD
EUR/GBP,2017-09-22,0.87959,0.88732,0.8794,0.87961,GBP
EUR/GBP,2017-09-25,0.8829,0.88305,0.87754,0.88298,GBP
EUR/USD,2017-09-25,1.192677,1.193887,1.185185,1.19272,USD
EUR/JPY,2017-09-25,134.104996,134.225998,132.255005,134.102997,JPY
EUR/JPY,2017-09-26,132.481003,132.481003,131.748993,132.492996,JPY
EUR/GBP,2017-09-26,0.8797,0.87993,0.87553,0.87959,GBP
EUR/USD,2017-09-26,1.185565,1.18638,1.176526,1.185565,USD
EUR/JPY,2017-09-27,132.455002,132.718994,132.098999,132.442993,JPY
EUR/USD,2017-09-27,1.178134,1.179523,1.171921,1.178606,USD
EUR/GBP,2017-09-27,0.87645,0.87949,0.87469,0.87662,GBP
EUR/JPY,2017-09-28,132.602997,132.867996,132.332001,132.602005,JPY
EUR/USD,2017-09-28,1.175047,1.180275,1.172196,1.174964,USD
EUR/GBP,2017-09-28,0.87695,0.88084,0.8759,0.87686,GBP
EUR/JPY,2017-09-29,132.539001,133.098007,132.511993,132.496994,JPY
EUR/USD,2017-09-29,1.178064,1.183194,1.177329,1.178175,USD
EUR/GBP,2017-09-29,0.87718,0.88402,0.87645,0.8772,GBP
EUR/JPY,2017-10-02,133.044006,133.044006,132.240005,132.979996,JPY
EUR/GBP,2017-10-02,0.88152,0.88679,0.87645,0.8817,GBP
EUR/USD,2017-10-02,1.180763,1.180763,1.173117,1.180735,USD
EUR/JPY,2017-10-03,132.315002,132.871994,132.192993,132.315994,JPY
EUR/GBP,2017-10-03,0.88384,0.88801,0.88221,0.8838,GBP
EUR/USD,2017-10-03,1.173323,1.177163,1.169741,1.173378,USD
EUR/JPY,2017-10-04,132.559998,132.727997,132.25,132.563995,JPY
EUR/GBP,2017-10-04,0.88708,0.88782,0.88515,0.88715,GBP
EUR/USD,2017-10-04,1.174784,1.178675,1.174743,1.174757,USD
EUR/JPY,2017-10-05,132.641998,132.755005,131.850006,132.638,JPY
EUR/GBP,2017-10-05,0.88841,0.89307,0.8875,0.88833,GBP
EUR/USD,2017-10-05,1.175696,1.177995,1.170385,1.175724,USD
EUR/USD,2017-10-06,1.171399,1.173874,1.167133,1.171234,USD
EUR/GBP,2017-10-06,0.89322,0.89916,0.89309,0.8932,GBP
EUR/JPY,2017-10-06,132.100006,132.748001,131.977997,132.076004,JPY
EUR/USD,2017-10-09,1.174288,1.175088,1.172099,1.174246,USD
EUR/GBP,2017-10-09,0.89747,0.89757,0.8906,0.89744,GBP
EUR/JPY,2017-10-09,132.147995,132.404999,131.960007,132.156006,JPY
EUR/GBP,2017-10-10,0.89348,0.8952,0.8925,0.89334,GBP
EUR/JPY,2017-10-10,132.304993,132.723007,132.272995,132.270996,JPY
EUR/USD,2017-10-10,1.174191,1.181768,1.174191,1.174164,USD
EUR/JPY,2017-10-11,132.718994,133.203003,132.460007,132.729996,JPY
EUR/GBP,2017-10-11,0.89426,0.8987,0.89399,0.89429,GBP
EUR/USD,2017-10-11,1.181405,1.185804,1.179635,1.181488,USD
EUR/USD,2017-10-12,1.186535,1.188072,1.18318,1.186549,USD
EUR/JPY,2017-10-12,133.365005,133.477005,132.940002,133.403,JPY
EUR/GBP,2017-10-12,0.89622,0.903,0.895,0.89614,GBP
EUR/USD,2017-10-13,1.183138,1.187437,1.180624,1.18318,USD
EUR/GBP,2017-10-13,0.89193,0.8928,0.88758,0.89197,GBP
EUR/JPY,2017-10-13,132.785995,132.923004,132.207001,132.779999,JPY
EUR/USD,2017-10-16,1.181502,1.182103,1.178106,1.181405,USD
EUR/GBP,2017-10-16,0.88904,0.89049,0.88558,0.8889,GBP
EUR/JPY,2017-10-16,132.175995,132.371994,131.679993,132.169998,JPY
EUR/USD,2017-10-17,1.17951,1.17951,1.17386,1.179454,USD
EUR/JPY,2017-10-17,132.300003,132.363007,131.839996,132.320007,JPY
EUR/GBP,2017-10-17,0.88977,0.89259,0.88585,0.88994,GBP
EUR/USD,2017-10-18,1.177288,1.177981,1.173227,1.177191,USD
EUR/GBP,2017-10-18,0.89225,0.89465,0.89097,0.8922,GBP
EUR/JPY,2017-10-18,132.085999,133.063004,131.990005,132.084,JPY
EUR/USD,2017-10-19,1.179357,1.185719,1.176997,1.179523,USD
EUR/JPY,2017-10-19,133.264999,133.613007,132.496994,133.292007,JPY
EUR/GBP,2017-10-19,0.89259,0.89895,0.89259,0.89262,GBP
EUR/JPY,2017-10-20,133.498001,133.944,133.419998,133.492996,JPY
EUR/USD,2017-10-20,1.185199,1.185804,1.1765,1.184806,USD
EUR/GBP,2017-10-20,0.90093,0.90214,0.89273,0.90086,GBP
EUR/USD,2017-10-23,1.175475,1.177899,1.173406,1.175364,USD
EUR/GBP,2017-10-23,0.89101,0.89269,0.8898,0.89106,GBP
EUR/JPY,2017-10-23,134.057007,134.078995,133.501999,134.041,JPY
EUR/GBP,2017-10-24,0.89032,0.89679,0.88939,0.89,GBP
EUR/JPY,2017-10-24,133.203995,134.166,133.203995,133.231995,JPY
EUR/USD,2017-10-24,1.17553,1.177718,1.174384,1.175917,USD
EUR/JPY,2017-10-25,133.979004,134.483002,133.759995,133.981003,JPY
EUR/GBP,2017-10-25,0.89563,0.89722,0.88806,0.8954,GBP
EUR/USD,2017-10-25,1.175986,1.181754,1.175378,1.175903,USD
EUR/GBP,2017-10-26,0.89065,0.89554,0.88736,0.8905,GBP
EUR/USD,2017-10-26,1.182215,1.183558,1.169221,1.182075,USD
EUR/JPY,2017-10-26,134.222,134.473999,132.996002,134.223999,JPY
EUR/GBP,2017-10-27,0.8865,0.89008,0.88253,0.88632,GBP
EUR/JPY,2017-10-27,132.820007,132.942001,131.749298,132.802994,JPY
EUR/USD,2017-10-27,1.1639,1.164415,1.157595,1.163724,USD
EUR/GBP,2017-10-30,0.8836,0.88481,0.87931,0.88356,GBP
EUR/JPY,2017-10-30,131.945007,132.268005,131.539993,131.985001,JPY
EUR/USD,2017-10-30,1.160726,1.16428,1.15981,1.160456,USD
EUR/GBP,2017-10-31,0.88181,0.88229,0.87684,0.88192,GBP
EUR/JPY,2017-10-31,131.682999,132.378998,131.509995,131.667007,JPY
EUR/USD,2017-10-31,1.164985,1.165895,1.162561,1.16527,USD
EUR/JPY,2017-11-01,132.427994,132.828003,132.369995,132.419998,JPY
EUR/GBP,2017-11-01,0.87661,0.87761,0.8734,0.87653,GBP
EUR/USD,2017-11-01,1.165162,1.165746,1.160833,1.165175,USD
EUR/GBP,2017-11-02,0.8772,0.89362,0.8767,0.87723,GBP
EUR/JPY,2017-11-02,132.770004,133.113007,132.591003,132.742996,JPY
EUR/USD,2017-11-02,1.162912,1.16873,1.162885,1.162872,USD
EUR/USD,2017-11-03,1.166317,1.168675,1.160524,1.166181,USD
EUR/GBP,2017-11-03,0.8932,0.89336,0.88785,0.8929,GBP
EUR/JPY,2017-11-03,132.936005,132.985001,132.537994,132.910004,JPY
EUR/USD,2017-11-06,1.161535,1.162656,1.158279,1.161494,USD
EUR/GBP,2017-11-06,0.88799,0.88883,0.88213,0.8878,GBP
EUR/JPY,2017-11-06,132.630005,133.115005,132.024002,132.589996,JPY
EUR/JPY,2017-11-07,132.106003,132.403,131.850006,132.112,JPY
EUR/GBP,2017-11-07,0.8814,0.88325,0.87922,0.8813,GBP
EUR/USD,2017-11-07,1.161184,1.16171,1.155588,1.161265,USD
EUR/JPY,2017-11-08,131.953003,132.164001,131.401993,131.968994,JPY
EUR/USD,2017-11-08,1.160254,1.160955,1.158118,1.160106,USD
EUR/GBP,2017-11-08,0.88072,0.88619,0.8799,0.8806,GBP
EUR/JPY,2017-11-09,132.095993,132.244995,131.522995,132.076004,JPY
EUR/GBP,2017-11-09,0.884,0.88763,0.8824,0.88408,GBP
EUR/USD,2017-11-09,1.159555,1.165257,1.158641,1.159689,USD
EUR/GBP,2017-11-10,0.886,0.8871,0.88125,0.88606,GBP
EUR/JPY,2017-11-10,132.014008,132.311996,131.960007,132.039993,JPY
EUR/USD,2017-11-10,1.164524,1.167515,1.162399,1.164687,USD
EUR/USD,2017-11-13,1.166113,1.167515,1.163873,1.166113,USD
EUR/JPY,2017-11-13,132.567001,132.567001,131.910004,132.563995,JPY
EUR/GBP,2017-11-13,0.88881,0.89226,0.88725,0.8888,GBP
EUR/USD,2017-11-14,1.166494,1.177413,1.16633,1.166494,USD
EUR/GBP,2017-11-14,0.88906,0.89738,0.88896,0.8891,GBP
EUR/JPY,2017-11-14,132.509003,133.524994,132.479996,132.470001,JPY
EUR/GBP,2017-11-15,0.89604,0.90106,0.8957,0.8961,GBP
EUR/USD,2017-11-15,1.179176,1.185944,1.178606,1.179287,USD
EUR/JPY,2017-11-15,133.714005,133.828995,133.160995,133.735001,JPY
EUR/JPY,2017-11-17,133.134995,133.139999,132.059998,133.113998,JPY
EUR/GBP,2017-11-17,0.89223,0.89529,0.8898,0.89217,GBP
EUR/USD,2017-11-17,1.177732,1.182173,1.177468,1.177745,USD
EUR/GBP,2017-11-20,0.88875,0.89033,0.8856,0.8886,GBP
EUR/USD,2017-11-20,1.173213,1.180749,1.172594,1.173186,USD
EUR/JPY,2017-11-20,131.414993,132.455994,131.292007,131.434006,JPY
EUR/JPY,2017-11-21,132.117004,132.255005,131.574997,132.102997,JPY
EUR/GBP,2017-11-21,0.88635,0.88772,0.88425,0.88632,GBP
EUR/USD,2017-11-21,1.173874,1.175668,1.17155,1.174122,USD
EUR/JPY,2017-11-22,131.893997,131.897995,131.466507,131.845993,JPY
EUR/USD,2017-11-22,1.174095,1.179816,1.173557,1.173723,USD
EUR/GBP,2017-11-22,0.88627,0.88905,0.8854,0.88605,GBP
EUR/USD,2017-11-23,1.181516,1.1855,1.181447,1.181474,USD
EUR/JPY,2017-11-23,131.460007,131.869003,131.231003,131.479996,JPY
EUR/GBP,2017-11-23,0.88729,0.89099,0.88681,0.8871,GBP
EUR/JPY,2017-11-24,131.845001,133.212997,131.839996,131.839996,JPY
EUR/USD,2017-11-24,1.185087,1.194372,1.183726,1.185396,USD
EUR/GBP,2017-11-24,0.89057,0.8951,0.88935,0.8906,GBP
EUR/JPY,2017-11-27,133.173996,133.173996,132.129593,133.179001,JPY
EUR/USD,2017-11-27,1.192876,1.196043,1.190816,1.192649,USD
EUR/GBP,2017-11-27,0.8952,0.89653,0.89293,0.89507,GBP
EUR/JPY,2017-11-28,132.320999,132.548996,131.970001,132.341995,JPY
EUR/USD,2017-11-28,1.190405,1.1921,1.186746,1.19049,USD
EUR/GBP,2017-11-28,0.89356,0.89801,0.8922,0.8935,GBP
EUR/GBP,2017-11-29,0.8865,0.88728,0.88185,0.88646,GBP
EUR/JPY,2017-11-29,132.248001,132.731003,132.0,132.274002,JPY
EUR/USD,2017-11-29,1.184974,1.188495,1.182005,1.184806,USD
EUR/JPY,2017-11-30,132.744995,133.690002,132.667999,132.733994,JPY
EUR/USD,2017-11-30,1.185003,1.192976,1.181502,1.185199,USD
EUR/GBP,2017-11-30,0.88331,0.8839,0.87769,0.8833,GBP
EUR/USD,2017-12-01,1.18991,1.193987,1.185213,1.189825,USD
EUR/JPY,2017-12-01,133.923004,134.343002,132.973007,133.917007,JPY
EUR/GBP,2017-12-01,0.87929,0.88405,0.87885,0.87935,GBP
EUR/USD,2017-12-04,1.185705,1.187874,1.183124,1.185986,USD
EUR/GBP,2017-12-04,0.87883,0.88315,0.87558,0.87882,GBP
EUR/JPY,2017-12-04,133.783997,134.033005,133.507996,133.843002,JPY
EUR/GBP,2017-12-05,0.88086,0.88633,0.87794,0.88076,GBP
EUR/USD,2017-12-05,1.186859,1.187931,1.180889,1.186775,USD
EUR/JPY,2017-12-05,133.524002,133.738007,133.209,133.505997,JPY
EUR/JPY,2017-12-06,133.052002,133.056,132.253998,133.054993,JPY
EUR/USD,2017-12-06,1.183054,1.184834,1.178134,1.183292,USD
EUR/GBP,2017-12-06,0.882,0.8852,0.8801,0.88188,GBP
EUR/JPY,2017-12-07,132.585007,132.947006,132.570007,132.546997,JPY
EUR/GBP,2017-12-07,0.8815,0.8848,0.87782,0.8814,GBP
EUR/USD,2017-12-07,1.180498,1.180916,1.177718,1.180429,USD
EUR/JPY,2017-12-08,133.253006,133.595001,133.113007,133.229996,JPY
EUR/GBP,2017-12-08,0.8729,0.8805,0.86911,0.87309,GBP
EUR/USD,2017-12-08,1.17744,1.177718,1.173186,1.177218,USD
EUR/USD,2017-12-11,1.176928,1.181042,1.176886,1.176997,USD
EUR/GBP,2017-12-11,0.8788,0.8838,0.87756,0.8786,GBP
EUR/JPY,2017-12-11,133.598007,133.873993,133.520004,133.608994,JPY
EUR/JPY,2017-12-12,133.722,133.746994,133.171005,133.697006,JPY
EUR/GBP,2017-12-12,0.88235,0.88423,0.87925,0.88219,GBP
EUR/USD,2017-12-12,1.177718,1.179299,1.171893,1.177759,USD
EUR/USD,2017-12-13,1.174357,1.177024,1.173048,1.17426,USD
EUR/JPY,2017-12-13,133.300003,133.328995,132.880005,133.322998,JPY
EUR/GBP,2017-12-13,0.88157,0.8825,0.87824,0.88155,GBP
EUR/USD,2017-12-14,1.183992,1.185986,1.177163,1.183586,USD
EUR/JPY,2017-12-14,133.449005,133.705994,132.455002,133.479996,JPY
EUR/GBP,2017-12-14,0.88258,0.88319,0.8762,0.88263,GBP
EUR/USD,2017-12-15,1.177523,1.181401,1.176166,1.177496,USD
EUR/JPY,2017-12-15,132.330002,132.714996,132.050003,132.339996,JPY
EUR/GBP,2017-12-15,0.87656,0.88591,0.87623,0.87653,GBP
EUR/GBP,2017-12-18,0.88175,0.88386,0.87925,0.88178,GBP
EUR/JPY,2017-12-18,132.380005,132.994003,132.350006,132.365005,JPY
EUR/USD,2017-12-18,1.174674,1.183432,1.174315,1.174357,USD
EUR/JPY,2017-12-19,132.660004,133.574997,132.600006,132.651001,JPY
EUR/USD,2017-12-19,1.178287,1.183292,1.177704,1.178425,USD
EUR/GBP,2017-12-19,0.88064,0.88633,0.88049,0.8806,GBP
EUR/USD,2017-12-20,1.183712,1.190122,1.183012,1.184133,USD
EUR/JPY,2017-12-20,133.753006,134.731003,133.658997,133.744003,JPY
EUR/GBP,2017-12-20,0.88424,0.8878,0.88285,0.88429,GBP
EUR/GBP,2017-12-21,0.88834,0.88895,0.8873,0.88822,GBP
EUR/USD,2017-12-21,1.187775,1.189202,1.185017,1.187818,USD
EUR/JPY,2017-12-21,134.492996,134.889999,134.451996,134.501999,JPY
EUR/USD,2017-12-22,1.185157,1.186197,1.181754,1.185733,USD
EUR/JPY,2017-12-22,134.244003,134.481003,133.901001,134.360001,JPY
EUR/GBP,2017-12-22,0.88585,0.88709,0.88353,0.88612,GBP
EUR/JPY,2017-12-25,134.225998,134.580002,134.132004,134.300003,JPY
EUR/USD,2017-12-25,1.185677,1.188495,1.184904,1.185607,USD
EUR/GBP,2017-12-25,0.88508,0.8889,0.88143,0.88508,GBP
EUR/USD,2017-12-26,1.187127,1.18779,1.18475,1.187254,USD
EUR/GBP,2017-12-26,0.88754,0.88901,0.88674,0.8874,GBP
EUR/JPY,2017-12-26,134.503998,134.546005,134.223007,134.511002,JPY
EUR/JPY,2017-12-27,134.227005,134.960007,134.190002,134.229996,JPY
EUR/USD,2017-12-27,1.186099,1.191043,1.185565,1.185789,USD
EUR/GBP,2017-12-27,0.8867,0.8882,0.88551,0.88653,GBP
EUR/USD,2017-12-28,1.190023,1.1955,1.189825,1.190079,USD
EUR/GBP,2017-12-28,0.88786,0.88912,0.8866,0.8878,GBP
EUR/JPY,2017-12-28,134.748001,134.951996,134.460999,134.727005,JPY
EUR/GBP,2017-12-29,0.8882,0.88913,0.88588,0.88832,GBP
EUR/USD,2017-12-29,1.193987,1.202284,1.193802,1.194172,USD
EUR/JPY,2017-12-29,134.779999,135.481995,134.572998,134.778,JPY
EUR/JPY,2018-01-01,135.240005,135.369995,135.165497,135.240005,JPY
EUR/USD,2018-01-01,1.200495,1.201504,1.199904,1.200495,USD
EUR/GBP,2018-01-01,0.8883,0.8909,0.8876,0.8881,GBP
EUR/JPY,2018-01-02,135.445007,135.598007,134.940002,135.440002,JPY
EUR/GBP,2018-01-02,0.88887,0.89155,0.88617,0.88892,GBP
EUR/USD,2018-01-02,1.201086,1.208094,1.200855,1.201158,USD
EUR/JPY,2018-01-03,135.406998,135.496002,134.809998,135.401001,JPY
EUR/USD,2018-01-03,1.2062,1.206709,1.200495,1.206345,USD
EUR/GBP,2018-01-03,0.88723,0.88993,0.88489,0.8872,GBP
EUR/JPY,2018-01-04,135.253998,136.352997,135.244003,135.233994,JPY
EUR/GBP,2018-01-04,0.8889,0.89222,0.888,0.88884,GBP
EUR/USD,2018-01-04,1.201129,1.20919,1.200495,1.201043,USD
EUR/GBP,2018-01-05,0.89039,0.89071,0.8868,0.8903,GBP
EUR/JPY,2018-01-05,136.093002,136.626007,136.089996,136.121994,JPY
EUR/USD,2018-01-05,1.206622,1.208459,1.202154,1.206884,USD
EUR/JPY,2018-01-08,136.188995,136.313995,135.130005,136.203003,JPY
EUR/GBP,2018-01-08,0.88657,0.88752,0.88161,0.88662,GBP
EUR/USD,2018-01-08,1.203949,1.2054,1.195972,1.203746,USD
EUR/JPY,2018-01-09,135.460999,135.468002,134.056,135.434006,JPY
EUR/GBP,2018-01-09,0.88203,0.88328,0.8807,0.88205,GBP
EUR/USD,2018-01-09,1.19696,1.197576,1.191796,1.197046,USD
EUR/JPY,2018-01-10,134.518997,134.522003,133.289993,134.501999,JPY
EUR/USD,2018-01-10,1.192933,1.201634,1.192449,1.192933,USD
EUR/GBP,2018-01-10,0.8816,0.88722,0.8813,0.88155,GBP
EUR/USD,2018-01-11,1.195486,1.205923,1.193118,1.195614,USD
EUR/JPY,2018-01-11,133.201004,134.341003,133.110001,133.237,JPY
EUR/GBP,2018-01-11,0.8847,0.89118,0.88466,0.88477,GBP
EUR/JPY,2018-01-12,134.007996,135.348007,133.929993,134.014008,JPY
EUR/USD,2018-01-12,1.20421,1.215613,1.204137,1.20421,USD
EUR/GBP,2018-01-12,0.8892,0.89233,0.88602,0.88919,GBP
EUR/GBP,2018-01-15,0.88791,0.89091,0.88727,0.88779,GBP
EUR/USD,2018-01-15,1.219304,1.2299,1.218814,1.21923,USD
EUR/JPY,2018-01-15,135.542999,135.970001,135.009995,135.449997,JPY
EUR/USD,2018-01-16,1.226994,1.228124,1.219676,1.226843,USD
EUR/GBP,2018-01-16,0.8893,0.88981,0.88625,0.88906,GBP
EUR/JPY,2018-01-16,135.697998,136.091995,134.990005,135.656998,JPY
EUR/USD,2018-01-17,1.227144,1.232149,1.219914,1.227129,USD
EUR/GBP,2018-01-17,0.8893,0.89057,0.88407,0.88928,GBP
EUR/JPY,2018-01-17,135.360001,135.880997,135.139999,135.451996,JPY
EUR/USD,2018-01-18,1.218145,1.226257,1.217508,1.218398,USD
EUR/JPY,2018-01-18,135.623993,136.287201,135.559998,135.694,JPY
EUR/GBP,2018-01-18,0.88104,0.88362,0.88027,0.88109,GBP
EUR/USD,2018-01-19,1.223586,1.229483,1.222031,1.223661,USD
EUR/JPY,2018-01-19,135.817001,136.029007,135.192993,135.850006,JPY
EUR/GBP,2018-01-19,0.88059,0.8846,0.8805,0.88073,GBP
EUR/USD,2018-01-22,1.225595,1.226663,1.221464,1.22555,USD
EUR/JPY,2018-01-22,135.662994,135.932999,135.348999,135.641006,JPY
EUR/GBP,2018-01-22,0.88238,0.88253,0.87697,0.88219,GBP
EUR/GBP,2018-01-23,0.87642,0.8795,0.8761,0.8765,GBP
EUR/JPY,2018-01-23,136.018997,136.184006,135.190002,136.001007,JPY
EUR/USD,2018-01-23,1.225731,1.2307,1.222359,1.225625,USD
EUR/USD,2018-01-24,1.230966,1.240199,1.229513,1.231027,USD
EUR/GBP,2018-01-24,0.87843,0.87868,0.87001,0.87837,GBP
EUR/JPY,2018-01-24,135.552994,135.638,134.947998,135.537994,JPY
EUR/JPY,2018-01-25,135.490997,136.255997,135.039993,135.459,JPY
EUR/USD,2018-01-25,1.239603,1.252992,1.238651,1.239111,USD
EUR/GBP,2018-01-25,0.87145,0.87609,0.86893,0.8714,GBP
EUR/GBP,2018-01-26,0.8756,0.87775,0.87271,0.87572,GBP
EUR/USD,2018-01-26,1.239234,1.249016,1.238743,1.239234,USD
EUR/JPY,2018-01-26,135.869995,136.128998,134.584,135.945999,JPY
EUR/GBP,2018-01-29,0.87831,0.88141,0.87676,0.87831,GBP
EUR/USD,2018-01-29,1.242823,1.243194,1.233806,1.242807,USD
EUR/JPY,2018-01-29,135.028,135.320999,134.328995,135.014008,JPY
EUR/GBP,2018-01-30,0.8798,0.8832,0.87723,0.87962,GBP
EUR/USD,2018-01-30,1.238175,1.245221,1.233685,1.238114,USD
EUR/JPY,2018-01-30,134.901993,135.190002,134.145004,134.856995,JPY
EUR/USD,2018-01-31,1.240833,1.247661,1.240064,1.240957,USD
EUR/JPY,2018-01-31,134.940002,136.028,134.940002,134.925995,JPY
EUR/GBP,2018-01-31,0.87669,0.88144,0.8751,0.87658,GBP
EUR/JPY,2018-02-01,135.563004,136.723999,135.520004,135.600006,JPY
EUR/GBP,2018-02-01,0.8744,0.8771,0.87185,0.8743,GBP
EUR/USD,2018-02-01,1.241742,1.248782,1.238651,1.241866,USD
EUR/JPY,2018-02-02,136.865005,137.477997,136.671997,136.862,JPY
EUR/GBP,2018-02-02,0.87699,0.88185,0.87569,0.87681,GBP
EUR/USD,2018-02-02,1.251267,1.251799,1.241188,1.251001,USD
EUR/JPY,2018-02-05,136.938004,137.087006,136.335007,136.955002,JPY
EUR/GBP,2018-02-05,0.882,0.88698,0.88136,0.88202,GBP
EUR/USD,2018-02-05,1.24471,1.247816,1.240156,1.244694,USD
EUR/GBP,2018-02-06,0.88721,0.89081,0.88554,0.88693,GBP
EUR/USD,2018-02-06,1.236828,1.242854,1.231618,1.236782,USD
EUR/JPY,2018-02-06,134.820999,135.755997,133.996002,134.919006,JPY
EUR/USD,2018-02-07,1.238145,1.240325,1.227853,1.238129,USD
EUR/JPY,2018-02-07,135.716995,135.759995,134.315002,135.720001,JPY
EUR/GBP,2018-02-07,0.88694,0.88973,0.8839,0.88703,GBP
EUR/USD,2018-02-08,1.226843,1.229453,1.221658,1.226813,USD
EUR/JPY,2018-02-08,133.889999,134.776993,133.276001,133.955994,JPY
EUR/GBP,2018-02-08,0.88388,0.8841,0.87347,0.88395,GBP
EUR/GBP,2018-02-09,0.87989,0.88785,0.8778,0.87978,GBP
EUR/USD,2018-02-09,1.226076,1.228547,1.222643,1.226076,USD
EUR/JPY,2018-02-09,133.119003,134.138,132.613998,133.063995,JPY
EUR/USD,2018-02-12,1.22534,1.22971,1.223631,1.22528,USD
EUR/JPY,2018-02-12,133.291,133.638,132.927002,133.302994,JPY
EUR/GBP,2018-02-12,0.88618,0.88898,0.8845,0.88616,GBP
EUR/GBP,2018-02-13,0.8882,0.89032,0.88581,0.8881,GBP
EUR/USD,2018-02-13,1.230118,1.2372,1.228607,1.230376,USD
EUR/JPY,2018-02-13,133.671997,133.718002,132.533005,133.718002,JPY
EUR/GBP,2018-02-14,0.88961,0.89177,0.88754,0.8897,GBP
EUR/JPY,2018-02-14,133.110001,133.322006,131.613998,133.119995,JPY
EUR/USD,2018-02-14,1.2353,1.241619,1.227853,1.235376,USD
EUR/JPY,2018-02-15,132.886993,133.235992,132.529999,132.871002,JPY
EUR/USD,2018-02-15,1.246712,1.2512,1.245051,1.246727,USD
EUR/GBP,2018-02-15,0.88951,0.89013,0.8859,0.88948,GBP
EUR/USD,2018-02-16,1.250735,1.255808,1.243054,1.25036,USD
EUR/JPY,2018-02-16,132.645004,133.095001,131.910004,132.673004,JPY
EUR/GBP,2018-02-16,0.88665,0.88881,0.885,0.88649,GBP
EUR/JPY,2018-02-19,131.891998,132.367004,131.891998,131.880997,JPY
EUR/USD,2018-02-19,1.241188,1.2438,1.237103,1.241188,USD
EUR/GBP,2018-02-19,0.8845,0.88671,0.8844,0.88451,GBP
EUR/JPY,2018-02-20,132.324005,132.490005,132.110001,132.300995,JPY
EUR/USD,2018-02-20,1.23991,1.24091,1.232195,1.239864,USD
EUR/GBP,2018-02-20,0.88607,0.88674,0.88061,0.88606,GBP
EUR/USD,2018-02-21,1.233548,1.234701,1.230073,1.233532,USD
EUR/JPY,2018-02-21,132.442993,133.041,132.281998,132.453995,JPY
EUR/GBP,2018-02-21,0.8811,0.88544,0.88063,0.88097,GBP
EUR/USD,2018-02-22,1.228034,1.23533,1.226166,1.228184,USD
EUR/JPY,2018-02-22,132.164993,132.199997,131.287994,132.089996,JPY
EUR/GBP,2018-02-22,0.88279,0.88627,0.8822,0.88286,GBP
EUR/USD,2018-02-23,1.232605,1.2335,1.228049,1.232666,USD
EUR/GBP,2018-02-23,0.88346,0.88359,0.87869,0.8834,GBP
EUR/JPY,2018-02-23,131.692001,131.830002,130.940002,131.660995,JPY
EUR/JPY,2018-02-26,131.541,131.738998,131.080002,131.559006,JPY
EUR/USD,2018-02-26,1.228833,1.235483,1.228245,1.228713,USD
EUR/GBP,2018-02-26,0.87961,0.88223,0.87708,0.87961,GBP
EUR/JPY,2018-02-27,131.886002,132.173996,131.354004,131.860992,JPY
EUR/USD,2018-02-27,1.231603,1.234568,1.222315,1.231557,USD
EUR/GBP,2018-02-27,0.88197,0.88423,0.88011,0.88174,GBP
EUR/JPY,2018-02-28,131.337006,131.513,130.098007,131.378006,JPY
EUR/USD,2018-02-28,1.22221,1.22429,1.218918,1.223032,USD
EUR/GBP,2018-02-28,0.87903,0.88562,0.87794,0.87939,GBP
EUR/USD,2018-03-01,1.219096,1.22218,1.2158,1.219126,USD
EUR/JPY,2018-03-01,130.005005,130.740997,129.860001,130.003006,JPY
EUR/GBP,2018-03-01,0.88637,0.88863,0.88376,0.8863,GBP
EUR/USD,2018-03-02,1.227129,1.233046,1.22528,1.227084,USD
EUR/GBP,2018-03-02,0.89075,0.89497,0.8896,0.89071,GBP
EUR/JPY,2018-03-02,130.296005,130.431,129.580994,130.272995,JPY
EUR/JPY,2018-03-05,130.024994,130.755005,129.356003,129.979996,JPY
EUR/GBP,2018-03-05,0.8929,0.8939,0.88864,0.8928,GBP
EUR/USD,2018-03-05,1.231846,1.234827,1.227551,1.231542,USD
EUR/GBP,2018-03-06,0.89077,0.89433,0.8906,0.8906,GBP
EUR/USD,2018-03-06,1.233776,1.241989,1.233122,1.233654,USD
EUR/JPY,2018-03-06,131.115997,132.011002,130.600006,131.069,JPY
EUR/USD,2018-03-07,1.241928,1.24406,1.238605,1.241665,USD
EUR/JPY,2018-03-07,131.160995,131.589996,131.0,131.039001,JPY
EUR/GBP,2018-03-07,0.89342,0.8967,0.89192,0.89325,GBP
EUR/USD,2018-03-08,1.241619,1.244478,1.230633,1.241465,USD
EUR/GBP,2018-03-08,0.89264,0.8956,0.8905,0.8927,GBP
EUR/JPY,2018-03-08,131.776001,131.966995,130.516998,131.798996,JPY
EUR/GBP,2018-03-09,0.89163,0.89251,0.88774,0.89143,GBP
EUR/JPY,2018-03-09,130.957001,131.884003,130.884995,130.947998,JPY
EUR/USD,2018-03-09,1.230784,1.23338,1.227551,1.230663,USD
EUR/USD,2018-03-12,1.23086,1.234201,1.229136,1.230875,USD
EUR/JPY,2018-03-12,131.559998,131.658005,130.966003,131.561005,JPY
EUR/GBP,2018-03-12,0.88829,0.88955,0.88493,0.88835,GBP
EUR/USD,2018-03-13,1.233867,1.239895,1.231497,1.233958,USD
EUR/JPY,2018-03-13,131.177002,132.417999,131.119995,131.115997,JPY
EUR/GBP,2018-03-13,0.88725,0.8886,0.88524,0.8872,GBP
EUR/JPY,2018-03-14,132.039001,132.253006,131.063995,131.983994,JPY
EUR/GBP,2018-03-14,0.88688,0.88783,0.8845,0.88704,GBP
EUR/USD,2018-03-14,1.239296,1.241619,1.23501,1.239234,USD
EUR/GBP,2018-03-15,0.88577,0.88729,0.8823,0.88574,GBP
EUR/USD,2018-03-15,1.237532,1.238697,1.232073,1.237562,USD
EUR/JPY,2018-03-15,131.363998,131.449997,130.565002,131.369995,JPY
EUR/JPY,2018-03-16,130.809998,130.839996,130.085999,130.828995,JPY
EUR/USD,2018-03-16,1.230769,1.233502,1.226151,1.230921,USD
EUR/GBP,2018-03-16,0.8829,0.88386,0.88129,0.8828,GBP
EUR/GBP,2018-03-19,0.8807,0.88154,0.8745,0.8807,GBP
EUR/JPY,2018-03-19,130.130005,130.949005,129.589996,130.139999,JPY
EUR/USD,2018-03-19,1.228079,1.233243,1.226046,1.228079,USD
EUR/GBP,2018-03-20,0.87958,0.8799,0.87575,0.8796,GBP
EUR/USD,2018-03-20,1.233806,1.235422,1.226497,1.233685,USD
EUR/JPY,2018-03-20,130.811996,131.667007,130.544006,130.770004,JPY
EUR/GBP,2018-03-21,0.87459,0.87583,0.87217,0.8746,GBP
EUR/JPY,2018-03-21,130.408005,130.630997,130.294006,130.410004,JPY
EUR/USD,2018-03-21,1.224815,1.229619,1.224699,1.22519,USD
EUR/JPY,2018-03-22,130.759995,131.009995,129.550003,130.789001,JPY
EUR/GBP,2018-03-22,0.87291,0.87395,0.86786,0.87295,GBP
EUR/USD,2018-03-22,1.234873,1.238682,1.230043,1.234766,USD
EUR/JPY,2018-03-23,129.380997,129.955002,129.108994,129.369003,JPY
EUR/GBP,2018-03-23,0.87324,0.87524,0.87105,0.87321,GBP
EUR/USD,2018-03-23,1.232605,1.236017,1.231997,1.232499,USD
EUR/USD,2018-03-26,1.235391,1.244896,1.235239,1.235437,USD
EUR/JPY,2018-03-26,129.511002,130.875,129.473007,129.542999,JPY
EUR/GBP,2018-03-26,0.873,0.87618,0.8717,0.87319,GBP
EUR/USD,2018-03-27,1.245501,1.247816,1.237333,1.245749,USD
EUR/GBP,2018-03-27,0.87479,0.87964,0.8745,0.8749,GBP
EUR/JPY,2018-03-27,131.449997,131.798996,130.897202,131.421005,JPY
EUR/GBP,2018-03-28,0.8753,0.87672,0.87342,0.8752,GBP
EUR/USD,2018-03-28,1.240803,1.242236,1.233715,1.240787,USD
EUR/JPY,2018-03-28,130.882996,131.688004,130.615005,130.839996,JPY
EUR/USD,2018-03-29,1.231284,1.233806,1.228516,1.231027,USD
EUR/JPY,2018-03-29,131.473007,131.582993,130.628998,131.466995,JPY
EUR/GBP,2018-03-29,0.87427,0.87694,0.87406,0.87425,GBP
EUR/GBP,2018-03-30,0.877,0.87843,0.87666,0.87686,GBP
EUR/USD,2018-03-30,1.230254,1.23335,1.229801,1.230285,USD
EUR/JPY,2018-03-30,130.970001,130.996994,130.625,130.972,JPY
EUR/GBP,2018-04-02,0.87719,0.87763,0.8752,0.87715,GBP
EUR/JPY,2018-04-02,130.897995,131.289001,130.173996,130.903,JPY
EUR/USD,2018-04-02,1.231284,1.234568,1.228381,1.231421,USD
EUR/JPY,2018-04-03,130.061996,130.897003,129.990005,130.050003,JPY
EUR/USD,2018-04-03,1.229332,1.2337,1.225505,1.229271,USD
EUR/GBP,2018-04-03,0.87512,0.8762,0.8714,0.87509,GBP
EUR/USD,2018-04-04,1.227943,1.231057,1.225761,1.227853,USD
EUR/JPY,2018-04-04,130.682999,131.141998,130.238007,130.677994,JPY
EUR/GBP,2018-04-04,0.87263,0.87574,0.8714,0.87273,GBP
EUR/JPY,2018-04-05,131.207001,131.460999,131.100006,131.190002,JPY
EUR/GBP,2018-04-05,0.872,0.87489,0.87161,0.8721,GBP
EUR/USD,2018-04-05,1.228788,1.229105,1.221941,1.228682,USD
EUR/USD,2018-04-06,1.2251,1.228003,1.221807,1.22516,USD
EUR/JPY,2018-04-06,131.179993,131.602005,131.130997,131.149994,JPY
EUR/GBP,2018-04-06,0.87454,0.87489,0.87019,0.8745,GBP
EUR/USD,2018-04-09,1.227144,1.233046,1.226257,1.227144,USD
EUR/GBP,2018-04-09,0.87088,0.87194,0.8698,0.87078,GBP
EUR/JPY,2018-04-09,131.238007,131.988998,131.130005,131.259003,JPY
EUR/GBP,2018-04-10,0.87179,0.8727,0.86927,0.87173,GBP
EUR/JPY,2018-04-10,131.501007,132.597,131.432007,131.533005,JPY
EUR/USD,2018-04-10,1.232225,1.237777,1.230376,1.23224,USD
EUR/JPY,2018-04-11,132.427994,132.600998,132.059998,132.417007,JPY
EUR/GBP,2018-04-11,0.8718,0.87392,0.8701,0.8717,GBP
EUR/USD,2018-04-11,1.236384,1.239372,1.235407,1.236308,USD
EUR/GBP,2018-04-12,0.87202,0.87272,0.86462,0.87197,GBP
EUR/JPY,2018-04-12,132.160004,132.307007,131.834,132.160995,JPY
EUR/USD,2018-04-12,1.237624,1.237976,1.230043,1.237164,USD
EUR/USD,2018-04-13,1.23335,1.234873,1.230875,1.23297,USD
EUR/JPY,2018-04-13,132.272003,132.886002,132.238007,132.201004,JPY
EUR/GBP,2018-04-13,0.8658,0.86632,0.86281,0.86601,GBP
EUR/GBP,2018-04-16,0.86565,0.86681,0.86276,0.86549,GBP
EUR/USD,2018-04-16,1.233304,1.239403,1.232635,1.233259,USD
EUR/JPY,2018-04-16,132.557999,132.960999,132.119995,132.574005,JPY
EUR/GBP,2018-04-17,0.86351,0.86465,0.862,0.86353,GBP
EUR/USD,2018-04-17,1.238467,1.2415,1.233837,1.238513,USD
EUR/JPY,2018-04-17,132.522003,132.764008,132.179993,132.574005,JPY
EUR/GBP,2018-04-18,0.86534,0.87207,0.86438,0.86543,GBP
EUR/JPY,2018-04-18,132.417999,132.893005,132.360001,132.406006,JPY
EUR/USD,2018-04-18,1.237302,1.239695,1.234446,1.237317,USD
EUR/GBP,2018-04-19,0.87152,0.8733,0.8689,0.87151,GBP
EUR/USD,2018-04-19,1.237854,1.240199,1.233046,1.237915,USD
EUR/JPY,2018-04-19,132.893005,133.056,132.494995,132.880005,JPY
EUR/JPY,2018-04-20,132.626007,132.960007,132.054001,132.623993,JPY
EUR/GBP,2018-04-20,0.8764,0.87892,0.8734,0.87642,GBP
EUR/USD,2018-04-20,1.234416,1.235269,1.225505,1.234553,USD
EUR/USD,2018-04-23,1.227385,1.228969,1.221225,1.22734,USD
EUR/JPY,2018-04-23,132.367996,132.709,132.119003,132.386002,JPY
EUR/GBP,2018-04-23,0.87643,0.87742,0.87449,0.87637,GBP
EUR/USD,2018-04-24,1.22112,1.223466,1.218487,1.220897,USD
EUR/JPY,2018-04-24,132.789993,133.479004,132.639008,132.779007,JPY
EUR/GBP,2018-04-24,0.87604,0.87661,0.8739,0.87589,GBP
EUR/USD,2018-04-25,1.223616,1.223616,1.2169,1.22414,USD
EUR/JPY,2018-04-25,133.110001,133.328995,132.932007,133.149994,JPY
EUR/GBP,2018-04-25,0.8743,0.8751,0.873,0.8743,GBP
EUR/GBP,2018-04-26,0.87329,0.875,0.86816,0.8732,GBP
EUR/USD,2018-04-26,1.217078,1.221001,1.20998,1.217167,USD
EUR/JPY,2018-04-26,133.115997,133.25,132.289993,133.121002,JPY
EUR/GBP,2018-04-27,0.86992,0.87863,0.86836,0.86993,GBP
EUR/USD,2018-04-27,1.210756,1.2117,1.205604,1.210962,USD
EUR/JPY,2018-04-27,132.339996,132.371994,131.889999,132.350006,JPY
EUR/GBP,2018-04-30,0.88032,0.88225,0.87673,0.8801,GBP
EUR/JPY,2018-04-30,132.246002,132.529007,131.908997,132.248001,JPY
EUR/USD,2018-04-30,1.212856,1.213857,1.206636,1.212283,USD
EUR/GBP,2018-05-01,0.8771,0.882,0.8761,0.87721,GBP
EUR/USD,2018-05-01,1.208313,1.208459,1.198351,1.208123,USD
EUR/JPY,2018-05-01,132.076996,132.123993,131.539001,132.108994,JPY
EUR/JPY,2018-05-02,131.764008,132.100006,131.488007,131.785995,JPY
EUR/GBP,2018-05-02,0.88108,0.88302,0.87838,0.88108,GBP
EUR/USD,2018-05-02,1.199213,1.203109,1.195414,1.199156,USD
EUR/USD,2018-05-03,1.195171,1.200913,1.195072,1.1951,USD
EUR/JPY,2018-05-03,131.257004,131.638,130.278,131.246994,JPY
EUR/GBP,2018-05-03,0.88053,0.88295,0.8804,0.8804,GBP
EUR/USD,2018-05-04,1.198926,1.19976,1.191483,1.198926,USD
EUR/GBP,2018-05-04,0.88332,0.88383,0.88156,0.88332,GBP
EUR/JPY,2018-05-04,130.800003,130.908997,129.9095,130.798996,JPY
EUR/JPY,2018-05-07,130.479004,130.518005,130.089996,130.475006,JPY
EUR/GBP,2018-05-07,0.88342,0.88372,0.87793,0.88341,GBP
EUR/USD,2018-05-07,1.195572,1.197892,1.189952,1.1955,USD
EUR/JPY,2018-05-08,129.987,130.089005,129.238998,130.003998,JPY
EUR/USD,2018-05-08,1.19326,1.193887,1.183936,1.193374,USD
EUR/GBP,2018-05-08,0.87935,0.88086,0.87678,0.87946,GBP
EUR/USD,2018-05-09,1.186676,1.189612,1.182355,1.186789,USD
EUR/GBP,2018-05-09,0.87552,0.8766,0.87284,0.8756,GBP
EUR/JPY,2018-05-09,129.388,130.464005,129.339996,129.384003,JPY
EUR/USD,2018-05-10,1.184764,1.194244,1.184469,1.184722,USD
EUR/GBP,2018-05-10,0.87469,0.88356,0.87291,0.87462,GBP
EUR/JPY,2018-05-10,130.110001,130.735001,130.011002,130.130005,JPY
EUR/USD,2018-05-11,1.191526,1.196788,1.189343,1.191753,USD
EUR/JPY,2018-05-11,130.421997,130.673996,130.005005,130.393997,JPY
EUR/GBP,2018-05-11,0.8812,0.88203,0.87882,0.8811,GBP
EUR/USD,2018-05-14,1.195157,1.1997,1.195157,1.195214,USD
EUR/JPY,2018-05-14,130.654999,131.367996,130.589996,130.675995,JPY
EUR/GBP,2018-05-14,0.88197,0.88266,0.88012,0.8819,GBP
EUR/USD,2018-05-15,1.193204,1.19403,1.182396,1.193118,USD
EUR/JPY,2018-05-15,130.923996,131.130997,130.453995,130.912003,JPY
EUR/GBP,2018-05-15,0.8798,0.88171,0.8779,0.8797,GBP
EUR/GBP,2018-05-16,0.87558,0.87814,0.87328,0.87559,GBP
EUR/USD,2018-05-16,1.182257,1.185396,1.176568,1.182089,USD
EUR/JPY,2018-05-16,130.380997,130.559006,129.533997,130.380005,JPY
EUR/USD,2018-05-17,1.181419,1.183684,1.177856,1.181698,USD
EUR/GBP,2018-05-17,0.872,0.87519,0.87145,0.87211,GBP
EUR/JPY,2018-05-17,130.406998,130.843994,130.25,130.384995,JPY
EUR/GBP,2018-05-18,0.87259,0.87519,0.87251,0.8726,GBP
EUR/JPY,2018-05-18,130.695007,131.102997,130.238007,130.688995,JPY
EUR/USD,2018-05-18,1.179204,1.182229,1.175047,1.179523,USD
EUR/GBP,2018-05-21,0.87289,0.87733,0.87256,0.8729,GBP
EUR/JPY,2018-05-21,130.473999,130.998001,130.376999,130.460007,JPY
EUR/USD,2018-05-21,1.176374,1.177898,1.171866,1.176664,USD
EUR/GBP,2018-05-22,0.87769,0.87884,0.87587,0.8778,GBP
EUR/JPY,2018-05-22,130.860001,131.315994,130.600006,130.841995,JPY
EUR/USD,2018-05-22,1.178884,1.182816,1.175945,1.179245,USD
EUR/JPY,2018-05-23,130.537003,130.634995,128.253006,130.531006,JPY
EUR/USD,2018-05-23,1.178967,1.179101,1.16862,1.178856,USD
EUR/GBP,2018-05-23,0.87698,0.87953,0.87417,0.8769,GBP
EUR/USD,2018-05-24,1.170713,1.174936,1.169221,1.171015,USD
EUR/JPY,2018-05-24,128.664993,128.848007,127.740997,128.654999,JPY
EUR/GBP,2018-05-24,0.87549,0.87757,0.87383,0.8758,GBP
EUR/USD,2018-05-25,1.172319,1.173323,1.164836,1.172264,USD
EUR/JPY,2018-05-25,128.160995,128.514008,127.160004,128.138,JPY
EUR/GBP,2018-05-25,0.87587,0.87797,0.87418,0.876,GBP
EUR/USD,2018-05-28,1.168757,1.17302,1.160847,1.168893,USD
EUR/JPY,2018-05-28,128.134995,128.501007,126.874001,128.132004,JPY
EUR/GBP,2018-05-28,0.87819,0.87945,0.87252,0.87821,GBP
EUR/JPY,2018-05-29,127.181999,127.251999,125.105003,127.182999,JPY
EUR/GBP,2018-05-29,0.87339,0.87395,0.86983,0.87325,GBP
EUR/USD,2018-05-29,1.16275,1.163982,1.151437,1.162696,USD
EUR/GBP,2018-05-30,0.87035,0.87765,0.8696,0.87045,GBP
EUR/USD,2018-05-30,1.153762,1.167099,1.152007,1.153935,USD
EUR/JPY,2018-05-30,125.116997,127.253998,124.997002,125.045998,JPY
EUR/GBP,2018-05-31,0.87802,0.8791,0.87574,0.87811,GBP
EUR/USD,2018-05-31,1.166616,1.172402,1.164293,1.166725,USD
EUR/JPY,2018-05-31,126.832001,127.656998,126.363998,126.809998,JPY
EUR/GBP,2018-06-01,0.87978,0.8809,0.8729,0.8798,GBP
EUR/USD,2018-06-01,1.169331,1.17155,1.162994,1.169317,USD
EUR/JPY,2018-06-01,127.169998,128.100006,127.137001,127.160004,JPY
EUR/USD,2018-06-04,1.166997,1.174426,1.166875,1.166861,USD
EUR/JPY,2018-06-04,127.860001,128.639999,127.739998,127.877998,JPY
EUR/GBP,2018-06-04,0.87369,0.87853,0.87322,0.8736,GBP
EUR/USD,2018-06-05,1.170179,1.171385,1.165528,1.170056,USD
EUR/JPY,2018-06-05,128.679993,128.679993,127.82,128.660995,JPY
EUR/GBP,2018-06-05,0.87859,0.8788,0.87243,0.87862,GBP
EUR/GBP,2018-06-06,0.87461,0.87774,0.8739,0.8745,GBP
EUR/JPY,2018-06-06,128.839005,129.811996,128.699997,128.815994,JPY
EUR/USD,2018-06-06,1.172663,1.1797,1.171468,1.172622,USD
EUR/GBP,2018-06-07,0.8778,0.88375,0.8776,0.87785,GBP
EUR/USD,2018-06-07,1.178398,1.1841,1.178356,1.17855,USD
EUR/JPY,2018-06-07,129.759995,130.246994,129.522995,129.75,JPY
EUR/GBP,2018-06-08,0.879,0.8799,0.8759,0.87893,GBP
EUR/JPY,2018-06-08,129.380005,129.707993,128.100006,129.356995,JPY
EUR/USD,2018-06-08,1.179384,1.1812,1.172842,1.179523,USD
EUR/GBP,2018-06-11,0.87862,0.88309,0.87784,0.8785,GBP
EUR/JPY,2018-06-11,129.041,130.042999,128.824997,128.960007,JPY
EUR/USD,2018-06-11,1.178689,1.182033,1.177607,1.178398,USD
EUR/GBP,2018-06-12,0.88045,0.88312,0.87863,0.88041,GBP
EUR/USD,2018-06-12,1.177329,1.180847,1.174315,1.177413,USD
EUR/JPY,2018-06-12,129.929001,130.257996,129.501999,129.964005,JPY
EUR/USD,2018-06-13,1.174757,1.178967,1.173365,1.174826,USD
EUR/GBP,2018-06-13,0.87834,0.88248,0.87825,0.87838,GBP
EUR/JPY,2018-06-13,129.740005,130.132996,129.669006,129.751007,JPY
EUR/GBP,2018-06-14,0.88196,0.88203,0.87239,0.882,GBP
EUR/JPY,2018-06-14,130.126999,130.233002,128.358002,130.119995,JPY
EUR/USD,2018-06-14,1.180638,1.184161,1.162885,1.180777,USD
EUR/JPY,2018-06-15,127.942001,128.496002,127.727997,127.974998,JPY
EUR/USD,2018-06-15,1.156337,1.162656,1.154534,1.156658,USD
EUR/GBP,2018-06-15,0.87225,0.87556,0.87178,0.87247,GBP
EUR/USD,2018-06-18,1.159703,1.162372,1.156644,1.159595,USD
EUR/GBP,2018-06-18,0.8733,0.87775,0.8728,0.8734,GBP
EUR/JPY,2018-06-18,128.253006,128.399994,127.819,128.255005,JPY
EUR/JPY,2018-06-19,128.121994,128.473999,126.678001,128.087997,JPY
EUR/USD,2018-06-19,1.163007,1.164687,1.153323,1.163075,USD
EUR/GBP,2018-06-19,0.87734,0.87888,0.87539,0.87719,GBP
EUR/USD,2018-06-20,1.158937,1.160012,1.154601,1.158856,USD
EUR/GBP,2018-06-20,0.8795,0.88,0.8769,0.87965,GBP
EUR/JPY,2018-06-20,127.564003,127.718002,127.141998,127.555,JPY
EUR/USD,2018-06-21,1.157702,1.162831,1.15141,1.157903,USD
EUR/GBP,2018-06-21,0.87882,0.87984,0.8727,0.87893,GBP
EUR/JPY,2018-06-21,127.740997,128.003006,127.018997,127.767998,JPY
EUR/JPY,2018-06-22,127.597,128.585999,127.572998,127.603996,JPY
EUR/USD,2018-06-22,1.160699,1.1676,1.160174,1.160578,USD
EUR/GBP,2018-06-22,0.8761,0.87828,0.875,0.876,GBP
EUR/JPY,2018-06-25,128.184998,128.266998,127.260002,128.195999,JPY
EUR/GBP,2018-06-25,0.8791,0.88139,0.87811,0.87922,GBP
EUR/USD,2018-06-25,1.166058,1.170001,1.162994,1.16614,USD
EUR/GBP,2018-06-26,0.88118,0.88206,0.87996,0.8812,GBP
EUR/JPY,2018-06-26,128.287994,128.442001,127.779999,128.285995,JPY
EUR/USD,2018-06-26,1.170179,1.172058,1.165202,1.170275,USD
EUR/JPY,2018-06-27,128.272003,128.311996,127.587997,128.261002,JPY
EUR/GBP,2018-06-27,0.88105,0.88274,0.88034,0.88114,GBP
EUR/USD,2018-06-27,1.164809,1.167188,1.158359,1.165026,USD
EUR/JPY,2018-06-28,127.445999,127.905998,127.141998,127.446999,JPY
EUR/GBP,2018-06-28,0.88127,0.88699,0.8812,0.8814,GBP
EUR/USD,2018-06-28,1.156243,1.1597,1.152804,1.156363,USD
EUR/USD,2018-06-29,1.156444,1.168238,1.156444,1.156297,USD
EUR/GBP,2018-06-29,0.88424,0.88894,0.8836,0.88428,GBP
EUR/JPY,2018-06-29,127.718002,129.404999,127.711998,127.75,JPY
EUR/GBP,2018-07-02,0.8841,0.88684,0.88347,0.8842,GBP
EUR/JPY,2018-07-02,129.328003,129.494003,128.419006,129.259995,JPY
EUR/USD,2018-07-02,1.167842,1.167842,1.159259,1.167856,USD
EUR/GBP,2018-07-03,0.8857,0.88618,0.8828,0.8856,GBP
EUR/JPY,2018-07-03,129.072998,129.516998,128.755005,129.067993,JPY
EUR/USD,2018-07-03,1.164077,1.167542,1.162264,1.164212,USD
EUR/GBP,2018-07-04,0.88362,0.88394,0.87993,0.88359,GBP
EUR/JPY,2018-07-04,128.712006,128.934998,128.490601,128.718994,JPY
EUR/USD,2018-07-04,1.165936,1.168183,1.163142,1.165922,USD
EUR/JPY,2018-07-05,128.834,129.600998,128.578003,128.865997,JPY
EUR/USD,2018-07-05,1.166181,1.171976,1.16508,1.166235,USD
EUR/GBP,2018-07-05,0.8812,0.88571,0.8811,0.8815,GBP
EUR/GBP,2018-07-06,0.88429,0.88667,0.8835,0.88428,GBP
EUR/JPY,2018-07-06,129.270996,129.960007,129.263,129.289993,JPY
EUR/USD,2018-07-06,1.169386,1.176734,1.168074,1.169591,USD
EUR/GBP,2018-07-09,0.8839,0.88898,0.88144,0.88385,GBP
EUR/USD,2018-07-09,1.175171,1.179078,1.174288,1.175226,USD
EUR/JPY,2018-07-09,129.757996,130.251007,129.707001,129.761002,JPY
EUR/JPY,2018-07-10,130.432007,130.587006,130.098007,130.440002,JPY
EUR/USD,2018-07-10,1.175751,1.176291,1.169194,1.175696,USD
EUR/GBP,2018-07-10,0.88694,0.8875,0.8821,0.88687,GBP
EUR/USD,2018-07-11,1.173034,1.175516,1.169837,1.172704,USD
EUR/JPY,2018-07-11,130.056,130.764008,129.906998,129.966995,JPY
EUR/GBP,2018-07-11,0.88463,0.88605,0.88298,0.8843,GBP
EUR/USD,2018-07-12,1.16757,1.1697,1.165053,1.167679,USD
EUR/GBP,2018-07-12,0.88399,0.88495,0.88208,0.8839,GBP
EUR/JPY,2018-07-12,130.744003,131.464996,130.735992,130.714005,JPY
EUR/GBP,2018-07-13,0.88503,0.88652,0.8825,0.8851,GBP
EUR/USD,2018-07-13,1.166371,1.167542,1.161454,1.166589,USD
EUR/JPY,2018-07-13,131.401993,131.511993,130.806,131.427002,JPY
EUR/GBP,2018-07-16,0.88288,0.8852,0.88168,0.88289,GBP
EUR/USD,2018-07-16,1.167897,1.172608,1.167665,1.16791,USD
EUR/JPY,2018-07-16,131.270004,131.694,131.261993,131.25,JPY
EUR/GBP,2018-07-17,0.88469,0.88975,0.8842,0.8846,GBP
EUR/USD,2018-07-17,1.171056,1.174536,1.166453,1.170946,USD
EUR/JPY,2018-07-17,131.576996,131.973999,131.550003,131.576996,JPY
EUR/JPY,2018-07-18,131.703003,131.766998,130.897995,131.688004,JPY
EUR/USD,2018-07-18,1.165773,1.166534,1.160375,1.165325,USD
EUR/GBP,2018-07-18,0.88913,0.89299,0.88738,0.8892,GBP
EUR/JPY,2018-07-19,131.365005,131.408005,130.919998,131.343994,JPY
EUR/USD,2018-07-19,1.164619,1.165705,1.157595,1.164565,USD
EUR/GBP,2018-07-19,0.89045,0.89411,0.89032,0.89041,GBP
EUR/JPY,2018-07-20,130.964005,131.203995,130.608002,130.960999,JPY
EUR/GBP,2018-07-20,0.89493,0.89571,0.89278,0.89493,GBP
EUR/USD,2018-07-20,1.165474,1.172237,1.162804,1.165515,USD
EUR/USD,2018-07-23,1.174178,1.175088,1.168866,1.174191,USD
EUR/GBP,2018-07-23,0.89297,0.89356,0.891,0.893,GBP
EUR/JPY,2018-07-23,130.391998,130.438004,129.873993,130.391998,JPY
EUR/USD,2018-07-24,1.169864,1.17166,1.165719,1.169413,USD
EUR/JPY,2018-07-24,130.324005,130.324005,129.764008,130.334,JPY
EUR/GBP,2018-07-24,0.8923,0.89262,0.88918,0.89242,GBP
EUR/USD,2018-07-25,1.16877,1.171372,1.166752,1.168552,USD
EUR/GBP,2018-07-25,0.8884,0.8901,0.88752,0.8884,GBP
EUR/JPY,2018-07-25,130.022995,130.167007,129.419998,129.985001,JPY
EUR/GBP,2018-07-26,0.88923,0.88942,0.88656,0.88917,GBP
EUR/JPY,2018-07-26,130.139999,130.139999,129.447998,130.095993,JPY
EUR/USD,2018-07-26,1.173985,1.174315,1.165094,1.17375,USD
EUR/GBP,2018-07-27,0.8882,0.88932,0.8874,0.88815,GBP
EUR/JPY,2018-07-27,129.410004,129.449005,129.134995,129.403,JPY
EUR/USD,2018-07-27,1.164456,1.166317,1.162372,1.164293,USD
EUR/GBP,2018-07-30,0.8892,0.89174,0.8881,0.88925,GBP
EUR/JPY,2018-07-30,129.328003,130.057007,129.315002,129.348999,JPY
EUR/USD,2018-07-30,1.166317,1.171921,1.164945,1.166045,USD
EUR/JPY,2018-07-31,129.949997,131.112,129.802994,129.942993,JPY
EUR/USD,2018-07-31,1.170864,1.174812,1.169276,1.170741,USD
EUR/GBP,2018-07-31,0.89126,0.89328,0.89075,0.89127,GBP
EUR/USD,2018-08-01,1.168962,1.169864,1.166534,1.168962,USD
EUR/GBP,2018-08-01,0.89102,0.89164,0.88913,0.8911,GBP
EUR/JPY,2018-08-01,130.690994,131.091003,130.309006,130.658005,JPY
EUR/GBP,2018-08-02,0.88859,0.89232,0.88556,0.88855,GBP
EUR/JPY,2018-08-02,130.205002,130.279007,129.279999,130.192993,JPY
EUR/USD,2018-08-02,1.166385,1.166997,1.160416,1.166589,USD
EUR/GBP,2018-08-03,0.8899,0.89181,0.8895,0.8899,GBP
EUR/JPY,2018-08-03,129.393997,129.518005,128.679993,129.393997,JPY
EUR/USD,2018-08-03,1.158561,1.1612,1.156216,1.158601,USD
EUR/GBP,2018-08-06,0.88919,0.89353,0.8891,0.88912,GBP
EUR/JPY,2018-08-06,128.578995,128.863007,128.496002,128.606995,JPY
EUR/USD,2018-08-06,1.156136,1.157006,1.153097,1.15623,USD
EUR/GBP,2018-08-07,0.8929,0.89614,0.8923,0.89295,GBP
EUR/JPY,2018-08-07,128.660004,128.990005,128.595001,128.660004,JPY
EUR/USD,2018-08-07,1.155749,1.160901,1.155201,1.155802,USD
EUR/USD,2018-08-08,1.160335,1.162926,1.157461,1.160295,USD
EUR/JPY,2018-08-08,129.197998,129.449997,128.559006,129.182007,JPY
EUR/GBP,2018-08-08,0.89623,0.90157,0.89622,0.89624,GBP
EUR/GBP,2018-08-09,0.90147,0.90287,0.89839,0.90148,GBP
EUR/JPY,2018-08-09,128.723999,129.001007,128.210007,128.748001,JPY
EUR/USD,2018-08-09,1.161009,1.162115,1.156176,1.161076,USD
EUR/JPY,2018-08-10,128.007996,128.007996,126.100998,127.998001,JPY
EUR/USD,2018-08-10,1.152871,1.153935,1.139614,1.152392,USD
EUR/GBP,2018-08-10,0.89826,0.89908,0.89265,0.89827,GBP
EUR/USD,2018-08-13,1.139588,1.14338,1.136596,1.139471,USD
EUR/GBP,2018-08-13,0.89312,0.89456,0.89126,0.89297,GBP
EUR/JPY,2018-08-13,126.091003,126.760002,125.150002,126.038002,JPY
EUR/JPY,2018-08-14,126.056,126.973999,125.819,126.164001,JPY
EUR/GBP,2018-08-14,0.89336,0.89382,0.8904,0.89324,GBP
EUR/USD,2018-08-14,1.139848,1.1431,1.134752,1.140251,USD
EUR/USD,2018-08-15,1.134816,1.134945,1.130224,1.134572,USD
EUR/GBP,2018-08-15,0.89214,0.89338,0.8901,0.89201,GBP
EUR/JPY,2018-08-15,126.228996,126.364998,124.940002,126.209999,JPY
EUR/JPY,2018-08-16,125.442001,126.336998,125.301003,125.408997,JPY
EUR/USD,2018-08-16,1.13443,1.140836,1.133838,1.13443,USD
EUR/GBP,2018-08-16,0.89355,0.8959,0.8933,0.89349,GBP
EUR/USD,2018-08-17,1.13723,1.142204,1.136738,1.137139,USD
EUR/JPY,2018-08-17,126.217003,126.389999,125.638,126.220001,JPY
EUR/GBP,2018-08-17,0.8945,0.89689,0.8936,0.89443,GBP
EUR/USD,2018-08-20,1.143785,1.144938,1.139523,1.143772,USD
EUR/GBP,2018-08-20,0.89732,0.89732,0.89407,0.89723,GBP
EUR/JPY,2018-08-20,126.359001,126.442001,126.071999,126.339996,JPY
EUR/USD,2018-08-21,1.14891,1.153908,1.148659,1.149135,USD
EUR/JPY,2018-08-21,126.300003,127.436996,126.276001,126.337997,JPY
EUR/GBP,2018-08-21,0.89734,0.89976,0.89508,0.89742,GBP
EUR/GBP,2018-08-22,0.89689,0.90022,0.89624,0.89686,GBP
EUR/JPY,2018-08-22,127.452003,128.253998,127.347,127.483002,JPY
EUR/USD,2018-08-22,1.157635,1.16252,1.155442,1.157675,USD
EUR/GBP,2018-08-23,0.89771,0.90224,0.89709,0.8978,GBP
EUR/USD,2018-08-23,1.158628,1.158963,1.154521,1.15848,USD
EUR/JPY,2018-08-23,128.089996,128.757996,127.970001,128.100006,JPY
EUR/GBP,2018-08-24,0.90107,0.90464,0.9002,0.90097,GBP
EUR/USD,2018-08-24,1.154281,1.163697,1.153935,1.154335,USD
EUR/JPY,2018-08-24,128.511002,129.343994,128.485992,128.516006,JPY
EUR/GBP,2018-08-27,0.9056,0.9061,0.9034,0.9057,GBP
EUR/USD,2018-08-27,1.164443,1.168088,1.159716,1.16489,USD
EUR/JPY,2018-08-27,129.585007,129.723007,128.817993,129.623993,JPY
EUR/USD,2018-08-28,1.168347,1.1733,1.166344,1.168361,USD
EUR/JPY,2018-08-28,129.835007,130.261002,129.710007,129.845001,JPY
EUR/GBP,2018-08-28,0.9059,0.90979,0.9057,0.90591,GBP
EUR/JPY,2018-08-29,129.973999,130.820999,129.580002,129.953995,JPY
EUR/USD,2018-08-29,1.169303,1.170631,1.165401,1.169126,USD
EUR/GBP,2018-08-29,0.9086,0.90904,0.89879,0.90853,GBP
EUR/JPY,2018-08-30,130.774994,130.843994,129.414001,130.806,JPY
EUR/USD,2018-08-30,1.170933,1.171756,1.164415,1.170974,USD
EUR/GBP,2018-08-30,0.89825,0.89918,0.89539,0.89821,GBP
EUR/GBP,2018-08-31,0.89652,0.89865,0.89378,0.89651,GBP
EUR/JPY,2018-08-31,129.481995,129.798996,128.647003,129.473007,JPY
EUR/USD,2018-08-31,1.166589,1.168934,1.159649,1.166466,USD
EUR/USD,2018-09-03,1.159851,1.162791,1.159098,1.160106,USD
EUR/GBP,2018-09-03,0.8974,0.90324,0.897,0.89752,GBP
EUR/JPY,2018-09-03,128.899994,129.136993,128.580002,128.912003,JPY
EUR/USD,2018-09-04,1.161305,1.161575,1.153323,1.161548,USD
EUR/GBP,2018-09-04,0.90242,0.90262,0.89896,0.90254,GBP
EUR/JPY,2018-09-04,128.966995,129.134003,128.322998,129.028,JPY
EUR/JPY,2018-09-05,129.134995,129.949005,128.630005,129.139999,JPY
EUR/USD,2018-09-05,1.158802,1.163264,1.154681,1.158655,USD
EUR/GBP,2018-09-05,0.90109,0.9048,0.89559,0.9011,GBP
EUR/JPY,2018-09-06,129.643005,129.785995,128.692001,129.667007,JPY
EUR/GBP,2018-09-06,0.9009,0.90179,0.89753,0.9009,GBP
EUR/USD,2018-09-06,1.163494,1.165623,1.160766,1.163521,USD
EUR/USD,2018-09-07,1.162385,1.165094,1.15639,1.162007,USD
EUR/JPY,2018-09-07,128.391998,129.087997,128.240005,128.391006,JPY
EUR/GBP,2018-09-07,0.8989,0.90057,0.89138,0.89898,GBP
EUR/GBP,2018-09-10,0.8939,0.8956,0.88965,0.8939,GBP
EUR/JPY,2018-09-10,128.197006,129.056,127.860001,128.229996,JPY
EUR/USD,2018-09-10,1.155896,1.16144,1.152764,1.156109,USD
EUR/JPY,2018-09-11,128.863007,129.792999,128.776993,128.856995,JPY
EUR/USD,2018-09-11,1.15934,1.16428,1.156685,1.159595,USD
EUR/GBP,2018-09-11,0.88984,0.89243,0.88884,0.88998,GBP
EUR/USD,2018-09-12,1.159595,1.164822,1.157086,1.159608,USD
EUR/GBP,2018-09-12,0.8907,0.89346,0.88891,0.89089,GBP
EUR/JPY,2018-09-12,129.403,129.794006,128.949005,129.401993,JPY
EUR/GBP,2018-09-13,0.8912,0.89288,0.88949,0.89116,GBP
EUR/JPY,2018-09-13,129.257004,130.783005,129.257004,129.311005,JPY
EUR/USD,2018-09-13,1.162656,1.170083,1.160968,1.162926,USD
EUR/JPY,2018-09-14,130.988998,131.106003,130.589996,130.953995,JPY
EUR/USD,2018-09-14,1.169044,1.172127,1.165569,1.16918,USD
EUR/GBP,2018-09-14,0.89164,0.89314,0.88985,0.8918,GBP
EUR/JPY,2018-09-17,130.123001,130.988007,130.123001,130.164993,JPY
EUR/USD,2018-09-17,1.162358,1.169591,1.162358,1.162899,USD
EUR/GBP,2018-09-17,0.88921,0.89031,0.8884,0.8892,GBP
EUR/JPY,2018-09-18,130.296005,131.487,130.296005,130.328003,JPY
EUR/GBP,2018-09-18,0.88756,0.89084,0.88756,0.8874,GBP
EUR/USD,2018-09-18,1.166916,1.172044,1.166916,1.166916,USD
EUR/USD,2018-09-19,1.167883,1.171646,1.165338,1.167992,USD
EUR/GBP,2018-09-19,0.88693,0.88999,0.88616,0.8869,GBP
EUR/JPY,2018-09-19,131.132004,131.656006,130.822998,131.130997,JPY
EUR/GBP,2018-09-20,0.88828,0.889,0.88476,0.88835,GBP
EUR/JPY,2018-09-20,131.121994,132.324997,130.949997,131.117004,JPY
EUR/USD,2018-09-20,1.167406,1.1777,1.167283,1.167461,USD
EUR/USD,2018-09-21,1.177607,1.180164,1.173571,1.177593,USD
EUR/JPY,2018-09-21,132.464005,133.106995,132.179001,132.475006,JPY
EUR/GBP,2018-09-21,0.88737,0.89941,0.88737,0.88734,GBP
EUR/JPY,2018-09-24,132.195999,133.042007,131.906998,132.190002,JPY
EUR/GBP,2018-09-24,0.89821,0.8983,0.89356,0.8982,GBP
EUR/USD,2018-09-24,1.175102,1.181502,1.172525,1.175102,USD
EUR/GBP,2018-09-25,0.896,0.8975,0.89397,0.89595,GBP
EUR/USD,2018-09-25,1.175323,1.179245,1.173254,1.175295,USD
EUR/JPY,2018-09-25,132.563995,133.087997,132.365997,132.550003,JPY
EUR/USD,2018-09-26,1.176609,1.1777,1.172897,1.176318,USD
EUR/JPY,2018-09-26,132.891998,132.921997,132.539993,132.889008,JPY
EUR/GBP,2018-09-26,0.89249,0.8945,0.89022,0.8923,GBP
EUR/GBP,2018-09-27,0.89195,0.89362,0.88891,0.89189,GBP
EUR/USD,2018-09-27,1.174715,1.175917,1.166453,1.174853,USD
EUR/JPY,2018-09-27,132.380005,132.664001,131.582001,132.401001,JPY
EUR/GBP,2018-09-28,0.88979,0.89125,0.88723,0.88996,GBP
EUR/USD,2018-09-28,1.163684,1.1653,1.157059,1.163738,USD
EUR/JPY,2018-09-28,131.951996,132.298004,131.182007,131.910995,JPY
EUR/GBP,2018-10-01,0.88993,0.89142,0.88632,0.89,GBP
EUR/USD,2018-10-01,1.160497,1.162129,1.156511,1.160537,USD
EUR/JPY,2018-10-01,132.033005,132.449997,131.764999,132.057007,JPY
EUR/USD,2018-10-02,1.157756,1.158212,1.150669,1.157756,USD
EUR/GBP,2018-10-02,0.8876,0.89133,0.88672,0.8876,GBP
EUR/JPY,2018-10-02,131.927002,131.945007,130.722,131.910004,JPY
EUR/USD,2018-10-03,1.155041,1.159326,1.151636,1.155175,USD
EUR/GBP,2018-10-03,0.88983,0.89174,0.88596,0.88993,GBP
EUR/JPY,2018-10-03,131.175995,131.953003,130.968994,131.194,JPY
EUR/GBP,2018-10-04,0.88683,0.88748,0.8839,0.88678,GBP
EUR/JPY,2018-10-04,131.397003,131.565002,130.899994,131.380997,JPY
EUR/USD,2018-10-04,1.147737,1.1536,1.14646,1.147631,USD
EUR/GBP,2018-10-05,0.88441,0.8847,0.87776,0.8843,GBP
EUR/JPY,2018-10-05,131.182999,131.354004,130.606003,131.184998,JPY
EUR/USD,2018-10-05,1.151755,1.154255,1.148778,1.151808,USD
EUR/GBP,2018-10-08,0.87791,0.88058,0.8776,0.87772,GBP
EUR/USD,2018-10-08,1.152392,1.153136,1.146092,1.15226,USD
EUR/JPY,2018-10-08,131.014008,131.238007,129.610001,131.022003,JPY
EUR/USD,2018-10-09,1.149465,1.150483,1.143328,1.149412,USD
EUR/GBP,2018-10-09,0.87786,0.87903,0.8737,0.8779,GBP
EUR/JPY,2018-10-09,129.988998,130.179993,129.341003,129.988007,JPY
EUR/USD,2018-10-10,1.150404,1.1542,1.148066,1.150695,USD
EUR/JPY,2018-10-10,129.985992,130.494995,129.766006,130.0,JPY
EUR/GBP,2018-10-10,0.87444,0.87493,0.8723,0.8744,GBP
EUR/USD,2018-10-11,1.153216,1.159757,1.153216,1.153336,USD
EUR/GBP,2018-10-11,0.8732,0.87667,0.8729,0.87327,GBP
EUR/JPY,2018-10-11,129.292999,130.166,129.292007,129.278,JPY
EUR/GBP,2018-10-12,0.87593,0.87888,0.87461,0.8757,GBP
EUR/USD,2018-10-12,1.159044,1.160955,1.153695,1.159044,USD
EUR/JPY,2018-10-12,129.923004,130.470993,129.421997,129.901993,JPY
EUR/USD,2018-10-15,1.155095,1.160564,1.154361,1.155135,USD
EUR/JPY,2018-10-15,129.615997,129.776993,129.139008,129.591003,JPY
EUR/GBP,2018-10-15,0.88153,0.88249,0.87974,0.88146,GBP
EUR/USD,2018-10-16,1.158332,1.162007,1.156711,1.158346,USD
EUR/JPY,2018-10-16,129.548004,130.270996,129.529999,129.542007,JPY
EUR/GBP,2018-10-16,0.88051,0.88093,0.87533,0.88052,GBP
EUR/USD,2018-10-17,1.157635,1.158212,1.15218,1.157528,USD
EUR/JPY,2018-10-17,130.022003,130.149994,129.177002,130.033997,JPY
EUR/GBP,2018-10-17,0.87765,0.88042,0.87683,0.87774,GBP
EUR/JPY,2018-10-18,129.514008,129.723007,128.839996,129.509995,JPY
EUR/USD,2018-10-18,1.150086,1.152738,1.14829,1.150086,USD
EUR/GBP,2018-10-18,0.87776,0.88025,0.87713,0.87777,GBP
EUR/GBP,2018-10-19,0.87975,0.88263,0.87749,0.8797,GBP
EUR/USD,2018-10-19,1.145515,1.15145,1.143367,1.146,USD
EUR/JPY,2018-10-19,128.531998,129.563004,128.526993,128.5,JPY
EUR/JPY,2018-10-22,129.436996,130.188004,129.201004,129.453995,JPY
EUR/GBP,2018-10-22,0.88091,0.88555,0.88059,0.8808,GBP
EUR/USD,2018-10-22,1.151119,1.1552,1.146237,1.150947,USD
EUR/JPY,2018-10-23,129.248993,129.302002,128.264999,129.270996,JPY
EUR/GBP,2018-10-23,0.88421,0.88466,0.88005,0.88419,GBP
EUR/USD,2018-10-23,1.146473,1.148976,1.143995,1.146789,USD
EUR/GBP,2018-10-24,0.88371,0.88434,0.88159,0.88369,GBP
EUR/JPY,2018-10-24,129.003998,129.210999,128.076004,129.009003,JPY
EUR/USD,2018-10-24,1.147263,1.147579,1.138408,1.147315,USD
EUR/GBP,2018-10-25,0.88455,0.88805,0.88309,0.88454,GBP
EUR/JPY,2018-10-25,127.693001,128.384995,127.491997,127.678001,JPY
EUR/USD,2018-10-25,1.139874,1.143079,1.136622,1.139926,USD
EUR/GBP,2018-10-26,0.88706,0.88851,0.88618,0.887,GBP
EUR/JPY,2018-10-26,127.760002,127.832001,126.652,127.795998,JPY
EUR/USD,2018-10-26,1.137514,1.139848,1.13362,1.137786,USD
EUR/GBP,2018-10-29,0.88832,0.88933,0.8867,0.8884,GBP
EUR/JPY,2018-10-29,127.559998,128.210007,127.244003,127.552002,JPY
EUR/USD,2018-10-29,1.139874,1.141579,1.136441,1.139874,USD
EUR/USD,2018-10-30,1.137514,1.138706,1.134739,1.137618,USD
EUR/GBP,2018-10-30,0.88853,0.89266,0.88819,0.88857,GBP
EUR/JPY,2018-10-30,127.744003,128.432999,127.744003,127.778999,JPY
EUR/USD,2018-10-31,1.134584,1.136015,1.131171,1.134636,USD
EUR/JPY,2018-10-31,128.268997,128.531006,127.857002,128.25,JPY
EUR/GBP,2018-10-31,0.89288,0.89304,0.8844,0.8926,GBP
EUR/JPY,2018-11-01,127.667,128.746994,127.617996,127.703003,JPY
EUR/GBP,2018-11-01,0.88624,0.8863,0.8783,0.88618,GBP
EUR/USD,2018-11-01,1.131388,1.141318,1.131375,1.13167,USD
EUR/GBP,2018-11-02,0.87715,0.87989,0.87692,0.87688,GBP
EUR/USD,2018-11-02,1.140277,1.145541,1.137566,1.140329,USD
EUR/JPY,2018-11-02,128.528,129.298996,128.389999,128.524994,JPY
EUR/GBP,2018-11-05,0.8763,0.87717,0.87369,0.87629,GBP
EUR/USD,2018-11-05,1.139705,1.140641,1.135525,1.139757,USD
EUR/JPY,2018-11-05,128.932007,129.115005,128.600998,128.919998,JPY
EUR/JPY,2018-11-06,129.210999,129.457993,128.882996,129.179993,JPY
EUR/USD,2018-11-06,1.140862,1.143811,1.139328,1.141292,USD
EUR/GBP,2018-11-06,0.8735,0.87533,0.87218,0.87364,GBP
EUR/GBP,2018-11-07,0.87231,0.87451,0.87108,0.87227,GBP
EUR/USD,2018-11-07,1.144099,1.149994,1.140056,1.143851,USD
EUR/JPY,2018-11-07,129.675995,130.132004,129.393997,129.660004,JPY
EUR/USD,2018-11-08,1.143328,1.144427,1.140511,1.143406,USD
EUR/JPY,2018-11-08,129.834,130.112,129.697998,129.820007,JPY
EUR/GBP,2018-11-08,0.87089,0.87367,0.86975,0.87088,GBP
EUR/JPY,2018-11-09,129.548004,129.585007,128.819,129.541,JPY
EUR/GBP,2018-11-09,0.87003,0.87314,0.8691,0.86997,GBP
EUR/USD,2018-11-09,1.136855,1.136919,1.132503,1.136842,USD
EUR/JPY,2018-11-12,128.910995,129.177994,127.82,128.916,JPY
EUR/GBP,2018-11-12,0.87522,0.87715,0.8709,0.87519,GBP
EUR/USD,2018-11-12,1.132477,1.133273,1.124164,1.132503,USD
EUR/JPY,2018-11-13,127.57,128.733994,127.500999,127.612,JPY
EUR/GBP,2018-11-13,0.8729,0.87406,0.86563,0.873,GBP
EUR/USD,2018-11-13,1.12241,1.129191,1.122322,1.123343,USD
EUR/JPY,2018-11-14,128.740005,129.153,128.283997,128.707993,JPY
EUR/GBP,2018-11-14,0.8691,0.87373,0.86784,0.86911,GBP
EUR/USD,2018-11-14,1.131606,1.133967,1.126481,1.131119,USD
EUR/JPY,2018-11-15,128.468994,128.837997,127.771004,128.455994,JPY
EUR/GBP,2018-11-15,0.8711,0.8881,0.8706,0.87101,GBP
EUR/USD,2018-11-15,1.131363,1.135112,1.127497,1.131183,USD
EUR/USD,2018-11-16,1.132529,1.141422,1.132259,1.13249,USD
EUR/GBP,2018-11-16,0.88711,0.88885,0.88249,0.88705,GBP
EUR/JPY,2018-11-16,128.602997,128.764999,128.160995,128.595001,JPY
EUR/JPY,2018-11-19,128.638,129.059998,128.470001,128.660995,JPY
EUR/USD,2018-11-19,1.141214,1.146289,1.139445,1.141396,USD
EUR/GBP,2018-11-19,0.88906,0.89248,0.88688,0.88936,GBP
EUR/JPY,2018-11-20,128.837006,129.029007,128.007996,128.800003,JPY
EUR/USD,2018-11-20,1.145475,1.147276,1.138706,1.145502,USD
EUR/GBP,2018-11-20,0.89088,0.89212,0.88764,0.8909,GBP
EUR/JPY,2018-11-21,128.179993,129.061005,128.160004,128.195999,JPY
EUR/USD,2018-11-21,1.137268,1.142204,1.136635,1.137242,USD
EUR/GBP,2018-11-21,0.88929,0.89228,0.88866,0.88916,GBP
EUR/GBP,2018-11-22,0.89135,0.89208,0.88452,0.89124,GBP
EUR/JPY,2018-11-22,128.725006,129.095993,128.662003,128.720001,JPY
EUR/USD,2018-11-22,1.138887,1.143406,1.138628,1.138835,USD
EUR/JPY,2018-11-23,128.841003,128.912003,127.862999,128.830002,JPY
EUR/USD,2018-11-23,1.140264,1.141944,1.133234,1.140316,USD
EUR/GBP,2018-11-23,0.88553,0.88755,0.8838,0.88548,GBP
EUR/JPY,2018-11-26,128.033005,128.891998,127.989998,128.009995,JPY
EUR/GBP,2018-11-26,0.88445,0.88682,0.88367,0.8847,GBP
EUR/USD,2018-11-26,1.13389,1.138356,1.132734,1.133735,USD
EUR/JPY,2018-11-27,128.651993,128.820007,128.360001,128.630005,JPY
EUR/USD,2018-11-27,1.133427,1.134494,1.127943,1.133337,USD
EUR/GBP,2018-11-27,0.88451,0.88861,0.8843,0.88444,GBP
EUR/USD,2018-11-28,1.129714,1.1308,1.126773,1.12988,USD
EUR/GBP,2018-11-28,0.88649,0.8868,0.881,0.8865,GBP
EUR/JPY,2018-11-28,128.528,128.718002,128.248001,128.535004,JPY
EUR/JPY,2018-11-29,129.082993,129.123001,128.669998,129.082001,JPY
EUR/GBP,2018-11-29,0.88629,0.89194,0.8859,0.8865,GBP
EUR/USD,2018-11-29,1.136661,1.140147,1.134958,1.136855,USD
EUR/USD,2018-11-30,1.139277,1.140121,1.131478,1.139277,USD
EUR/JPY,2018-11-30,129.194,129.242004,128.457993,129.192001,JPY
EUR/GBP,2018-11-30,0.89105,0.8924,0.88608,0.8911,GBP
EUR/JPY,2018-12-03,129.014999,129.132004,128.550003,129.029007,JPY
EUR/GBP,2018-12-03,0.8894,0.89231,0.8864,0.8894,GBP
EUR/USD,2018-12-03,1.134185,1.138006,1.132169,1.134224,USD
EUR/JPY,2018-12-04,128.959,129.0,128.119995,128.966995,JPY
EUR/USD,2018-12-04,1.135589,1.141774,1.134327,1.135486,USD
EUR/GBP,2018-12-04,0.89213,0.8943,0.88893,0.8922,GBP
EUR/USD,2018-12-05,1.134366,1.136028,1.131503,1.134288,USD
EUR/GBP,2018-12-05,0.8917,0.8931,0.88759,0.89171,GBP
EUR/JPY,2018-12-05,127.832001,128.431,127.818001,127.828003,JPY
EUR/GBP,2018-12-06,0.89158,0.8926,0.88879,0.89161,GBP
EUR/JPY,2018-12-06,128.289001,128.354996,127.685997,128.291,JPY
EUR/USD,2018-12-06,1.134726,1.141227,1.132336,1.134906,USD
EUR/JPY,2018-12-07,128.244003,128.584,128.119995,128.173996,JPY
EUR/GBP,2018-12-07,0.89007,0.89422,0.8898,0.89009,GBP
EUR/USD,2018-12-07,1.137682,1.14107,1.136131,1.137475,USD
EUR/USD,2018-12-10,1.140381,1.144558,1.136235,1.140095,USD
EUR/JPY,2018-12-10,128.291,128.925995,128.268005,128.251007,JPY
EUR/GBP,2018-12-10,0.89643,0.90834,0.8959,0.89619,GBP
EUR/GBP,2018-12-11,0.9039,0.90483,0.90066,0.9039,GBP
EUR/USD,2018-12-11,1.135499,1.139939,1.130761,1.135654,USD
EUR/JPY,2018-12-11,128.541,128.942001,128.229996,128.529999,JPY
EUR/JPY,2018-12-12,128.369995,128.845993,128.279999,128.378006,JPY
EUR/GBP,2018-12-12,0.9063,0.90676,0.89707,0.90629,GBP
EUR/USD,2018-12-12,1.132285,1.138045,1.131618,1.132311,USD
EUR/JPY,2018-12-13,128.832993,129.235992,128.710007,128.839996,JPY
EUR/USD,2018-12-13,1.137268,1.139251,1.133363,1.137346,USD
EUR/GBP,2018-12-13,0.90074,0.90132,0.89524,0.90059,GBP
EUR/GBP,2018-12-14,0.89798,0.90042,0.89611,0.8978,GBP
EUR/USD,2018-12-14,1.136325,1.136622,1.127078,1.136364,USD
EUR/JPY,2018-12-14,129.048996,129.102005,128.054001,129.035004,JPY
EUR/USD,2018-12-17,1.130672,1.135396,1.13048,1.130595,USD
EUR/GBP,2018-12-17,0.89827,0.90021,0.89758,0.89824,GBP
EUR/JPY,2018-12-17,128.197998,128.582993,127.986,128.194,JPY
EUR/USD,2018-12-18,1.134997,1.1403,1.133864,1.134984,USD
EUR/GBP,2018-12-18,0.8996,0.90083,0.89651,0.8995,GBP
EUR/JPY,2018-12-18,128.054993,128.100006,127.648003,128.052994,JPY
EUR/USD,2018-12-19,1.137566,1.143968,1.137566,1.13754,USD
EUR/GBP,2018-12-19,0.89887,0.90403,0.8981,0.89881,GBP
EUR/JPY,2018-12-19,127.964996,128.350998,127.724998,127.994003,JPY
EUR/JPY,2018-12-20,128.014999,128.350006,127.214996,128.018005,JPY
EUR/USD,2018-12-20,1.138784,1.148488,1.137838,1.138952,USD
EUR/GBP,2018-12-20,0.90193,0.90496,0.90078,0.90175,GBP
EUR/USD,2018-12-21,1.145777,1.147447,1.138784,1.145685,USD
EUR/GBP,2018-12-21,0.90428,0.905,0.89873,0.9042,GBP
EUR/JPY,2018-12-21,127.397003,127.68,126.546997,127.351997,JPY
EUR/USD,2018-12-24,1.137204,1.143838,1.137204,1.137281,USD
EUR/GBP,2018-12-24,0.8989,0.90256,0.89657,0.89905,GBP
EUR/JPY,2018-12-24,126.290001,126.731003,126.000999,126.292,JPY
EUR/JPY,2018-12-25,125.790001,125.959999,125.349998,125.769997,JPY
EUR/USD,2018-12-25,1.140511,1.142204,1.13701,1.140394,USD
EUR/GBP,2018-12-25,0.8968,0.9007,0.8905,0.8966,GBP
EUR/GBP,2018-12-26,0.89939,0.90073,0.89655,0.89949,GBP
EUR/JPY,2018-12-26,126.022003,126.213997,125.800003,126.001999,JPY
EUR/USD,2018-12-26,1.141344,1.141944,1.137618,1.141553,USD
EUR/USD,2018-12-27,1.136364,1.143432,1.135912,1.136131,USD
EUR/GBP,2018-12-27,0.89811,0.90394,0.89797,0.89816,GBP
EUR/JPY,2018-12-27,126.408997,126.664001,126.024002,126.404999,JPY
EUR/GBP,2018-12-28,0.90386,0.90591,0.90125,0.90386,GBP
EUR/USD,2018-12-28,1.143092,1.147315,1.143092,1.143105,USD
EUR/JPY,2018-12-28,126.774002,126.973999,126.288002,126.767998,JPY
EUR/JPY,2018-12-31,126.220001,126.421997,125.414001,126.249001,JPY
EUR/GBP,2018-12-31,0.9014,0.90206,0.89282,0.90133,GBP
EUR/USD,2018-12-31,1.14389,1.146592,1.142231,1.143995,USD
EUR/GBP,2019-01-01,0.9013,0.9108,0.8998,0.9023,GBP
EUR/USD,2019-01-01,1.149425,1.155001,1.1465,1.149306,USD
EUR/JPY,2019-01-01,125.690002,126.550003,125.660004,125.980003,JPY
EUR/JPY,2019-01-02,125.702003,125.702003,123.887001,125.689003,JPY
EUR/USD,2019-01-02,1.146132,1.1497,1.134572,1.146171,USD
EUR/GBP,2019-01-02,0.89869,0.90294,0.89815,0.8985,GBP
EUR/JPY,2019-01-03,121.591003,123.364998,121.320999,121.600998,JPY
EUR/USD,2019-01-03,1.131734,1.140914,1.131734,1.131811,USD
EUR/GBP,2019-01-03,0.90394,0.90632,0.90169,0.90405,GBP
EUR/USD,2019-01-04,1.139095,1.141774,1.134816,1.139108,USD
EUR/GBP,2019-01-04,0.9019,0.9031,0.89558,0.90191,GBP
EUR/JPY,2019-01-04,122.871002,123.676003,122.614998,122.793999,JPY
EUR/GBP,2019-01-07,0.89608,0.89901,0.89537,0.89593,GBP
EUR/USD,2019-01-07,1.141292,1.147447,1.140524,1.141044,USD
EUR/JPY,2019-01-07,123.785004,124.561996,123.43,123.820999,JPY
EUR/GBP,2019-01-08,0.89776,0.89942,0.89506,0.89785,GBP
EUR/USD,2019-01-08,1.147934,1.148633,1.142465,1.147974,USD
EUR/JPY,2019-01-08,124.711998,124.847,124.129997,124.660004,JPY
EUR/USD,2019-01-09,1.145725,1.154015,1.144165,1.145607,USD
EUR/JPY,2019-01-09,124.592003,125.079002,124.481003,124.609001,JPY
EUR/GBP,2019-01-09,0.89936,0.90404,0.89748,0.89932,GBP
EUR/JPY,2019-01-10,124.976997,125.038002,124.376999,125.014999,JPY
EUR/GBP,2019-01-10,0.90276,0.90587,0.90143,0.9026,GBP
EUR/USD,2019-01-10,1.155522,1.15714,1.151145,1.155495,USD
EUR/JPY,2019-01-11,124.690002,124.987,124.231003,124.619003,JPY
EUR/GBP,2019-01-11,0.90255,0.90592,0.89318,0.90222,GBP
EUR/USD,2019-01-11,1.151517,1.1539,1.145974,1.151013,USD
EUR/GBP,2019-01-14,0.892,0.89511,0.88754,0.8918,GBP
EUR/USD,2019-01-14,1.146276,1.148369,1.145161,1.146014,USD
EUR/JPY,2019-01-14,124.323997,124.348,123.771004,124.290001,JPY
EUR/GBP,2019-01-15,0.89102,0.89335,0.888,0.8909,GBP
EUR/USD,2019-01-15,1.147315,1.149161,1.138615,1.147289,USD
EUR/JPY,2019-01-15,124.183998,124.847,123.635002,124.186996,JPY
EUR/JPY,2019-01-16,124.012001,124.171997,123.529999,123.980003,JPY
EUR/USD,2019-01-16,1.141409,1.142231,1.137889,1.141683,USD
EUR/GBP,2019-01-16,0.88664,0.88883,0.88418,0.8866,GBP
EUR/USD,2019-01-17,1.1399,1.140771,1.137242,1.139809,USD
EUR/GBP,2019-01-17,0.88462,0.88689,0.87988,0.88449,GBP
EUR/JPY,2019-01-17,124.281998,124.291,123.752998,124.276001,JPY
EUR/GBP,2019-01-18,0.87741,0.88227,0.87708,0.8772,GBP
EUR/USD,2019-01-18,1.139186,1.141032,1.135422,1.139264,USD
EUR/JPY,2019-01-18,124.330002,124.963997,124.330002,124.348,JPY
EUR/GBP,2019-01-21,0.8842,0.88618,0.88063,0.88432,GBP
EUR/JPY,2019-01-21,124.625,124.811996,124.519997,124.627998,JPY
EUR/USD,2019-01-21,1.136544,1.138822,1.135796,1.136557,USD
EUR/JPY,2019-01-22,124.676003,124.690002,124.057999,124.681,JPY
EUR/USD,2019-01-22,1.136958,1.137527,1.133684,1.136932,USD
EUR/GBP,2019-01-22,0.88187,0.8828,0.87627,0.88191,GBP
EUR/JPY,2019-01-23,124.275002,124.904999,124.25,124.260002,JPY
EUR/GBP,2019-01-23,0.87701,0.8781,0.86984,0.87699,GBP
EUR/USD,2019-01-23,1.136377,1.139315,1.135164,1.136402,USD
EUR/GBP,2019-01-24,0.8703,0.87242,0.86834,0.8703,GBP
EUR/JPY,2019-01-24,124.657997,124.893997,124.005997,124.660004,JPY
EUR/USD,2019-01-24,1.138706,1.139341,1.131324,1.138822,USD
EUR/GBP,2019-01-25,0.86252,0.86798,0.862,0.86212,GBP
EUR/JPY,2019-01-25,123.938004,125.064003,123.910004,123.969002,JPY
EUR/USD,2019-01-25,1.130991,1.141162,1.130582,1.13135,USD
EUR/USD,2019-01-28,1.141266,1.144558,1.139095,1.141305,USD
EUR/GBP,2019-01-28,0.86403,0.86946,0.86403,0.8639,GBP
EUR/JPY,2019-01-28,124.834,124.996002,124.603996,124.853996,JPY
EUR/GBP,2019-01-29,0.86846,0.87094,0.86593,0.86847,GBP
EUR/USD,2019-01-29,1.142975,1.145056,1.141175,1.143001,USD
EUR/JPY,2019-01-29,124.883003,125.231003,124.68,124.849998,JPY
EUR/USD,2019-01-30,1.143511,1.145029,1.140862,1.143537,USD
EUR/GBP,2019-01-30,0.87415,0.8747,0.87149,0.87437,GBP
EUR/JPY,2019-01-30,125.106003,125.255997,124.891998,125.110001,JPY
EUR/USD,2019-01-31,1.148554,1.151371,1.145056,1.148765,USD
EUR/JPY,2019-01-31,125.135002,125.283997,124.580002,125.165001,JPY
EUR/GBP,2019-01-31,0.87557,0.87657,0.87126,0.8754,GBP
EUR/USD,2019-02-01,1.145082,1.148844,1.143511,1.144951,USD
EUR/JPY,2019-02-01,124.610001,125.720001,124.394997,124.580002,JPY
EUR/GBP,2019-02-01,0.8732,0.87917,0.8725,0.8732,GBP
EUR/USD,2019-02-04,1.145725,1.146263,1.142544,1.145528,USD
EUR/JPY,2019-02-04,125.389999,125.936996,125.389999,125.339996,JPY
EUR/GBP,2019-02-04,0.87598,0.8774,0.87273,0.8759,GBP
EUR/USD,2019-02-05,1.143576,1.144296,1.140329,1.143628,USD
EUR/GBP,2019-02-05,0.87752,0.88214,0.8751,0.87759,GBP
EUR/JPY,2019-02-05,125.769997,125.862,125.290001,125.752998,JPY
EUR/JPY,2019-02-06,125.414001,125.431999,124.819,125.431999,JPY
EUR/GBP,2019-02-06,0.8806,0.8806,0.8772,0.88051,GBP
EUR/USD,2019-02-06,1.140875,1.141097,1.13754,1.140993,USD
EUR/GBP,2019-02-07,0.87867,0.8813,0.87303,0.87863,GBP
EUR/USD,2019-02-07,1.136635,1.13701,1.132605,1.136596,USD
EUR/JPY,2019-02-07,125.014,125.014,124.339996,124.980003,JPY
EUR/JPY,2019-02-08,124.477997,124.68,124.169998,124.454002,JPY
EUR/GBP,2019-02-08,0.87567,0.8764,0.87428,0.8756,GBP
EUR/USD,2019-02-08,1.133993,1.1351,1.132182,1.133877,USD
EUR/JPY,2019-02-11,124.351997,124.862,124.330002,124.348,JPY
EUR/USD,2019-02-11,1.132426,1.133144,1.127345,1.132426,USD
EUR/GBP,2019-02-11,0.87526,0.87755,0.87448,0.8753,GBP
EUR/USD,2019-02-12,1.128032,1.13199,1.125885,1.127904,USD
EUR/GBP,2019-02-12,0.87669,0.87831,0.8757,0.87677,GBP
EUR/JPY,2019-02-12,124.510002,125.075996,124.452003,124.519997,JPY
EUR/JPY,2019-02-13,125.235001,125.516998,125.049004,125.255997,JPY
EUR/USD,2019-02-13,1.133273,1.13443,1.128286,1.133466,USD
EUR/GBP,2019-02-13,0.8791,0.8792,0.87451,0.87912,GBP
EUR/USD,2019-02-14,1.126405,1.130825,1.125062,1.126494,USD
EUR/JPY,2019-02-14,124.968002,125.435997,124.75,124.950996,JPY
EUR/GBP,2019-02-14,0.87631,0.88381,0.876,0.87623,GBP
EUR/GBP,2019-02-15,0.8825,0.88269,0.87617,0.88249,GBP
EUR/JPY,2019-02-15,124.842003,124.842003,124.235001,124.849998,JPY
EUR/USD,2019-02-15,1.129471,1.129816,1.123495,1.129535,USD
EUR/GBP,2019-02-18,0.87529,0.87664,0.87428,0.8751,GBP
EUR/JPY,2019-02-18,124.848,125.265999,124.805,124.900002,JPY
EUR/USD,2019-02-18,1.129484,1.133414,1.129484,1.129803,USD
EUR/GBP,2019-02-19,0.8753,0.87619,0.8686,0.87525,GBP
EUR/JPY,2019-02-19,125.091003,125.456001,124.75,125.093002,JPY
EUR/USD,2019-02-19,1.131209,1.134185,1.127701,1.131196,USD
EUR/GBP,2019-02-20,0.86833,0.8713,0.86778,0.86823,GBP
EUR/JPY,2019-02-20,125.426003,125.924004,125.426003,125.393997,JPY
EUR/USD,2019-02-20,1.134301,1.136958,1.132593,1.134301,USD
EUR/JPY,2019-02-21,125.650002,125.837997,125.309998,125.671997,JPY
EUR/GBP,2019-02-21,0.8698,0.8702,0.8665,0.86971,GBP
EUR/USD,2019-02-21,1.134636,1.136583,1.132259,1.134636,USD
EUR/USD,2019-02-22,1.13398,1.135576,1.131875,1.134301,USD
EUR/GBP,2019-02-22,0.8694,0.87271,0.8677,0.86951,GBP
EUR/JPY,2019-02-22,125.529999,125.767998,125.400002,125.540001,JPY
EUR/GBP,2019-02-25,0.86795,0.86983,0.86688,0.86804,GBP
EUR/USD,2019-02-25,1.134018,1.136751,1.1338,1.134224,USD
EUR/JPY,2019-02-25,125.606003,126.021004,125.360001,125.632004,JPY
EUR/USD,2019-02-26,1.136622,1.137864,1.134649,1.136751,USD
EUR/GBP,2019-02-26,0.86558,0.86573,0.85646,0.86572,GBP
EUR/JPY,2019-02-26,126.162003,126.209999,125.726997,126.206001,JPY
EUR/GBP,2019-02-27,0.85925,0.85952,0.85306,0.85933,GBP
EUR/JPY,2019-02-27,125.945,126.330002,125.538002,125.93,JPY
EUR/USD,2019-02-27,1.139419,1.140381,1.136389,1.139315,USD
EUR/JPY,2019-02-28,126.141998,126.884003,125.910004,126.155998,JPY
EUR/USD,2019-02-28,1.137786,1.142204,1.13608,1.138019,USD
EUR/GBP,2019-02-28,0.85436,0.85852,0.8541,0.85444,GBP
EUR/JPY,2019-03-01,126.651001,127.470001,126.651001,126.646004,JPY
EUR/USD,2019-03-01,1.137255,1.140888,1.135435,1.137346,USD
EUR/GBP,2019-03-01,0.8573,0.86106,0.8571,0.85738,GBP
EUR/GBP,2019-03-04,0.85925,0.85958,0.85583,0.8592,GBP
EUR/JPY,2019-03-04,127.315002,127.342003,126.440002,127.309998,JPY
EUR/USD,2019-03-04,1.137527,1.137527,1.131055,1.137592,USD
EUR/JPY,2019-03-05,126.712997,126.931,126.43,126.719002,JPY
EUR/GBP,2019-03-05,0.86028,0.86442,0.85859,0.86024,GBP
EUR/USD,2019-03-05,1.133825,1.133915,1.129318,1.133735,USD
EUR/USD,2019-03-06,1.130621,1.132503,1.129165,1.13071,USD
EUR/GBP,2019-03-06,0.85926,0.86176,0.85868,0.85929,GBP
EUR/JPY,2019-03-06,126.456001,126.519997,126.18,126.469002,JPY
EUR/JPY,2019-03-07,126.289001,126.417,125.084,126.280998,JPY
EUR/USD,2019-03-07,1.131247,1.13199,1.120875,1.131401,USD
EUR/GBP,2019-03-07,0.8583,0.86229,0.85552,0.8583,GBP
EUR/USD,2019-03-08,1.120197,1.124455,1.118606,1.119833,USD
EUR/JPY,2019-03-08,125.013,125.013,124.272003,125.010002,JPY
EUR/GBP,2019-03-08,0.85536,0.86425,0.8547,0.8554,GBP
EUR/GBP,2019-03-11,0.86492,0.86739,0.85683,0.86476,GBP
EUR/USD,2019-03-11,1.123103,1.125746,1.122259,1.123242,USD
EUR/JPY,2019-03-11,124.742996,125.196999,124.470001,124.739998,JPY
EUR/JPY,2019-03-12,125.331001,125.738998,125.080002,125.358002,JPY
EUR/USD,2019-03-12,1.125885,1.129433,1.125024,1.125923,USD
EUR/GBP,2019-03-12,0.84995,0.86519,0.84987,0.84997,GBP
EUR/GBP,2019-03-13,0.86387,0.8639,0.85476,0.86389,GBP
EUR/JPY,2019-03-13,125.640999,125.945999,125.449997,125.627998,JPY
EUR/USD,2019-03-13,1.128681,1.131375,1.127904,1.128745,USD
EUR/JPY,2019-03-14,126.009003,126.559998,125.919998,125.989998,JPY
EUR/GBP,2019-03-14,0.85307,0.85598,0.84991,0.85283,GBP
EUR/USD,2019-03-14,1.133286,1.133594,1.129471,1.133106,USD
EUR/USD,2019-03-15,1.130761,1.134301,1.130224,1.130838,USD
EUR/GBP,2019-03-15,0.85287,0.85734,0.85282,0.85286,GBP
EUR/JPY,2019-03-15,126.375999,126.559998,126.129997,126.360001,JPY
EUR/USD,2019-03-18,1.13199,1.135976,1.123469,1.131977,USD
EUR/GBP,2019-03-18,0.85123,0.85936,0.85121,0.8512,GBP
EUR/JPY,2019-03-18,126.264999,126.681,126.230003,126.269997,JPY
EUR/GBP,2019-03-19,0.85458,0.8568,0.85353,0.85469,GBP
EUR/JPY,2019-03-19,126.263,126.608002,126.080002,126.248001,JPY
EUR/USD,2019-03-19,1.133556,1.136364,1.133427,1.13362,USD
EUR/USD,2019-03-20,1.135306,1.136751,1.133645,1.135486,USD
EUR/GBP,2019-03-20,0.85555,0.86371,0.8555,0.8555,GBP
EUR/JPY,2019-03-20,126.529999,126.734001,126.468002,126.489998,JPY
EUR/GBP,2019-03-21,0.86545,0.8695,0.8637,0.86535,GBP
EUR/JPY,2019-03-21,126.459,126.581001,125.669998,126.458,JPY
EUR/USD,2019-03-21,1.143001,1.143995,1.135512,1.142792,USD
EUR/JPY,2019-03-22,126.033997,126.168999,123.839996,126.010002,JPY
EUR/USD,2019-03-22,1.137398,1.139212,1.127561,1.137501,USD
EUR/GBP,2019-03-22,0.86619,0.8668,0.85337,0.8663,GBP
EUR/USD,2019-03-25,1.129612,1.13317,1.12905,1.129586,USD
EUR/JPY,2019-03-25,124.383003,124.809998,123.891998,124.342003,JPY
EUR/GBP,2019-03-25,0.8552,0.8596,0.85468,0.8553,GBP
EUR/USD,2019-03-26,1.131452,1.132888,1.127955,1.13158,USD
EUR/JPY,2019-03-26,124.528,125.007004,124.43,124.519997,JPY
EUR/GBP,2019-03-26,0.85657,0.85917,0.85201,0.8562,GBP
EUR/GBP,2019-03-27,0.85339,0.85498,0.85012,0.85334,GBP
EUR/USD,2019-03-27,1.127447,1.128554,1.124265,1.127485,USD
EUR/JPY,2019-03-27,124.630997,124.718002,124.043999,124.620003,JPY
EUR/USD,2019-03-28,1.125138,1.1263,1.121516,1.125176,USD
EUR/JPY,2019-03-28,124.303001,124.412003,123.650002,124.309998,JPY
EUR/GBP,2019-03-28,0.85538,0.85885,0.8526,0.8554,GBP
EUR/GBP,2019-03-29,0.8601,0.86481,0.85549,0.86021,GBP
EUR/JPY,2019-03-29,124.260002,124.621002,124.150002,124.220001,JPY
EUR/USD,2019-03-29,1.122952,1.124606,1.121089,1.123002,USD
EUR/GBP,2019-04-01,0.86183,0.86256,0.85291,0.8618,GBP
EUR/JPY,2019-04-01,124.564003,124.950996,124.522003,124.57,JPY
EUR/USD,2019-04-01,1.122347,1.125024,1.120988,1.122385,USD
EUR/GBP,2019-04-02,0.85735,0.86064,0.85669,0.85738,GBP
EUR/JPY,2019-04-02,124.860001,124.861,124.477997,124.878998,JPY
EUR/USD,2019-04-02,1.120599,1.121401,1.118456,1.120574,USD
EUR/GBP,2019-04-03,0.85346,0.8554,0.8504,0.85339,GBP
EUR/USD,2019-04-03,1.120285,1.1255,1.120247,1.120385,USD
EUR/JPY,2019-04-03,124.704002,125.439003,124.619003,124.68,JPY
EUR/JPY,2019-04-04,125.236,125.377998,124.970001,125.254997,JPY
EUR/USD,2019-04-04,1.124531,1.124986,1.120925,1.124695,USD
EUR/GBP,2019-04-04,0.85327,0.85865,0.8519,0.85339,GBP
EUR/USD,2019-04-05,1.12246,1.124151,1.121164,1.122586,USD
EUR/JPY,2019-04-05,125.308998,125.495003,125.279999,125.311996,JPY
EUR/GBP,2019-04-05,0.85842,0.86261,0.85585,0.85833,GBP
EUR/JPY,2019-04-08,125.305,125.575996,124.970001,125.310997,JPY
EUR/USD,2019-04-08,1.122208,1.127408,1.121554,1.121957,USD
EUR/GBP,2019-04-08,0.86047,0.86448,0.8589,0.8605,GBP
EUR/JPY,2019-04-09,125.447998,125.595001,125.177002,125.449997,JPY
EUR/USD,2019-04-09,1.125644,1.128796,1.125644,1.125644,USD
EUR/GBP,2019-04-09,0.86176,0.86511,0.85966,0.86174,GBP
EUR/GBP,2019-04-10,0.86295,0.86315,0.85925,0.86279,GBP
EUR/USD,2019-04-10,1.126494,1.128286,1.123103,1.126697,USD
EUR/JPY,2019-04-10,125.151001,125.413002,124.779999,125.164001,JPY
EUR/GBP,2019-04-11,0.8609,0.86311,0.85956,0.86085,GBP
EUR/USD,2019-04-11,1.127612,1.128745,1.125606,1.12765,USD
EUR/JPY,2019-04-11,125.120003,125.693001,125.120003,125.120003,JPY
EUR/GBP,2019-04-12,0.86246,0.86552,0.8621,0.86243,GBP
EUR/USD,2019-04-12,1.125936,1.132503,1.125834,1.126075,USD
EUR/JPY,2019-04-12,125.700996,126.763,125.690002,125.689003,JPY
EUR/GBP,2019-04-15,0.86383,0.86486,0.86191,0.86388,GBP
EUR/USD,2019-04-15,1.130365,1.132246,1.129943,1.130506,USD
EUR/JPY,2019-04-15,126.634003,126.764999,126.5,126.610001,JPY
EUR/USD,2019-04-16,1.130442,1.1315,1.128605,1.130493,USD
EUR/JPY,2019-04-16,126.547997,126.667,126.226997,126.549004,JPY
EUR/GBP,2019-04-16,0.86293,0.86587,0.86259,0.8628,GBP
EUR/JPY,2019-04-17,126.333,126.793999,126.333,126.337997,JPY
EUR/USD,2019-04-17,1.128515,1.132375,1.128184,1.128503,USD
EUR/GBP,2019-04-17,0.86506,0.86799,0.865,0.8648,GBP
EUR/USD,2019-04-18,1.130071,1.1306,1.123772,1.129714,USD
EUR/GBP,2019-04-18,0.86638,0.86652,0.8636,0.86632,GBP
EUR/JPY,2019-04-18,126.560997,126.560997,125.720001,126.544998,JPY
EUR/JPY,2019-04-19,125.819,125.879997,125.699997,125.820999,JPY
EUR/GBP,2019-04-19,0.86476,0.86547,0.8642,0.8646,GBP
EUR/USD,2019-04-19,1.123608,1.125113,1.123305,1.123595,USD
EUR/GBP,2019-04-22,0.86541,0.86722,0.8646,0.86542,GBP
EUR/JPY,2019-04-22,125.832001,126.056,125.739998,125.827003,JPY
EUR/USD,2019-04-22,1.124455,1.12638,1.123671,1.124455,USD
EUR/JPY,2019-04-23,126.014999,126.014999,125.279999,126.012001,JPY
EUR/GBP,2019-04-23,0.86727,0.86727,0.86354,0.8673,GBP
EUR/USD,2019-04-23,1.125885,1.126126,1.119344,1.125898,USD
EUR/GBP,2019-04-24,0.8675,0.86772,0.86374,0.86749,GBP
EUR/JPY,2019-04-24,125.554001,125.579002,125.054001,125.550003,JPY
EUR/USD,2019-04-24,1.122448,1.12246,1.118306,1.122435,USD
EUR/JPY,2019-04-25,125.139999,125.214996,124.212997,125.126999,JPY
EUR/USD,2019-04-25,1.115698,1.1164,1.112174,1.115349,USD
EUR/GBP,2019-04-25,0.8643,0.86537,0.86269,0.8642,GBP
EUR/JPY,2019-04-26,124.262001,124.705002,124.134003,124.299004,JPY
EUR/USD,2019-04-26,1.11371,1.117281,1.112298,1.113685,USD
EUR/GBP,2019-04-26,0.86349,0.8638,0.86237,0.86357,GBP
EUR/USD,2019-04-29,1.114902,1.116994,1.114554,1.115026,USD
EUR/GBP,2019-04-29,0.8628,0.86428,0.86211,0.86295,GBP
EUR/JPY,2019-04-29,124.496002,124.961998,124.419998,124.501999,JPY
EUR/USD,2019-04-30,1.118418,1.122965,1.117656,1.118518,USD
EUR/GBP,2019-04-30,0.8647,0.86491,0.8592,0.86485,GBP
EUR/JPY,2019-04-30,124.954002,125.078003,124.478996,124.970001,JPY
EUR/USD,2019-05-01,1.121831,1.124999,1.121441,1.121604,USD
EUR/GBP,2019-05-01,0.85998,0.86054,0.85861,0.85994,GBP
EUR/JPY,2019-05-01,124.989998,125.217003,124.93,124.981003,JPY
EUR/USD,2019-05-02,1.120185,1.121818,1.117356,1.120084,USD
EUR/GBP,2019-05-02,0.8582,0.85954,0.85682,0.8579,GBP
EUR/JPY,2019-05-02,124.858002,125.110001,124.557999,124.877998,JPY
EUR/USD,2019-05-03,1.117256,1.120072,1.114132,1.117356,USD
EUR/GBP,2019-05-03,0.8573,0.85868,0.84973,0.8571,GBP
EUR/JPY,2019-05-03,124.540001,124.613998,124.269997,124.596001,JPY
EUR/JPY,2019-05-06,123.742996,124.227997,123.379997,123.755997,JPY
EUR/USD,2019-05-06,1.118706,1.120448,1.117993,1.118581,USD
EUR/GBP,2019-05-06,0.85064,0.85548,0.8505,0.85053,GBP
EUR/JPY,2019-05-07,124.137001,124.230003,123.321999,124.110001,JPY
EUR/GBP,2019-05-07,0.85519,0.85795,0.8538,0.855,GBP
EUR/USD,2019-05-07,1.120448,1.121957,1.117606,1.120185,USD
EUR/GBP,2019-05-08,0.8561,0.8623,0.85599,0.8562,GBP
EUR/USD,2019-05-08,1.118956,1.1215,1.118956,1.119107,USD
EUR/JPY,2019-05-08,123.369003,123.510002,123.080002,123.375999,JPY
EUR/JPY,2019-05-09,123.190002,123.248001,122.503998,123.206001,JPY
EUR/GBP,2019-05-09,0.86047,0.86459,0.8595,0.86054,GBP
EUR/USD,2019-05-09,1.119746,1.1251,1.117568,1.119833,USD
EUR/JPY,2019-05-10,123.237,123.598999,123.039001,123.181999,JPY
EUR/USD,2019-05-10,1.121856,1.125239,1.121856,1.122208,USD
EUR/GBP,2019-05-10,0.86198,0.86388,0.86195,0.86229,GBP
EUR/JPY,2019-05-13,123.183998,123.328003,122.553001,123.198997,JPY
EUR/GBP,2019-05-13,0.86373,0.86735,0.8624,0.8638,GBP
EUR/USD,2019-05-13,1.123671,1.126342,1.12241,1.123646,USD
EUR/JPY,2019-05-14,122.622002,123.389999,122.620003,122.599998,JPY
EUR/USD,2019-05-14,1.123242,1.124606,1.120486,1.123255,USD
EUR/GBP,2019-05-14,0.86642,0.86909,0.8661,0.86643,GBP
EUR/GBP,2019-05-15,0.86805,0.87327,0.867,0.8681,GBP
EUR/JPY,2019-05-15,122.875999,123.056,122.091003,122.874001,JPY
EUR/USD,2019-05-15,1.12036,1.122272,1.118043,1.120448,USD
EUR/USD,2019-05-16,1.120951,1.122435,1.117431,1.120724,USD
EUR/GBP,2019-05-16,0.87237,0.87475,0.872,0.87226,GBP
EUR/JPY,2019-05-16,122.650002,122.954002,122.542999,122.669998,JPY
EUR/GBP,2019-05-17,0.87312,0.87766,0.8731,0.87303,GBP
EUR/JPY,2019-05-17,122.75,122.926003,122.289001,122.759003,JPY
EUR/USD,2019-05-17,1.117481,1.118443,1.115735,1.117356,USD
EUR/GBP,2019-05-20,0.87702,0.87837,0.8749,0.87692,GBP
EUR/JPY,2019-05-20,122.983002,123.168999,122.540001,122.989998,JPY
EUR/USD,2019-05-20,1.116532,1.117701,1.115126,1.116532,USD
EUR/GBP,2019-05-21,0.87736,0.87876,0.87325,0.87735,GBP
EUR/JPY,2019-05-21,122.93,123.660004,122.669998,122.919998,JPY
EUR/USD,2019-05-21,1.116944,1.118318,1.114243,1.116857,USD
EUR/GBP,2019-05-22,0.8785,0.88387,0.8771,0.87851,GBP
EUR/JPY,2019-05-22,123.401001,123.502998,123.010002,123.438004,JPY
EUR/USD,2019-05-23,1.115511,1.117281,1.110951,1.115548,USD
EUR/GBP,2019-05-23,0.88082,0.88366,0.8792,0.8808,GBP
EUR/JPY,2019-05-23,122.947998,123.042,122.153999,122.93,JPY
EUR/GBP,2019-05-24,0.88309,0.88485,0.88028,0.8833,GBP
EUR/JPY,2019-05-24,122.516998,122.816002,122.432999,122.526001,JPY
EUR/USD,2019-05-24,1.118381,1.121202,1.117805,1.118456,USD
EUR/USD,2019-05-27,1.120636,1.121831,1.118806,1.120963,USD
EUR/GBP,2019-05-27,0.88076,0.88345,0.8789,0.8809,GBP
EUR/JPY,2019-05-27,122.591003,122.793999,122.459999,122.623001,JPY
EUR/JPY,2019-05-28,122.565002,122.691002,122.18,122.574997,JPY
EUR/USD,2019-05-28,1.119357,1.119946,1.117181,1.119382,USD
EUR/GBP,2019-05-28,0.88266,0.88405,0.88059,0.88269,GBP
EUR/JPY,2019-05-29,122.141998,122.196999,121.580002,122.112,JPY
EUR/GBP,2019-05-29,0.88211,0.88315,0.87986,0.88223,GBP
EUR/USD,2019-05-29,1.117069,1.117568,1.112595,1.117069,USD
EUR/GBP,2019-05-30,0.88171,0.88388,0.8808,0.88178,GBP
EUR/JPY,2019-05-30,122.0,122.25,121.959999,121.987,JPY
EUR/USD,2019-05-30,1.113834,1.114604,1.111852,1.113735,USD
EUR/GBP,2019-05-31,0.8828,0.88741,0.88219,0.88271,GBP
EUR/JPY,2019-05-31,121.642998,121.831001,120.924004,121.717003,JPY
EUR/USD,2019-05-31,1.112991,1.117943,1.112656,1.113115,USD
EUR/GBP,2019-06-03,0.88388,0.88795,0.88256,0.884,GBP
EUR/JPY,2019-06-03,120.925003,121.499001,120.785004,120.911003,JPY
EUR/USD,2019-06-03,1.117343,1.1211,1.116221,1.117406,USD
EUR/JPY,2019-06-04,121.514,121.774002,121.290001,121.482002,JPY
EUR/USD,2019-06-04,1.124556,1.127777,1.122776,1.124632,USD
EUR/GBP,2019-06-04,0.88801,0.89005,0.88527,0.88799,GBP
EUR/JPY,2019-06-05,121.804001,122.258003,121.608002,121.823997,JPY
EUR/USD,2019-06-05,1.125505,1.130454,1.123987,1.125404,USD
EUR/GBP,2019-06-05,0.8858,0.88771,0.8843,0.88583,GBP
EUR/USD,2019-06-06,1.122725,1.130787,1.122385,1.122902,USD
EUR/JPY,2019-06-06,121.633003,122.222,121.279999,121.639999,JPY
EUR/GBP,2019-06-06,0.8849,0.88867,0.88391,0.885,GBP
EUR/JPY,2019-06-07,122.294998,122.559998,122.089996,122.291,JPY
EUR/GBP,2019-06-07,0.88812,0.88992,0.8851,0.8881,GBP
EUR/USD,2019-06-07,1.127548,1.134816,1.125315,1.12765,USD
EUR/GBP,2019-06-10,0.8896,0.8929,0.88805,0.8895,GBP
EUR/USD,2019-06-10,1.1319,1.132695,1.129203,1.132016,USD
EUR/JPY,2019-06-10,122.744003,122.910004,122.629997,122.739998,JPY
EUR/GBP,2019-06-11,0.89171,0.89316,0.88913,0.89177,GBP
EUR/USD,2019-06-11,1.131836,1.133273,1.13048,1.131811,USD
EUR/JPY,2019-06-11,122.647003,123.125,122.610001,122.634003,JPY
EUR/GBP,2019-06-12,0.89037,0.89133,0.88733,0.89031,GBP
EUR/JPY,2019-06-12,122.899002,122.982002,122.599998,122.886002,JPY
EUR/USD,2019-06-12,1.132939,1.134301,1.130851,1.132952,USD
EUR/GBP,2019-06-13,0.88964,0.89181,0.88773,0.8896,GBP
EUR/JPY,2019-06-13,122.528999,122.544998,122.179001,122.515999,JPY
EUR/USD,2019-06-13,1.129305,1.1305,1.127116,1.129561,USD
EUR/USD,2019-06-14,1.127955,1.12905,1.121504,1.128044,USD
EUR/GBP,2019-06-14,0.88951,0.89165,0.889,0.88957,GBP
EUR/JPY,2019-06-14,122.170998,122.25,121.589996,122.18,JPY
EUR/GBP,2019-06-17,0.89049,0.89444,0.88989,0.89053,GBP
EUR/JPY,2019-06-17,121.755997,122.120003,121.656998,121.779999,JPY
EUR/USD,2019-06-17,1.121604,1.1246,1.120536,1.121705,USD
EUR/USD,2019-06-18,1.122712,1.1244,1.11823,1.12246,USD
EUR/JPY,2019-06-18,121.822998,121.870003,121.059998,121.833,JPY
EUR/GBP,2019-06-18,0.89502,0.89735,0.8915,0.89493,GBP
EUR/JPY,2019-06-19,121.572998,121.616997,121.150002,121.578003,JPY
EUR/GBP,2019-06-19,0.89099,0.89256,0.88745,0.89109,GBP
EUR/USD,2019-06-19,1.119746,1.122208,1.118869,1.119821,USD
EUR/GBP,2019-06-20,0.888,0.89197,0.8872,0.8879,GBP
EUR/USD,2019-06-20,1.123583,1.131516,1.123583,1.123848,USD
EUR/JPY,2019-06-20,121.459,121.894997,121.120003,121.472,JPY
EUR/USD,2019-06-21,1.129318,1.133337,1.128363,1.129561,USD
EUR/GBP,2019-06-21,0.8886,0.89451,0.8883,0.88879,GBP
EUR/JPY,2019-06-21,121.139999,122.004997,120.940002,121.168999,JPY
EUR/JPY,2019-06-24,122.155998,122.380997,122.120003,122.164001,JPY
EUR/USD,2019-06-24,1.138304,1.140121,1.137385,1.138472,USD
EUR/GBP,2019-06-24,0.89269,0.896,0.8919,0.8928,GBP
EUR/USD,2019-06-25,1.140017,1.141396,1.137838,1.14003,USD
EUR/GBP,2019-06-25,0.89482,0.89618,0.89165,0.89484,GBP
EUR/JPY,2019-06-25,122.376999,122.457001,121.653,122.348999,JPY
EUR/JPY,2019-06-26,121.846001,122.596001,121.830002,121.809998,JPY
EUR/USD,2019-06-26,1.136855,1.138952,1.135087,1.136997,USD
EUR/GBP,2019-06-26,0.89575,0.89749,0.89423,0.8957,GBP
EUR/JPY,2019-06-27,122.532997,122.862999,122.400002,122.535004,JPY
EUR/GBP,2019-06-27,0.89588,0.89724,0.89376,0.89591,GBP
EUR/USD,2019-06-27,1.137462,1.138304,1.134842,1.137475,USD
EUR/GBP,2019-06-28,0.89718,0.89913,0.89408,0.8971,GBP
EUR/JPY,2019-06-28,122.544998,122.771004,122.260002,122.518997,JPY
EUR/USD,2019-06-28,1.137139,1.139341,1.136131,1.137294,USD
EUR/GBP,2019-07-01,0.8948,0.89791,0.89262,0.8949,GBP
EUR/JPY,2019-07-01,123.098999,123.098999,122.540001,123.125,JPY
EUR/USD,2019-07-01,1.136364,1.136751,1.130569,1.136493,USD
EUR/USD,2019-07-02,1.128706,1.132105,1.127675,1.128745,USD
EUR/GBP,2019-07-02,0.8926,0.8972,0.89203,0.89261,GBP
EUR/JPY,2019-07-02,122.330002,122.508003,121.997002,122.310997,JPY
EUR/GBP,2019-07-03,0.89623,0.89871,0.896,0.8962,GBP
EUR/JPY,2019-07-03,121.739998,121.789001,121.322998,121.699997,JPY
EUR/USD,2019-07-03,1.129089,1.130531,1.12704,1.129305,USD
EUR/GBP,2019-07-04,0.89696,0.8978,0.89632,0.89699,GBP
EUR/JPY,2019-07-04,121.635002,121.708,121.540001,121.629997,JPY
EUR/USD,2019-07-04,1.128796,1.129816,1.127434,1.128796,USD
EUR/GBP,2019-07-05,0.8968,0.89815,0.8958,0.8967,GBP
EUR/USD,2019-07-05,1.128605,1.128796,1.120825,1.128579,USD
EUR/JPY,2019-07-05,121.669998,121.917999,121.598,121.669998,JPY
EUR/GBP,2019-07-08,0.89629,0.89727,0.8953,0.89631,GBP
EUR/USD,2019-07-08,1.122788,1.123722,1.120838,1.122738,USD
EUR/JPY,2019-07-08,121.787003,121.913002,121.5,121.769997,JPY
EUR/USD,2019-07-09,1.121479,1.122208,1.119532,1.121604,USD
EUR/GBP,2019-07-09,0.89599,0.90004,0.8958,0.89608,GBP
EUR/JPY,2019-07-09,121.934998,122.112,121.830002,121.910004,JPY
EUR/USD,2019-07-10,1.120461,1.1263,1.12026,1.120825,USD
EUR/GBP,2019-07-10,0.8992,0.90088,0.8983,0.8994,GBP
EUR/JPY,2019-07-10,122.035004,122.309998,121.978996,122.043999,JPY
EUR/JPY,2019-07-11,121.961998,122.031998,121.607002,121.963997,JPY
EUR/GBP,2019-07-11,0.90013,0.9005,0.8966,0.9001,GBP
EUR/USD,2019-07-11,1.126126,1.128796,1.125176,1.125885,USD
EUR/JPY,2019-07-12,122.162003,122.224998,121.489998,122.177002,JPY
EUR/USD,2019-07-12,1.125024,1.1278,1.123974,1.125239,USD
EUR/GBP,2019-07-12,0.8983,0.8989,0.89559,0.8983,GBP
EUR/GBP,2019-07-15,0.89653,0.89997,0.8964,0.89652,GBP
EUR/JPY,2019-07-15,121.537003,121.830002,121.449997,121.541,JPY
EUR/USD,2019-07-15,1.12718,1.128599,1.125568,1.127205,USD
EUR/USD,2019-07-16,1.126088,1.126634,1.1209,1.126177,USD
EUR/GBP,2019-07-16,0.89956,0.9046,0.8994,0.89958,GBP
EUR/JPY,2019-07-16,121.487999,121.664001,121.080002,121.503998,JPY
EUR/GBP,2019-07-17,0.90346,0.905,0.90229,0.9034,GBP
EUR/JPY,2019-07-17,121.313004,121.474998,121.199997,121.311996,JPY
EUR/USD,2019-07-17,1.121328,1.123343,1.120109,1.121227,USD
EUR/JPY,2019-07-18,121.162003,121.203003,120.802002,121.181,JPY
EUR/USD,2019-07-18,1.122776,1.124733,1.120624,1.122965,USD
EUR/GBP,2019-07-18,0.90285,0.9039,0.89792,0.9029,GBP
EUR/JPY,2019-07-19,120.954002,121.272003,120.811996,120.943001,JPY
EUR/GBP,2019-07-19,0.8977,0.89973,0.8957,0.89785,GBP
EUR/USD,2019-07-19,1.126152,1.127142,1.121504,1.126152,USD
EUR/USD,2019-07-22,1.121806,1.122712,1.120838,1.121831,USD
EUR/JPY,2019-07-22,120.958,121.153999,120.830002,120.940002,JPY
EUR/GBP,2019-07-22,0.8964,0.9,0.8963,0.8966,GBP
EUR/JPY,2019-07-23,120.860001,121.065002,120.489998,120.910004,JPY
EUR/USD,2019-07-23,1.120498,1.121076,1.114964,1.120611,USD
EUR/GBP,2019-07-23,0.8981,0.90035,0.89532,0.89829,GBP
EUR/JPY,2019-07-24,120.669998,120.685997,120.224998,120.690002,JPY
EUR/GBP,2019-07-24,0.8965,0.89656,0.89079,0.8966,GBP
EUR/USD,2019-07-24,1.115101,1.115573,1.113003,1.115126,USD
EUR/GBP,2019-07-25,0.89233,0.89592,0.8892,0.8924,GBP
EUR/USD,2019-07-25,1.114231,1.118693,1.110383,1.114243,USD
EUR/JPY,2019-07-25,120.528999,121.352997,120.056,120.543999,JPY
EUR/USD,2019-07-26,1.114517,1.115324,1.111568,1.114616,USD
EUR/JPY,2019-07-26,121.112,121.188004,120.796997,121.099998,JPY
EUR/GBP,2019-07-26,0.89487,0.89829,0.89476,0.8949,GBP
EUR/JPY,2019-07-29,120.904999,121.294998,120.720001,120.879997,JPY
EUR/USD,2019-07-29,1.11309,1.114455,1.111444,1.113214,USD
EUR/GBP,2019-07-29,0.8992,0.9115,0.8991,0.8992,GBP
EUR/USD,2019-07-30,1.114218,1.11581,1.113325,1.114305,USD
EUR/JPY,2019-07-30,121.293999,121.359001,120.886002,121.301003,JPY
EUR/GBP,2019-07-30,0.91194,0.91887,0.9117,0.91199,GBP
EUR/USD,2019-07-31,1.115735,1.116445,1.11278,1.115797,USD
EUR/GBP,2019-07-31,0.91764,0.91804,0.909,0.91741,GBP
EUR/JPY,2019-07-31,121.112,121.177002,120.819,121.125999,JPY
EUR/JPY,2019-08-01,120.480003,120.704002,119.559998,120.459999,JPY
EUR/USD,2019-08-01,1.107224,1.107297,1.102755,1.107175,USD
EUR/GBP,2019-08-01,0.91087,0.91364,0.90966,0.9108,GBP
EUR/JPY,2019-08-02,119.014,119.088997,118.266998,119.016998,JPY
EUR/USD,2019-08-02,1.108181,1.11142,1.107076,1.107886,USD
EUR/GBP,2019-08-02,0.91372,0.9169,0.913,0.91369,GBP
EUR/JPY,2019-08-05,118.370003,118.841003,117.693001,118.377998,JPY
EUR/USD,2019-08-05,1.110741,1.119946,1.110741,1.110803,USD
EUR/GBP,2019-08-05,0.91415,0.92207,0.9132,0.91415,GBP
EUR/USD,2019-08-06,1.124265,1.124973,1.117069,1.124379,USD
EUR/GBP,2019-08-06,0.92478,0.92485,0.91565,0.9247,GBP
EUR/JPY,2019-08-06,118.739998,119.783997,118.704002,118.721001,JPY
EUR/USD,2019-08-07,1.120586,1.124099,1.118093,1.120699,USD
EUR/JPY,2019-08-07,119.113998,119.176003,118.458,119.141998,JPY
EUR/GBP,2019-08-07,0.9206,0.92471,0.91891,0.92061,GBP
EUR/GBP,2019-08-08,0.92278,0.92632,0.9207,0.92256,GBP
EUR/USD,2019-08-08,1.120486,1.122838,1.118443,1.120436,USD
EUR/JPY,2019-08-08,118.916,119.136002,118.550003,118.900002,JPY
EUR/JPY,2019-08-09,118.442001,118.714996,118.196999,118.445,JPY
EUR/GBP,2019-08-09,0.92122,0.92899,0.921,0.9211,GBP
EUR/USD,2019-08-09,1.118731,1.121982,1.118406,1.118718,USD
EUR/GBP,2019-08-12,0.93212,0.9322,0.92501,0.93225,GBP
EUR/USD,2019-08-12,1.120687,1.123028,1.116333,1.12085,USD
EUR/JPY,2019-08-12,118.113998,118.296997,117.514999,118.100998,JPY
EUR/JPY,2019-08-13,118.169998,119.568001,117.695999,118.169998,JPY
EUR/GBP,2019-08-13,0.92839,0.9293,0.92497,0.9285,GBP
EUR/USD,2019-08-13,1.121831,1.122826,1.117818,1.121831,USD
EUR/JPY,2019-08-14,119.128998,119.132004,117.809998,119.134003,JPY
EUR/USD,2019-08-14,1.117756,1.1191,1.113995,1.117706,USD
EUR/GBP,2019-08-14,0.92641,0.92751,0.92323,0.92645,GBP
EUR/USD,2019-08-15,1.114504,1.1159,1.109558,1.11433,USD
EUR/GBP,2019-08-15,0.92403,0.92503,0.91548,0.924,GBP
EUR/JPY,2019-08-15,118.030998,118.685997,117.769997,118.0,JPY
EUR/GBP,2019-08-16,0.91886,0.9191,0.90906,0.91885,GBP
EUR/JPY,2019-08-16,117.875999,118.139999,117.580002,117.839996,JPY
EUR/USD,2019-08-16,1.111136,1.111358,1.106746,1.111358,USD
EUR/JPY,2019-08-19,118.030998,118.453003,117.830002,118.051003,JPY
EUR/USD,2019-08-19,1.109385,1.111,1.10882,1.109385,USD
EUR/GBP,2019-08-19,0.91218,0.91677,0.91119,0.9122,GBP
EUR/GBP,2019-08-20,0.91361,0.9182,0.91107,0.9136,GBP
EUR/JPY,2019-08-20,118.098999,118.258003,117.57,118.110001,JPY
EUR/USD,2019-08-20,1.108254,1.1099,1.106893,1.108316,USD
EUR/JPY,2019-08-21,117.961998,118.303001,117.93,117.932999,JPY
EUR/USD,2019-08-21,1.109853,1.110741,1.108881,1.109779,USD
EUR/GBP,2019-08-21,0.91223,0.91605,0.9115,0.91242,GBP
EUR/JPY,2019-08-22,118.216003,118.292999,117.727997,118.209999,JPY
EUR/USD,2019-08-22,1.109041,1.1114,1.106452,1.109078,USD
EUR/GBP,2019-08-22,0.91412,0.91563,0.90292,0.91409,GBP
EUR/JPY,2019-08-23,118.013,118.128998,117.279999,118.0,JPY
EUR/USD,2019-08-23,1.108328,1.1149,1.1053,1.108402,USD
EUR/GBP,2019-08-23,0.90459,0.90928,0.90392,0.9047,GBP
EUR/JPY,2019-08-26,116.847,118.055,116.847,116.832001,JPY
EUR/USD,2019-08-26,1.114305,1.11525,1.11084,1.114305,USD
EUR/GBP,2019-08-26,0.90866,0.91075,0.9064,0.90866,GBP
EUR/GBP,2019-08-27,0.90825,0.90938,0.90198,0.90825,GBP
EUR/JPY,2019-08-27,117.620003,117.710999,117.220001,117.642998,JPY
EUR/USD,2019-08-27,1.110112,1.111852,1.108881,1.110371,USD
EUR/JPY,2019-08-28,117.266998,117.390999,117.099998,117.263,JPY
EUR/GBP,2019-08-28,0.9029,0.91168,0.9024,0.90279,GBP
EUR/USD,2019-08-28,1.109004,1.110001,1.107444,1.109004,USD
EUR/USD,2019-08-29,1.108537,1.109016,1.10562,1.108586,USD
EUR/JPY,2019-08-29,117.598,117.888,117.282997,117.584999,JPY
EUR/GBP,2019-08-29,0.90726,0.90919,0.90522,0.90724,GBP
EUR/JPY,2019-08-30,117.75,117.769997,116.720001,117.699997,JPY
EUR/USD,2019-08-30,1.105962,1.106097,1.09872,1.106195,USD
EUR/GBP,2019-08-30,0.90754,0.90793,0.9022,0.90749,GBP
EUR/GBP,2019-09-02,0.9038,0.9107,0.9026,0.90391,GBP
EUR/JPY,2019-09-02,116.662003,116.764,116.43,116.650002,JPY
EUR/USD,2019-09-02,1.099094,1.099747,1.095878,1.099179,USD
EUR/USD,2019-09-03,1.096732,1.097731,1.09304,1.096852,USD
EUR/GBP,2019-09-03,0.9088,0.91464,0.90619,0.90856,GBP
EUR/JPY,2019-09-03,116.432999,116.459999,115.867996,116.449997,JPY
EUR/USD,2019-09-04,1.097358,1.103499,1.097273,1.097454,USD
EUR/GBP,2019-09-04,0.90749,0.90806,0.90168,0.9073,GBP
EUR/JPY,2019-09-04,116.161003,117.204002,116.148003,116.129997,JPY
EUR/GBP,2019-09-05,0.90107,0.90283,0.89434,0.901,GBP
EUR/JPY,2019-09-05,117.343002,118.592003,117.268997,117.327003,JPY
EUR/USD,2019-09-05,1.103753,1.108279,1.101831,1.103497,USD
EUR/GBP,2019-09-06,0.89521,0.8985,0.8944,0.8952,GBP
EUR/JPY,2019-09-06,118.120003,118.255997,117.849998,118.132004,JPY
EUR/USD,2019-09-06,1.103631,1.105742,1.102123,1.103631,USD
EUR/JPY,2019-09-09,117.839996,118.484001,117.736,117.851997,JPY
EUR/GBP,2019-09-09,0.8969,0.90124,0.89067,0.89709,GBP
EUR/USD,2019-09-09,1.102074,1.106525,1.101613,1.102062,USD
EUR/GBP,2019-09-10,0.8947,0.89726,0.89209,0.89489,GBP
EUR/JPY,2019-09-10,118.549004,118.750999,118.269997,118.582001,JPY
EUR/USD,2019-09-10,1.104728,1.10595,1.103181,1.104838,USD
EUR/JPY,2019-10-08,117.681,117.953003,117.137001,117.670998,JPY
EUR/USD,2019-10-08,1.097273,1.0998,1.094667,1.097213,USD
EUR/GBP,2019-10-08,0.89283,0.89988,0.8922,0.8928,GBP
EUR/JPY,2019-10-10,117.785004,118.912003,117.738998,117.736,JPY
EUR/USD,2019-10-10,1.098587,1.103387,1.098044,1.09878,USD
EUR/GBP,2019-10-10,0.89939,0.90183,0.88943,0.89947,GBP
EUR/USD,2019-10-11,1.101443,1.1062,1.100388,1.101103,USD
EUR/GBP,2019-10-11,0.8855,0.88582,0.8697,0.8855,GBP
EUR/JPY,2019-10-11,118.739998,119.988998,118.739998,118.779999,JPY
EUR/GBP,2019-10-14,0.87443,0.88081,0.87175,0.8738,GBP
EUR/JPY,2019-10-14,119.602997,119.602997,119.18,119.610001,JPY
EUR/USD,2019-10-14,1.102816,1.1043,1.101516,1.103,USD
EUR/GBP,2019-10-15,0.87435,0.87486,0.86301,0.87423,GBP
EUR/JPY,2019-10-15,119.484001,120.198997,119.139999,119.508003,JPY
EUR/USD,2019-10-15,1.102584,1.104545,1.099276,1.102901,USD
EUR/JPY,2019-10-16,120.061996,120.417,119.750999,120.069,JPY
EUR/GBP,2019-10-16,0.86473,0.87064,0.85974,0.86469,GBP
EUR/USD,2019-10-16,1.1034,1.107628,1.102354,1.103473,USD
EUR/JPY,2019-10-17,120.342003,121.336998,120.330002,120.360001,JPY
EUR/GBP,2019-10-17,0.86381,0.86964,0.8582,0.8637,GBP
EUR/USD,2019-10-17,1.10743,1.113995,1.106586,1.107493,USD
EUR/GBP,2019-10-18,0.8647,0.86629,0.86183,0.86451,GBP
EUR/USD,2019-10-18,1.112718,1.116196,1.111506,1.112718,USD
EUR/JPY,2019-10-18,120.806999,121.044998,120.658997,120.800003,JPY
EUR/USD,2019-10-21,1.115611,1.118068,1.114,1.115573,USD
EUR/GBP,2019-10-21,0.86453,0.86541,0.8577,0.86471,GBP
EUR/JPY,2019-10-21,120.93,121.455002,120.900002,120.931,JPY
EUR/USD,2019-10-22,1.1152,1.116071,1.112471,1.115175,USD
EUR/GBP,2019-10-22,0.85968,0.86293,0.8587,0.85962,GBP
EUR/JPY,2019-10-22,121.107002,121.280998,120.739998,121.098,JPY
EUR/GBP,2019-10-23,0.86363,0.86574,0.86222,0.86361,GBP
EUR/USD,2019-10-23,1.112966,1.113338,1.110803,1.112929,USD
EUR/JPY,2019-10-23,120.719002,120.818001,120.370003,120.724998,JPY
EUR/GBP,2019-10-24,0.86155,0.8663,0.86011,0.86154,GBP
EUR/JPY,2019-10-24,120.905998,121.378998,120.419998,120.940002,JPY
EUR/USD,2019-10-24,1.113263,1.11657,1.109385,1.113239,USD
EUR/GBP,2019-10-25,0.86469,0.86687,0.86307,0.86481,GBP
EUR/USD,2019-10-25,1.110445,1.112595,1.108045,1.110396,USD
EUR/JPY,2019-10-25,120.601997,120.801697,120.350998,120.591599,JPY
EUR/GBP,2019-10-28,0.8639,0.86515,0.8616,0.86398,GBP
EUR/USD,2019-10-28,1.108475,1.110667,1.107714,1.108426,USD
EUR/JPY,2019-10-28,120.510002,120.940002,120.449997,120.5,JPY
EUR/USD,2019-10-29,1.110248,1.111877,1.107506,1.109915,USD
EUR/GBP,2019-10-29,0.86324,0.865,0.86084,0.8631,GBP
EUR/JPY,2019-10-29,120.900002,121.056999,120.550003,120.935997,JPY
EUR/USD,2019-10-30,1.111222,1.112595,1.110334,1.111482,USD
EUR/JPY,2019-10-30,120.986,121.089996,120.860001,120.980003,JPY
EUR/GBP,2019-10-30,0.86363,0.86429,0.86133,0.86372,GBP
EUR/USD,2019-10-31,1.115424,1.117693,1.113375,1.115449,USD
EUR/JPY,2019-10-31,121.355003,121.456001,120.339996,121.321999,JPY
EUR/GBP,2019-10-31,0.86435,0.8645,0.86009,0.86438,GBP
EUR/USD,2019-11-01,1.115611,1.117443,1.113078,1.11571,USD
EUR/JPY,2019-11-01,120.519997,120.805,120.360001,120.496002,JPY
EUR/GBP,2019-11-01,0.86214,0.86339,0.85958,0.86218,GBP
EUR/JPY,2019-11-04,120.82,121.085999,120.739998,120.836998,JPY
EUR/GBP,2019-11-04,0.8629,0.86449,0.8622,0.86305,GBP
EUR/USD,2019-11-04,1.116944,1.117701,1.1142,1.116657,USD
EUR/JPY,2019-11-05,120.954002,121.296997,120.695999,120.947998,JPY
EUR/USD,2019-11-05,1.11283,1.1139,1.106464,1.112855,USD
EUR/GBP,2019-11-05,0.86347,0.86444,0.85974,0.86315,GBP
EUR/JPY,2019-11-06,120.851997,120.900002,120.549004,120.869003,JPY
EUR/GBP,2019-11-06,0.86,0.86117,0.8593,0.8597,GBP
EUR/USD,2019-11-06,1.107444,1.109509,1.106746,1.10742,USD
EUR/GBP,2019-11-07,0.861,0.86561,0.8601,0.86098,GBP
EUR/USD,2019-11-07,1.107064,1.109139,1.103801,1.10704,USD
EUR/JPY,2019-11-07,120.573997,121.086998,120.139999,120.565002,JPY
EUR/USD,2019-11-08,1.10346,1.103814,1.10178,1.10197,USD
EUR/JPY,2019-11-08,120.767998,120.866997,120.220001,120.773003,JPY
EUR/GBP,2019-11-08,0.86205,0.86297,0.8598,0.86206,GBP
EUR/JPY,2019-11-11,120.374001,120.408997,120.067001,120.38974,JPY
EUR/USD,2019-11-11,1.102281,1.104362,1.101722,1.102244,USD
EUR/GBP,2019-11-11,0.86133,0.86192,0.85613,0.86132,GBP
EUR/GBP,2019-11-12,0.85834,0.8605,0.85674,0.8583,GBP
EUR/JPY,2019-11-12,120.332001,120.632004,120.149002,120.313004,JPY
EUR/USD,2019-11-12,1.103485,1.104118,1.100388,1.103546,USD
EUR/JPY,2019-11-13,120.018997,120.168091,119.595001,120.024002,JPY
EUR/USD,2019-11-13,1.101212,1.10205,1.10011,1.101237,USD
EUR/GBP,2019-11-13,0.85685,0.85868,0.8562,0.85679,GBP
EUR/GBP,2019-11-14,0.8565,0.85808,0.85449,0.8565,GBP
EUR/JPY,2019-11-14,119.754997,119.804001,119.264,119.769997,JPY
EUR/USD,2019-11-14,1.100873,1.101783,1.099082,1.101322,USD
EUR/GBP,2019-11-15,0.85536,0.8572,0.85502,0.85544,GBP
EUR/USD,2019-11-15,1.102293,1.105583,1.101528,1.10205,USD
EUR/JPY,2019-11-15,119.543999,120.246002,119.529999,119.557999,JPY
EUR/USD,2019-11-18,1.1054,1.1091,1.1054,1.10551,USD
EUR/GBP,2019-11-18,0.85552,0.856,0.85241,0.85552,GBP
EUR/JPY,2019-11-18,120.152,120.670998,120.139999,120.153999,JPY
EUR/USD,2019-11-19,1.107224,1.108525,1.106427,1.107236,USD
EUR/GBP,2019-11-19,0.85501,0.8571,0.85382,0.85489,GBP
EUR/JPY,2019-11-19,120.325996,120.487,120.004997,120.300003,JPY
EUR/JPY,2019-11-20,120.175003,120.375,119.862,120.139,JPY
EUR/USD,2019-11-20,1.108033,1.108279,1.105363,1.108,USD
EUR/GBP,2019-11-20,0.8568,0.85821,0.85613,0.8568,GBP
EUR/USD,2019-11-21,1.107898,1.109644,1.106378,1.107886,USD
EUR/GBP,2019-11-21,0.85695,0.85789,0.85455,0.8571,GBP
EUR/JPY,2019-11-21,120.182999,120.527,119.93,120.18,JPY
EUR/USD,2019-11-22,1.106562,1.107861,1.102864,1.106586,USD
EUR/GBP,2019-11-22,0.85647,0.86043,0.8559,0.8565,GBP
EUR/JPY,2019-11-22,120.142998,120.359001,119.782997,120.150002,JPY
EUR/USD,2019-11-25,1.102414,1.103387,1.100619,1.102256,USD
EUR/JPY,2019-11-25,119.839996,120.089996,119.783997,119.830002,JPY
EUR/GBP,2019-11-25,0.8575,0.8584,0.85294,0.85766,GBP
EUR/USD,2019-11-26,1.1012,1.102657,1.1008,1.101443,USD
EUR/JPY,2019-11-26,120.0,120.198997,119.926003,120.002998,JPY
EUR/GBP,2019-11-26,0.8538,0.85787,0.8531,0.85368,GBP
EUR/JPY,2019-11-27,120.235001,120.335999,120.059998,120.247002,JPY
EUR/USD,2019-11-27,1.102208,1.102208,1.099336,1.102256,USD
EUR/GBP,2019-11-27,0.85708,0.85831,0.85298,0.8571,GBP
EUR/JPY,2019-11-28,120.370003,120.57,120.337997,120.351997,JPY
EUR/USD,2019-11-28,1.100606,1.101928,1.100158,1.100485,USD
EUR/GBP,2019-11-28,0.85108,0.85312,0.85,0.85107,GBP
EUR/GBP,2019-11-29,0.85269,0.85411,0.8514,0.8527,GBP
EUR/USD,2019-11-29,1.101128,1.10267,1.098286,1.101176,USD
EUR/JPY,2019-11-29,120.584999,120.75,120.413002,120.584999,JPY
EUR/GBP,2019-12-02,0.85328,0.8573,0.85156,0.85328,GBP
EUR/JPY,2019-12-02,120.671997,121.005997,120.528,120.685997,JPY
EUR/USD,2019-12-02,1.101771,1.108918,1.100376,1.101904,USD
EUR/USD,2019-12-03,1.107604,1.109262,1.106648,1.107911,USD
EUR/GBP,2019-12-03,0.85597,0.8564,0.85127,0.85583,GBP
EUR/JPY,2019-12-03,120.738998,120.954002,120.242996,120.753998,JPY
EUR/JPY,2019-12-04,120.417999,120.776001,120.101997,120.400002,JPY
EUR/USD,2019-12-04,1.108181,1.111346,1.106795,1.108525,USD
EUR/GBP,2019-12-04,0.8526,0.8529,0.84548,0.85255,GBP
EUR/USD,2019-12-05,1.108267,1.110494,1.107996,1.108303,USD
EUR/GBP,2019-12-05,0.84521,0.84555,0.84308,0.84536,GBP
EUR/JPY,2019-12-05,120.614998,120.878998,120.550003,120.599998,JPY
EUR/GBP,2019-12-06,0.84384,0.84662,0.842,0.84388,GBP
EUR/JPY,2019-12-06,120.750999,120.777,120.014999,120.739998,JPY
EUR/USD,2019-12-06,1.11042,1.111235,1.104228,1.110543,USD
EUR/GBP,2019-12-09,0.84117,0.84267,0.8394,0.84154,GBP
EUR/USD,2019-12-09,1.10578,1.108033,1.1054,1.105889,USD
EUR/JPY,2019-12-09,120.097,120.264,119.970001,120.122002,JPY
EUR/JPY,2019-12-10,120.141998,120.620003,120.112999,120.137001,JPY
EUR/GBP,2019-12-10,0.84155,0.84291,0.8402,0.84163,GBP
EUR/USD,2019-12-10,1.106452,1.109755,1.106354,1.106499,USD
EUR/GBP,2019-12-11,0.84473,0.8451,0.84103,0.8447,GBP
EUR/JPY,2019-12-11,120.663002,120.669998,120.374001,120.643997,JPY
EUR/USD,2019-12-11,1.109385,1.109878,1.107175,1.109275,USD
EUR/GBP,2019-12-12,0.84333,0.84892,0.84216,0.84336,GBP
EUR/USD,2019-12-12,1.113325,1.115337,1.111185,1.113586,USD
EUR/JPY,2019-12-12,120.837418,121.542,120.765999,120.844002,JPY
EUR/USD,2019-12-13,1.118343,1.118693,1.111889,1.118606,USD
EUR/JPY,2019-12-13,122.356003,122.641998,121.471001,122.383003,JPY
EUR/GBP,2019-12-13,0.82979,0.83848,0.8276,0.83004,GBP
EUR/JPY,2019-12-16,121.682999,122.225998,121.639999,121.694,JPY
EUR/GBP,2019-12-16,0.83297,0.83635,0.8304,0.83303,GBP
EUR/USD,2019-12-16,1.11252,1.115785,1.112347,1.112446,USD
EUR/GBP,2019-12-17,0.83907,0.85094,0.838,0.83905,GBP
EUR/JPY,2019-12-17,122.021004,122.435997,121.93,122.036003,JPY
EUR/USD,2019-12-17,1.11371,1.117319,1.11309,1.113697,USD
EUR/JPY,2019-12-18,122.125,122.126999,121.749001,122.120003,JPY
EUR/GBP,2019-12-18,0.8498,0.85163,0.84845,0.84979,GBP
EUR/USD,2019-12-18,1.11515,1.11515,1.111136,1.115138,USD
EUR/JPY,2019-12-19,121.762001,122.038002,121.426003,121.771004,JPY
EUR/USD,2019-12-19,1.111593,1.114243,1.110988,1.111593,USD
EUR/GBP,2019-12-19,0.84946,0.85536,0.84784,0.8493,GBP
EUR/GBP,2019-12-20,0.85457,0.8548,0.84779,0.8545,GBP
EUR/JPY,2019-12-20,121.681,121.681,121.199997,121.660004,JPY
EUR/USD,2019-12-20,1.112372,1.112595,1.107432,1.112595,USD
EUR/GBP,2019-12-23,0.8519,0.85887,0.85055,0.85195,GBP
EUR/JPY,2019-12-23,121.309998,121.339996,121.092003,121.310997,JPY
EUR/USD,2019-12-23,1.107984,1.109755,1.10715,1.107984,USD
EUR/GBP,2019-12-24,0.8569,0.85773,0.85446,0.85699,GBP
EUR/JPY,2019-12-24,121.307999,121.375,121.059998,121.301003,JPY
EUR/USD,2019-12-24,1.109299,1.109755,1.107064,1.109385,USD
EUR/JPY,2019-12-25,121.230003,121.910049,120.987999,121.230003,JPY
EUR/USD,2019-12-25,1.109139,1.110864,1.107788,1.109016,USD
EUR/GBP,2019-12-25,0.857,0.8607,0.84913,0.857,GBP
EUR/GBP,2019-12-26,0.8552,0.8555,0.8529,0.8553,GBP
EUR/JPY,2019-12-26,121.341003,121.764,121.334,121.342003,JPY
EUR/USD,2019-12-26,1.109509,1.110494,1.108279,1.109545,USD
EUR/USD,2019-12-27,1.110124,1.118068,1.11,1.110112,USD
EUR/GBP,2019-12-27,0.8537,0.85632,0.85095,0.8538,GBP
EUR/JPY,2019-12-27,121.714996,122.468002,121.504997,121.68,JPY
EUR/USD,2019-12-30,1.118155,1.12207,1.118155,1.11823,USD
EUR/JPY,2019-12-30,122.401001,122.467003,121.891998,122.397003,JPY
EUR/GBP,2019-12-30,0.85406,0.85558,0.85128,0.85406,GBP
EUR/USD,2019-12-31,1.120448,1.124101,1.120072,1.12023,USD
EUR/GBP,2019-12-31,0.85419,0.8548,0.84544,0.85426,GBP
EUR/JPY,2019-12-31,121.977997,122.084999,121.709999,121.989998,JPY
