slug,date,open,high,low,close,currency,paypal_rate,paypal_final_cost,paypal_markup,wise_rate,wise_final_cost,wise_markup,revolut_markup_pct,revolut_rate,revolut_final_cost,revolut_markup,year,month,day_of_week,day_name,quarter,season
EUR/USD,2015-01-01,1.209863,1.209863,1.209863,1.209863,USD,1.24615889,1248.56651737,0.03629589000000011,1.209863,1215.9123149999998,0.0,0.0,1.209863,1209.8629999999998,0.0,2015,1,3,Thursday,1,Winter
EUR/GBP,2015-01-01,0.77616,0.77616,0.77616,0.77616,GBP,0.7994448,800.9893584,0.023284799999999994,0.77616,780.0408,0.0,0.0,0.77616,776.16,0.0,2015,1,3,Thursday,1,Winter
EUR/JPY,2015-01-01,144.779999,144.929993,144.770004,144.779999,JPY,149.12339897,149411.51116801,4.343399970000007,144.779999,145503.89899500003,0.0,0.0,144.779999,144779.999,0.0,2015,1,3,Thursday,1,Winter
EUR/JPY,2015-01-02,144.889999,145.287994,144.376999,144.929993,JPY,149.27789279,149566.30347607002,4.347899790000014,144.929993,145654.64296499998,0.0,0.0,144.929993,144929.993,0.0,2015,1,4,Friday,1,Winter
EUR/USD,2015-01-02,1.208868,1.208956,1.20108,1.208941,USD,1.2452092300000002,1247.61502259,0.03626823000000012,1.208941,1214.985705,0.0,0.0,1.208941,1208.941,0.0,2015,1,4,Friday,1,Winter
EUR/GBP,2015-01-02,0.77584,0.78166,0.7745,0.7759,GBP,0.799177,800.721041,0.023276999999999992,0.7759,779.7795000000001,0.0,0.0,0.7759,775.9000000000001,0.0,2015,1,4,Friday,1,Winter
EUR/JPY,2015-01-05,143.906006,144.141006,142.332001,143.860001,JPY,148.17580103,148462.08243199,4.315800029999991,143.860001,144579.30100500002,0.0,0.0,143.860001,143860.00100000002,0.0,2015,1,0,Monday,1,Winter
EUR/GBP,2015-01-05,0.78154,0.78436,0.7801,0.78148,GBP,0.8049244,806.4795452,0.023444400000000032,0.78148,785.3874,0.0,0.0,0.78148,781.4799999999999,0.0,2015,1,0,Monday,1,Winter
EUR/USD,2015-01-05,1.1955,1.19759,1.188909,1.194643,USD,1.2304822899999999,1232.85962957,0.03583928999999997,1.194643,1200.6162149999998,0.0,0.0,1.194643,1194.6429999999998,0.0,2015,1,0,Monday,1,Winter
EUR/JPY,2015-01-06,142.537994,142.656998,141.391006,142.557007,JPY,146.83371721,147117.40565393,4.2767102100000045,142.557007,143269.79203500002,0.0,0.0,142.557007,142557.007,0.0,2015,1,1,Tuesday,1,Winter
EUR/GBP,2015-01-06,0.7823,0.78554,0.7819,0.7824,GBP,0.805872,807.428976,0.02347200000000005,0.7824,786.312,0.0,0.0,0.7824,782.4,0.0,2015,1,1,Tuesday,1,Winter
EUR/USD,2015-01-06,1.19383,1.197,1.188693,1.193902,USD,1.22971906,1232.09492498,0.03581706000000007,1.193902,1199.87151,0.0,0.0,1.193902,1193.902,0.0,2015,1,1,Tuesday,1,Winter
EUR/GBP,2015-01-07,0.7843,0.78527,0.7815,0.78444,GBP,0.8079732000000001,809.5342356,0.023533200000000032,0.78444,788.3622,0.0,0.0,0.78444,784.44,0.0,2015,1,2,Wednesday,1,Winter
EUR/JPY,2015-01-07,140.897995,141.647003,140.792999,140.912003,JPY,145.13936309,145419.77797597,4.227360089999991,140.912003,141616.563015,0.0,0.0,140.912003,140912.003,0.0,2015,1,2,Wednesday,1,Winter
EUR/USD,2015-01-07,1.187479,1.19,1.180401,1.187536,USD,1.22316208,1225.5252766400001,0.035626080000000115,1.187536,1193.4736799999998,0.0,0.0,1.187536,1187.5359999999998,0.0,2015,1,2,Wednesday,1,Winter
EUR/USD,2015-01-08,1.183894,1.184806,1.175601,1.1836,USD,1.219108,1221.4633640000002,0.035508000000000095,1.1836,1189.5179999999998,0.0,0.0,1.1836,1183.6,0.0,2015,1,3,Thursday,1,Winter
EUR/JPY,2015-01-08,141.175995,141.703995,140.738998,141.156998,JPY,145.39170794,145672.61036602,4.234709940000016,141.156998,141862.78298999998,0.0,0.0,141.156998,141156.998,0.0,2015,1,3,Thursday,1,Winter
EUR/GBP,2015-01-08,0.78324,0.78533,0.78057,0.7833,GBP,0.806799,808.3577670000001,0.023499000000000048,0.7833,787.2165,0.0,0.0,0.7833,783.3,0.0,2015,1,3,Thursday,1,Winter
EUR/USD,2015-01-09,1.179426,1.18383,1.176831,1.179607,USD,1.21499521,1217.34262793,0.03538821000000003,1.179607,1185.505035,0.0,0.0,1.179607,1179.607,0.0,2015,1,4,Friday,1,Winter
EUR/JPY,2015-01-09,141.210007,141.347,140.330002,141.244995,JPY,145.48234485,145763.42239005,4.237349850000015,141.244995,141951.21997499999,0.0,0.0,141.244995,141244.995,0.0,2015,1,4,Friday,1,Winter
EUR/GBP,2015-01-09,0.78164,0.78245,0.77866,0.78163,GBP,0.8050789,806.6343437,0.023448899999999995,0.78163,785.53815,0.0,0.0,0.78163,781.63,0.0,2015,1,4,Friday,1,Winter
EUR/GBP,2015-01-12,0.78141,0.78291,0.7786,0.78147,GBP,0.8049141,806.4692253,0.023444099999999968,0.78147,785.37735,0.0,0.0,0.78147,781.47,0.0,2015,1,0,Monday,1,Winter
EUR/JPY,2015-01-12,140.330002,140.865997,139.977005,140.326996,JPY,144.53680588,144816.05660204,4.209809879999995,140.326996,141028.63098000002,0.0,0.0,140.326996,140326.996,0.0,2015,1,0,Monday,1,Winter
EUR/USD,2015-01-12,1.187014,1.1872,1.1788,1.18707,USD,1.2226821,1225.0443693,0.035612100000000035,1.18707,1193.0053500000001,0.0,0.0,1.18707,1187.0700000000002,0.0,2015,1,0,Monday,1,Winter
EUR/GBP,2015-01-13,0.7797,0.7829,0.7756,0.7798,GBP,0.8031940000000001,804.745802,0.023394000000000026,0.7798,783.6990000000001,0.0,0.0,0.7798,779.8000000000001,0.0,2015,1,1,Tuesday,1,Winter
EUR/USD,2015-01-13,1.183236,1.185902,1.17565,1.183152,USD,1.21864656,1221.00103248,0.035494560000000064,1.183152,1189.0677600000001,0.0,0.0,1.183152,1183.152,0.0,2015,1,1,Tuesday,1,Winter
EUR/JPY,2015-01-13,139.923004,140.477997,139.339996,139.979996,JPY,144.17939588000002,144457.95607204002,4.199399880000016,139.979996,140679.89598,0.0,0.0,139.979996,139979.996,0.0,2015,1,1,Tuesday,1,Winter
EUR/USD,2015-01-14,1.177676,1.184357,1.17306,1.177829,USD,1.21316387,1215.50774971,0.03533487000000002,1.177829,1183.718145,0.0,0.0,1.177829,1177.829,0.0,2015,1,2,Wednesday,1,Winter
EUR/GBP,2015-01-14,0.77628,0.7781,0.77344,0.7763,GBP,0.799589,801.133837,0.023289000000000004,0.7763,780.1814999999999,0.0,0.0,0.7763,776.3,0.0,2015,1,2,Wednesday,1,Winter
EUR/JPY,2015-01-14,138.701004,138.854996,137.0,138.727005,JPY,142.88881515,143164.88188995002,4.161810150000008,138.727005,139420.640025,0.0,0.0,138.727005,138727.005,0.0,2015,1,2,Wednesday,1,Winter
EUR/JPY,2015-01-15,138.380005,138.781998,135.419998,138.332993,JPY,142.48298279,142758.26544606997,4.1499897900000065,138.332993,139024.657965,0.0,0.0,138.332993,138332.993,0.0,2015,1,3,Thursday,1,Winter
EUR/USD,2015-01-15,1.178384,1.178856,1.159229,1.178592,USD,1.2139497600000002,1216.2951580800002,0.03535776000000013,1.178592,1184.48496,0.0,0.0,1.178592,1178.592,0.0,2015,1,3,Thursday,1,Winter
EUR/GBP,2015-01-15,0.7734,0.7745,0.7636,0.77351,GBP,0.7967153,798.2545849,0.023205299999999984,0.77351,777.37755,0.0,0.0,0.77351,773.51,0.0,2015,1,3,Thursday,1,Winter
EUR/GBP,2015-01-16,0.7663,0.76709,0.75976,0.7665,GBP,0.789495,791.0203349999999,0.022994999999999988,0.7665,770.3325,0.0,0.0,0.7665,766.5,0.0,2015,1,4,Friday,1,Winter
EUR/JPY,2015-01-16,135.119995,135.932007,134.789001,135.136002,JPY,139.19008205999998,139459.00270398,4.05408005999999,135.136002,135811.68201,0.0,0.0,135.136002,135136.00199999998,0.0,2015,1,4,Friday,1,Winter
EUR/USD,2015-01-16,1.1639,1.165,1.14643,1.163738,USD,1.19865014,1200.96597862,0.03491214000000009,1.163738,1169.55669,0.0,0.0,1.163738,1163.7379999999998,0.0,2015,1,4,Friday,1,Winter
EUR/GBP,2015-01-19,0.7635,0.76745,0.76297,0.7636,GBP,0.786508,788.027564,0.02290800000000004,0.7636,767.4179999999999,0.0,0.0,0.7636,763.5999999999999,0.0,2015,1,0,Monday,1,Winter
EUR/JPY,2015-01-19,135.889008,136.807999,135.158997,135.949005,JPY,140.02747515000001,140298.01366995,4.078470150000015,135.949005,136628.75002500002,0.0,0.0,135.949005,135949.005,0.0,2015,1,0,Monday,1,Winter
EUR/USD,2015-01-19,1.156377,1.163871,1.155402,1.156604,USD,1.19130212,1193.6037619600002,0.034698120000000054,1.156604,1162.3870200000001,0.0,0.0,1.156604,1156.604,0.0,2015,1,0,Monday,1,Winter
EUR/USD,2015-01-20,1.159703,1.161599,1.15692,1.159797,USD,1.19459091,1196.89890603,0.034793910000000094,1.159797,1165.595985,0.0,0.0,1.159797,1159.797,0.0,2015,1,1,Tuesday,1,Winter
EUR/GBP,2015-01-20,0.76843,0.7692,0.76154,0.7685,GBP,0.791555,793.0843150000001,0.023055000000000048,0.7685,772.3425,0.0,0.0,0.7685,768.5,0.0,2015,1,1,Tuesday,1,Winter
EUR/JPY,2015-01-20,136.533005,137.623001,136.503006,136.490997,JPY,140.58572691,140857.34399403,4.094729910000012,136.490997,137173.451985,0.0,0.0,136.490997,136490.997,0.0,2015,1,1,Tuesday,1,Winter
EUR/USD,2015-01-21,1.154668,1.1664,1.154374,1.154694,USD,1.1893348200000002,1191.6326610600004,0.03464082000000013,1.154694,1160.4674700000003,0.0,0.0,1.154694,1154.6940000000002,0.0,2015,1,2,Wednesday,1,Winter
EUR/GBP,2015-01-21,0.7622,0.77124,0.7617,0.7623,GBP,0.785169,786.685977,0.022869000000000028,0.7623,766.1115,0.0,0.0,0.7623,762.3,0.0,2015,1,2,Wednesday,1,Winter
EUR/JPY,2015-01-21,136.957001,137.098007,135.856995,136.990997,JPY,141.10072691,141373.33899403,4.109729909999999,136.990997,137675.951985,0.0,0.0,136.990997,136990.997,0.0,2015,1,2,Wednesday,1,Winter
EUR/USD,2015-01-22,1.161697,1.164289,1.1414,1.161535,USD,1.19638105,1198.69250465,0.03484605000000007,1.161535,1167.342675,0.0,0.0,1.161535,1161.535,0.0,2015,1,3,Thursday,1,Winter
EUR/JPY,2015-01-22,136.854004,137.281998,134.522995,136.850998,JPY,140.95652794,141228.86142602,4.105529939999997,136.850998,137535.25298999998,0.0,0.0,136.850998,136850.998,0.0,2015,1,3,Thursday,1,Winter
EUR/GBP,2015-01-22,0.7669,0.7669,0.75675,0.76675,GBP,0.7897525000000001,791.2783325,0.023002500000000037,0.76675,770.58375,0.0,0.0,0.76675,766.75,0.0,2015,1,3,Thursday,1,Winter
EUR/JPY,2015-01-23,134.699997,134.830002,130.977997,134.705002,JPY,138.74615206000001,139014.21501398002,4.041150060000007,134.705002,135378.52701000002,0.0,0.0,134.705002,134705.002,0.0,2015,1,4,Friday,1,Winter
EUR/USD,2015-01-23,1.134649,1.137398,1.11218,1.134675,USD,1.1687152500000002,1170.9732532500002,0.034040250000000105,1.134675,1140.3483750000003,0.0,0.0,1.134675,1134.6750000000002,0.0,2015,1,4,Friday,1,Winter
EUR/GBP,2015-01-23,0.75605,0.75801,0.74299,0.7558,GBP,0.778474,779.9780420000001,0.022673999999999972,0.7558,759.5790000000001,0.0,0.0,0.7558,755.8000000000001,0.0,2015,1,4,Friday,1,Winter
EUR/GBP,2015-01-26,0.74265,0.75041,0.74265,0.74227,GBP,0.7645381,766.0152173,0.022268100000000013,0.74227,745.98135,0.0,0.0,0.74227,742.27,0.0,2015,1,0,Monday,1,Winter
EUR/USD,2015-01-26,1.114082,1.128399,1.114082,1.112545,USD,1.1459213499999998,1148.1353145499997,0.033376349999999944,1.112545,1118.1077249999998,0.0,0.0,1.112545,1112.5449999999998,0.0,2015,1,0,Monday,1,Winter
EUR/JPY,2015-01-26,130.729996,133.529007,130.729996,130.630997,JPY,134.54992691,134809.88259403,3.918929910000003,130.630997,131284.151985,0.0,0.0,130.630997,130630.997,0.0,2015,1,0,Monday,1,Winter
EUR/GBP,2015-01-27,0.7456,0.7511,0.74348,0.74556,GBP,0.7679268,769.4104644,0.02236680000000002,0.74556,749.2878,0.0,0.0,0.74556,745.56,0.0,2015,1,1,Tuesday,1,Winter
EUR/JPY,2015-01-27,133.320007,134.029999,132.5,133.330002,JPY,137.32990206000002,137595.22876398003,3.999900060000016,133.330002,133996.65201000002,0.0,0.0,133.330002,133330.002,0.0,2015,1,1,Tuesday,1,Winter
EUR/USD,2015-01-27,1.1251,1.142,1.1226,1.124771,USD,1.15851413,1160.7524242900001,0.033743129999999955,1.124771,1130.394855,0.0,0.0,1.124771,1124.771,0.0,2015,1,1,Tuesday,1,Winter
EUR/USD,2015-01-28,1.136699,1.1382,1.13078,1.136738,USD,1.1708401400000001,1173.1022486200002,0.034102140000000114,1.136738,1142.4216900000001,0.0,0.0,1.136738,1136.738,0.0,2015,1,2,Wednesday,1,Winter
EUR/JPY,2015-01-28,133.910995,134.320999,133.231003,133.871994,JPY,137.88815382,138154.55908806002,4.016159820000013,133.871994,134541.35397,0.0,0.0,133.871994,133871.994,0.0,2015,1,2,Wednesday,1,Winter
EUR/GBP,2015-01-28,0.7482,0.74942,0.745,0.7484,GBP,0.770852,772.341316,0.022452000000000027,0.7484,752.1419999999999,0.0,0.0,0.7484,748.4,0.0,2015,1,2,Wednesday,1,Winter
EUR/GBP,2015-01-29,0.7451,0.75242,0.74409,0.74519,GBP,0.7675457,769.0286281,0.02235569999999998,0.74519,748.9159500000001,0.0,0.0,0.74519,745.19,0.0,2015,1,3,Thursday,1,Winter
EUR/USD,2015-01-29,1.128477,1.1368,1.126405,1.128146,USD,1.1619903800000002,1164.2353905400003,0.03384438000000012,1.128146,1133.7867300000003,0.0,0.0,1.128146,1128.1460000000002,0.0,2015,1,3,Thursday,1,Winter
EUR/JPY,2015-01-29,132.701996,134.041,132.559998,132.692993,JPY,136.67378279000002,136937.84184607002,3.980789790000017,132.692993,133356.45796499998,0.0,0.0,132.692993,132692.993,0.0,2015,1,3,Thursday,1,Winter
EUR/JPY,2015-01-30,134.059998,134.059998,132.557007,134.039993,JPY,138.06119279,138327.93237607,4.021199789999997,134.039993,134710.19296500002,0.0,0.0,134.039993,134039.99300000002,0.0,2015,1,4,Friday,1,Winter
EUR/USD,2015-01-30,1.133735,1.1364,1.128599,1.133556,USD,1.16756268,1169.81845644,0.03400668000000007,1.133556,1139.22378,0.0,0.0,1.133556,1133.556,0.0,2015,1,4,Friday,1,Winter
EUR/GBP,2015-01-30,0.75182,0.7535,0.74999,0.7516,GBP,0.7741480000000001,775.643684,0.022548000000000012,0.7516,755.3580000000001,0.0,0.0,0.7516,751.6,0.0,2015,1,4,Friday,1,Winter
EUR/GBP,2015-02-02,0.7494,0.75561,0.749,0.7495,GBP,0.771985,773.476505,0.022484999999999977,0.7495,753.2475,0.0,0.0,0.7495,749.5,0.0,2015,2,0,Monday,1,Winter
EUR/USD,2015-02-02,1.130467,1.136,1.129293,1.130902,USD,1.1648290600000002,1167.0795549800002,0.03392706000000012,1.130902,1136.5565100000001,0.0,0.0,1.130902,1130.902,0.0,2015,2,0,Monday,1,Winter
EUR/JPY,2015-02-02,132.462006,133.582001,132.462006,132.503998,JPY,136.47911794,136742.80089602,3.9751199400000132,132.503998,133166.51799,0.0,0.0,132.503998,132503.998,0.0,2015,2,0,Monday,1,Winter
EUR/JPY,2015-02-03,133.313004,134.690002,132.401001,133.335007,JPY,137.33505721,137600.39387393,4.000050210000012,133.335007,134001.68203499998,0.0,0.0,133.335007,133335.00699999998,0.0,2015,2,1,Tuesday,1,Winter
EUR/USD,2015-02-03,1.133697,1.145001,1.13179,1.134173,USD,1.16819819,1170.45519427,0.03402518999999993,1.134173,1139.843865,0.0,0.0,1.134173,1134.173,0.0,2015,2,1,Tuesday,1,Winter
EUR/GBP,2015-02-03,0.7543,0.75805,0.7524,0.75461,GBP,0.7772483,778.7499739,0.0226383,0.75461,758.38305,0.0,0.0,0.75461,754.61,0.0,2015,2,1,Tuesday,1,Winter
EUR/GBP,2015-02-04,0.7565,0.75739,0.74857,0.7566,GBP,0.779298,780.803634,0.022697999999999996,0.7566,760.383,0.0,0.0,0.7566,756.6,0.0,2015,2,2,Wednesday,1,Winter
EUR/JPY,2015-02-04,134.807007,135.332993,133.889999,134.778,JPY,138.82134,139089.54822,4.043340000000001,134.778,135451.89,0.0,0.0,134.778,134778.0,0.0,2015,2,2,Wednesday,1,Winter
EUR/USD,2015-02-04,1.145685,1.148419,1.14042,1.145738,USD,1.18011014,1182.39015862,0.034372140000000106,1.145738,1151.4666899999997,0.0,0.0,1.145738,1145.7379999999998,0.0,2015,2,2,Wednesday,1,Winter
EUR/GBP,2015-02-05,0.74551,0.7509,0.7455,0.7456,GBP,0.7679680000000001,769.4517440000001,0.022368000000000055,0.7456,749.328,0.0,0.0,0.7456,745.6,0.0,2015,2,3,Thursday,1,Winter
EUR/USD,2015-02-05,1.131721,1.146,1.131695,1.131875,USD,1.16583125,1168.0836812500002,0.03395625000000013,1.131875,1137.534375,0.0,0.0,1.131875,1131.875,0.0,2015,2,3,Thursday,1,Winter
EUR/JPY,2015-02-05,132.733994,134.483002,132.690994,132.740005,JPY,136.72220515,136986.35775994998,3.9822001500000113,132.740005,133403.705025,0.0,0.0,132.740005,132740.005,0.0,2015,2,3,Thursday,1,Winter
EUR/JPY,2015-02-06,134.792007,135.158997,134.082001,134.820999,JPY,138.86562897000002,139133.92275801,4.044629970000017,134.820999,135495.103995,0.0,0.0,134.820999,134820.999,0.0,2015,2,4,Friday,1,Winter
EUR/GBP,2015-02-06,0.7486,0.7486,0.7421,0.7485,GBP,0.7709550000000001,772.444515,0.022455000000000003,0.7485,752.2425,0.0,0.0,0.7485,748.5,0.0,2015,2,4,Friday,1,Winter
EUR/USD,2015-02-06,1.147092,1.1476,1.132003,1.147197,USD,1.1816129100000001,1183.89583203,0.034415910000000105,1.147197,1152.9329850000001,0.0,0.0,1.147197,1147.1970000000001,0.0,2015,2,4,Friday,1,Winter
EUR/JPY,2015-02-09,134.559998,134.981003,133.686005,134.598999,JPY,138.63696897,138904.82097801,4.037969970000006,134.598999,135271.99399499997,0.0,0.0,134.598999,134598.99899999998,0.0,2015,2,0,Monday,1,Winter
EUR/USD,2015-02-09,1.131478,1.136,1.127169,1.131439,USD,1.1653821700000002,1167.6337336100003,0.033943170000000134,1.131439,1137.096195,0.0,0.0,1.131439,1131.439,0.0,2015,2,0,Monday,1,Winter
EUR/GBP,2015-02-09,0.74236,0.74586,0.74128,0.7425,GBP,0.7647750000000001,766.2525750000001,0.022275000000000045,0.7425,746.2125,0.0,0.0,0.7425,742.5,0.0,2015,2,0,Monday,1,Winter
EUR/JPY,2015-02-10,134.315994,135.270996,134.042007,134.296997,JPY,138.32590691000001,138593.15793403002,4.02890991000001,134.296997,134968.481985,0.0,0.0,134.296997,134296.997,0.0,2015,2,1,Tuesday,1,Winter
EUR/GBP,2015-02-10,0.7443,0.7445,0.74085,0.74426,GBP,0.7665878,768.0688774,0.02232780000000001,0.74426,747.9813,0.0,0.0,0.74426,744.26,0.0,2015,2,1,Tuesday,1,Winter
EUR/USD,2015-02-10,1.132605,1.135,1.12756,1.132695,USD,1.16667585,1168.92991305,0.03398085000000006,1.132695,1138.358475,0.0,0.0,1.132695,1132.695,0.0,2015,2,1,Tuesday,1,Winter
EUR/USD,2015-02-11,1.131952,1.133196,1.128861,1.132195,USD,1.16616085,1168.41391805,0.033965849999999964,1.132195,1137.8559750000002,0.0,0.0,1.132195,1132.1950000000002,0.0,2015,2,2,Wednesday,1,Winter
EUR/JPY,2015-02-11,135.070007,136.078003,135.016998,135.106995,JPY,139.16020485,139429.06777005002,4.053209850000002,135.106995,135782.529975,0.0,0.0,135.106995,135106.99500000002,0.0,2015,2,2,Wednesday,1,Winter
EUR/GBP,2015-02-11,0.74176,0.74269,0.73864,0.74172,GBP,0.7639716000000001,765.4476228000001,0.022251600000000038,0.74172,745.4286000000001,0.0,0.0,0.74172,741.72,0.0,2015,2,2,Wednesday,1,Winter
EUR/USD,2015-02-12,1.130825,1.139819,1.130621,1.131196,USD,1.1651318800000001,1167.3829600400002,0.03393588000000003,1.131196,1136.8519800000001,0.0,0.0,1.131196,1131.1960000000001,0.0,2015,2,3,Thursday,1,Winter
EUR/GBP,2015-02-12,0.7419,0.74533,0.73719,0.74196,GBP,0.7642188,765.6953004,0.022258800000000023,0.74196,745.6697999999999,0.0,0.0,0.74196,741.9599999999999,0.0,2015,2,3,Thursday,1,Winter
EUR/JPY,2015-02-12,135.910004,136.326996,134.854996,135.919998,JPY,139.99759794,140268.07873602,4.077599939999999,135.919998,136599.59798999998,0.0,0.0,135.919998,135919.998,0.0,2015,2,3,Thursday,1,Winter
EUR/GBP,2015-02-13,0.74092,0.74327,0.73962,0.74087,GBP,0.7630961,764.5704313000001,0.022226100000000026,0.74087,744.57435,0.0,0.0,0.74087,740.87,0.0,2015,2,4,Friday,1,Winter
EUR/USD,2015-02-13,1.140485,1.145001,1.1382,1.140394,USD,1.17460582,1176.87520406,0.034211820000000115,1.140394,1146.09597,0.0,0.0,1.140394,1140.394,0.0,2015,2,4,Friday,1,Winter
EUR/JPY,2015-02-13,135.550003,136.0,135.279999,135.606003,JPY,139.67418308999999,139944.03903596997,4.0681800899999985,135.606003,136284.033015,0.0,0.0,135.606003,135606.003,0.0,2015,2,4,Friday,1,Winter
EUR/USD,2015-02-16,1.139705,1.1435,1.139705,1.140004,USD,1.17420412,1176.47272796,0.034200119999999945,1.140004,1145.70402,0.0,0.0,1.140004,1140.004,0.0,2015,2,0,Monday,1,Winter
EUR/JPY,2015-02-16,135.190002,135.535004,135.050995,135.139999,JPY,139.19419897,139463.12756801,4.054199970000013,135.139999,135815.69899499998,0.0,0.0,135.139999,135139.99899999998,0.0,2015,2,0,Monday,1,Winter
EUR/GBP,2015-02-16,0.7399,0.74262,0.7391,0.73978,GBP,0.7619734,763.4455621999999,0.02219340000000003,0.73978,743.4789,0.0,0.0,0.73978,739.78,0.0,2015,2,0,Monday,1,Winter
EUR/USD,2015-02-17,1.133363,1.14423,1.132516,1.133401,USD,1.1674030300000002,1169.6584979900001,0.03400203000000013,1.133401,1139.068005,0.0,0.0,1.133401,1133.401,0.0,2015,2,1,Tuesday,1,Winter
EUR/JPY,2015-02-17,134.261002,135.899002,133.962006,134.285004,JPY,138.31355412,138580.78127796,4.028550120000006,134.285004,134956.42901999998,0.0,0.0,134.285004,134285.004,0.0,2015,2,1,Tuesday,1,Winter
EUR/GBP,2015-02-17,0.738,0.74426,0.73749,0.738,GBP,0.76014,761.60862,0.02214000000000005,0.738,741.69,0.0,0.0,0.738,738.0,0.0,2015,2,1,Tuesday,1,Winter
EUR/JPY,2015-02-18,135.906998,136.054001,135.328003,135.953003,JPY,140.03159309,140302.13956597002,4.078590090000006,135.953003,136632.768015,0.0,0.0,135.953003,135953.003,0.0,2015,2,2,Wednesday,1,Winter
EUR/USD,2015-02-18,1.140498,1.1415,1.13478,1.140472,USD,1.17468616,1176.9556992799999,0.034214160000000104,1.140472,1146.17436,0.0,0.0,1.140472,1140.472,0.0,2015,2,2,Wednesday,1,Winter
EUR/GBP,2015-02-18,0.7427,0.74312,0.73539,0.7426,GBP,0.7648780000000001,766.355774,0.02227800000000002,0.7426,746.313,0.0,0.0,0.7426,742.6,0.0,2015,2,2,Wednesday,1,Winter
EUR/JPY,2015-02-19,135.328995,135.878998,134.960007,135.287003,JPY,139.34561309,139614.83422597,4.058610090000002,135.287003,135963.438015,0.0,0.0,135.287003,135287.003,0.0,2015,2,3,Thursday,1,Winter
EUR/USD,2015-02-19,1.140082,1.145001,1.13562,1.140004,USD,1.17420412,1176.47272796,0.034200119999999945,1.140004,1145.70402,0.0,0.0,1.140004,1140.004,0.0,2015,2,3,Thursday,1,Winter
EUR/GBP,2015-02-19,0.73854,0.74075,0.736,0.7384,GBP,0.760552,762.021416,0.02215200000000006,0.7384,742.092,0.0,0.0,0.7384,738.4,0.0,2015,2,3,Thursday,1,Winter
EUR/GBP,2015-02-20,0.73701,0.7394,0.734,0.737,GBP,0.7591100000000001,760.57663,0.022110000000000074,0.737,740.685,0.0,0.0,0.737,737.0,0.0,2015,2,4,Friday,1,Winter
EUR/USD,2015-02-20,1.136674,1.137599,1.12821,1.136674,USD,1.17077422,1173.03620126,0.034100220000000014,1.136674,1142.35737,0.0,0.0,1.136674,1136.674,0.0,2015,2,4,Friday,1,Winter
EUR/JPY,2015-02-20,135.229004,135.317993,133.559998,135.248993,JPY,139.30646279,139575.60828607003,4.057469789999999,135.248993,135925.237965,0.0,0.0,135.248993,135248.99300000002,0.0,2015,2,4,Friday,1,Winter
EUR/JPY,2015-02-23,135.477997,135.604004,134.449997,135.509003,JPY,139.57427309000002,139843.93600597003,4.065270090000013,135.509003,136186.548015,0.0,0.0,135.509003,135509.003,0.0,2015,2,0,Monday,1,Winter
EUR/USD,2015-02-23,1.137941,1.139302,1.12966,1.138148,USD,1.1722924399999999,1174.55735452,0.03414443999999994,1.138148,1143.83874,0.0,0.0,1.138148,1138.148,0.0,2015,2,0,Monday,1,Winter
EUR/GBP,2015-02-23,0.73952,0.74046,0.73413,0.7395,GBP,0.7616850000000001,763.156605,0.02218500000000001,0.7395,743.1975,0.0,0.0,0.7395,739.5,0.0,2015,2,0,Monday,1,Winter
EUR/GBP,2015-02-24,0.7334,0.73474,0.73149,0.7334,GBP,0.755402,756.8614660000001,0.022001999999999966,0.7334,737.0670000000001,0.0,0.0,0.7334,733.4000000000001,0.0,2015,2,1,Tuesday,1,Winter
EUR/JPY,2015-02-24,134.738998,135.475006,134.723007,134.748993,JPY,138.79146279000003,139059.61328607003,4.042469790000013,134.748993,135422.737965,0.0,0.0,134.748993,134748.99300000002,0.0,2015,2,1,Tuesday,1,Winter
EUR/USD,2015-02-24,1.133414,1.13474,1.12907,1.133299,USD,1.1672979700000001,1169.55323501,0.03399897000000007,1.133299,1138.965495,0.0,0.0,1.133299,1133.299,0.0,2015,2,1,Tuesday,1,Winter
EUR/JPY,2015-02-25,134.764008,135.201996,134.569,134.809998,JPY,138.85429794,139122.56983602,4.044299940000002,134.809998,135484.04799000002,0.0,0.0,134.809998,134809.99800000002,0.0,2015,2,2,Wednesday,1,Winter
EUR/USD,2015-02-25,1.13407,1.1388,1.13378,1.133903,USD,1.1679200900000002,1170.1765569700003,0.03401709000000008,1.133903,1139.572515,0.0,0.0,1.133903,1133.903,0.0,2015,2,2,Wednesday,1,Winter
EUR/GBP,2015-02-25,0.7336,0.73429,0.7315,0.73355,GBP,0.7555565000000001,757.0162645,0.02200650000000004,0.73355,737.21775,0.0,0.0,0.73355,733.5500000000001,0.0,2015,2,2,Wednesday,1,Winter
EUR/JPY,2015-02-26,135.020004,135.352997,133.570007,135.028,JPY,139.07883999999999,139347.54572,4.050839999999994,135.028,135703.14,0.0,0.0,135.028,135028.0,0.0,2015,2,3,Thursday,1,Winter
EUR/USD,2015-02-26,1.136273,1.13788,1.12027,1.136364,USD,1.17045492,1172.7162843600001,0.034090920000000136,1.136364,1142.04582,0.0,0.0,1.136364,1136.364,0.0,2015,2,3,Thursday,1,Winter
EUR/GBP,2015-02-26,0.7317,0.7323,0.72699,0.7319,GBP,0.753857,755.313481,0.021957000000000004,0.7319,735.5595,0.0,0.0,0.7319,731.9,0.0,2015,2,3,Thursday,1,Winter
EUR/USD,2015-02-27,1.12036,1.125,1.117681,1.120536,USD,1.15415208,1156.38194664,0.03361608000000005,1.120536,1126.13868,0.0,0.0,1.120536,1120.536,0.0,2015,2,4,Friday,1,Winter
EUR/JPY,2015-02-27,133.759003,134.167007,133.449997,133.729996,JPY,137.74189588000002,138008.01857204002,4.011899880000016,133.729996,134398.64598,0.0,0.0,133.729996,133729.996,0.0,2015,2,4,Friday,1,Winter
EUR/GBP,2015-02-27,0.7267,0.72958,0.72544,0.72671,GBP,0.7485113,749.9574529,0.021801300000000023,0.72671,730.3435499999999,0.0,0.0,0.72671,726.7099999999999,0.0,2015,2,4,Friday,1,Winter
EUR/JPY,2015-03-02,133.809998,134.572998,133.772995,133.727005,JPY,137.73881515,138004.93188994998,4.011810150000002,133.727005,134395.640025,0.0,0.0,133.727005,133727.005,0.0,2015,3,0,Monday,1,Spring
EUR/GBP,2015-03-02,0.7246,0.73013,0.7242,0.7243,GBP,0.746029,747.470357,0.021729,0.7243,727.9215,0.0,0.0,0.7243,724.3000000000001,0.0,2015,3,0,Monday,1,Spring
EUR/USD,2015-03-02,1.117094,1.12404,1.116395,1.116196,USD,1.14968188,1151.9031100399998,0.03348587999999997,1.116196,1121.7769799999999,0.0,0.0,1.116196,1116.196,0.0,2015,3,0,Monday,1,Spring
EUR/USD,2015-03-03,1.117668,1.121401,1.1156,1.117905,USD,1.15144215,1153.66678095,0.03353715000000013,1.117905,1123.494525,0.0,0.0,1.117905,1117.905,0.0,2015,3,1,Tuesday,1,Spring
EUR/JPY,2015-03-03,134.337997,134.369995,133.660004,134.339996,JPY,138.37019588,138637.53247204,4.030199879999998,134.339996,135011.69598000002,0.0,0.0,134.339996,134339.996,0.0,2015,3,1,Tuesday,1,Spring
EUR/GBP,2015-03-03,0.7278,0.7286,0.72587,0.7276,GBP,0.7494280000000001,750.875924,0.02182800000000007,0.7276,731.238,0.0,0.0,0.7276,727.6,0.0,2015,3,1,Tuesday,1,Spring
EUR/JPY,2015-03-04,133.740997,133.779999,132.406998,133.770996,JPY,137.78412588,138050.33016204002,4.013129880000008,133.770996,134439.85098,0.0,0.0,133.770996,133770.99599999998,0.0,2015,3,2,Wednesday,1,Spring
EUR/GBP,2015-03-04,0.7276,0.728,0.72356,0.72757,GBP,0.7493971,750.8449643,0.021827099999999988,0.72757,731.20785,0.0,0.0,0.72757,727.57,0.0,2015,3,2,Wednesday,1,Spring
EUR/USD,2015-03-04,1.118406,1.118806,1.10628,1.118218,USD,1.15176454,1153.9897938200002,0.033546540000000125,1.118218,1123.8090899999997,0.0,0.0,1.118218,1118.2179999999998,0.0,2015,3,2,Wednesday,1,Spring
EUR/JPY,2015-03-05,132.554001,133.585999,132.117996,132.550003,JPY,136.52650309,136790.27759597002,3.976500090000002,132.550003,133212.753015,0.0,0.0,132.550003,132550.003,0.0,2015,3,3,Thursday,1,Spring
EUR/GBP,2015-03-05,0.72585,0.72835,0.72256,0.7259,GBP,0.747677,749.121541,0.021777000000000046,0.7259,729.5295,0.0,0.0,0.7259,725.9,0.0,2015,3,3,Thursday,1,Spring
EUR/USD,2015-03-05,1.107996,1.11089,1.10105,1.108205,USD,1.1414511500000002,1143.6564779500002,0.033246150000000085,1.108205,1113.7460250000001,0.0,0.0,1.108205,1108.2050000000002,0.0,2015,3,3,Thursday,1,Spring
EUR/JPY,2015-03-06,132.460007,132.5,131.229004,132.419998,JPY,136.39259794,136656.11373602,3.972599940000009,132.419998,133082.09798999998,0.0,0.0,132.419998,132419.998,0.0,2015,3,4,Friday,1,Spring
EUR/USD,2015-03-06,1.1034,1.1034,1.085222,1.103205,USD,1.13630115,1138.49652795,0.03309614999999999,1.103205,1108.7210249999998,0.0,0.0,1.103205,1103.205,0.0,2015,3,4,Friday,1,Spring
EUR/GBP,2015-03-06,0.7234,0.7238,0.71813,0.72342,GBP,0.7451226,746.5622057999999,0.021702600000000016,0.72342,727.0371,0.0,0.0,0.72342,723.42,0.0,2015,3,4,Friday,1,Spring
EUR/USD,2015-03-09,1.084563,1.091,1.083776,1.084599,USD,1.1171369700000002,1119.2953220100003,0.03253797000000014,1.084599,1090.021995,0.0,0.0,1.084599,1084.5990000000002,0.0,2015,3,0,Monday,1,Spring
EUR/JPY,2015-03-09,130.897995,131.692993,130.856003,130.931,JPY,134.85893000000002,135119.48269000003,3.9279300000000035,130.931,131585.65500000003,0.0,0.0,130.931,130931.00000000001,0.0,2015,3,0,Monday,1,Spring
EUR/GBP,2015-03-09,0.7202,0.72182,0.71819,0.72003,GBP,0.7416309,743.0637597,0.021600900000000034,0.72003,723.63015,0.0,0.0,0.72003,720.03,0.0,2015,3,0,Monday,1,Spring
EUR/JPY,2015-03-10,131.552002,131.854004,129.759995,131.522003,JPY,135.46766309,135729.39187597,3.94566008999999,131.522003,132179.61301500004,0.0,0.0,131.522003,131522.00300000003,0.0,2015,3,1,Tuesday,1,Spring
EUR/USD,2015-03-10,1.083576,1.083705,1.07059,1.083341,USD,1.1158412300000002,1117.9970785900002,0.03250023000000013,1.083341,1088.7577050000002,0.0,0.0,1.083341,1083.3410000000001,0.0,2015,3,1,Tuesday,1,Spring
EUR/GBP,2015-03-10,0.7171,0.71762,0.70962,0.7172,GBP,0.7387159999999999,740.1432279999999,0.02151599999999998,0.7172,720.786,0.0,0.0,0.7172,717.1999999999999,0.0,2015,3,1,Tuesday,1,Spring
EUR/USD,2015-03-11,1.070939,1.071455,1.05614,1.07087,USD,1.1029961,1105.1271312999997,0.032126099999999935,1.07087,1076.22435,0.0,0.0,1.07087,1070.87,0.0,2015,3,2,Wednesday,1,Spring
EUR/JPY,2015-03-11,129.626007,129.938004,128.225006,129.600998,JPY,133.48902794,133746.93392602,3.8880299399999956,129.600998,130249.00299000001,0.0,0.0,129.600998,129600.998,0.0,2015,3,2,Wednesday,1,Spring
EUR/GBP,2015-03-11,0.71014,0.7105,0.7014,0.71,GBP,0.7313,732.7129,0.021299999999999986,0.71,713.55,0.0,0.0,0.71,710.0,0.0,2015,3,2,Wednesday,1,Spring
EUR/JPY,2015-03-12,128.089005,128.987,127.667999,128.061005,JPY,131.90283515,132157.67654995,3.8418301499999927,128.061005,128701.31002499998,0.0,0.0,128.061005,128061.00499999999,0.0,2015,3,3,Thursday,1,Spring
EUR/GBP,2015-03-12,0.7062,0.71275,0.7034,0.706,GBP,0.7271799999999999,728.58494,0.021179999999999977,0.706,709.53,0.0,0.0,0.706,706.0,0.0,2015,3,3,Thursday,1,Spring
EUR/USD,2015-03-12,1.054941,1.06815,1.050155,1.054875,USD,1.08652125,1088.62045125,0.0316462500000001,1.054875,1060.149375,0.0,0.0,1.054875,1054.875,0.0,2015,3,3,Thursday,1,Spring
EUR/GBP,2015-03-13,0.7133,0.71692,0.71139,0.71333,GBP,0.7347299,736.1494267,0.021399900000000027,0.71333,716.89665,0.0,0.0,0.71333,713.33,0.0,2015,3,4,Friday,1,Spring
EUR/JPY,2015-03-13,128.869003,128.990005,127.167,128.889999,JPY,132.75669897,133013.19006801,3.8666999700000133,128.889999,129534.44899499998,0.0,0.0,128.889999,128889.99899999998,0.0,2015,3,4,Friday,1,Spring
EUR/USD,2015-03-13,1.062598,1.063,1.04863,1.062631,USD,1.09450993,1096.62456569,0.03187892999999997,1.062631,1067.9441550000001,0.0,0.0,1.062631,1062.631,0.0,2015,3,4,Friday,1,Spring
EUR/USD,2015-03-16,1.048449,1.0614,1.048449,1.048163,USD,1.07960789,1081.69373437,0.03144488999999995,1.048163,1053.4038150000001,0.0,0.0,1.048163,1048.163,0.0,2015,3,0,Monday,1,Spring
EUR/GBP,2015-03-16,0.71059,0.71621,0.71059,0.7103,GBP,0.7316090000000001,733.022497,0.021309000000000022,0.7103,713.8515000000001,0.0,0.0,0.7103,710.3000000000001,0.0,2015,3,0,Monday,1,Spring
EUR/JPY,2015-03-16,127.223,128.600006,127.208,127.18,JPY,130.99540000000002,131248.48820000002,3.815400000000011,127.18,127815.9,0.0,0.0,127.18,127180.0,0.0,2015,3,0,Monday,1,Spring
EUR/GBP,2015-03-17,0.71307,0.72145,0.71186,0.7131,GBP,0.734493,735.912069,0.021392999999999995,0.7131,716.6655,0.0,0.0,0.7131,713.0999999999999,0.0,2015,3,1,Tuesday,1,Spring
EUR/USD,2015-03-17,1.057284,1.0649,1.055298,1.057295,USD,1.0890138500000002,1091.1178670500003,0.031718850000000076,1.057295,1062.5814750000002,0.0,0.0,1.057295,1057.295,0.0,2015,3,1,Tuesday,1,Spring
EUR/JPY,2015-03-17,128.289993,129.128006,128.080002,128.309998,JPY,132.15929794000002,132414.63483602,3.8492999400000087,128.309998,128951.54799,0.0,0.0,128.309998,128309.998,0.0,2015,3,1,Tuesday,1,Spring
EUR/JPY,2015-03-18,128.503006,128.815002,128.259995,128.546005,JPY,132.40238515000001,132658.19169995002,3.856380150000007,128.546005,129188.735025,0.0,0.0,128.546005,128546.005,0.0,2015,3,2,Wednesday,1,Spring
EUR/USD,2015-03-18,1.059591,1.0646,1.05805,1.059805,USD,1.0915991500000002,1093.7081619500002,0.031794150000000077,1.059805,1065.104025,0.0,0.0,1.059805,1059.805,0.0,2015,3,2,Wednesday,1,Spring
EUR/GBP,2015-03-18,0.71824,0.7253,0.71695,0.71828,GBP,0.7398284,741.2577772000001,0.021548400000000023,0.71828,721.8714,0.0,0.0,0.71828,718.28,0.0,2015,3,2,Wednesday,1,Spring
EUR/USD,2015-03-19,1.084399,1.091405,1.062141,1.084999,USD,1.11754897,1119.7081180100001,0.03254997000000004,1.084999,1090.423995,0.0,0.0,1.084999,1084.999,0.0,2015,3,3,Thursday,1,Spring
EUR/JPY,2015-03-19,130.197998,130.727997,128.386993,130.257004,JPY,134.16471411999999,134423.92555796,3.90771011999999,130.257004,130908.28902,0.0,0.0,130.257004,130257.004,0.0,2015,3,3,Thursday,1,Spring
EUR/GBP,2015-03-19,0.72484,0.7273,0.7154,0.7251,GBP,0.746853,748.295949,0.021753000000000022,0.7251,728.7255,0.0,0.0,0.7251,725.1,0.0,2015,3,3,Thursday,1,Spring
EUR/USD,2015-03-20,1.06727,1.08149,1.06572,1.066894,USD,1.0989008200000001,1101.02393906,0.0320068200000001,1.066894,1072.22847,0.0,0.0,1.066894,1066.894,0.0,2015,3,4,Friday,1,Spring
EUR/JPY,2015-03-20,128.854004,130.473007,128.710007,128.820999,JPY,132.68562897,132941.98275801,3.86462997000001,128.820999,129465.103995,0.0,0.0,128.820999,128820.999,0.0,2015,3,4,Friday,1,Spring
EUR/GBP,2015-03-20,0.7228,0.72645,0.7224,0.72276,GBP,0.7444428,745.8810923999999,0.021682800000000002,0.72276,726.3738,0.0,0.0,0.72276,722.76,0.0,2015,3,4,Friday,1,Spring
EUR/USD,2015-03-23,1.082603,1.09437,1.07695,1.082661,USD,1.11514083,1117.29532539,0.03247982999999999,1.082661,1088.074305,0.0,0.0,1.082661,1082.661,0.0,2015,3,0,Monday,1,Spring
EUR/GBP,2015-03-23,0.72433,0.73303,0.72277,0.72422,GBP,0.7459466,747.3877978,0.02172660000000004,0.72422,727.8411,0.0,0.0,0.72422,724.22,0.0,2015,3,0,Monday,1,Spring
EUR/JPY,2015-03-23,129.876999,130.927002,129.302994,129.889008,JPY,133.78567823999998,134044.15736592,3.8966702399999917,129.889008,130538.45304,0.0,0.0,129.889008,129889.00799999999,0.0,2015,3,0,Monday,1,Spring
EUR/GBP,2015-03-24,0.73191,0.73708,0.7303,0.73212,GBP,0.7540836,755.5405188,0.021963599999999972,0.73212,735.7806,0.0,0.0,0.73212,732.12,0.0,2015,3,1,Tuesday,1,Spring
EUR/JPY,2015-03-24,131.044006,131.5,130.350998,131.082993,JPY,135.01548279,135276.33794606998,3.9324897900000053,131.082993,131738.407965,0.0,0.0,131.082993,131082.993,0.0,2015,3,1,Tuesday,1,Spring
EUR/USD,2015-03-24,1.094799,1.103,1.089331,1.094499,USD,1.1273339700000002,1129.5120230100001,0.03283497000000013,1.094499,1099.971495,0.0,0.0,1.094499,1094.499,0.0,2015,3,1,Tuesday,1,Spring
EUR/USD,2015-03-25,1.09106,1.101297,1.091,1.090203,USD,1.12290909,1125.0785939700002,0.03270609000000002,1.090203,1095.654015,0.0,0.0,1.090203,1090.203,0.0,2015,3,2,Wednesday,1,Spring
EUR/JPY,2015-03-25,130.621002,131.380005,130.600998,130.613998,JPY,134.53241794000002,134792.33979602,3.918419940000007,130.613998,131267.06799,0.0,0.0,130.613998,130613.998,0.0,2015,3,2,Wednesday,1,Spring
EUR/GBP,2015-03-25,0.7351,0.73835,0.73433,0.73502,GBP,0.7570706,758.5332898,0.02205060000000003,0.73502,738.6951,0.0,0.0,0.73502,735.02,0.0,2015,3,2,Wednesday,1,Spring
EUR/GBP,2015-03-26,0.7369,0.73832,0.7353,0.7368,GBP,0.758904,760.370232,0.022104000000000013,0.7368,740.4839999999999,0.0,0.0,0.7368,736.8,0.0,2015,3,3,Thursday,1,Spring
EUR/USD,2015-03-26,1.096648,1.10452,1.09126,1.096047,USD,1.12892841,1131.10954353,0.03288141000000011,1.096047,1101.527235,0.0,0.0,1.096047,1096.047,0.0,2015,3,3,Thursday,1,Spring
EUR/JPY,2015-03-26,131.039993,131.044006,129.919998,131.009003,JPY,134.93927309,135199.98100597,3.9302700899999934,131.009003,131664.048015,0.0,0.0,131.009003,131009.00300000001,0.0,2015,3,3,Thursday,1,Spring
EUR/USD,2015-03-27,1.088554,1.089538,1.08053,1.088637,USD,1.12129611,1123.46249763,0.03265910999999999,1.088637,1094.0801850000003,0.0,0.0,1.088637,1088.6370000000002,0.0,2015,3,4,Friday,1,Spring
EUR/GBP,2015-03-27,0.7327,0.73319,0.72669,0.7326,GBP,0.7545780000000001,756.035874,0.021978000000000053,0.7326,736.263,0.0,0.0,0.7326,732.6,0.0,2015,3,4,Friday,1,Spring
EUR/JPY,2015-03-27,129.75,129.852005,129.029999,129.727005,JPY,133.61881515,133876.97188995,3.8918101499999977,129.727005,130375.64002499999,0.0,0.0,129.727005,129727.00499999999,0.0,2015,3,4,Friday,1,Spring
EUR/USD,2015-03-30,1.088198,1.088495,1.08111,1.088495,USD,1.1211498500000001,1123.31595505,0.032654850000000124,1.088495,1093.937475,0.0,0.0,1.088495,1088.495,0.0,2015,3,0,Monday,1,Spring
EUR/JPY,2015-03-30,129.761002,130.162994,129.330002,129.787003,JPY,133.68061309,133938.88922597,3.89361009000001,129.787003,130435.93801499999,0.0,0.0,129.787003,129787.003,0.0,2015,3,0,Monday,1,Spring
EUR/GBP,2015-03-30,0.731,0.7336,0.72899,0.73117,GBP,0.7531051,754.5601283,0.021935099999999985,0.73117,734.82585,0.0,0.0,0.73117,731.17,0.0,2015,3,0,Monday,1,Spring
EUR/USD,2015-03-31,1.082907,1.084352,1.071765,1.083025,USD,1.11551575,1117.67096975,0.03249075000000001,1.083025,1088.4401249999999,0.0,0.0,1.083025,1083.0249999999999,0.0,2015,3,1,Tuesday,1,Spring
EUR/JPY,2015-03-31,129.957993,130.233002,128.684006,129.957993,JPY,133.85673279,134115.34919607002,3.8987397900000076,129.957993,130607.78296499999,0.0,0.0,129.957993,129957.99299999999,0.0,2015,3,1,Tuesday,1,Spring
EUR/GBP,2015-03-31,0.73124,0.7321,0.72275,0.7312,GBP,0.753136,754.5910880000001,0.021936000000000067,0.7312,734.8559999999999,0.0,0.0,0.7312,731.1999999999999,0.0,2015,3,1,Tuesday,1,Spring
EUR/GBP,2015-04-01,0.7241,0.7296,0.7233,0.724,GBP,0.74572,747.16076,0.021720000000000073,0.724,727.62,0.0,0.0,0.724,724.0,0.0,2015,4,2,Wednesday,2,Spring
EUR/JPY,2015-04-01,128.839005,129.397003,128.432999,128.863007,JPY,132.72889721,132985.33459393002,3.8658902100000034,128.863007,129507.32203500002,0.0,0.0,128.863007,128863.00700000001,0.0,2015,4,2,Wednesday,2,Spring
EUR/USD,2015-04-01,1.074102,1.08003,1.07213,1.073814,USD,1.1060284200000001,1108.1653098600002,0.03221442000000008,1.073814,1079.18307,0.0,0.0,1.073814,1073.814,0.0,2015,4,2,Wednesday,2,Spring
EUR/USD,2015-04-02,1.076983,1.08969,1.075269,1.076994,USD,1.10930382,1111.44703806,0.032309820000000045,1.076994,1082.37897,0.0,0.0,1.076994,1076.994,0.0,2015,4,3,Thursday,2,Spring
EUR/GBP,2015-04-02,0.72593,0.73431,0.72528,0.72591,GBP,0.7476873,749.1318609000001,0.0217773,0.72591,729.5395500000001,0.0,0.0,0.72591,725.9100000000001,0.0,2015,4,3,Thursday,2,Spring
EUR/JPY,2015-04-02,128.761993,130.371994,128.610001,128.776001,JPY,132.63928103,132895.54527199,3.8632800299999985,128.776001,129419.881005,0.0,0.0,128.776001,128776.001,0.0,2015,4,3,Thursday,2,Spring
EUR/USD,2015-04-03,1.087098,1.102196,1.08659,1.087075,USD,1.1196872500000001,1121.8505292500001,0.03261225000000012,1.087075,1092.510375,0.0,0.0,1.087075,1087.075,0.0,2015,4,4,Friday,2,Spring
EUR/GBP,2015-04-03,0.73299,0.73781,0.7325,0.733,GBP,0.75499,756.44867,0.021990000000000065,0.733,736.665,0.0,0.0,0.733,733.0,0.0,2015,4,4,Friday,2,Spring
EUR/JPY,2015-04-03,130.097,130.955002,130.016006,130.110001,JPY,134.01330103,134272.21993199,3.903300029999997,130.110001,130760.55100500002,0.0,0.0,130.110001,130110.00100000002,0.0,2015,4,4,Friday,2,Spring
EUR/JPY,2015-04-06,130.701004,131.276993,130.498993,130.701004,JPY,134.62203412000002,134882.12911796002,3.9210301200000117,130.701004,131354.50902000003,0.0,0.0,130.701004,130701.00400000002,0.0,2015,4,0,Monday,2,Spring
EUR/USD,2015-04-06,1.100146,1.103594,1.096852,1.100134,USD,1.13313802,1135.32728666,0.033004020000000134,1.100134,1105.63467,0.0,0.0,1.100134,1100.134,0.0,2015,4,0,Monday,2,Spring
EUR/GBP,2015-04-06,0.7368,0.73716,0.7347,0.7367,GBP,0.7588010000000001,760.2670330000001,0.022101000000000037,0.7367,740.3835,0.0,0.0,0.7367,736.7,0.0,2015,4,0,Monday,2,Spring
EUR/USD,2015-04-07,1.093482,1.095554,1.08377,1.093482,USD,1.12628646,1128.46248918,0.032804459999999924,1.093482,1098.94941,0.0,0.0,1.093482,1093.482,0.0,2015,4,1,Tuesday,2,Spring
EUR/GBP,2015-04-07,0.7343,0.73498,0.72834,0.7342,GBP,0.756226,757.687058,0.02202599999999999,0.7342,737.871,0.0,0.0,0.7342,734.1999999999999,0.0,2015,4,1,Tuesday,2,Spring
EUR/JPY,2015-04-07,130.641006,131.009995,130.089996,130.626007,JPY,134.54478720999998,134804.73296392997,3.918780209999994,130.626007,131279.137035,0.0,0.0,130.626007,130626.00699999998,0.0,2015,4,1,Tuesday,2,Spring
EUR/GBP,2015-04-08,0.73,0.7314,0.72286,0.73009,GBP,0.7519927000000001,753.4455791,0.021902700000000053,0.73009,733.74045,0.0,0.0,0.73009,730.09,0.0,2015,4,2,Wednesday,2,Spring
EUR/USD,2015-04-08,1.082497,1.089,1.07895,1.082415,USD,1.11488745,1117.04145585,0.032472449999999986,1.082415,1087.827075,0.0,0.0,1.082415,1082.415,0.0,2015,4,2,Wednesday,2,Spring
EUR/JPY,2015-04-08,130.156006,130.320007,129.442993,130.171005,JPY,134.07613515,134335.17544994998,3.905130149999991,130.171005,130821.860025,0.0,0.0,130.171005,130171.005,0.0,2015,4,2,Wednesday,2,Spring
EUR/USD,2015-04-09,1.078435,1.079005,1.067,1.078528,USD,1.11088384,1113.03011072,0.032355840000000136,1.078528,1083.92064,0.0,0.0,1.078528,1078.528,0.0,2015,4,3,Thursday,2,Spring
EUR/GBP,2015-04-09,0.7249,0.7275,0.7234,0.7249,GBP,0.7466470000000001,748.089551,0.021747000000000072,0.7249,728.5245,0.0,0.0,0.7249,724.9,0.0,2015,4,3,Thursday,2,Spring
EUR/JPY,2015-04-09,129.509003,129.755997,128.389008,129.511002,JPY,133.39633206,133654.05895397998,3.885330060000001,129.511002,130158.55700999999,0.0,0.0,129.511002,129511.002,0.0,2015,4,3,Thursday,2,Spring
EUR/GBP,2015-04-10,0.72483,0.72587,0.72245,0.7248,GBP,0.746544,747.986352,0.021743999999999986,0.7248,728.424,0.0,0.0,0.7248,724.8,0.0,2015,4,4,Friday,2,Spring
EUR/USD,2015-04-10,1.066724,1.06835,1.05715,1.066906,USD,1.09891318,1101.03632294,0.032007180000000135,1.066906,1072.24053,0.0,0.0,1.066906,1066.906,0.0,2015,4,4,Friday,2,Spring
EUR/JPY,2015-04-10,128.593994,128.759995,127.278,128.576996,JPY,132.43430588,132690.17410204,3.8573098800000025,128.576996,129219.88098000002,0.0,0.0,128.576996,128576.99600000001,0.0,2015,4,4,Friday,2,Spring
EUR/USD,2015-04-13,1.060828,1.062,1.05216,1.060985,USD,1.0928145500000002,1094.9259101500002,0.031829550000000095,1.060985,1066.289925,0.0,0.0,1.060985,1060.9850000000001,0.0,2015,4,0,Monday,2,Spring
EUR/GBP,2015-04-13,0.72459,0.72686,0.72038,0.7244,GBP,0.746132,747.573556,0.021731999999999974,0.7244,728.022,0.0,0.0,0.7244,724.4000000000001,0.0,2015,4,0,Monday,2,Spring
EUR/JPY,2015-04-13,127.490997,127.802002,126.598,127.517998,JPY,131.34353794,131597.29875602,3.8255399399999988,127.517998,128155.58799,0.0,0.0,127.517998,127517.998,0.0,2015,4,0,Monday,2,Spring
EUR/USD,2015-04-14,1.057496,1.07069,1.05325,1.057295,USD,1.0890138500000002,1091.1178670500003,0.031718850000000076,1.057295,1062.5814750000002,0.0,0.0,1.057295,1057.295,0.0,2015,4,1,Tuesday,2,Spring
EUR/JPY,2015-04-14,126.919998,127.581001,126.086998,126.919998,JPY,130.72759794,130980.16873602,3.807599940000003,126.919998,127554.59799000001,0.0,0.0,126.919998,126919.998,0.0,2015,4,1,Tuesday,2,Spring
EUR/GBP,2015-04-14,0.7206,0.72342,0.71819,0.7207,GBP,0.742321,743.7551930000001,0.021621,0.7207,724.3035000000001,0.0,0.0,0.7207,720.7,0.0,2015,4,1,Tuesday,2,Spring
EUR/JPY,2015-04-15,127.170998,127.440002,126.301003,127.170998,JPY,130.98612794,131239.19822602,3.8151299399999914,127.170998,127806.85299,0.0,0.0,127.170998,127170.99799999999,0.0,2015,4,2,Wednesday,2,Spring
EUR/USD,2015-04-15,1.064793,1.06687,1.05746,1.064713,USD,1.09665439,1098.77316887,0.03194139000000007,1.064713,1070.0365649999999,0.0,0.0,1.064713,1064.713,0.0,2015,4,2,Wednesday,2,Spring
EUR/GBP,2015-04-15,0.72058,0.72156,0.71662,0.7207,GBP,0.742321,743.7551930000001,0.021621,0.7207,724.3035000000001,0.0,0.0,0.7207,720.7,0.0,2015,4,2,Wednesday,2,Spring
EUR/GBP,2015-04-16,0.7198,0.7229,0.7164,0.71995,GBP,0.7415484999999999,742.9812005,0.021598499999999965,0.71995,723.5497499999999,0.0,0.0,0.71995,719.9499999999999,0.0,2015,4,3,Thursday,2,Spring
EUR/USD,2015-04-16,1.067714,1.07624,1.0628,1.06768,USD,1.0997104,1101.8350831999999,0.032030400000000014,1.06768,1073.0184000000002,0.0,0.0,1.06768,1067.68,0.0,2015,4,3,Thursday,2,Spring
EUR/JPY,2015-04-16,127.182999,128.078003,126.793999,127.202003,JPY,131.01806309,131271.19507597,3.8160600899999935,127.202003,127838.01301500002,0.0,0.0,127.202003,127202.00300000001,0.0,2015,4,3,Thursday,2,Spring
EUR/USD,2015-04-17,1.075998,1.08469,1.07351,1.075558,USD,1.10782474,1109.96510042,0.03226674000000007,1.075558,1080.93579,0.0,0.0,1.075558,1075.558,0.0,2015,4,4,Friday,2,Spring
EUR/JPY,2015-04-17,128.070999,128.690002,127.792999,128.074005,JPY,131.91622515,132171.09241995,3.842220150000003,128.074005,128714.375025,0.0,0.0,128.074005,128074.005,0.0,2015,4,4,Friday,2,Spring
EUR/GBP,2015-04-17,0.7206,0.72183,0.717,0.72094,GBP,0.7425682,744.0028706,0.021628199999999986,0.72094,724.5447,0.0,0.0,0.72094,720.94,0.0,2015,4,4,Friday,2,Spring
EUR/JPY,2015-04-20,128.408005,128.654999,127.606003,128.419998,JPY,132.27259794,132528.15373602,3.8525999400000046,128.419998,129062.09799,0.0,0.0,128.419998,128419.99799999999,0.0,2015,4,0,Monday,2,Spring
EUR/GBP,2015-04-20,0.72211,0.7224,0.7185,0.72212,GBP,0.7437836,745.2206188,0.021663600000000005,0.72212,725.7306,0.0,0.0,0.72212,722.12,0.0,2015,4,0,Monday,2,Spring
EUR/USD,2015-04-20,1.081023,1.081865,1.07162,1.081023,USD,1.11345369,1115.6049257700001,0.032430689999999984,1.081023,1086.4281150000002,0.0,0.0,1.081023,1081.0230000000001,0.0,2015,4,0,Monday,2,Spring
EUR/GBP,2015-04-21,0.72083,0.72101,0.71699,0.72078,GBP,0.7424034,743.8377522000001,0.02162340000000007,0.72078,724.3838999999999,0.0,0.0,0.72078,720.78,0.0,2015,4,1,Tuesday,2,Spring
EUR/JPY,2015-04-21,128.138,128.666,127.470001,128.115005,JPY,131.95845515,132213.40400995,3.8434501499999953,128.115005,128755.58002499999,0.0,0.0,128.115005,128115.00499999999,0.0,2015,4,1,Tuesday,2,Spring
EUR/USD,2015-04-21,1.074818,1.0765,1.066159,1.074749,USD,1.10699147,1109.13022051,0.032242470000000134,1.074749,1080.1227450000001,0.0,0.0,1.074749,1074.749,0.0,2015,4,1,Tuesday,2,Spring
EUR/GBP,2015-04-22,0.719,0.72057,0.71228,0.7192,GBP,0.740776,742.2072079999999,0.02157600000000004,0.7192,722.7959999999999,0.0,0.0,0.7192,719.1999999999999,0.0,2015,4,2,Wednesday,2,Spring
EUR/USD,2015-04-22,1.073825,1.08,1.07101,1.074172,USD,1.10639716,1108.53476228,0.032225160000000086,1.074172,1079.5428599999998,0.0,0.0,1.074172,1074.1719999999998,0.0,2015,4,2,Wednesday,2,Spring
EUR/JPY,2015-04-22,128.457993,128.932999,128.201004,128.498993,JPY,132.35396279000003,132609.67578607003,3.8549697900000126,128.498993,129141.48796500002,0.0,0.0,128.498993,128498.99300000002,0.0,2015,4,2,Wednesday,2,Spring
EUR/GBP,2015-04-23,0.7131,0.7185,0.7117,0.7131,GBP,0.734493,735.912069,0.021392999999999995,0.7131,716.6655,0.0,0.0,0.7131,713.0999999999999,0.0,2015,4,3,Thursday,2,Spring
EUR/JPY,2015-04-23,128.625,129.475998,127.887001,128.632996,JPY,132.49198588,132747.96554203998,3.8589898799999958,128.632996,129276.16097999999,0.0,0.0,128.632996,128632.99599999998,0.0,2015,4,3,Thursday,2,Spring
EUR/USD,2015-04-23,1.072501,1.08182,1.06713,1.072582,USD,1.10475946,1106.89389818,0.03217745999999999,1.072582,1077.94491,0.0,0.0,1.072582,1072.5819999999999,0.0,2015,4,3,Thursday,2,Spring
EUR/JPY,2015-04-24,129.307007,130.104004,128.839005,129.309998,JPY,133.18929794000002,133446.62483602003,3.87929994000001,129.309998,129956.54799,0.0,0.0,129.309998,129309.998,0.0,2015,4,4,Friday,2,Spring
EUR/USD,2015-04-24,1.081514,1.0898,1.078772,1.081502,USD,1.11394706,1116.09924898,0.03244506000000014,1.081502,1086.90951,0.0,0.0,1.081502,1081.502,0.0,2015,4,4,Friday,2,Spring
EUR/GBP,2015-04-24,0.71844,0.7211,0.7147,0.71853,GBP,0.7400859000000001,741.5157747000001,0.021555900000000072,0.71853,722.12265,0.0,0.0,0.71853,718.53,0.0,2015,4,4,Friday,2,Spring
EUR/GBP,2015-04-27,0.716,0.71704,0.71468,0.71608,GBP,0.7375624000000001,738.9873992,0.021482400000000013,0.71608,719.6604000000001,0.0,0.0,0.71608,716.08,0.0,2015,4,0,Monday,2,Spring
EUR/JPY,2015-04-27,129.229996,129.860992,129.005005,129.223999,JPY,133.10071897,133357.87472801,3.8767199700000106,129.223999,129870.118995,0.0,0.0,129.223999,129223.999,0.0,2015,4,0,Monday,2,Spring
EUR/USD,2015-04-27,1.086744,1.09049,1.082391,1.086897,USD,1.11950391,1121.66683503,0.03260690999999993,1.086897,1092.331485,0.0,0.0,1.086897,1086.897,0.0,2015,4,0,Monday,2,Spring
EUR/GBP,2015-04-28,0.7144,0.71716,0.7133,0.71437,GBP,0.7358011,737.2226963,0.021431100000000036,0.71437,717.94185,0.0,0.0,0.71437,714.37,0.0,2015,4,1,Tuesday,2,Spring
EUR/JPY,2015-04-28,129.578003,130.604996,129.356003,129.559998,JPY,133.44679794,133704.62233602002,3.886799940000003,129.559998,130207.79799,0.0,0.0,129.559998,129559.998,0.0,2015,4,1,Tuesday,2,Spring
EUR/USD,2015-04-28,1.087701,1.0989,1.08618,1.087796,USD,1.12042988,1122.5945940400002,0.032633880000000115,1.087796,1093.23498,0.0,0.0,1.087796,1087.796,0.0,2015,4,1,Tuesday,2,Spring
EUR/GBP,2015-04-29,0.71555,0.72211,0.7137,0.7152,GBP,0.736656,738.0792479999999,0.02145600000000003,0.7152,718.776,0.0,0.0,0.7152,715.1999999999999,0.0,2015,4,2,Wednesday,2,Spring
EUR/USD,2015-04-29,1.097213,1.117599,1.09606,1.096912,USD,1.1298193600000002,1132.00221488,0.03290736000000005,1.096912,1102.3965600000001,0.0,0.0,1.096912,1096.912,0.0,2015,4,2,Wednesday,2,Spring
EUR/JPY,2015-04-29,130.369995,132.834,130.259003,130.309006,JPY,134.21827618,134477.59110194002,3.909270179999993,130.309006,130960.55103,0.0,0.0,130.309006,130309.00600000001,0.0,2015,4,2,Wednesday,2,Spring
EUR/JPY,2015-04-30,132.210999,134.220993,131.313995,132.199997,JPY,136.16599691,136429.07490402999,3.9659999099999936,132.199997,132860.996985,0.0,0.0,132.199997,132199.997,0.0,2015,4,3,Thursday,2,Spring
EUR/USD,2015-04-30,1.111321,1.124759,1.1073,1.111432,USD,1.14477496,1146.9867096799999,0.03334295999999992,1.111432,1116.98916,0.0,0.0,1.111432,1111.432,0.0,2015,4,3,Thursday,2,Spring
EUR/GBP,2015-04-30,0.7203,0.72943,0.7188,0.7204,GBP,0.7420120000000001,743.4455960000001,0.021612000000000076,0.7204,724.0020000000001,0.0,0.0,0.7204,720.4000000000001,0.0,2015,4,3,Thursday,2,Spring
EUR/USD,2015-05-01,1.121504,1.12897,1.1186,1.121466,USD,1.1551099800000002,1157.34169734,0.03364398000000013,1.121466,1127.0733300000002,0.0,0.0,1.121466,1121.4660000000001,0.0,2015,5,4,Friday,2,Spring
EUR/JPY,2015-05-01,133.957001,135.220001,133.957001,133.957993,JPY,137.97673279,138243.30919607,4.018739790000012,133.957993,134627.782965,0.0,0.0,133.957993,133957.993,0.0,2015,5,4,Friday,2,Spring
EUR/GBP,2015-05-01,0.73024,0.74168,0.73,0.7302,GBP,0.7521059999999999,753.559098,0.02190599999999998,0.7302,733.8509999999999,0.0,0.0,0.7302,730.1999999999999,0.0,2015,5,4,Friday,2,Spring
EUR/USD,2015-05-04,1.119094,1.122311,1.1124,1.118593,USD,1.1521507899999999,1154.37679007,0.03355778999999992,1.118593,1124.185965,0.0,0.0,1.118593,1118.5929999999998,0.0,2015,5,0,Monday,2,Spring
EUR/JPY,2015-05-04,134.403,134.667999,133.710007,134.376999,JPY,138.40830897,138675.71919801002,4.031309969999995,134.376999,135048.883995,0.0,0.0,134.376999,134376.999,0.0,2015,5,0,Monday,2,Spring
EUR/GBP,2015-05-04,0.7383,0.7396,0.7351,0.7384,GBP,0.760552,762.021416,0.02215200000000006,0.7384,742.092,0.0,0.0,0.7384,738.4,0.0,2015,5,0,Monday,2,Spring
EUR/JPY,2015-05-05,133.901001,134.460007,133.126007,133.889999,JPY,137.90669896999998,138173.14006800996,4.016699969999991,133.889999,134559.44899499998,0.0,0.0,133.889999,133889.99899999998,0.0,2015,5,1,Tuesday,2,Spring
EUR/GBP,2015-05-05,0.7372,0.73725,0.7314,0.7372,GBP,0.759316,760.7830280000001,0.022116000000000025,0.7372,740.886,0.0,0.0,0.7372,737.1999999999999,0.0,2015,5,1,Tuesday,2,Spring
EUR/USD,2015-05-05,1.115001,1.121,1.1069,1.114914,USD,1.14836142,1150.5800988600001,0.033447420000000117,1.114914,1120.48857,0.0,0.0,1.114914,1114.914,0.0,2015,5,1,Tuesday,2,Spring
EUR/USD,2015-05-06,1.118443,1.13653,1.117805,1.118631,USD,1.15218993,1154.41600569,0.0335589300000001,1.118631,1124.2241549999999,0.0,0.0,1.118631,1118.6309999999999,0.0,2015,5,2,Wednesday,2,Spring
EUR/JPY,2015-05-06,134.112,135.647003,134.072998,134.130005,JPY,138.15390515,138420.82385995,4.023900150000003,134.130005,134800.65502500001,0.0,0.0,134.130005,134130.005,0.0,2015,5,2,Wednesday,2,Spring
EUR/GBP,2015-05-06,0.73711,0.74458,0.7366,0.73705,GBP,0.7591615,760.6282295000001,0.02211150000000006,0.73705,740.73525,0.0,0.0,0.73705,737.05,0.0,2015,5,2,Wednesday,2,Spring
EUR/GBP,2015-05-07,0.74397,0.74811,0.74028,0.744,GBP,0.76632,767.80056,0.022320000000000007,0.744,747.72,0.0,0.0,0.744,744.0,0.0,2015,5,3,Thursday,2,Spring
EUR/USD,2015-05-07,1.133928,1.13906,1.12382,1.134147,USD,1.16817141,1170.42836253,0.034024410000000005,1.134147,1139.8177349999999,0.0,0.0,1.134147,1134.147,0.0,2015,5,3,Thursday,2,Spring
EUR/JPY,2015-05-07,135.375,135.949997,134.222,135.410004,JPY,139.47230412,139741.77002795998,4.062300120000003,135.410004,136087.05401999998,0.0,0.0,135.410004,135410.004,0.0,2015,5,3,Thursday,2,Spring
EUR/GBP,2015-05-08,0.7302,0.7312,0.72268,0.73,GBP,0.7519,753.3527,0.02190000000000003,0.73,733.65,0.0,0.0,0.73,730.0,0.0,2015,5,4,Friday,2,Spring
EUR/USD,2015-05-08,1.124505,1.1289,1.118519,1.124695,USD,1.15843585,1160.67399305,0.033740850000000044,1.124695,1130.318475,0.0,0.0,1.124695,1124.695,0.0,2015,5,4,Friday,2,Spring
EUR/JPY,2015-05-08,134.608002,135.199997,134.121002,134.610001,JPY,138.64830103000003,138916.17493199004,4.038300030000016,134.610001,135283.05100500002,0.0,0.0,134.610001,134610.00100000002,0.0,2015,5,4,Friday,2,Spring
EUR/USD,2015-05-11,1.119695,1.120298,1.113461,1.119407,USD,1.15298921,1155.2168299300001,0.03358221000000006,1.119407,1125.0040350000002,0.0,0.0,1.119407,1119.4070000000002,0.0,2015,5,0,Monday,2,Spring
EUR/JPY,2015-05-11,134.117996,134.190002,133.490997,134.089996,JPY,138.11269588000002,138379.53497204,4.022699880000005,134.089996,134760.44598000002,0.0,0.0,134.089996,134089.996,0.0,2015,5,0,Monday,2,Spring
EUR/GBP,2015-05-11,0.72505,0.7255,0.7143,0.7252,GBP,0.746956,748.3991479999999,0.021755999999999998,0.7252,728.8259999999999,0.0,0.0,0.7252,725.1999999999999,0.0,2015,5,0,Monday,2,Spring
EUR/USD,2015-05-12,1.114604,1.12779,1.113598,1.114442,USD,1.14787526,1150.09299958,0.03343326000000002,1.114442,1120.01421,0.0,0.0,1.114442,1114.442,0.0,2015,5,1,Tuesday,2,Spring
EUR/GBP,2015-05-12,0.7154,0.72242,0.7151,0.7152,GBP,0.736656,738.0792479999999,0.02145600000000003,0.7152,718.776,0.0,0.0,0.7152,715.1999999999999,0.0,2015,5,1,Tuesday,2,Spring
EUR/JPY,2015-05-12,133.858994,135.268997,133.766006,133.876999,JPY,137.89330897000002,138159.72419801002,4.016309970000009,133.876999,134546.383995,0.0,0.0,133.876999,133876.999,0.0,2015,5,1,Tuesday,2,Spring
EUR/USD,2015-05-13,1.121894,1.138281,1.12055,1.122146,USD,1.1558103800000001,1158.04345054,0.03366438000000005,1.122146,1127.7567300000003,0.0,0.0,1.122146,1122.1460000000002,0.0,2015,5,2,Wednesday,2,Spring
EUR/JPY,2015-05-13,134.425995,135.479996,134.235001,134.460007,JPY,138.49380721,138761.38262393,4.03380021000001,134.460007,135132.30703499998,0.0,0.0,134.460007,134460.00699999998,0.0,2015,5,2,Wednesday,2,Spring
EUR/GBP,2015-05-13,0.7157,0.7227,0.71251,0.71608,GBP,0.7375624000000001,738.9873992,0.021482400000000013,0.71608,719.6604000000001,0.0,0.0,0.71608,716.08,0.0,2015,5,2,Wednesday,2,Spring
EUR/GBP,2015-05-14,0.721,0.7243,0.72048,0.7211,GBP,0.742733,744.1679889999999,0.021633000000000013,0.7211,724.7054999999999,0.0,0.0,0.7211,721.0999999999999,0.0,2015,5,3,Thursday,2,Spring
EUR/USD,2015-05-14,1.134803,1.144379,1.134224,1.135048,USD,1.16909944,1171.3581855200002,0.034051440000000044,1.135048,1140.72324,0.0,0.0,1.135048,1135.048,0.0,2015,5,3,Thursday,2,Spring
EUR/JPY,2015-05-14,135.259003,136.404007,135.218002,135.240005,JPY,139.29720515,139566.33275995,4.05720015,135.240005,135916.205025,0.0,0.0,135.240005,135240.005,0.0,2015,5,3,Thursday,2,Spring
EUR/USD,2015-05-15,1.140394,1.1451,1.13247,1.140498,USD,1.17471294,1176.9825310200001,0.03421494000000003,1.140498,1146.20049,0.0,0.0,1.140498,1140.498,0.0,2015,5,4,Friday,2,Spring
EUR/GBP,2015-05-15,0.72287,0.72479,0.7206,0.7229,GBP,0.744587,746.025571,0.021687000000000012,0.7229,726.5145,0.0,0.0,0.7229,722.9,0.0,2015,5,4,Friday,2,Spring
EUR/JPY,2015-05-15,135.899994,136.557007,135.722,135.901001,JPY,139.97803103,140248.47402199003,4.077030030000003,135.901001,136580.50600500003,0.0,0.0,135.901001,135901.00100000002,0.0,2015,5,4,Friday,2,Spring
EUR/USD,2015-05-18,1.1444,1.1447,1.133879,1.144505,USD,1.17884015,1181.11771495,0.03433514999999998,1.144505,1150.227525,0.0,0.0,1.144505,1144.505,0.0,2015,5,0,Monday,2,Spring
EUR/GBP,2015-05-18,0.727,0.7283,0.7235,0.72689,GBP,0.7486967000000001,750.1432111,0.021806700000000068,0.72689,730.52445,0.0,0.0,0.72689,726.89,0.0,2015,5,0,Monday,2,Spring
EUR/JPY,2015-05-18,136.574005,136.927994,135.809998,136.563004,JPY,140.65989412000002,140931.65449796,4.096890120000012,136.563004,137245.81902000002,0.0,0.0,136.563004,136563.00400000002,0.0,2015,5,0,Monday,2,Spring
EUR/JPY,2015-05-19,135.787003,135.819,133.940002,135.787994,JPY,139.86163382,140131.85192806003,4.073639820000011,135.787994,136466.93397,0.0,0.0,135.787994,135787.994,0.0,2015,5,1,Tuesday,2,Spring
EUR/USD,2015-05-19,1.132541,1.132618,1.1121,1.132618,USD,1.16659654,1168.85044982,0.03397854000000011,1.132618,1138.28109,0.0,0.0,1.132618,1132.618,0.0,2015,5,1,Tuesday,2,Spring
EUR/GBP,2015-05-19,0.7229,0.72317,0.71522,0.7229,GBP,0.744587,746.025571,0.021687000000000012,0.7229,726.5145,0.0,0.0,0.7229,722.9,0.0,2015,5,1,Tuesday,2,Spring
EUR/JPY,2015-05-20,134.455994,134.75,133.938995,134.468002,JPY,138.50204206,138769.63338398002,4.034040059999995,134.468002,135140.34201000002,0.0,0.0,134.468002,134468.002,0.0,2015,5,2,Wednesday,2,Spring
EUR/USD,2015-05-20,1.114678,1.115076,1.106574,1.114666,USD,1.14810598,1150.32416534,0.033439980000000036,1.114666,1120.2393299999999,0.0,0.0,1.114666,1114.666,0.0,2015,5,2,Wednesday,2,Spring
EUR/GBP,2015-05-20,0.7183,0.71853,0.7127,0.71831,GBP,0.7398593,741.2887369,0.021549299999999993,0.71831,721.90155,0.0,0.0,0.71831,718.3100000000001,0.0,2015,5,2,Wednesday,2,Spring
EUR/JPY,2015-05-21,134.557999,135.315994,134.259995,134.544998,JPY,138.58134794,138849.09248602,4.036349940000008,134.544998,135217.72298999998,0.0,0.0,134.544998,134544.998,0.0,2015,5,3,Thursday,2,Spring
EUR/GBP,2015-05-21,0.7143,0.71653,0.709,0.71416,GBP,0.7355848,737.0059784000001,0.02142480000000002,0.71416,717.7307999999999,0.0,0.0,0.71416,714.16,0.0,2015,5,3,Thursday,2,Spring
EUR/USD,2015-05-21,1.110309,1.118001,1.108586,1.110075,USD,1.14337725,1145.58629925,0.03330224999999998,1.110075,1115.6253749999998,0.0,0.0,1.110075,1110.0749999999998,0.0,2015,5,3,Thursday,2,Spring
EUR/JPY,2015-05-22,134.459,135.307007,133.720993,134.479996,JPY,138.51439588,138782.01107203998,4.034399879999995,134.479996,135152.39598,0.0,0.0,134.479996,134479.996,0.0,2015,5,4,Friday,2,Spring
EUR/USD,2015-05-22,1.111099,1.121,1.1007,1.111185,USD,1.1445205500000002,1146.7318081500002,0.0333355500000001,1.111185,1116.740925,0.0,0.0,1.111185,1111.1850000000002,0.0,2015,5,4,Friday,2,Spring
EUR/GBP,2015-05-22,0.70941,0.71622,0.7093,0.7093,GBP,0.7305790000000001,731.9905070000001,0.021279000000000048,0.7093,712.8465000000001,0.0,0.0,0.7093,709.3000000000001,0.0,2015,5,4,Friday,2,Spring
EUR/GBP,2015-05-25,0.71023,0.7104,0.70735,0.71029,GBP,0.7315987,733.0121771,0.02130870000000007,0.71029,713.84145,0.0,0.0,0.71029,710.29,0.0,2015,5,0,Monday,2,Spring
EUR/USD,2015-05-25,1.099215,1.101,1.096071,1.0993,USD,1.132279,1134.466607,0.03297900000000009,1.0993,1104.7965,0.0,0.0,1.0993,1099.3,0.0,2015,5,0,Monday,2,Spring
EUR/JPY,2015-05-25,133.600006,133.802994,133.229996,133.610992,JPY,137.61932176000002,137885.20763408003,4.008329760000009,133.610992,134279.04696,0.0,0.0,133.610992,133610.992,0.0,2015,5,0,Monday,2,Spring
EUR/JPY,2015-05-26,133.419998,134.453995,133.098999,133.389999,JPY,137.39169897,137657.14506801,4.001699970000004,133.389999,134056.94899499998,0.0,0.0,133.389999,133389.99899999998,0.0,2015,5,1,Tuesday,2,Spring
EUR/GBP,2015-05-26,0.70908,0.70977,0.70651,0.709,GBP,0.73027,731.6809099999999,0.02127000000000001,0.709,712.545,0.0,0.0,0.709,709.0,0.0,2015,5,1,Tuesday,2,Spring
EUR/USD,2015-05-26,1.097129,1.097129,1.08752,1.097117,USD,1.1300305099999999,1132.21377283,0.03291350999999998,1.097117,1102.6025849999999,0.0,0.0,1.097117,1097.117,0.0,2015,5,1,Tuesday,2,Spring
EUR/GBP,2015-05-27,0.707,0.71118,0.70559,0.70699,GBP,0.7281997,729.6066101,0.021209699999999998,0.70699,710.52495,0.0,0.0,0.70699,706.99,0.0,2015,5,2,Wednesday,2,Spring
EUR/USD,2015-05-27,1.088755,1.093,1.0822,1.088886,USD,1.1215525800000001,1123.71946314,0.03266658000000011,1.088886,1094.33043,0.0,0.0,1.088886,1088.886,0.0,2015,5,2,Wednesday,2,Spring
EUR/JPY,2015-05-27,133.906998,134.888,133.796997,133.869003,JPY,137.88507309,138151.47240596998,4.0160700899999995,133.869003,134538.348015,0.0,0.0,133.869003,133869.003,0.0,2015,5,2,Wednesday,2,Spring
EUR/USD,2015-05-28,1.0898,1.095,1.08688,1.090001,USD,1.12270103,1124.87013199,0.03270002999999999,1.090001,1095.451005,0.0,0.0,1.090001,1090.001,0.0,2015,5,3,Thursday,2,Spring
EUR/GBP,2015-05-28,0.7099,0.715,0.7097,0.7099,GBP,0.731197,732.609701,0.02129700000000001,0.7099,713.4495,0.0,0.0,0.7099,709.9,0.0,2015,5,3,Thursday,2,Spring
EUR/JPY,2015-05-28,134.809998,135.837006,134.738998,134.848007,JPY,138.89344721,139161.79474393002,4.0454402100000095,134.848007,135522.24703499998,0.0,0.0,134.848007,134848.00699999998,0.0,2015,5,3,Thursday,2,Spring
EUR/USD,2015-05-29,1.095794,1.10035,1.092911,1.096035,USD,1.1289160500000002,1131.0971596500003,0.03288105000000008,1.096035,1101.515175,0.0,0.0,1.096035,1096.035,0.0,2015,5,4,Friday,2,Spring
EUR/GBP,2015-05-29,0.71549,0.72,0.71396,0.7154,GBP,0.736862,738.2856459999999,0.02146199999999998,0.7154,718.9770000000001,0.0,0.0,0.7154,715.4000000000001,0.0,2015,5,4,Friday,2,Spring
EUR/JPY,2015-05-29,135.690002,136.320999,135.417999,135.709,JPY,139.78027,140050.33091,4.071269999999998,135.709,136387.545,0.0,0.0,135.709,135709.0,0.0,2015,5,4,Friday,2,Spring
EUR/USD,2015-06-01,1.095902,1.098,1.08889,1.095794,USD,1.12866782,1130.84845006,0.032873820000000054,1.095794,1101.2729699999998,0.0,0.0,1.095794,1095.7939999999999,0.0,2015,6,0,Monday,2,Summer
EUR/GBP,2015-06-01,0.7167,0.7193,0.7144,0.71671,GBP,0.7382113,739.6375529000001,0.021501300000000056,0.71671,720.2935499999999,0.0,0.0,0.71671,716.7099999999999,0.0,2015,6,0,Monday,2,Summer
EUR/JPY,2015-06-01,136.121002,136.136993,135.158005,136.072006,JPY,140.15416618,140424.94947194,4.082160180000017,136.072006,136752.36603,0.0,0.0,136.072006,136072.006,0.0,2015,6,0,Monday,2,Summer
EUR/JPY,2015-06-02,136.391006,138.613007,136.100006,136.330002,JPY,140.41990206,140691.19876398,4.089900059999991,136.330002,137011.65201000002,0.0,0.0,136.330002,136330.002,0.0,2015,6,1,Tuesday,2,Summer
EUR/USD,2015-06-02,1.092275,1.11663,1.091941,1.092299,USD,1.12506797,1127.2416450099997,0.03276897000000001,1.092299,1097.760495,0.0,0.0,1.092299,1092.299,0.0,2015,6,1,Tuesday,2,Summer
EUR/GBP,2015-06-02,0.7187,0.72957,0.71793,0.71856,GBP,0.7401168,741.5467344,0.021556800000000043,0.71856,722.1528,0.0,0.0,0.71856,718.56,0.0,2015,6,1,Tuesday,2,Summer
EUR/GBP,2015-06-03,0.7269,0.7356,0.72499,0.7267,GBP,0.7485010000000001,749.9471330000001,0.02180100000000007,0.7267,730.3335000000001,0.0,0.0,0.7267,726.7,0.0,2015,6,2,Wednesday,2,Summer
EUR/JPY,2015-06-03,138.304001,140.039993,138.080002,138.278,JPY,142.42633999999998,142701.51321999996,4.14833999999999,138.278,138969.39,0.0,0.0,138.278,138278.0,0.0,2015,6,2,Wednesday,2,Summer
EUR/USD,2015-06-03,1.114827,1.128329,1.108679,1.115001,USD,1.14845103,1150.66988199,0.03345003000000002,1.115001,1120.576005,0.0,0.0,1.115001,1115.001,0.0,2015,6,2,Wednesday,2,Summer
EUR/JPY,2015-06-04,139.962997,141.029999,139.565994,139.923996,JPY,144.12171587999998,144400.16463204,4.197719879999994,139.923996,140623.61597999997,0.0,0.0,139.923996,139923.99599999998,0.0,2015,6,3,Thursday,2,Summer
EUR/USD,2015-06-04,1.126228,1.137605,1.12326,1.125784,USD,1.15955752,1161.7978301599999,0.03377352,1.125784,1131.41292,0.0,0.0,1.125784,1125.7839999999999,0.0,2015,6,3,Thursday,2,Summer
EUR/GBP,2015-06-04,0.73462,0.73824,0.732,0.73437,GBP,0.7564010999999999,757.8624963,0.02203109999999997,0.73437,738.04185,0.0,0.0,0.73437,734.37,0.0,2015,6,3,Thursday,2,Summer
EUR/USD,2015-06-05,1.121604,1.12802,1.10518,1.120787,USD,1.15441061,1156.64097613,0.033623610000000026,1.120787,1126.3909350000001,0.0,0.0,1.120787,1120.787,0.0,2015,6,4,Friday,2,Summer
EUR/JPY,2015-06-05,139.395004,140.673996,139.042999,139.401993,JPY,143.58405279000002,143861.46275607002,4.182059790000011,139.401993,140099.00296500002,0.0,0.0,139.401993,139401.99300000002,0.0,2015,6,4,Friday,2,Summer
EUR/GBP,2015-06-05,0.72959,0.7359,0.72699,0.7295,GBP,0.7513850000000001,752.836705,0.021885000000000043,0.7295,733.1475,0.0,0.0,0.7295,729.5,0.0,2015,6,4,Friday,2,Summer
EUR/USD,2015-06-08,1.110543,1.12428,1.108807,1.110815,USD,1.1441394500000002,1146.3499718500002,0.03332445000000006,1.110815,1116.369075,0.0,0.0,1.110815,1110.815,0.0,2015,6,0,Monday,2,Summer
EUR/GBP,2015-06-08,0.7275,0.7356,0.7265,0.7275,GBP,0.749325,750.772725,0.021824999999999983,0.7275,731.1375,0.0,0.0,0.7275,727.5,0.0,2015,6,0,Monday,2,Summer
EUR/JPY,2015-06-08,139.472,140.528,139.046005,139.518997,JPY,143.70456691,143982.20971403003,4.185569909999998,139.518997,140216.591985,0.0,0.0,139.518997,139518.997,0.0,2015,6,0,Monday,2,Summer
EUR/GBP,2015-06-09,0.73518,0.73876,0.7332,0.7352,GBP,0.7572559999999999,758.7190479999999,0.022055999999999965,0.7352,738.876,0.0,0.0,0.7352,735.1999999999999,0.0,2015,6,1,Tuesday,2,Summer
EUR/JPY,2015-06-09,140.524994,140.977997,139.391006,140.509003,JPY,144.72427309,145003.88600597,4.21527008999999,140.509003,141211.548015,0.0,0.0,140.509003,140509.003,0.0,2015,6,1,Tuesday,2,Summer
EUR/USD,2015-06-09,1.128197,1.133969,1.12167,1.128095,USD,1.1619378500000002,1164.1827590500002,0.03384285000000009,1.128095,1133.735475,0.0,0.0,1.128095,1128.095,0.0,2015,6,1,Tuesday,2,Summer
EUR/JPY,2015-06-10,140.470001,140.651993,138.438995,140.438004,JPY,144.65114412,144930.61574796002,4.213140119999991,140.438004,141140.19402000002,0.0,0.0,140.438004,140438.00400000002,0.0,2015,6,2,Wednesday,2,Summer
EUR/USD,2015-06-10,1.129331,1.1382,1.12666,1.129905,USD,1.16380215,1166.05066095,0.03389715000000004,1.129905,1135.554525,0.0,0.0,1.129905,1129.905,0.0,2015,6,2,Wednesday,2,Summer
EUR/GBP,2015-06-10,0.7338,0.73623,0.72674,0.73385,GBP,0.7558655,757.3258615,0.022015499999999966,0.73385,737.51925,0.0,0.0,0.73385,733.85,0.0,2015,6,2,Wednesday,2,Summer
EUR/GBP,2015-06-11,0.7295,0.7314,0.72399,0.7296,GBP,0.751488,752.9399040000001,0.02188800000000002,0.7296,733.248,0.0,0.0,0.7296,729.6,0.0,2015,6,3,Thursday,2,Summer
EUR/JPY,2015-06-11,139.009995,139.492004,138.559998,138.960007,JPY,143.12880721,143405.33762393,4.168800210000001,138.960007,139654.80703499998,0.0,0.0,138.960007,138960.00699999998,0.0,2015,6,3,Thursday,2,Summer
EUR/USD,2015-06-11,1.131299,1.132054,1.11888,1.131196,USD,1.1651318800000001,1167.3829600400002,0.03393588000000003,1.131196,1136.8519800000001,0.0,0.0,1.131196,1131.1960000000001,0.0,2015,6,3,Thursday,2,Summer
EUR/USD,2015-06-12,1.124505,1.12933,1.11525,1.124063,USD,1.15778489,1160.0217753700001,0.03372189000000003,1.124063,1129.683315,0.0,0.0,1.124063,1124.063,0.0,2015,6,4,Friday,2,Summer
EUR/JPY,2015-06-12,138.983002,139.179001,138.007996,138.934006,JPY,143.10202618000002,143378.50485194003,4.168020180000013,138.934006,139628.67603000003,0.0,0.0,138.934006,138934.00600000002,0.0,2015,6,4,Friday,2,Summer
EUR/GBP,2015-06-12,0.7247,0.72571,0.71974,0.7247,GBP,0.746441,747.883153,0.02174100000000001,0.7247,728.3235000000001,0.0,0.0,0.7247,724.7,0.0,2015,6,4,Friday,2,Summer
EUR/JPY,2015-06-15,138.369995,139.070007,138.179001,138.309006,JPY,142.45827618,142733.51110194,4.149270180000002,138.309006,139000.55103000003,0.0,0.0,138.309006,138309.00600000002,0.0,2015,6,0,Monday,2,Summer
EUR/USD,2015-06-15,1.121793,1.125811,1.11915,1.121994,USD,1.15565382,1157.88658806,0.03365982000000001,1.121994,1127.60397,0.0,0.0,1.121994,1121.994,0.0,2015,6,0,Monday,2,Summer
EUR/GBP,2015-06-15,0.7209,0.7246,0.72049,0.7209,GBP,0.742527,743.961591,0.021627000000000063,0.7209,724.5045,0.0,0.0,0.7209,720.9,0.0,2015,6,0,Monday,2,Summer
EUR/JPY,2015-06-16,139.160004,139.983002,138.309998,139.147995,JPY,143.32243485,143599.33936005,4.174439849999999,139.147995,139843.734975,0.0,0.0,139.147995,139147.995,0.0,2015,6,1,Tuesday,2,Summer
EUR/GBP,2015-06-16,0.7228,0.72496,0.7175,0.7229,GBP,0.744587,746.025571,0.021687000000000012,0.7229,726.5145,0.0,0.0,0.7229,722.9,0.0,2015,6,1,Tuesday,2,Summer
EUR/USD,2015-06-16,1.127701,1.13301,1.12116,1.127701,USD,1.16153203,1163.7761549900001,0.033831029999999984,1.127701,1133.339505,0.0,0.0,1.127701,1127.701,0.0,2015,6,1,Tuesday,2,Summer
EUR/USD,2015-06-17,1.12424,1.12911,1.122949,1.124202,USD,1.15792806,1160.16522198,0.03372606,1.124202,1129.82301,0.0,0.0,1.124202,1124.202,0.0,2015,6,2,Wednesday,2,Summer
EUR/JPY,2015-06-17,138.768005,139.841003,138.723007,138.740005,JPY,142.90220515,143178.29775995,4.16220014999999,138.740005,139433.705025,0.0,0.0,138.740005,138740.005,0.0,2015,6,2,Wednesday,2,Summer
EUR/GBP,2015-06-17,0.71877,0.7211,0.71465,0.7186,GBP,0.740158,741.588014,0.021557999999999966,0.7186,722.193,0.0,0.0,0.7186,718.6,0.0,2015,6,2,Wednesday,2,Summer
EUR/JPY,2015-06-18,140.389999,140.389999,139.470001,140.432999,JPY,144.64598897,144925.45063800996,4.212989969999995,140.432999,141135.16399499998,0.0,0.0,140.432999,140432.99899999998,0.0,2015,6,3,Thursday,2,Summer
EUR/GBP,2015-06-18,0.71698,0.71831,0.71539,0.7173,GBP,0.7388190000000001,740.246427,0.021519000000000066,0.7173,720.8865000000001,0.0,0.0,0.7173,717.3000000000001,0.0,2015,6,3,Thursday,2,Summer
EUR/USD,2015-06-18,1.136415,1.14284,1.134101,1.136997,USD,1.17110691,1173.36953403,0.034109909999999966,1.136997,1142.6819850000002,0.0,0.0,1.136997,1136.997,0.0,2015,6,3,Thursday,2,Summer
EUR/GBP,2015-06-19,0.716,0.7162,0.7124,0.7161,GBP,0.737583,739.0080389999999,0.02148300000000003,0.7161,719.6804999999999,0.0,0.0,0.7161,716.0999999999999,0.0,2015,6,4,Friday,2,Summer
EUR/JPY,2015-06-19,139.889008,139.949005,138.938995,139.856995,JPY,144.05270485000003,144331.02027005004,4.195709850000014,139.856995,140556.279975,0.0,0.0,139.856995,139856.99500000002,0.0,2015,6,4,Friday,2,Summer
EUR/USD,2015-06-19,1.137294,1.138797,1.129599,1.137074,USD,1.17118622,1173.44899726,0.03411222000000014,1.137074,1142.7593699999998,0.0,0.0,1.137074,1137.0739999999998,0.0,2015,6,4,Friday,2,Summer
EUR/JPY,2015-06-22,139.479996,140.578003,139.279999,139.509003,JPY,143.69427309000002,143971.89600597002,4.185270090000017,139.509003,140206.548015,0.0,0.0,139.509003,139509.003,0.0,2015,6,0,Monday,2,Summer
EUR/USD,2015-06-22,1.136235,1.141,1.131601,1.137294,USD,1.17141282,1173.67603506,0.034118819999999994,1.137294,1142.9804700000002,0.0,0.0,1.137294,1137.294,0.0,2015,6,0,Monday,2,Summer
EUR/GBP,2015-06-22,0.7156,0.72079,0.71354,0.71582,GBP,0.7372946,738.7190818,0.02147460000000001,0.71582,719.3991000000001,0.0,0.0,0.71582,715.82,0.0,2015,6,0,Monday,2,Summer
EUR/JPY,2015-06-23,139.998993,139.998993,138.274002,139.983994,JPY,144.18351382,144462.08196806,4.199519820000006,139.983994,140683.91397,0.0,0.0,139.983994,139983.994,0.0,2015,6,1,Tuesday,2,Summer
EUR/USD,2015-06-23,1.134623,1.134623,1.113771,1.134906,USD,1.16895318,1171.21164294,0.034047179999999955,1.134906,1140.58053,0.0,0.0,1.134906,1134.906,0.0,2015,6,1,Tuesday,2,Summer
EUR/GBP,2015-06-23,0.71676,0.71735,0.70814,0.7167,GBP,0.738201,739.627233,0.021500999999999992,0.7167,720.2835,0.0,0.0,0.7167,716.7,0.0,2015,6,1,Tuesday,2,Summer
EUR/JPY,2015-06-24,138.410004,139.160004,138.289993,138.391998,JPY,142.54375794,142819.15801602002,4.151759940000005,138.391998,139083.95799,0.0,0.0,138.391998,138391.998,0.0,2015,6,2,Wednesday,2,Summer
EUR/USD,2015-06-24,1.117706,1.124,1.116283,1.117219,USD,1.15073557,1152.9588358099998,0.03351656999999997,1.117219,1122.8050950000002,0.0,0.0,1.117219,1117.219,0.0,2015,6,2,Wednesday,2,Summer
EUR/GBP,2015-06-24,0.7098,0.713,0.7084,0.7099,GBP,0.731197,732.609701,0.02129700000000001,0.7099,713.4495,0.0,0.0,0.7099,709.9,0.0,2015,6,2,Wednesday,2,Summer
EUR/USD,2015-06-25,1.120712,1.12241,1.11567,1.120699,USD,1.15431997,1156.55016101,0.03362097000000008,1.120699,1126.302495,0.0,0.0,1.120699,1120.6989999999998,0.0,2015,6,3,Thursday,2,Summer
EUR/GBP,2015-06-25,0.71348,0.71473,0.7101,0.71327,GBP,0.7346680999999999,736.0875073,0.021398099999999975,0.71327,716.83635,0.0,0.0,0.71327,713.27,0.0,2015,6,3,Thursday,2,Summer
EUR/JPY,2015-06-25,138.794998,138.830994,137.692993,138.770996,JPY,142.93412588,143210.28016204,4.163129880000014,138.770996,139464.85098,0.0,0.0,138.770996,138770.99599999998,0.0,2015,6,3,Thursday,2,Summer
EUR/JPY,2015-06-26,138.460999,138.649994,137.804001,138.460007,JPY,142.61380721,142889.34262393,4.153800210000014,138.460007,139152.30703499998,0.0,0.0,138.460007,138460.00699999998,0.0,2015,6,4,Friday,2,Summer
EUR/USD,2015-06-26,1.120385,1.122,1.11363,1.120298,USD,1.15390694,1156.13633302,0.03360893999999992,1.120298,1125.89949,0.0,0.0,1.120298,1120.298,0.0,2015,6,4,Friday,2,Summer
EUR/GBP,2015-06-26,0.7114,0.7126,0.7077,0.7114,GBP,0.732742,734.157686,0.021341999999999972,0.7114,714.957,0.0,0.0,0.7114,711.4,0.0,2015,6,4,Friday,2,Summer
EUR/GBP,2015-06-29,0.69951,0.70958,0.69927,0.6992,GBP,0.720176,721.567408,0.020975999999999995,0.6992,702.696,0.0,0.0,0.6992,699.2,0.0,2015,6,0,Monday,2,Summer
EUR/JPY,2015-06-29,134.445999,137.169998,134.445999,134.556,JPY,138.59268,138860.44644,4.03667999999999,134.556,135228.78,0.0,0.0,134.556,134556.0,0.0,2015,6,0,Monday,2,Summer
EUR/USD,2015-06-29,1.098298,1.119741,1.098298,1.097502,USD,1.13042706,1132.61108898,0.03292505999999995,1.097502,1102.9895099999999,0.0,0.0,1.097502,1097.502,0.0,2015,6,0,Monday,2,Summer
EUR/GBP,2015-06-30,0.71298,0.71298,0.70798,0.7132,GBP,0.7345959999999999,736.0152679999999,0.02139599999999997,0.7132,716.766,0.0,0.0,0.7132,713.1999999999999,0.0,2015,6,1,Tuesday,2,Summer
EUR/JPY,2015-06-30,137.619003,137.619003,135.912994,137.576996,JPY,141.70430588000002,141978.08410204004,4.127309880000013,137.576996,138264.88098000002,0.0,0.0,137.576996,137576.996,0.0,2015,6,1,Tuesday,2,Summer
EUR/USD,2015-06-30,1.121604,1.12388,1.1123,1.122297,USD,1.1559659100000002,1158.19928103,0.03366891000000005,1.122297,1127.908485,0.0,0.0,1.122297,1122.297,0.0,2015,6,1,Tuesday,2,Summer
EUR/GBP,2015-07-01,0.7097,0.71265,0.70631,0.7097,GBP,0.7309910000000001,732.403303,0.02129100000000006,0.7097,713.2485,0.0,0.0,0.7097,709.7,0.0,2015,7,2,Wednesday,3,Summer
EUR/JPY,2015-07-01,136.272995,137.339996,136.065994,136.259003,JPY,140.34677309,140617.92850597,4.087770089999992,136.259003,136940.298015,0.0,0.0,136.259003,136259.003,0.0,2015,7,2,Wednesday,3,Summer
EUR/USD,2015-07-01,1.113499,1.116759,1.10612,1.113499,USD,1.14690397,1149.11983301,0.03340497000000009,1.113499,1119.066495,0.0,0.0,1.113499,1113.499,0.0,2015,7,2,Wednesday,3,Summer
EUR/GBP,2015-07-02,0.70727,0.71183,0.7071,0.70726,GBP,0.7284778000000001,729.8852474000001,0.021217800000000064,0.70726,710.7963,0.0,0.0,0.70726,707.26,0.0,2015,7,3,Thursday,3,Summer
EUR/USD,2015-07-02,1.103704,1.11216,1.103704,1.103363,USD,1.1364638900000001,1138.6595823700002,0.03310089000000005,1.103363,1108.879815,0.0,0.0,1.103363,1103.363,0.0,2015,7,3,Thursday,3,Summer
EUR/JPY,2015-07-02,136.102005,136.873001,136.102005,136.108994,JPY,140.19226382,140463.12071806,4.083269819999998,136.108994,136789.53897,0.0,0.0,136.108994,136108.994,0.0,2015,7,3,Thursday,3,Summer
EUR/JPY,2015-07-03,136.389008,136.835999,136.061005,136.406998,JPY,140.49920794,140770.65786602,4.092209940000004,136.406998,137089.03298999998,0.0,0.0,136.406998,136406.998,0.0,2015,7,4,Friday,3,Summer
EUR/USD,2015-07-03,1.108598,1.111999,1.10827,1.108697,USD,1.1419579100000001,1144.1642170300001,0.03326091000000009,1.108697,1114.240485,0.0,0.0,1.108697,1108.6970000000001,0.0,2015,7,4,Friday,3,Summer
EUR/GBP,2015-07-03,0.7101,0.71312,0.7096,0.71,GBP,0.7313,732.7129,0.021299999999999986,0.71,713.55,0.0,0.0,0.71,710.0,0.0,2015,7,4,Friday,3,Summer
EUR/USD,2015-07-06,1.099795,1.109141,1.099795,1.099505,USD,1.13249015,1134.67816495,0.03298515000000002,1.099505,1105.0025249999999,0.0,0.0,1.099505,1099.5049999999999,0.0,2015,7,0,Monday,3,Summer
EUR/GBP,2015-07-06,0.70704,0.71197,0.7069,0.7069,GBP,0.728107,729.513731,0.021206999999999976,0.7069,710.4345,0.0,0.0,0.7069,706.9,0.0,2015,7,0,Monday,3,Summer
EUR/JPY,2015-07-06,134.600998,135.970001,134.600998,134.567993,JPY,138.60503279,138872.82309607,4.037039789999994,134.567993,135240.83296499998,0.0,0.0,134.567993,134567.993,0.0,2015,7,0,Monday,3,Summer
EUR/USD,2015-07-07,1.104802,1.105265,1.09168,1.104899,USD,1.13804597,1140.2447190100002,0.03314697,1.104899,1110.423495,0.0,0.0,1.104899,1104.8990000000001,0.0,2015,7,1,Tuesday,3,Summer
EUR/GBP,2015-07-07,0.708,0.71052,0.7065,0.70811,GBP,0.7293533,730.7624389,0.021243299999999965,0.70811,711.6505500000001,0.0,0.0,0.70811,708.11,0.0,2015,7,1,Tuesday,3,Summer
EUR/JPY,2015-07-07,135.479996,135.660004,133.511993,135.460007,JPY,139.52380721,139793.37262393,4.063800210000011,135.460007,136137.30703499998,0.0,0.0,135.460007,135460.00699999998,0.0,2015,7,1,Tuesday,3,Summer
EUR/USD,2015-07-08,1.100994,1.10901,1.097502,1.100994,USD,1.1340238200000001,1136.21479806,0.0330298200000001,1.100994,1106.49897,0.0,0.0,1.100994,1100.9940000000001,0.0,2015,7,2,Wednesday,3,Summer
EUR/JPY,2015-07-08,134.862,134.862,133.399994,134.839996,JPY,138.88519588000003,139153.52747204,4.045199880000013,134.839996,135514.19598000002,0.0,0.0,134.839996,134839.996,0.0,2015,7,2,Wednesday,3,Summer
EUR/GBP,2015-07-08,0.71188,0.7222,0.71115,0.7118,GBP,0.733154,734.570482,0.021353999999999984,0.7118,715.3589999999999,0.0,0.0,0.7118,711.8,0.0,2015,7,2,Wednesday,3,Summer
EUR/GBP,2015-07-09,0.7204,0.7217,0.71632,0.7201,GBP,0.741703,743.135999,0.02160300000000004,0.7201,723.7004999999999,0.0,0.0,0.7201,720.0999999999999,0.0,2015,7,3,Thursday,3,Summer
EUR/USD,2015-07-09,1.107236,1.11162,1.10229,1.107101,USD,1.1403140299999999,1142.5171609899999,0.03321302999999998,1.107101,1112.636505,0.0,0.0,1.107101,1107.1009999999999,0.0,2015,7,3,Thursday,3,Summer
EUR/JPY,2015-07-09,133.839996,135.0,133.460007,133.772995,JPY,137.78618485,138052.39311005003,4.013189850000003,133.772995,134441.859975,0.0,0.0,133.772995,133772.995,0.0,2015,7,3,Thursday,3,Summer
EUR/GBP,2015-07-10,0.71942,0.7223,0.71864,0.7195,GBP,0.741085,742.5168050000001,0.021584999999999965,0.7195,723.0975,0.0,0.0,0.7195,719.5,0.0,2015,7,4,Friday,3,Summer
EUR/USD,2015-07-10,1.106305,1.122,1.10562,1.106305,USD,1.1394941500000002,1141.6956969500002,0.03318915000000011,1.106305,1111.8365250000002,0.0,0.0,1.106305,1106.305,0.0,2015,7,4,Friday,3,Summer
EUR/JPY,2015-07-10,134.582001,137.25,134.369995,134.595993,JPY,138.63387279,138901.71881607,4.037879790000005,134.595993,135268.972965,0.0,0.0,134.595993,134595.993,0.0,2015,7,4,Friday,3,Summer
EUR/JPY,2015-07-13,136.328995,137.761993,135.891998,136.311005,JPY,140.40033515,140671.59404994998,4.089330149999995,136.311005,136992.560025,0.0,0.0,136.311005,136311.005,0.0,2015,7,0,Monday,3,Summer
EUR/USD,2015-07-13,1.112904,1.119759,1.10077,1.112904,USD,1.1462911199999999,1148.5057989599998,0.03338711999999999,1.112904,1118.46852,0.0,0.0,1.112904,1112.904,0.0,2015,7,0,Monday,3,Summer
EUR/GBP,2015-07-13,0.7173,0.72,0.70879,0.71726,GBP,0.7387778,740.2051474000001,0.02151780000000003,0.71726,720.8463,0.0,0.0,0.71726,717.26,0.0,2015,7,0,Monday,3,Summer
EUR/JPY,2015-07-14,135.763,136.255005,135.309998,135.809998,JPY,139.88429794,140154.55983602002,4.074299940000003,135.809998,136489.04799000002,0.0,0.0,135.809998,135809.99800000002,0.0,2015,7,1,Tuesday,3,Summer
EUR/USD,2015-07-14,1.098515,1.1074,1.09685,1.099046,USD,1.13201738,1134.20448154,0.032971379999999995,1.099046,1104.54123,0.0,0.0,1.099046,1099.046,0.0,2015,7,1,Tuesday,3,Summer
EUR/GBP,2015-07-14,0.7096,0.71356,0.7063,0.7097,GBP,0.7309910000000001,732.403303,0.02129100000000006,0.7097,713.2485,0.0,0.0,0.7097,709.7,0.0,2015,7,1,Tuesday,3,Summer
EUR/JPY,2015-07-15,135.75,136.339996,135.552002,135.740005,JPY,139.81220515,140082.32775995,4.072200150000015,135.740005,136418.705025,0.0,0.0,135.740005,135740.005,0.0,2015,7,2,Wednesday,3,Summer
EUR/GBP,2015-07-15,0.7039,0.70656,0.70099,0.7039,GBP,0.725017,726.417761,0.021117000000000052,0.7039,707.4195,0.0,0.0,0.7039,703.9,0.0,2015,7,2,Wednesday,3,Summer
EUR/USD,2015-07-15,1.100897,1.104,1.09361,1.1008,USD,1.133824,1136.0145919999998,0.03302399999999994,1.1008,1106.3039999999999,0.0,0.0,1.1008,1100.8,0.0,2015,7,2,Wednesday,3,Summer
EUR/GBP,2015-07-16,0.6998,0.7,0.69628,0.6998,GBP,0.720794,722.1866020000001,0.020994000000000068,0.6998,703.299,0.0,0.0,0.6998,699.8,0.0,2015,7,3,Thursday,3,Summer
EUR/JPY,2015-07-16,135.522003,135.570007,134.779999,135.539993,JPY,139.60619279000002,139875.91737607002,4.066199790000013,135.539993,136217.69296500002,0.0,0.0,135.539993,135539.99300000002,0.0,2015,7,3,Thursday,3,Summer
EUR/USD,2015-07-16,1.093888,1.095,1.08594,1.094355,USD,1.12718565,1129.36341645,0.03283064999999996,1.094355,1099.826775,0.0,0.0,1.094355,1094.355,0.0,2015,7,3,Thursday,3,Summer
EUR/GBP,2015-07-17,0.69709,0.69887,0.69373,0.69708,GBP,0.7179924000000001,719.3795892,0.020912400000000053,0.69708,700.5654000000001,0.0,0.0,0.69708,697.08,0.0,2015,7,4,Friday,3,Summer
EUR/JPY,2015-07-17,135.119995,135.270004,134.481995,135.115997,JPY,139.16947691,139438.35774402999,4.053479909999993,135.115997,135791.576985,0.0,0.0,135.115997,135115.997,0.0,2015,7,4,Friday,3,Summer
EUR/USD,2015-07-17,1.088601,1.091,1.084391,1.088601,USD,1.12125903,1123.4253459899999,0.032658030000000116,1.088601,1094.044005,0.0,0.0,1.088601,1088.6009999999999,0.0,2015,7,4,Friday,3,Summer
EUR/GBP,2015-07-20,0.694,0.6976,0.6937,0.6941,GBP,0.7149230000000001,716.3042590000001,0.020823000000000036,0.6941,697.5705,0.0,0.0,0.6941,694.1,0.0,2015,7,0,Monday,3,Summer
EUR/JPY,2015-07-20,134.440002,135.041,134.352997,134.449997,JPY,138.48349691,138751.05240403002,4.0334999100000175,134.449997,135122.246985,0.0,0.0,134.449997,134449.997,0.0,2015,7,0,Monday,3,Summer
EUR/USD,2015-07-20,1.083295,1.0872,1.082157,1.083025,USD,1.11551575,1117.67096975,0.03249075000000001,1.083025,1088.4401249999999,0.0,0.0,1.083025,1083.0249999999999,0.0,2015,7,0,Monday,3,Summer
EUR/GBP,2015-07-21,0.6957,0.70323,0.6946,0.6957,GBP,0.716571,717.955443,0.020870999999999973,0.6957,699.1785,0.0,0.0,0.6957,695.6999999999999,0.0,2015,7,1,Tuesday,3,Summer
EUR/USD,2015-07-21,1.083482,1.09407,1.08127,1.083541,USD,1.1160472300000002,1118.20347659,0.03250623000000008,1.083541,1088.9587050000002,0.0,0.0,1.083541,1083.5410000000002,0.0,2015,7,1,Tuesday,3,Summer
EUR/JPY,2015-07-21,134.643005,135.529999,134.509995,134.643005,JPY,138.68229515,138950.23472995,4.039290149999999,134.643005,135316.220025,0.0,0.0,134.643005,134643.00499999998,0.0,2015,7,1,Tuesday,3,Summer
EUR/GBP,2015-07-22,0.703,0.70357,0.69599,0.703,GBP,0.72409,725.48897,0.021090000000000053,0.703,706.515,0.0,0.0,0.703,703.0,0.0,2015,7,2,Wednesday,3,Summer
EUR/USD,2015-07-22,1.0939,1.097,1.08814,1.093996,USD,1.12681588,1128.9929320400001,0.032819880000000135,1.093996,1099.46598,0.0,0.0,1.093996,1093.9959999999999,0.0,2015,7,2,Wednesday,3,Summer
EUR/JPY,2015-07-22,135.468994,135.619995,134.856003,135.449997,JPY,139.51349691,139783.04240402998,4.06349990999999,135.449997,136127.246985,0.0,0.0,135.449997,135449.997,0.0,2015,7,2,Wednesday,3,Summer
EUR/USD,2015-07-23,1.092705,1.102,1.092395,1.092705,USD,1.12548615,1127.66063295,0.032781149999999926,1.092705,1098.1685249999998,0.0,0.0,1.092705,1092.705,0.0,2015,7,3,Thursday,3,Summer
EUR/JPY,2015-07-23,135.524994,136.419998,135.477997,135.528,JPY,139.59384,139863.54072,4.065840000000009,135.528,136205.64,0.0,0.0,135.528,135528.0,0.0,2015,7,3,Thursday,3,Summer
EUR/GBP,2015-07-23,0.6996,0.70726,0.6988,0.6996,GBP,0.720588,721.980204,0.020988000000000007,0.6996,703.0980000000001,0.0,0.0,0.6996,699.6,0.0,2015,7,3,Thursday,3,Summer
EUR/USD,2015-07-24,1.098841,1.099602,1.09279,1.098901,USD,1.13186803,1134.0548429899998,0.03296703000000001,1.098901,1104.3955049999997,0.0,0.0,1.098901,1098.9009999999998,0.0,2015,7,4,Friday,3,Summer
EUR/GBP,2015-07-24,0.7079,0.70906,0.7054,0.7079,GBP,0.729137,730.5457210000001,0.02123700000000006,0.7079,711.4395,0.0,0.0,0.7079,707.9,0.0,2015,7,4,Friday,3,Summer
EUR/JPY,2015-07-24,136.100006,136.263,135.529999,136.093994,JPY,140.17681382,140447.64086806,4.082819819999997,136.093994,136774.46397,0.0,0.0,136.093994,136093.994,0.0,2015,7,4,Friday,3,Summer
EUR/USD,2015-07-27,1.097406,1.112999,1.097406,1.097237,USD,1.13015411,1132.33761163,0.03291711000000008,1.097237,1102.723185,0.0,0.0,1.097237,1097.237,0.0,2015,7,0,Monday,3,Summer
EUR/GBP,2015-07-27,0.7068,0.7157,0.7067,0.7067,GBP,0.727901,729.3073330000001,0.021201000000000025,0.7067,710.2335,0.0,0.0,0.7067,706.7,0.0,2015,7,0,Monday,3,Summer
EUR/JPY,2015-07-27,135.783997,137.057999,135.748993,135.778,JPY,139.85134,140121.53822,4.073340000000002,135.778,136456.89,0.0,0.0,135.778,135778.0,0.0,2015,7,0,Monday,3,Summer
EUR/USD,2015-07-28,1.109102,1.1101,1.1023,1.109004,USD,1.1422741200000002,1144.4810379600003,0.03327012000000007,1.109004,1114.5490200000002,0.0,0.0,1.109004,1109.0040000000001,0.0,2015,7,1,Tuesday,3,Summer
EUR/GBP,2015-07-28,0.7124,0.713,0.70699,0.7125,GBP,0.733875,735.292875,0.021375000000000033,0.7125,716.0625,0.0,0.0,0.7125,712.5,0.0,2015,7,1,Tuesday,3,Summer
EUR/JPY,2015-07-28,136.699997,136.968002,136.360001,136.669998,JPY,140.77009794,141042.07123602,4.100099940000007,136.669998,137353.34798999998,0.0,0.0,136.669998,136669.998,0.0,2015,7,1,Tuesday,3,Summer
EUR/JPY,2015-07-29,136.759995,136.841003,136.320007,136.722,JPY,140.82366000000002,141095.73678000004,4.10166000000001,136.722,137405.61,0.0,0.0,136.722,136722.0,0.0,2015,7,2,Wednesday,3,Summer
EUR/USD,2015-07-29,1.10655,1.108598,1.10142,1.106599,USD,1.1397969700000001,1141.9991020100001,0.03319797000000002,1.106599,1112.1319950000002,0.0,0.0,1.106599,1106.5990000000002,0.0,2015,7,2,Wednesday,3,Summer
EUR/GBP,2015-07-29,0.70889,0.70987,0.7035,0.70877,GBP,0.7300331,731.4435523,0.02126309999999998,0.70877,712.31385,0.0,0.0,0.70877,708.77,0.0,2015,7,2,Wednesday,3,Summer
EUR/JPY,2015-07-30,136.108002,136.464005,135.714005,136.123993,JPY,140.20771279000002,140478.59953607002,4.0837197900000035,136.123993,136804.612965,0.0,0.0,136.123993,136123.99300000002,0.0,2015,7,3,Thursday,3,Summer
EUR/USD,2015-07-30,1.098394,1.099,1.09113,1.098406,USD,1.13135818,1133.5440079400003,0.03295218000000011,1.098406,1103.8980299999998,0.0,0.0,1.098406,1098.406,0.0,2015,7,3,Thursday,3,Summer
EUR/GBP,2015-07-30,0.7039,0.7039,0.69871,0.7039,GBP,0.725017,726.417761,0.021117000000000052,0.7039,707.4195,0.0,0.0,0.7039,703.9,0.0,2015,7,3,Thursday,3,Summer
EUR/GBP,2015-07-31,0.70104,0.70947,0.7003,0.701,GBP,0.72203,723.42499,0.021029999999999993,0.701,704.505,0.0,0.0,0.701,701.0,0.0,2015,7,4,Friday,3,Summer
EUR/JPY,2015-07-31,135.75,137.289993,135.578003,135.731995,JPY,139.80395485000003,140074.06152005005,4.071959850000013,135.731995,136410.654975,0.0,0.0,135.731995,135731.99500000002,0.0,2015,7,4,Friday,3,Summer
EUR/USD,2015-07-31,1.094176,1.11103,1.09239,1.093924,USD,1.1267417199999998,1128.9186287599998,0.03281771999999994,1.093924,1099.39362,0.0,0.0,1.093924,1093.924,0.0,2015,7,4,Friday,3,Summer
EUR/USD,2015-08-03,1.0969,1.09954,1.0944,1.0969,USD,1.129807,1131.989831,0.03290700000000002,1.0969,1102.3845000000001,0.0,0.0,1.0969,1096.9,0.0,2015,8,0,Monday,3,Summer
EUR/GBP,2015-08-03,0.702,0.70391,0.7011,0.7018,GBP,0.722854,724.250582,0.021054000000000017,0.7018,705.309,0.0,0.0,0.7018,701.8,0.0,2015,8,0,Monday,3,Summer
EUR/JPY,2015-08-03,136.059998,136.410995,135.869995,136.059998,JPY,140.14179794,140412.55733602,4.081799939999996,136.059998,136740.29799000002,0.0,0.0,136.059998,136059.99800000002,0.0,2015,8,0,Monday,3,Summer
EUR/JPY,2015-08-04,135.733994,136.151993,135.548996,135.764008,JPY,139.83692824,140107.09861591997,4.072920240000002,135.764008,136442.82804,0.0,0.0,135.764008,135764.008,0.0,2015,8,1,Tuesday,3,Summer
EUR/USD,2015-08-04,1.095398,1.0996,1.09335,1.095602,USD,1.12847006,1130.65030798,0.03286805999999998,1.095602,1101.08001,0.0,0.0,1.095602,1095.6019999999999,0.0,2015,8,1,Tuesday,3,Summer
EUR/GBP,2015-08-04,0.70237,0.70441,0.70119,0.7024,GBP,0.723472,724.869776,0.02107199999999998,0.7024,705.9119999999999,0.0,0.0,0.7024,702.4,0.0,2015,8,1,Tuesday,3,Summer
EUR/JPY,2015-08-05,135.287003,135.893997,135.0,135.285995,JPY,139.34457485000001,139613.79398005002,4.058579850000001,135.285995,135962.42497500003,0.0,0.0,135.285995,135285.99500000002,0.0,2015,8,2,Wednesday,3,Summer
EUR/GBP,2015-08-05,0.69919,0.6994,0.69513,0.6993,GBP,0.720279,721.670607,0.02097899999999997,0.6993,702.7965,0.0,0.0,0.6993,699.3000000000001,0.0,2015,8,2,Wednesday,3,Summer
EUR/USD,2015-08-05,1.088601,1.091879,1.085031,1.088898,USD,1.1215649399999998,1123.7318470199998,0.03266693999999992,1.088898,1094.34249,0.0,0.0,1.088898,1088.898,0.0,2015,8,2,Wednesday,3,Summer
EUR/GBP,2015-08-06,0.6986,0.7045,0.6969,0.6986,GBP,0.719558,720.948214,0.020958000000000032,0.6986,702.0930000000001,0.0,0.0,0.6986,698.6,0.0,2015,8,3,Thursday,3,Summer
EUR/JPY,2015-08-06,136.039993,136.460999,135.837997,136.005997,JPY,140.08617691,140356.82884403,4.080179909999998,136.005997,136686.026985,0.0,0.0,136.005997,136005.997,0.0,2015,8,3,Thursday,3,Summer
EUR/USD,2015-08-06,1.090405,1.09346,1.08775,1.09031,USD,1.1230193,1125.1890168999998,0.03270930000000005,1.09031,1095.76155,0.0,0.0,1.09031,1090.31,0.0,2015,8,3,Thursday,3,Summer
EUR/GBP,2015-08-07,0.704,0.70881,0.7018,0.70411,GBP,0.7252333000000001,726.6344789000001,0.021123300000000067,0.70411,707.63055,0.0,0.0,0.70411,704.11,0.0,2015,8,4,Friday,3,Summer
EUR/JPY,2015-08-07,136.244995,136.557007,135.578995,136.255005,JPY,140.34265515,140613.80260995,4.087650150000002,136.255005,136936.28002500001,0.0,0.0,136.255005,136255.005,0.0,2015,8,4,Friday,3,Summer
EUR/USD,2015-08-07,1.092204,1.096861,1.08591,1.092705,USD,1.12548615,1127.66063295,0.032781149999999926,1.092705,1098.1685249999998,0.0,0.0,1.092705,1092.705,0.0,2015,8,4,Friday,3,Summer
EUR/GBP,2015-08-10,0.70759,0.70963,0.70568,0.7075,GBP,0.7287250000000001,730.132925,0.02122500000000005,0.7075,711.0375,0.0,0.0,0.7075,707.5,0.0,2015,8,0,Monday,3,Summer
EUR/USD,2015-08-10,1.095902,1.1,1.09271,1.096503,USD,1.12939809,1131.5801309699998,0.032895090000000016,1.096503,1101.9855149999999,0.0,0.0,1.096503,1096.503,0.0,2015,8,0,Monday,3,Summer
EUR/JPY,2015-08-10,136.25,136.910004,136.212997,136.25,JPY,140.3375,140608.6375,4.087500000000006,136.25,136931.25,0.0,0.0,136.25,136250.0,0.0,2015,8,0,Monday,3,Summer
EUR/USD,2015-08-11,1.101795,1.10859,1.09615,1.101698,USD,1.1347489400000002,1136.9413190200003,0.033050940000000084,1.101698,1107.20649,0.0,0.0,1.101698,1101.698,0.0,2015,8,1,Tuesday,3,Summer
EUR/JPY,2015-08-11,137.270004,138.365997,136.792007,137.266998,JPY,141.38500794,141658.16926602,4.118009940000007,137.266998,137953.33299,0.0,0.0,137.266998,137266.998,0.0,2015,8,1,Tuesday,3,Summer
EUR/GBP,2015-08-11,0.7066,0.71169,0.7038,0.70678,GBP,0.7279834,729.3898922,0.021203399999999983,0.70678,710.3139,0.0,0.0,0.70678,706.78,0.0,2015,8,1,Tuesday,3,Summer
EUR/USD,2015-08-12,1.104374,1.12103,1.103302,1.104204,USD,1.1373301199999999,1139.52748596,0.033126119999999926,1.104204,1109.7250199999999,0.0,0.0,1.104204,1104.204,0.0,2015,8,2,Wednesday,3,Summer
EUR/JPY,2015-08-12,138.130997,138.847,138.070999,138.080002,JPY,142.22240206,142497.18126398,4.14240006,138.080002,138770.40201000002,0.0,0.0,138.080002,138080.002,0.0,2015,8,2,Wednesday,3,Summer
EUR/GBP,2015-08-12,0.7084,0.71688,0.7082,0.7085,GBP,0.729755,731.164915,0.021255000000000024,0.7085,712.0425,0.0,0.0,0.7085,708.5,0.0,2015,8,2,Wednesday,3,Summer
EUR/JPY,2015-08-13,138.649994,138.841995,138.080002,138.632996,JPY,142.79198588,143067.86554204,4.158989880000007,138.632996,139326.16098,0.0,0.0,138.632996,138632.99599999998,0.0,2015,8,3,Thursday,3,Summer
EUR/GBP,2015-08-13,0.71448,0.7154,0.71013,0.7145,GBP,0.735935,737.3568550000001,0.021434999999999982,0.7145,718.0725,0.0,0.0,0.7145,714.5,0.0,2015,8,3,Thursday,3,Summer
EUR/USD,2015-08-13,1.115586,1.118906,1.108181,1.116096,USD,1.14957888,1151.79991104,0.03348287999999999,1.116096,1121.67648,0.0,0.0,1.116096,1116.096,0.0,2015,8,3,Thursday,3,Summer
EUR/GBP,2015-08-14,0.7145,0.7158,0.7109,0.7145,GBP,0.735935,737.3568550000001,0.021434999999999982,0.7145,718.0725,0.0,0.0,0.7145,714.5,0.0,2015,8,4,Friday,3,Summer
EUR/USD,2015-08-14,1.115897,1.119,1.11011,1.116096,USD,1.14957888,1151.79991104,0.03348287999999999,1.116096,1121.67648,0.0,0.0,1.116096,1116.096,0.0,2015,8,4,Friday,3,Summer
EUR/JPY,2015-08-14,138.766998,138.847,137.951996,138.768005,JPY,142.93104515,143207.19347995,4.1630401500000005,138.768005,139461.845025,0.0,0.0,138.768005,138768.00499999998,0.0,2015,8,4,Friday,3,Summer
EUR/GBP,2015-08-17,0.70889,0.71132,0.7065,0.70873,GBP,0.7299919,731.4022727,0.021261900000000056,0.70873,712.27365,0.0,0.0,0.70873,708.73,0.0,2015,8,0,Monday,3,Summer
EUR/USD,2015-08-17,1.109496,1.112599,1.10625,1.109299,USD,1.14257797,1144.78547501,0.03327897000000002,1.109299,1114.845495,0.0,0.0,1.109299,1109.299,0.0,2015,8,0,Monday,3,Summer
EUR/JPY,2015-08-17,137.977005,138.362,137.610001,137.934998,JPY,142.07304794,142347.53858602,4.138049940000002,137.934998,138624.67299000002,0.0,0.0,137.934998,137934.99800000002,0.0,2015,8,0,Monday,3,Summer
EUR/GBP,2015-08-18,0.7107,0.7116,0.70272,0.7106,GBP,0.7319180000000001,733.3320940000001,0.02131800000000006,0.7106,714.153,0.0,0.0,0.7106,710.6,0.0,2015,8,1,Tuesday,3,Summer
EUR/USD,2015-08-18,1.107714,1.11,1.10219,1.1078,USD,1.1410339999999999,1143.2385219999999,0.033233999999999986,1.1078,1113.339,0.0,0.0,1.1078,1107.8,0.0,2015,8,1,Tuesday,3,Summer
EUR/JPY,2015-08-18,137.804993,137.891998,137.095001,137.835999,JPY,141.97107896999998,142245.37260800996,4.1350799699999925,137.835999,138525.178995,0.0,0.0,137.835999,137835.99899999998,0.0,2015,8,1,Tuesday,3,Summer
EUR/USD,2015-08-19,1.103095,1.108,1.10204,1.103083,USD,1.13617549,1138.37062517,0.03309249000000003,1.103083,1108.5984150000002,0.0,0.0,1.103083,1103.083,0.0,2015,8,2,Wednesday,3,Summer
EUR/JPY,2015-08-19,137.182007,137.570007,137.089996,137.179993,JPY,141.29539279,141568.38097606998,4.115399789999998,137.179993,137865.89296499998,0.0,0.0,137.179993,137179.993,0.0,2015,8,2,Wednesday,3,Summer
EUR/GBP,2015-08-19,0.70409,0.7072,0.7037,0.70412,GBP,0.7252436,726.6447988,0.02112360000000002,0.70412,707.6406,0.0,0.0,0.70412,704.12,0.0,2015,8,2,Wednesday,3,Summer
EUR/JPY,2015-08-20,137.772995,138.630005,137.751007,137.759003,JPY,141.89177309000002,142165.91350597,4.132770090000008,137.759003,138447.798015,0.0,0.0,137.759003,137759.003,0.0,2015,8,3,Thursday,3,Summer
EUR/USD,2015-08-20,1.112001,1.122,1.11084,1.111803,USD,1.14515709,1147.3695779700001,0.03335409,1.111803,1117.3620150000002,0.0,0.0,1.111803,1111.803,0.0,2015,8,3,Thursday,3,Summer
EUR/GBP,2015-08-20,0.7089,0.71519,0.7088,0.7089,GBP,0.730167,731.577711,0.021267000000000036,0.7089,712.4445,0.0,0.0,0.7089,708.9,0.0,2015,8,3,Thursday,3,Summer
EUR/JPY,2015-08-21,138.690002,138.820007,138.199997,138.675003,JPY,142.83525309,143111.21634597002,4.160250090000005,138.675003,139368.378015,0.0,0.0,138.675003,138675.003,0.0,2015,8,4,Friday,3,Summer
EUR/USD,2015-08-21,1.123595,1.13691,1.123204,1.123697,USD,1.1574079099999999,1159.6440670299999,0.03371090999999993,1.123697,1129.3154849999999,0.0,0.0,1.123697,1123.697,0.0,2015,8,4,Friday,3,Summer
EUR/GBP,2015-08-21,0.716,0.72458,0.7151,0.71604,GBP,0.7375212,738.9461196,0.021481199999999978,0.71604,719.6202,0.0,0.0,0.71604,716.04,0.0,2015,8,4,Friday,3,Summer
EUR/JPY,2015-08-24,138.479996,138.923004,136.259003,138.462997,JPY,142.61688691,142892.42827403,4.153889910000004,138.462997,139155.311985,0.0,0.0,138.462997,138462.997,0.0,2015,8,0,Monday,3,Summer
EUR/USD,2015-08-24,1.137799,1.1706,1.137294,1.137695,USD,1.1718258499999998,1174.0898630499998,0.034130849999999935,1.137695,1143.3834749999999,0.0,0.0,1.137695,1137.695,0.0,2015,8,0,Monday,3,Summer
EUR/GBP,2015-08-24,0.7257,0.74161,0.7255,0.7256,GBP,0.747368,748.811944,0.02176800000000001,0.7256,729.2280000000001,0.0,0.0,0.7256,725.6,0.0,2015,8,0,Monday,3,Summer
EUR/USD,2015-08-25,1.158239,1.159,1.14003,1.158306,USD,1.19305518,1195.3602089400001,0.034749179999999935,1.158306,1164.09753,0.0,0.0,1.158306,1158.306,0.0,2015,8,1,Tuesday,3,Summer
EUR/GBP,2015-08-25,0.7347,0.73478,0.726,0.73475,GBP,0.7567925,758.2546525,0.022042499999999965,0.73475,738.42375,0.0,0.0,0.73475,734.75,0.0,2015,8,1,Tuesday,3,Summer
EUR/JPY,2015-08-25,137.639999,138.580002,136.669998,137.673004,JPY,141.80319412,142077.16339796,4.130190120000009,137.673004,138361.36901999998,0.0,0.0,137.673004,137673.004,0.0,2015,8,1,Tuesday,3,Summer
EUR/GBP,2015-08-26,0.73592,0.73636,0.72926,0.73591,GBP,0.7579872999999999,759.4517608999998,0.022077299999999966,0.73591,739.5895499999999,0.0,0.0,0.73591,735.91,0.0,2015,8,2,Wednesday,3,Summer
EUR/JPY,2015-08-26,137.085999,137.582001,135.608002,136.923004,JPY,141.03069412,141303.17089796,4.107690120000001,136.923004,137607.61901999998,0.0,0.0,136.923004,136923.004,0.0,2015,8,2,Wednesday,3,Summer
EUR/USD,2015-08-26,1.155482,1.155896,1.1355,1.155095,USD,1.18974785,1192.04648905,0.03465285000000007,1.155095,1160.870475,0.0,0.0,1.155095,1155.095,0.0,2015,8,2,Wednesday,3,Summer
EUR/GBP,2015-08-27,0.73253,0.7334,0.728,0.7324,GBP,0.754372,755.8294760000001,0.02197199999999999,0.7324,736.0620000000001,0.0,0.0,0.7324,732.4000000000001,0.0,2015,8,3,Thursday,3,Summer
EUR/USD,2015-08-27,1.133954,1.13616,1.12116,1.134005,USD,1.16802515,1170.2818199500002,0.03402015000000014,1.134005,1139.6750249999998,0.0,0.0,1.134005,1134.0049999999999,0.0,2015,8,3,Thursday,3,Summer
EUR/JPY,2015-08-27,136.065002,136.324005,135.281006,136.108994,JPY,140.19226382,140463.12071806,4.083269819999998,136.108994,136789.53897,0.0,0.0,136.108994,136108.994,0.0,2015,8,3,Thursday,3,Summer
EUR/JPY,2015-08-28,136.033997,136.589996,135.348007,136.087006,JPY,140.16961618000002,140440.42932194,4.082610180000017,136.087006,136767.44103,0.0,0.0,136.087006,136087.006,0.0,2015,8,4,Friday,3,Summer
EUR/GBP,2015-08-28,0.7296,0.7353,0.72687,0.72978,GBP,0.7516734,753.1256622,0.021893400000000063,0.72978,733.4289,0.0,0.0,0.72978,729.78,0.0,2015,8,4,Friday,3,Summer
EUR/USD,2015-08-28,1.124505,1.131,1.11567,1.124796,USD,1.15853988,1160.77822404,0.03374388000000006,1.124796,1130.41998,0.0,0.0,1.124796,1124.7959999999998,0.0,2015,8,4,Friday,3,Summer
EUR/JPY,2015-08-31,135.975998,136.304001,135.675003,135.988007,JPY,140.06764721000002,140338.26334393,4.079640210000008,135.988007,136667.94703500002,0.0,0.0,135.988007,135988.007,0.0,2015,8,0,Monday,3,Summer
EUR/USD,2015-08-31,1.121177,1.1264,1.11859,1.121403,USD,1.15504509,1157.27668197,0.03364209000000007,1.121403,1127.010015,0.0,0.0,1.121403,1121.403,0.0,2015,8,0,Monday,3,Summer
EUR/GBP,2015-08-31,0.72724,0.7297,0.72633,0.72734,GBP,0.7491602,750.6076066,0.021820200000000067,0.72734,730.9767,0.0,0.0,0.72734,727.34,0.0,2015,8,0,Monday,3,Summer
EUR/JPY,2015-09-01,135.940002,136.212997,134.682007,135.927994,JPY,140.00583382000002,140276.33052806003,4.077839820000008,135.927994,136607.63397,0.0,0.0,135.927994,135927.994,0.0,2015,9,1,Tuesday,3,Autumn
EUR/GBP,2015-09-01,0.7305,0.73715,0.7304,0.7305,GBP,0.7524150000000001,753.8686950000001,0.021915000000000018,0.7305,734.1525,0.0,0.0,0.7305,730.5,0.0,2015,9,1,Tuesday,3,Autumn
EUR/USD,2015-09-01,1.122599,1.133231,1.122536,1.122586,USD,1.15626358,1158.49752614,0.033677579999999985,1.122586,1128.19893,0.0,0.0,1.122586,1122.586,0.0,2015,9,1,Tuesday,3,Autumn
EUR/JPY,2015-09-02,135.231003,135.759003,134.733002,135.201004,JPY,139.25703412000001,139526.08411796004,4.056030120000003,135.201004,135877.00902000003,0.0,0.0,135.201004,135201.00400000002,0.0,2015,9,2,Wednesday,3,Autumn
EUR/USD,2015-09-02,1.129624,1.13,1.12229,1.129344,USD,1.1632243199999999,1165.4717145599998,0.033880319999999964,1.129344,1134.9907199999998,0.0,0.0,1.129344,1129.3439999999998,0.0,2015,9,2,Wednesday,3,Autumn
EUR/GBP,2015-09-02,0.73817,0.73862,0.73336,0.73797,GBP,0.7601091,761.5776603,0.022139099999999967,0.73797,741.65985,0.0,0.0,0.73797,737.97,0.0,2015,9,2,Wednesday,3,Autumn
EUR/GBP,2015-09-03,0.7325,0.73689,0.7277,0.7325,GBP,0.754475,755.932675,0.021974999999999967,0.7325,736.1625,0.0,0.0,0.7325,732.5,0.0,2015,9,3,Thursday,3,Autumn
EUR/JPY,2015-09-03,135.237,135.345001,133.153,135.179993,JPY,139.23539279,139504.40097606997,4.055399789999996,135.179993,135855.89296499998,0.0,0.0,135.179993,135179.993,0.0,2015,9,3,Thursday,3,Autumn
EUR/USD,2015-09-03,1.121504,1.125,1.10897,1.121604,USD,1.15525212,1157.48411196,0.03364812000000006,1.121604,1127.21202,0.0,0.0,1.121604,1121.604,0.0,2015,9,3,Thursday,3,Autumn
EUR/JPY,2015-09-04,133.589996,133.589996,132.237,133.559998,JPY,137.56679794000001,137832.58233602002,4.006799940000008,133.559998,134227.79799000002,0.0,0.0,133.559998,133559.99800000002,0.0,2015,9,4,Friday,3,Autumn
EUR/GBP,2015-09-04,0.7288,0.73329,0.72861,0.7289,GBP,0.750767,752.217511,0.02186699999999997,0.7289,732.5445,0.0,0.0,0.7289,728.9,0.0,2015,9,4,Friday,3,Autumn
EUR/USD,2015-09-04,1.112595,1.116,1.10946,1.112595,USD,1.14597285,1148.1869140499998,0.03337784999999993,1.112595,1118.157975,0.0,0.0,1.112595,1112.595,0.0,2015,9,4,Friday,3,Autumn
EUR/JPY,2015-09-07,132.899994,133.339996,132.738998,132.880005,JPY,136.86640515000002,137130.83635995002,3.9864001500000086,132.880005,133544.40502500001,0.0,0.0,132.880005,132880.005,0.0,2015,9,0,Monday,3,Autumn
EUR/GBP,2015-09-07,0.734,0.7356,0.72986,0.7337,GBP,0.755711,757.171063,0.022011000000000003,0.7337,737.3685,0.0,0.0,0.7337,733.7,0.0,2015,9,0,Monday,3,Autumn
EUR/USD,2015-09-07,1.115897,1.118001,1.11242,1.1152,USD,1.148656,1150.875248,0.03345599999999993,1.1152,1120.776,0.0,0.0,1.1152,1115.2,0.0,2015,9,0,Monday,3,Autumn
EUR/JPY,2015-09-08,133.281006,134.320999,132.970001,133.270004,JPY,137.26810412,137533.31142796,3.9981001200000037,133.270004,133936.35402,0.0,0.0,133.270004,133270.004,0.0,2015,9,1,Tuesday,3,Autumn
EUR/GBP,2015-09-08,0.7303,0.73287,0.72399,0.7306,GBP,0.752518,753.971894,0.021917999999999993,0.7306,734.253,0.0,0.0,0.7306,730.6,0.0,2015,9,1,Tuesday,3,Autumn
EUR/USD,2015-09-08,1.115897,1.123,1.115371,1.116395,USD,1.1498868500000001,1152.10847605,0.0334918500000001,1.116395,1121.976975,0.0,0.0,1.116395,1116.395,0.0,2015,9,1,Tuesday,3,Autumn
EUR/USD,2015-09-09,1.1208,1.121,1.11332,1.120737,USD,1.1543591100000001,1156.58937663,0.03362211000000004,1.120737,1126.3406850000001,0.0,0.0,1.120737,1120.737,0.0,2015,9,2,Wednesday,3,Autumn
EUR/JPY,2015-09-09,134.559998,135.173004,134.240005,134.580002,JPY,138.61740206000002,138885.21626398002,4.03740006000001,134.580002,135252.90201000002,0.0,0.0,134.580002,134580.002,0.0,2015,9,2,Wednesday,3,Autumn
EUR/GBP,2015-09-09,0.72784,0.7295,0.7239,0.7276,GBP,0.7494280000000001,750.875924,0.02182800000000007,0.7276,731.238,0.0,0.0,0.7276,727.6,0.0,2015,9,2,Wednesday,3,Autumn
EUR/JPY,2015-09-10,134.869003,136.020004,134.755005,134.931,JPY,138.97893000000002,139247.44269000003,4.047930000000008,134.931,135605.655,0.0,0.0,134.931,134931.0,0.0,2015,9,3,Thursday,3,Autumn
EUR/USD,2015-09-10,1.121944,1.128,1.117489,1.12207,USD,1.1557320999999998,1157.9650192999998,0.03366209999999992,1.12207,1127.6803499999999,0.0,0.0,1.12207,1122.07,0.0,2015,9,3,Thursday,3,Autumn
EUR/GBP,2015-09-10,0.73046,0.73171,0.72438,0.7304,GBP,0.7523120000000001,753.7654960000001,0.021912000000000043,0.7304,734.0520000000001,0.0,0.0,0.7304,730.4000000000001,0.0,2015,9,3,Thursday,3,Autumn
EUR/USD,2015-09-11,1.128286,1.13422,1.12558,1.129089,USD,1.16296167,1165.2085571100001,0.03387267000000005,1.129089,1134.734445,0.0,0.0,1.129089,1129.089,0.0,2015,9,4,Friday,3,Autumn
EUR/JPY,2015-09-11,136.126007,136.830002,135.714005,136.104996,JPY,140.18814588,140458.99482204,4.083149880000008,136.104996,136785.52098,0.0,0.0,136.104996,136104.996,0.0,2015,9,4,Friday,3,Autumn
EUR/GBP,2015-09-11,0.7306,0.73493,0.72954,0.73077,GBP,0.7526931,754.1473322999999,0.021923099999999973,0.73077,734.42385,0.0,0.0,0.73077,730.77,0.0,2015,9,4,Friday,3,Autumn
EUR/JPY,2015-09-14,137.0,137.0,135.529999,136.996994,JPY,141.10690382,141379.52783806002,4.109909820000013,136.996994,137681.97897,0.0,0.0,136.996994,136996.994,0.0,2015,9,0,Monday,3,Autumn
EUR/USD,2015-09-14,1.134404,1.13721,1.12877,1.134404,USD,1.16843612,1170.69358396,0.03403212,1.134404,1140.07602,0.0,0.0,1.134404,1134.404,0.0,2015,9,0,Monday,3,Autumn
EUR/GBP,2015-09-14,0.73423,0.73561,0.73239,0.73424,GBP,0.7562672,757.7283376,0.022027200000000025,0.73424,737.9112,0.0,0.0,0.73424,734.24,0.0,2015,9,0,Monday,3,Autumn
EUR/JPY,2015-09-15,136.089996,136.403,135.001007,136.098999,JPY,140.18196896999999,140452.80597801,4.0829699699999935,136.098999,136779.49399499997,0.0,0.0,136.098999,136098.99899999998,0.0,2015,9,1,Tuesday,3,Autumn
EUR/GBP,2015-09-15,0.7331,0.73533,0.7313,0.7329,GBP,0.754887,756.345471,0.02198699999999998,0.7329,736.5645,0.0,0.0,0.7329,732.9,0.0,2015,9,1,Tuesday,3,Autumn
EUR/USD,2015-09-15,1.131094,1.133003,1.12598,1.130761,USD,1.16468383,1166.93404439,0.03392283000000007,1.130761,1136.414805,0.0,0.0,1.130761,1130.761,0.0,2015,9,1,Tuesday,3,Autumn
EUR/GBP,2015-09-16,0.7345,0.73582,0.7268,0.7344,GBP,0.7564320000000001,757.8934560000001,0.02203200000000005,0.7344,738.0720000000001,0.0,0.0,0.7344,734.4000000000001,0.0,2015,9,2,Wednesday,3,Autumn
EUR/JPY,2015-09-16,135.690002,136.315994,135.130005,135.740005,JPY,139.81220515,140082.32775995,4.072200150000015,135.740005,136418.705025,0.0,0.0,135.740005,135740.005,0.0,2015,9,2,Wednesday,3,Autumn
EUR/USD,2015-09-16,1.127294,1.13116,1.1215,1.12718,USD,1.1609954,1163.2384882000001,0.03381539999999994,1.12718,1132.8159,0.0,0.0,1.12718,1127.18,0.0,2015,9,2,Wednesday,3,Autumn
EUR/GBP,2015-09-17,0.72776,0.73129,0.7276,0.7276,GBP,0.7494280000000001,750.875924,0.02182800000000007,0.7276,731.238,0.0,0.0,0.7276,727.6,0.0,2015,9,3,Thursday,3,Autumn
EUR/JPY,2015-09-17,136.095001,137.069,136.095001,136.100998,JPY,140.18402794000002,140454.86892602002,4.083029940000017,136.100998,136781.50298999998,0.0,0.0,136.100998,136100.998,0.0,2015,9,3,Thursday,3,Autumn
EUR/USD,2015-09-17,1.129395,1.134,1.128796,1.129203,USD,1.16307909,1165.3262039700003,0.033876090000000136,1.129203,1134.849015,0.0,0.0,1.129203,1129.203,0.0,2015,9,3,Thursday,3,Autumn
EUR/GBP,2015-09-18,0.7322,0.734,0.72899,0.73225,GBP,0.7542175,755.6746774999999,0.02196750000000003,0.73225,735.91125,0.0,0.0,0.73225,732.25,0.0,2015,9,4,Friday,3,Autumn
EUR/JPY,2015-09-18,136.899994,137.067993,136.054001,136.858002,JPY,140.96374206000002,141236.08948398003,4.1057400600000165,136.858002,137542.29201,0.0,0.0,136.858002,136858.002,0.0,2015,9,4,Friday,3,Autumn
EUR/USD,2015-09-18,1.140602,1.146,1.13517,1.140095,USD,1.17429785,1176.56663905,0.03420285000000001,1.140095,1145.7954750000001,0.0,0.0,1.140095,1140.095,0.0,2015,9,4,Friday,3,Autumn
EUR/GBP,2015-09-21,0.7269,0.72845,0.72147,0.7271,GBP,0.7489129999999999,750.3599289999999,0.02181299999999997,0.7271,730.7355,0.0,0.0,0.7271,727.1,0.0,2015,9,0,Monday,3,Autumn
EUR/USD,2015-09-21,1.129305,1.132999,1.118391,1.129203,USD,1.16307909,1165.3262039700003,0.033876090000000136,1.129203,1134.849015,0.0,0.0,1.129203,1129.203,0.0,2015,9,0,Monday,3,Autumn
EUR/JPY,2015-09-21,135.425003,136.117004,134.848999,135.490005,JPY,139.55470515,139824.33025995,4.064700149999993,135.490005,136167.455025,0.0,0.0,135.490005,135490.005,0.0,2015,9,0,Monday,3,Autumn
EUR/GBP,2015-09-22,0.7214,0.7256,0.71975,0.7215,GBP,0.7431450000000001,744.5807850000001,0.021645000000000025,0.7215,725.1075,0.0,0.0,0.7215,721.5,0.0,2015,9,1,Tuesday,3,Autumn
EUR/JPY,2015-09-22,134.796997,134.906006,133.5,134.832001,JPY,138.87696103,139145.27671198998,4.044960029999999,134.832001,135506.161005,0.0,0.0,134.832001,134832.001,0.0,2015,9,1,Tuesday,3,Autumn
EUR/USD,2015-09-22,1.119094,1.121,1.11308,1.119094,USD,1.15266682,1154.8938170600002,0.03357282000000006,1.119094,1124.68947,0.0,0.0,1.119094,1119.094,0.0,2015,9,1,Tuesday,3,Autumn
EUR/JPY,2015-09-23,133.559998,134.673996,133.149994,133.520004,JPY,137.52560412,137791.30892796,4.005600119999997,133.520004,134187.60402,0.0,0.0,133.520004,133520.004,0.0,2015,9,2,Wednesday,3,Autumn
EUR/GBP,2015-09-23,0.7244,0.7334,0.72348,0.7242,GBP,0.745926,747.3671579999999,0.021726000000000023,0.7242,727.8209999999999,0.0,0.0,0.7242,724.1999999999999,0.0,2015,9,2,Wednesday,3,Autumn
EUR/USD,2015-09-23,1.112199,1.11906,1.110679,1.112075,USD,1.1454372499999999,1147.65027925,0.03336224999999993,1.112075,1117.6353749999998,0.0,0.0,1.112075,1112.0749999999998,0.0,2015,9,2,Wednesday,3,Autumn
EUR/JPY,2015-09-24,134.470001,134.742996,134.009995,134.479996,JPY,138.51439588,138782.01107203998,4.034399879999995,134.479996,135152.39598,0.0,0.0,134.479996,134479.996,0.0,2015,9,3,Thursday,3,Autumn
EUR/GBP,2015-09-24,0.7334,0.74091,0.7322,0.7336,GBP,0.7556080000000001,757.0678640000001,0.022008000000000028,0.7336,737.268,0.0,0.0,0.7336,733.6,0.0,2015,9,3,Thursday,3,Autumn
EUR/USD,2015-09-24,1.118806,1.12961,1.11667,1.118994,USD,1.1525638200000001,1154.79061806,0.033569820000000083,1.118994,1124.5889700000002,0.0,0.0,1.118994,1118.9940000000001,0.0,2015,9,3,Thursday,3,Autumn
EUR/GBP,2015-09-25,0.73408,0.73943,0.7303,0.73408,GBP,0.7561024,757.5632191999999,0.022022399999999998,0.73408,737.7503999999999,0.0,0.0,0.73408,734.0799999999999,0.0,2015,9,4,Friday,3,Autumn
EUR/USD,2015-09-25,1.118118,1.120439,1.11183,1.117893,USD,1.1514297900000001,1153.6543970700002,0.033536790000000094,1.117893,1123.482465,0.0,0.0,1.117893,1117.893,0.0,2015,9,4,Friday,3,Autumn
EUR/JPY,2015-09-25,134.468994,135.335007,134.119995,134.401001,JPY,138.43303103000002,138700.48902199,4.032030030000016,134.401001,135073.00600500003,0.0,0.0,134.401001,134401.00100000002,0.0,2015,9,4,Friday,3,Autumn
EUR/USD,2015-09-28,1.120047,1.12414,1.11521,1.120172,USD,1.15377716,1156.0063022799998,0.03360516000000002,1.120172,1125.77286,0.0,0.0,1.120172,1120.172,0.0,2015,9,0,Monday,3,Autumn
EUR/JPY,2015-09-28,134.807007,134.873993,133.945999,134.820999,JPY,138.86562897000002,139133.92275801,4.044629970000017,134.820999,135495.103995,0.0,0.0,134.820999,134820.999,0.0,2015,9,0,Monday,3,Autumn
EUR/GBP,2015-09-28,0.7367,0.73906,0.73389,0.73671,GBP,0.7588113,760.2773529,0.02210129999999999,0.73671,740.3935499999999,0.0,0.0,0.73671,736.7099999999999,0.0,2015,9,0,Monday,3,Autumn
EUR/GBP,2015-09-29,0.7405,0.74354,0.73823,0.7405,GBP,0.762715,764.1885950000001,0.022214999999999985,0.7405,744.2025,0.0,0.0,0.7405,740.5,0.0,2015,9,1,Tuesday,3,Autumn
EUR/USD,2015-09-29,1.123356,1.12803,1.11948,1.123103,USD,1.15679609,1159.03106497,0.03369309000000009,1.123103,1128.718515,0.0,0.0,1.123103,1123.103,0.0,2015,9,1,Tuesday,3,Autumn
EUR/JPY,2015-09-29,134.556,134.940002,134.229996,134.576996,JPY,138.61430588000002,138882.11410204004,4.037309880000009,134.576996,135249.88098000002,0.0,0.0,134.576996,134576.996,0.0,2015,9,1,Tuesday,3,Autumn
EUR/JPY,2015-09-30,134.869995,135.097,133.580002,134.906006,JPY,138.95318618,139221.64913193998,4.047180179999998,134.906006,135580.53603,0.0,0.0,134.906006,134906.006,0.0,2015,9,2,Wednesday,3,Autumn
EUR/USD,2015-09-30,1.125404,1.126202,1.1158,1.125594,USD,1.15936182,1161.60175206,0.033767820000000004,1.125594,1131.22197,0.0,0.0,1.125594,1125.594,0.0,2015,9,2,Wednesday,3,Autumn
EUR/GBP,2015-09-30,0.7423,0.74299,0.7361,0.7424,GBP,0.764672,766.1493760000001,0.02227200000000007,0.7424,746.112,0.0,0.0,0.7424,742.4,0.0,2015,9,2,Wednesday,3,Autumn
EUR/JPY,2015-10-01,133.895004,134.220993,133.457993,133.863007,JPY,137.87889721000002,138145.28459393003,4.015890210000009,133.863007,134532.32203500002,0.0,0.0,133.863007,133863.007,0.0,2015,10,3,Thursday,4,Autumn
EUR/USD,2015-10-01,1.117156,1.121,1.113896,1.117206,USD,1.15072218,1152.94541994,0.03351618000000012,1.117206,1122.7920299999998,0.0,0.0,1.117206,1117.206,0.0,2015,10,3,Thursday,4,Autumn
EUR/GBP,2015-10-01,0.73867,0.73959,0.73559,0.73859,GBP,0.7607477,762.2174941,0.022157700000000058,0.73859,742.2829499999999,0.0,0.0,0.73859,738.5899999999999,0.0,2015,10,3,Thursday,4,Autumn
EUR/USD,2015-10-02,1.119495,1.13153,1.11518,1.119344,USD,1.15292432,1155.1518145599998,0.03358032,1.119344,1124.9407199999998,0.0,0.0,1.119344,1119.3439999999998,0.0,2015,10,4,Friday,4,Autumn
EUR/GBP,2015-10-02,0.7393,0.7441,0.7355,0.7393,GBP,0.761479,762.9502070000001,0.02217900000000006,0.7393,742.9965,0.0,0.0,0.7393,739.3,0.0,2015,10,4,Friday,4,Autumn
EUR/JPY,2015-10-02,134.117996,134.699997,133.987,134.089996,JPY,138.11269588000002,138379.53497204,4.022699880000005,134.089996,134760.44598000002,0.0,0.0,134.089996,134089.996,0.0,2015,10,4,Friday,4,Autumn
EUR/USD,2015-10-05,1.122146,1.128799,1.119695,1.1227,USD,1.156381,1158.6151730000001,0.03368100000000007,1.1227,1128.3135,0.0,0.0,1.1227,1122.7,0.0,2015,10,0,Monday,4,Autumn
EUR/GBP,2015-10-05,0.73874,0.74224,0.7376,0.7388,GBP,0.7609640000000001,762.434212,0.022164000000000073,0.7388,742.494,0.0,0.0,0.7388,738.8000000000001,0.0,2015,10,0,Monday,4,Autumn
EUR/JPY,2015-10-05,134.639999,135.699005,134.578003,134.647003,JPY,138.68641309,138954.36062597,4.03941008999999,134.647003,135320.23801500004,0.0,0.0,134.647003,134647.00300000003,0.0,2015,10,0,Monday,4,Autumn
EUR/JPY,2015-10-06,134.865005,135.524002,134.406998,134.850006,JPY,138.89550618,139163.85769194004,4.045500180000005,134.850006,135524.25603,0.0,0.0,134.850006,134850.006,0.0,2015,10,1,Tuesday,4,Autumn
EUR/USD,2015-10-06,1.119796,1.128,1.117606,1.11952,USD,1.1531056000000002,1155.3334448,0.033585600000000104,1.11952,1125.1176,0.0,0.0,1.11952,1119.52,0.0,2015,10,1,Tuesday,4,Autumn
EUR/GBP,2015-10-06,0.7388,0.74056,0.7369,0.73872,GBP,0.7608816,762.3516528,0.022161600000000004,0.73872,742.4136,0.0,0.0,0.73872,738.72,0.0,2015,10,1,Tuesday,4,Autumn
EUR/JPY,2015-10-07,135.496002,135.619995,134.610992,135.470001,JPY,139.53410103,139803.68633199,4.064100029999992,135.470001,136147.35100499997,0.0,0.0,135.470001,135470.001,0.0,2015,10,2,Wednesday,4,Autumn
EUR/GBP,2015-10-07,0.73998,0.74033,0.7334,0.73995,GBP,0.7621485,763.6210005,0.02219850000000001,0.73995,743.64975,0.0,0.0,0.73995,739.95,0.0,2015,10,2,Wednesday,4,Autumn
EUR/USD,2015-10-07,1.127294,1.128426,1.121419,1.126799,USD,1.1606029700000002,1162.84530001,0.03380397000000013,1.126799,1132.4329950000001,0.0,0.0,1.126799,1126.7990000000002,0.0,2015,10,2,Wednesday,4,Autumn
EUR/GBP,2015-10-08,0.7338,0.7377,0.7335,0.7337,GBP,0.755711,757.171063,0.022011000000000003,0.7337,737.3685,0.0,0.0,0.7337,733.7,0.0,2015,10,3,Thursday,4,Autumn
EUR/JPY,2015-10-08,134.800003,135.453995,134.720001,134.764008,JPY,138.80692824,139075.10861591998,4.042920240000001,134.764008,135437.82804,0.0,0.0,134.764008,134764.008,0.0,2015,10,3,Thursday,4,Autumn
EUR/USD,2015-10-08,1.124202,1.13131,1.123974,1.124,USD,1.15772,1159.95676,0.03371999999999997,1.124,1129.62,0.0,0.0,1.124,1124.0,0.0,2015,10,3,Thursday,4,Autumn
EUR/USD,2015-10-09,1.128605,1.13787,1.127002,1.128694,USD,1.1625548200000002,1164.8009210600003,0.033860820000000125,1.128694,1134.3374700000002,0.0,0.0,1.128694,1128.6940000000002,0.0,2015,10,4,Friday,4,Autumn
EUR/GBP,2015-10-09,0.73509,0.74275,0.7336,0.735,GBP,0.75705,758.51265,0.022050000000000014,0.735,738.675,0.0,0.0,0.735,735.0,0.0,2015,10,4,Friday,4,Autumn
EUR/JPY,2015-10-09,135.339996,136.858002,135.069,135.322998,JPY,139.38268794,139651.98070602,4.059689939999998,135.322998,135999.61299000002,0.0,0.0,135.322998,135322.99800000002,0.0,2015,10,4,Friday,4,Autumn
EUR/JPY,2015-10-12,136.548996,136.932007,136.220001,136.619995,JPY,140.71859485,140990.46864005,4.098599849999999,136.619995,137303.09497499999,0.0,0.0,136.619995,136619.995,0.0,2015,10,0,Monday,4,Autumn
EUR/USD,2015-10-12,1.136906,1.14,1.13584,1.136997,USD,1.17110691,1173.36953403,0.034109909999999966,1.136997,1142.6819850000002,0.0,0.0,1.136997,1136.997,0.0,2015,10,0,Monday,4,Autumn
EUR/GBP,2015-10-12,0.7418,0.74245,0.73969,0.7418,GBP,0.764054,765.530182,0.022253999999999996,0.7418,745.509,0.0,0.0,0.7418,741.8000000000001,0.0,2015,10,0,Monday,4,Autumn
EUR/GBP,2015-10-13,0.7403,0.7492,0.73928,0.7403,GBP,0.762509,763.982197,0.022209000000000034,0.7403,744.0015,0.0,0.0,0.7403,740.3,0.0,2015,10,1,Tuesday,4,Autumn
EUR/JPY,2015-10-13,136.304001,136.591003,136.018005,136.289993,JPY,140.37869279,140649.90987607,4.088699789999993,136.289993,136971.44296500002,0.0,0.0,136.289993,136289.99300000002,0.0,2015,10,1,Tuesday,4,Autumn
EUR/USD,2015-10-13,1.135396,1.141,1.1347,1.135551,USD,1.16961753,1171.87727649,0.03406653000000004,1.135551,1141.2287549999999,0.0,0.0,1.135551,1135.551,0.0,2015,10,1,Tuesday,4,Autumn
EUR/JPY,2015-10-14,136.339996,136.610001,136.145004,136.289993,JPY,140.37869279,140649.90987607,4.088699789999993,136.289993,136971.44296500002,0.0,0.0,136.289993,136289.99300000002,0.0,2015,10,2,Wednesday,4,Autumn
EUR/GBP,2015-10-14,0.7462,0.74726,0.7402,0.7461,GBP,0.768483,769.967739,0.022383000000000042,0.7461,749.8305,0.0,0.0,0.7461,746.1,0.0,2015,10,2,Wednesday,4,Autumn
EUR/USD,2015-10-14,1.138511,1.145001,1.138511,1.138498,USD,1.17265294,1174.9185510200002,0.03415494000000008,1.138498,1144.19049,0.0,0.0,1.138498,1138.498,0.0,2015,10,2,Wednesday,4,Autumn
EUR/JPY,2015-10-15,136.363007,136.720001,134.800003,136.350006,JPY,140.44050618,140711.84269194,4.090500179999992,136.350006,137031.75603,0.0,0.0,136.350006,136350.006,0.0,2015,10,3,Thursday,4,Autumn
EUR/GBP,2015-10-15,0.74145,0.74233,0.73589,0.7413,GBP,0.763539,765.014187,0.02223900000000001,0.7413,745.0065,0.0,0.0,0.7413,741.3,0.0,2015,10,3,Thursday,4,Autumn
EUR/USD,2015-10-15,1.1475,1.14942,1.13653,1.147552,USD,1.18197856,1184.2621884799998,0.034426559999999995,1.147552,1153.28976,0.0,0.0,1.147552,1147.552,0.0,2015,10,3,Thursday,4,Autumn
EUR/GBP,2015-10-16,0.7346,0.73665,0.73379,0.7346,GBP,0.756638,758.099854,0.022038000000000002,0.7346,738.273,0.0,0.0,0.7346,734.6,0.0,2015,10,4,Friday,4,Autumn
EUR/JPY,2015-10-16,135.339996,135.869003,134.960007,135.330002,JPY,139.38990206,139659.20876398,4.05990005999999,135.330002,136006.65201000002,0.0,0.0,135.330002,135330.002,0.0,2015,10,4,Friday,4,Autumn
EUR/USD,2015-10-16,1.136699,1.14,1.13394,1.136816,USD,1.1709204800000002,1173.1827438400003,0.034104480000000104,1.136816,1142.50008,0.0,0.0,1.136816,1136.816,0.0,2015,10,4,Friday,4,Autumn
EUR/GBP,2015-10-19,0.7358,0.73721,0.73031,0.7356,GBP,0.757668,759.131844,0.022067999999999977,0.7356,739.278,0.0,0.0,0.7356,735.6,0.0,2015,10,0,Monday,4,Autumn
EUR/USD,2015-10-19,1.136002,1.138,1.130849,1.136105,USD,1.17018815,1172.44899895,0.03408315000000006,1.136105,1141.785525,0.0,0.0,1.136105,1136.105,0.0,2015,10,0,Monday,4,Autumn
EUR/JPY,2015-10-19,135.470001,135.759995,135.080002,135.490005,JPY,139.55470515,139824.33025995,4.064700149999993,135.490005,136167.455025,0.0,0.0,135.490005,135490.005,0.0,2015,10,0,Monday,4,Autumn
EUR/USD,2015-10-20,1.133196,1.139,1.13258,1.132901,USD,1.16688803,1169.1425029900001,0.03398703000000003,1.132901,1138.5655049999998,0.0,0.0,1.132901,1132.9009999999998,0.0,2015,10,1,Tuesday,4,Autumn
EUR/JPY,2015-10-20,135.360001,136.209,135.259995,135.360001,JPY,139.42080103,139690.16743199,4.060800029999996,135.360001,136036.80100500002,0.0,0.0,135.360001,135360.00100000002,0.0,2015,10,1,Tuesday,4,Autumn
EUR/GBP,2015-10-20,0.73216,0.73548,0.73142,0.7322,GBP,0.754166,755.6230780000001,0.02196600000000004,0.7322,735.8609999999999,0.0,0.0,0.7322,732.1999999999999,0.0,2015,10,1,Tuesday,4,Autumn
EUR/USD,2015-10-21,1.135602,1.1378,1.1338,1.135396,USD,1.1694578800000002,1171.7173180400002,0.0340618800000001,1.135396,1141.0729800000001,0.0,0.0,1.135396,1135.3960000000002,0.0,2015,10,2,Wednesday,4,Autumn
EUR/JPY,2015-10-21,136.0,136.378006,135.960007,135.990005,JPY,140.06970515,140340.32525994998,4.079700150000008,135.990005,136669.955025,0.0,0.0,135.990005,135990.005,0.0,2015,10,2,Wednesday,4,Autumn
EUR/GBP,2015-10-21,0.73503,0.73725,0.7333,0.7349,GBP,0.756947,758.409451,0.02204700000000004,0.7349,738.5745,0.0,0.0,0.7349,734.9,0.0,2015,10,2,Wednesday,4,Autumn
EUR/USD,2015-10-22,1.1347,1.135203,1.1138,1.134803,USD,1.16884709,1171.10534797,0.03404409000000008,1.134803,1140.4770150000002,0.0,0.0,1.134803,1134.803,0.0,2015,10,3,Thursday,4,Autumn
EUR/JPY,2015-10-22,135.985992,136.050003,134.160995,135.979996,JPY,140.05939588,140329.99607204003,4.079399880000011,135.979996,136659.89598,0.0,0.0,135.979996,135979.996,0.0,2015,10,3,Thursday,4,Autumn
EUR/GBP,2015-10-22,0.7357,0.73578,0.7229,0.7357,GBP,0.7577710000000001,759.235043,0.022071000000000063,0.7357,739.3785,0.0,0.0,0.7357,735.7,0.0,2015,10,3,Thursday,4,Autumn
EUR/USD,2015-10-23,1.108402,1.114094,1.101103,1.108095,USD,1.14133785,1143.5429590499998,0.033242849999999935,1.108095,1113.635475,0.0,0.0,1.108095,1108.095,0.0,2015,10,4,Friday,4,Autumn
EUR/GBP,2015-10-23,0.72034,0.72313,0.71705,0.7201,GBP,0.741703,743.135999,0.02160300000000004,0.7201,723.7004999999999,0.0,0.0,0.7201,720.0999999999999,0.0,2015,10,4,Friday,4,Autumn
EUR/JPY,2015-10-23,133.973007,134.229004,133.434006,133.919998,JPY,137.93759794,138204.09873601998,4.017599939999997,133.919998,134589.59798999998,0.0,0.0,133.919998,133919.998,0.0,2015,10,4,Friday,4,Autumn
EUR/JPY,2015-10-26,133.667007,133.735992,133.156006,133.658997,JPY,137.66876691000002,137934.74831403,4.009769910000017,133.658997,134327.291985,0.0,0.0,133.658997,133658.997,0.0,2015,10,0,Monday,4,Autumn
EUR/USD,2015-10-26,1.102038,1.106,1.1006,1.102038,USD,1.1350991400000001,1137.29219562,0.033061140000000044,1.102038,1107.54819,0.0,0.0,1.102038,1102.038,0.0,2015,10,0,Monday,4,Autumn
EUR/GBP,2015-10-26,0.71948,0.72095,0.7178,0.71943,GBP,0.7410129000000001,742.4445657000001,0.02158290000000007,0.71943,723.0271500000001,0.0,0.0,0.71943,719.4300000000001,0.0,2015,10,0,Monday,4,Autumn
EUR/USD,2015-10-27,1.106097,1.1078,1.1032,1.106599,USD,1.1397969700000001,1141.9991020100001,0.03319797000000002,1.106599,1112.1319950000002,0.0,0.0,1.106599,1106.5990000000002,0.0,2015,10,1,Tuesday,4,Autumn
EUR/GBP,2015-10-27,0.72023,0.72259,0.71917,0.7202,GBP,0.741806,743.2391979999999,0.021606000000000014,0.7202,723.8009999999999,0.0,0.0,0.7202,720.1999999999999,0.0,2015,10,1,Tuesday,4,Autumn
EUR/JPY,2015-10-27,133.761002,133.761002,132.738007,133.776001,JPY,137.78928103,138055.49527199002,4.013280030000004,133.776001,134444.88100500003,0.0,0.0,133.776001,133776.00100000002,0.0,2015,10,1,Tuesday,4,Autumn
EUR/GBP,2015-10-28,0.7204,0.72495,0.7201,0.7206,GBP,0.742218,743.6519940000001,0.021618000000000026,0.7206,724.203,0.0,0.0,0.7206,720.6,0.0,2015,10,2,Wednesday,4,Autumn
EUR/JPY,2015-10-28,132.919998,133.483002,132.716003,132.919006,JPY,136.90657618,137171.08500194,3.987570180000006,132.919006,133583.60103,0.0,0.0,132.919006,132919.006,0.0,2015,10,2,Wednesday,4,Autumn
EUR/USD,2015-10-28,1.103594,1.11,1.102706,1.103704,USD,1.13681512,1139.01149096,0.03311112000000005,1.103704,1109.22252,0.0,0.0,1.103704,1103.704,0.0,2015,10,2,Wednesday,4,Autumn
EUR/GBP,2015-10-29,0.71536,0.719,0.71439,0.7155,GBP,0.7369650000000001,738.3888450000002,0.021465000000000067,0.7155,719.0775,0.0,0.0,0.7155,715.5,0.0,2015,10,3,Thursday,4,Autumn
EUR/JPY,2015-10-29,132.035004,133.016006,131.578003,132.050003,JPY,136.01150309000002,136274.28259597,3.9615000900000155,132.050003,132710.253015,0.0,0.0,132.050003,132050.003,0.0,2015,10,3,Thursday,4,Autumn
EUR/USD,2015-10-29,1.092598,1.0982,1.091,1.092896,USD,1.12568288,1127.85774304,0.03278687999999996,1.092896,1098.3604800000003,0.0,0.0,1.092896,1092.8960000000002,0.0,2015,10,3,Thursday,4,Autumn
EUR/GBP,2015-10-30,0.7171,0.71984,0.7156,0.71744,GBP,0.7389631999999999,740.3909055999999,0.021523199999999965,0.71744,721.0272,0.0,0.0,0.71744,717.4399999999999,0.0,2015,10,4,Friday,4,Autumn
EUR/USD,2015-10-30,1.099203,1.1072,1.096996,1.099384,USD,1.13236552,1134.55329416,0.0329815200000001,1.099384,1104.88092,0.0,0.0,1.099384,1099.384,0.0,2015,10,4,Friday,4,Autumn
EUR/JPY,2015-10-30,133.003006,133.365005,132.389999,133.009995,JPY,137.00029485000002,137264.98474005001,3.9902998500000137,133.009995,133675.044975,0.0,0.0,133.009995,133009.995,0.0,2015,10,4,Friday,4,Autumn
EUR/USD,2015-11-02,1.102499,1.106,1.100401,1.102597,USD,1.13567491,1137.86907803,0.033077910000000044,1.102597,1108.109985,0.0,0.0,1.102597,1102.597,0.0,2015,11,0,Monday,4,Autumn
EUR/GBP,2015-11-02,0.7139,0.7159,0.7109,0.7138,GBP,0.735214,736.6344620000001,0.021414000000000044,0.7138,717.3689999999999,0.0,0.0,0.7138,713.8,0.0,2015,11,0,Monday,4,Autumn
EUR/JPY,2015-11-02,132.837006,133.182999,132.619003,132.830994,JPY,136.81592382,137080.25749806,3.9849298199999907,132.830994,133495.14897,0.0,0.0,132.830994,132830.994,0.0,2015,11,0,Monday,4,Autumn
EUR/JPY,2015-11-03,133.041,133.110001,132.539001,133.042007,JPY,137.03326721000002,137298.02080393003,3.991260210000007,133.042007,133707.217035,0.0,0.0,133.042007,133042.007,0.0,2015,11,1,Tuesday,4,Autumn
EUR/USD,2015-11-03,1.101698,1.1032,1.0938,1.101601,USD,1.13464903,1136.8412159900001,0.033048030000000006,1.101601,1107.109005,0.0,0.0,1.101601,1101.601,0.0,2015,11,1,Tuesday,4,Autumn
EUR/GBP,2015-11-03,0.71417,0.71465,0.7109,0.71421,GBP,0.7356363,737.0575779,0.02142630000000001,0.71421,717.78105,0.0,0.0,0.71421,714.21,0.0,2015,11,1,Tuesday,4,Autumn
EUR/USD,2015-11-04,1.096503,1.096696,1.0848,1.096395,USD,1.12928685,1131.4686760499999,0.032891849999999945,1.096395,1101.876975,0.0,0.0,1.096395,1096.395,0.0,2015,11,2,Wednesday,4,Autumn
EUR/JPY,2015-11-04,132.729996,132.882004,131.845001,132.727005,JPY,136.70881515,136972.94188995,3.981810150000001,132.727005,133390.640025,0.0,0.0,132.727005,132727.005,0.0,2015,11,2,Wednesday,4,Autumn
EUR/GBP,2015-11-04,0.71092,0.71099,0.7055,0.71092,GBP,0.7322476,733.6623308000001,0.021327600000000002,0.71092,714.4746,0.0,0.0,0.71092,710.92,0.0,2015,11,2,Wednesday,4,Autumn
EUR/USD,2015-11-05,1.086602,1.09,1.083705,1.086803,USD,1.11940709,1121.56982797,0.032604089999999974,1.086803,1092.237015,0.0,0.0,1.086803,1086.8029999999999,0.0,2015,11,3,Thursday,4,Autumn
EUR/JPY,2015-11-05,131.998001,132.692001,131.860992,132.007996,JPY,135.96823588,136230.93179204004,3.9602398800000174,132.007996,132668.03598,0.0,0.0,132.007996,132007.99599999998,0.0,2015,11,3,Thursday,4,Autumn
EUR/GBP,2015-11-05,0.70599,0.71481,0.7043,0.70606,GBP,0.7272418,728.6468594,0.02118180000000003,0.70606,709.5903000000001,0.0,0.0,0.70606,706.0600000000001,0.0,2015,11,3,Thursday,4,Autumn
EUR/GBP,2015-11-06,0.71539,0.71963,0.71146,0.7154,GBP,0.736862,738.2856459999999,0.02146199999999998,0.7154,718.9770000000001,0.0,0.0,0.7154,715.4000000000001,0.0,2015,11,4,Friday,4,Autumn
EUR/USD,2015-11-06,1.088495,1.089503,1.071168,1.0884,USD,1.1210520000000002,1123.217916,0.032652000000000125,1.0884,1093.842,0.0,0.0,1.0884,1088.4,0.0,2015,11,4,Friday,4,Autumn
EUR/JPY,2015-11-06,132.442993,132.707001,131.643997,132.429993,JPY,136.40289279,136666.42847607002,3.972899790000014,132.429993,133092.14296499998,0.0,0.0,132.429993,132429.993,0.0,2015,11,4,Friday,4,Autumn
EUR/USD,2015-11-09,1.073238,1.079,1.072996,1.073341,USD,1.10554123,1107.67717859,0.03220022999999994,1.073341,1078.707705,0.0,0.0,1.073341,1073.3410000000001,0.0,2015,11,0,Monday,4,Autumn
EUR/GBP,2015-11-09,0.7126,0.71534,0.7109,0.71303,GBP,0.7344209,735.8398297000001,0.02139089999999999,0.71303,716.5951500000001,0.0,0.0,0.71303,713.0300000000001,0.0,2015,11,0,Monday,4,Autumn
EUR/JPY,2015-11-09,132.175995,133.173004,132.175995,132.229996,JPY,136.19689588,136460.03357204,3.9668998799999997,132.229996,132891.14598,0.0,0.0,132.229996,132229.996,0.0,2015,11,0,Monday,4,Autumn
EUR/GBP,2015-11-10,0.7115,0.71262,0.7067,0.71152,GBP,0.7328656000000001,734.2815248,0.021345600000000076,0.71152,715.0776000000001,0.0,0.0,0.71152,711.5200000000001,0.0,2015,11,1,Tuesday,4,Autumn
EUR/JPY,2015-11-10,132.397995,132.766006,131.740005,132.408005,JPY,136.38024515,136643.73707995,3.9722401500000046,132.408005,133070.045025,0.0,0.0,132.408005,132408.005,0.0,2015,11,1,Tuesday,4,Autumn
EUR/USD,2015-11-10,1.075975,1.076276,1.0676,1.075951,USD,1.1082295300000002,1110.3706724900003,0.03227853000000014,1.075951,1081.330755,0.0,0.0,1.075951,1075.951,0.0,2015,11,1,Tuesday,4,Autumn
EUR/USD,2015-11-11,1.073802,1.077296,1.0708,1.073756,USD,1.10596868,1108.10545444,0.032212679999999994,1.073756,1079.1247799999999,0.0,0.0,1.073756,1073.7559999999999,0.0,2015,11,2,Wednesday,4,Autumn
EUR/GBP,2015-11-11,0.7092,0.71013,0.70534,0.7091,GBP,0.7303729999999999,731.784109,0.021272999999999986,0.7091,712.6454999999999,0.0,0.0,0.7091,709.0999999999999,0.0,2015,11,2,Wednesday,4,Autumn
EUR/JPY,2015-11-11,132.153,132.389999,131.740005,132.154999,JPY,136.11964897000001,136382.63741801,3.9646499700000106,132.154999,132815.77399500003,0.0,0.0,132.154999,132154.999,0.0,2015,11,2,Wednesday,4,Autumn
EUR/JPY,2015-11-12,132.119995,132.565002,131.522995,132.100006,JPY,136.06300618,136325.88519194,3.9630001799999945,132.100006,132760.50603,0.0,0.0,132.100006,132100.006,0.0,2015,11,3,Thursday,4,Autumn
EUR/USD,2015-11-12,1.076496,1.08,1.0694,1.076299,USD,1.1085879699999999,1110.7298050099998,0.03228896999999997,1.076299,1081.680495,0.0,0.0,1.076299,1076.299,0.0,2015,11,3,Thursday,4,Autumn
EUR/GBP,2015-11-12,0.70701,0.70911,0.70432,0.70695,GBP,0.7281584999999999,729.5653304999998,0.021208499999999963,0.70695,710.48475,0.0,0.0,0.70695,706.9499999999999,0.0,2015,11,3,Thursday,4,Autumn
EUR/USD,2015-11-13,1.080894,1.081105,1.0722,1.081502,USD,1.11394706,1116.09924898,0.03244506000000014,1.081502,1086.90951,0.0,0.0,1.081502,1081.502,0.0,2015,11,4,Friday,4,Autumn
EUR/JPY,2015-11-13,132.496002,132.5,131.576004,132.509995,JPY,136.48529485,136748.98974005002,3.975299849999999,132.509995,133172.544975,0.0,0.0,132.509995,132509.995,0.0,2015,11,4,Friday,4,Autumn
EUR/GBP,2015-11-13,0.7095,0.70976,0.70426,0.7096,GBP,0.730888,732.300104,0.021287999999999974,0.7096,713.148,0.0,0.0,0.7096,709.6,0.0,2015,11,4,Friday,4,Autumn
EUR/USD,2015-11-16,1.070102,1.076,1.070102,1.069999,USD,1.10209897,1104.22826801,0.03209996999999998,1.069999,1075.348995,0.0,0.0,1.069999,1069.999,0.0,2015,11,0,Monday,4,Autumn
EUR/GBP,2015-11-16,0.703,0.70778,0.703,0.70306,GBP,0.7241518,725.5508894,0.021091799999999994,0.70306,706.5753000000001,0.0,0.0,0.70306,703.0600000000001,0.0,2015,11,0,Monday,4,Autumn
EUR/JPY,2015-11-16,130.863007,132.186005,130.863007,130.899994,JPY,134.82699381999998,135087.48480805996,3.926999819999992,130.899994,131554.49396999998,0.0,0.0,130.899994,130899.99399999999,0.0,2015,11,0,Monday,4,Autumn
EUR/USD,2015-11-17,1.068901,1.069198,1.064401,1.068799,USD,1.10086297,1102.9898800100002,0.03206397000000005,1.068799,1074.142995,0.0,0.0,1.068799,1068.799,0.0,2015,11,1,Tuesday,4,Autumn
EUR/GBP,2015-11-17,0.703,0.70326,0.69989,0.70301,GBP,0.7241003,725.4992899,0.021090300000000006,0.70301,706.52505,0.0,0.0,0.70301,703.01,0.0,2015,11,1,Tuesday,4,Autumn
EUR/JPY,2015-11-17,131.720001,131.759995,131.195999,131.722,JPY,135.67366,135935.78678,3.951660000000004,131.722,132380.61,0.0,0.0,131.722,131722.0,0.0,2015,11,1,Tuesday,4,Autumn
EUR/USD,2015-11-18,1.064396,1.0692,1.06323,1.064385,USD,1.0963165499999998,1098.4346761499999,0.03193154999999992,1.064385,1069.706925,0.0,0.0,1.064385,1064.385,0.0,2015,11,2,Wednesday,4,Autumn
EUR/JPY,2015-11-18,131.376007,131.766006,131.089996,131.369995,JPY,135.31109485,135572.52114005,3.9410998500000005,131.369995,132026.84497499999,0.0,0.0,131.369995,131369.995,0.0,2015,11,2,Wednesday,4,Autumn
EUR/GBP,2015-11-18,0.69943,0.70193,0.6991,0.69941,GBP,0.7203923,721.7841258999999,0.02098230000000001,0.69941,702.9070499999999,0.0,0.0,0.69941,699.41,0.0,2015,11,2,Wednesday,4,Autumn
EUR/GBP,2015-11-19,0.70023,0.70187,0.69813,0.7001,GBP,0.7211029999999999,722.4961989999999,0.021002999999999994,0.7001,703.6004999999999,0.0,0.0,0.7001,700.0999999999999,0.0,2015,11,3,Thursday,4,Autumn
EUR/JPY,2015-11-19,131.807999,132.210007,131.429993,131.796997,JPY,135.75090691,136013.18293403,3.953909909999993,131.796997,132455.981985,0.0,0.0,131.796997,131796.997,0.0,2015,11,3,Thursday,4,Autumn
EUR/USD,2015-11-19,1.067304,1.0734,1.067,1.066997,USD,1.09900691,1101.13023403,0.032009909999999975,1.066997,1072.331985,0.0,0.0,1.066997,1066.997,0.0,2015,11,3,Thursday,4,Autumn
EUR/GBP,2015-11-20,0.70165,0.70193,0.6985,0.7016,GBP,0.7226480000000001,724.044184,0.021048000000000067,0.7016,705.1080000000001,0.0,0.0,0.7016,701.6,0.0,2015,11,4,Friday,4,Autumn
EUR/JPY,2015-11-20,131.826004,131.830002,131.009003,131.820007,JPY,135.77460721,136036.92902393,3.9546002099999953,131.820007,132479.10703500002,0.0,0.0,131.820007,131820.007,0.0,2015,11,4,Friday,4,Autumn
EUR/USD,2015-11-20,1.072697,1.073001,1.066401,1.072616,USD,1.10479448,1106.92898584,0.03217848000000001,1.072616,1077.97908,0.0,0.0,1.072616,1072.616,0.0,2015,11,4,Friday,4,Autumn
EUR/GBP,2015-11-23,0.7003,0.7029,0.6991,0.70035,GBP,0.7213605000000001,722.7541965000001,0.021010500000000043,0.70035,703.85175,0.0,0.0,0.70035,700.35,0.0,2015,11,0,Monday,4,Autumn
EUR/JPY,2015-11-23,130.759995,131.020004,130.552002,130.768997,JPY,134.69206691000002,134952.29721403003,3.9230699100000095,130.768997,131422.841985,0.0,0.0,130.768997,130768.99700000002,0.0,2015,11,0,Monday,4,Autumn
EUR/USD,2015-11-23,1.064,1.0654,1.060299,1.064101,USD,1.09602403,1098.14159099,0.03192302999999996,1.064101,1069.4215049999998,0.0,0.0,1.064101,1064.1009999999999,0.0,2015,11,0,Monday,4,Autumn
EUR/GBP,2015-11-24,0.70317,0.70788,0.70149,0.70335,GBP,0.7244505,725.8501665,0.021100499999999967,0.70335,706.86675,0.0,0.0,0.70335,703.35,0.0,2015,11,1,Tuesday,4,Autumn
EUR/JPY,2015-11-24,130.770004,130.770004,130.210999,130.781998,JPY,134.70545794,134965.71411601998,3.923459940000015,130.781998,131435.90798999998,0.0,0.0,130.781998,130781.99799999999,0.0,2015,11,1,Tuesday,4,Autumn
EUR/USD,2015-11-24,1.063898,1.067201,1.062383,1.064203,USD,1.09612909,1098.24685397,0.03192609000000002,1.064203,1069.524015,0.0,0.0,1.064203,1064.203,0.0,2015,11,1,Tuesday,4,Autumn
EUR/JPY,2015-11-25,130.386002,130.720993,129.75,130.369995,JPY,134.28109485,134540.53114005,3.9110998499999994,130.369995,131021.844975,0.0,0.0,130.369995,130369.995,0.0,2015,11,2,Wednesday,4,Autumn
EUR/GBP,2015-11-25,0.70574,0.70781,0.70036,0.7054,GBP,0.726562,727.965746,0.021162000000000014,0.7054,708.927,0.0,0.0,0.7054,705.4,0.0,2015,11,2,Wednesday,4,Autumn
EUR/USD,2015-11-25,1.064396,1.069,1.0576,1.064385,USD,1.0963165499999998,1098.4346761499999,0.03193154999999992,1.064385,1069.706925,0.0,0.0,1.064385,1064.385,0.0,2015,11,2,Wednesday,4,Autumn
EUR/USD,2015-11-26,1.062496,1.063,1.0602,1.062496,USD,1.09437088,1096.4852470399999,0.03187487999999994,1.062496,1067.8084800000001,0.0,0.0,1.062496,1062.496,0.0,2015,11,3,Thursday,4,Autumn
EUR/GBP,2015-11-26,0.70239,0.70432,0.7018,0.7025,GBP,0.7235750000000001,724.972975,0.021075000000000066,0.7025,706.0125,0.0,0.0,0.7025,702.5,0.0,2015,11,3,Thursday,4,Autumn
EUR/JPY,2015-11-26,130.320007,130.345001,129.899994,130.320999,JPY,134.23062897,134489.96775801,3.9096299699999975,130.320999,130972.603995,0.0,0.0,130.320999,130320.999,0.0,2015,11,3,Thursday,4,Autumn
EUR/USD,2015-11-27,1.060445,1.0638,1.057,1.060445,USD,1.09225835,1094.3686355500001,0.03181334999999996,1.060445,1065.747225,0.0,0.0,1.060445,1060.4450000000002,0.0,2015,11,4,Friday,4,Autumn
EUR/GBP,2015-11-27,0.70231,0.70488,0.7017,0.70227,GBP,0.7233381,724.7356173,0.021068100000000034,0.70227,705.78135,0.0,0.0,0.70227,702.27,0.0,2015,11,4,Friday,4,Autumn
EUR/JPY,2015-11-27,130.072006,130.141006,129.667999,130.029999,JPY,133.93089897000002,134189.65866801,3.9008999700000118,130.029999,130680.14899500001,0.0,0.0,130.029999,130029.99900000001,0.0,2015,11,4,Friday,4,Autumn
EUR/JPY,2015-11-30,129.994003,130.276001,129.813004,129.960007,JPY,133.85880720999998,134117.42762392998,3.8988002099999903,129.960007,130609.80703499998,0.0,0.0,129.960007,129960.00699999998,0.0,2015,11,0,Monday,4,Autumn
EUR/USD,2015-11-30,1.058302,1.059704,1.0564,1.058302,USD,1.0900510600000002,1092.1570809800003,0.03174906000000011,1.058302,1063.5935100000002,0.0,0.0,1.058302,1058.3020000000001,0.0,2015,11,0,Monday,4,Autumn
EUR/GBP,2015-11-30,0.70372,0.70507,0.70161,0.7037,GBP,0.724811,726.211363,0.02111099999999999,0.7037,707.2185000000001,0.0,0.0,0.7037,703.7,0.0,2015,11,0,Monday,4,Autumn
EUR/USD,2015-12-01,1.057295,1.064,1.056602,1.057295,USD,1.0890138500000002,1091.1178670500003,0.031718850000000076,1.057295,1062.5814750000002,0.0,0.0,1.057295,1057.295,0.0,2015,12,1,Tuesday,4,Winter
EUR/GBP,2015-12-01,0.70198,0.7048,0.70059,0.7019,GBP,0.722957,724.353781,0.021056999999999992,0.7019,705.4095,0.0,0.0,0.7019,701.9,0.0,2015,12,1,Tuesday,4,Winter
EUR/JPY,2015-12-01,130.223999,130.772003,129.772003,130.220001,JPY,134.12660103,134385.73883199,3.906600029999993,130.220001,130871.10100499999,0.0,0.0,130.220001,130220.00099999999,0.0,2015,12,1,Tuesday,4,Winter
EUR/USD,2015-12-02,1.062699,1.064,1.056201,1.062586,USD,1.09446358,1096.57812614,0.03187757999999996,1.062586,1067.89893,0.0,0.0,1.062586,1062.586,0.0,2015,12,2,Wednesday,4,Winter
EUR/GBP,2015-12-02,0.7047,0.70724,0.703,0.70472,GBP,0.7258616,727.2639928,0.021141599999999983,0.70472,708.2436,0.0,0.0,0.70472,704.72,0.0,2015,12,2,Wednesday,4,Winter
EUR/JPY,2015-12-02,130.608002,130.919998,130.317993,130.600006,JPY,134.51800618000001,134777.90019194002,3.918000180000007,130.600006,131253.00603000002,0.0,0.0,130.600006,130600.00600000001,0.0,2015,12,2,Wednesday,4,Winter
EUR/JPY,2015-12-03,130.75,133.834,130.160004,130.75,JPY,134.6725,134932.6925,3.9225000000000136,130.75,131403.75,0.0,0.0,130.75,130750.0,0.0,2015,12,3,Thursday,4,Winter
EUR/USD,2015-12-03,1.061199,1.0892,1.0542,1.061301,USD,1.09314003,1095.2520189900001,0.03183902999999999,1.061301,1066.6075050000002,0.0,0.0,1.061301,1061.3010000000002,0.0,2015,12,3,Thursday,4,Winter
EUR/GBP,2015-12-03,0.70982,0.7235,0.70569,0.70982,GBP,0.7311146000000001,732.5271418000001,0.021294600000000052,0.70982,713.3691,0.0,0.0,0.70982,709.82,0.0,2015,12,3,Thursday,4,Winter
EUR/GBP,2015-12-04,0.72139,0.72354,0.71789,0.72131,GBP,0.7429493,744.3847069,0.021639300000000028,0.72131,724.91655,0.0,0.0,0.72131,721.3100000000001,0.0,2015,12,4,Friday,4,Winter
EUR/JPY,2015-12-04,133.897995,134.528,133.350998,133.884003,JPY,137.90052309,138166.95225597,4.01652009,133.884003,134553.423015,0.0,0.0,133.884003,133884.003,0.0,2015,12,4,Friday,4,Winter
EUR/USD,2015-12-04,1.091834,1.095194,1.0858,1.091596,USD,1.12434388,1126.5161560400002,0.03274788000000006,1.091596,1097.05398,0.0,0.0,1.091596,1091.596,0.0,2015,12,4,Friday,4,Winter
EUR/GBP,2015-12-07,0.72,0.72011,0.7164,0.7201,GBP,0.741703,743.135999,0.02160300000000004,0.7201,723.7004999999999,0.0,0.0,0.7201,720.0999999999999,0.0,2015,12,0,Monday,4,Winter
EUR/USD,2015-12-07,1.088305,1.088305,1.0798,1.0884,USD,1.1210520000000002,1123.217916,0.032652000000000125,1.0884,1093.842,0.0,0.0,1.0884,1088.4,0.0,2015,12,0,Monday,4,Winter
EUR/JPY,2015-12-07,134.048996,134.048996,133.279999,134.039993,JPY,138.06119279,138327.93237607,4.021199789999997,134.039993,134710.19296500002,0.0,0.0,134.039993,134039.99300000002,0.0,2015,12,0,Monday,4,Winter
EUR/GBP,2015-12-08,0.7198,0.72772,0.7196,0.7198,GBP,0.741394,742.826402,0.021594000000000002,0.7198,723.399,0.0,0.0,0.7198,719.8,0.0,2015,12,1,Tuesday,4,Winter
EUR/JPY,2015-12-08,133.572006,133.858002,133.470001,133.565994,JPY,137.57297382,137838.77014806,4.006979819999998,133.565994,134233.82396999997,0.0,0.0,133.565994,133565.99399999998,0.0,2015,12,1,Tuesday,4,Winter
EUR/USD,2015-12-08,1.0836,1.09,1.083142,1.0834,USD,1.115902,1118.057966,0.03250200000000003,1.0834,1088.8169999999998,0.0,0.0,1.0834,1083.3999999999999,0.0,2015,12,1,Tuesday,4,Winter
EUR/JPY,2015-12-09,133.889999,134.214996,133.759995,133.878998,JPY,137.89536794,138161.78714601998,4.016369940000004,133.878998,134548.39299,0.0,0.0,133.878998,133878.998,0.0,2015,12,2,Wednesday,4,Winter
EUR/USD,2015-12-09,1.089503,1.099,1.088198,1.089396,USD,1.12207788,1124.24577804,0.03268187999999994,1.089396,1094.84298,0.0,0.0,1.089396,1089.396,0.0,2015,12,2,Wednesday,4,Winter
EUR/GBP,2015-12-09,0.72568,0.72733,0.72215,0.72573,GBP,0.7475019,748.9461027000001,0.021771900000000066,0.72573,729.35865,0.0,0.0,0.72573,725.73,0.0,2015,12,2,Wednesday,4,Winter
EUR/JPY,2015-12-10,134.037994,134.050995,132.779007,134.029999,JPY,138.05089897000002,138317.61866801002,4.020899970000016,134.029999,134700.14899500003,0.0,0.0,134.029999,134029.999,0.0,2015,12,3,Thursday,4,Winter
EUR/USD,2015-12-10,1.101698,1.102305,1.092799,1.101795,USD,1.13484885,1137.0414220500002,0.03305384999999994,1.101795,1107.303975,0.0,0.0,1.101795,1101.795,0.0,2015,12,3,Thursday,4,Winter
EUR/GBP,2015-12-10,0.72563,0.72577,0.7205,0.7254,GBP,0.7471620000000001,748.6055460000001,0.02176200000000006,0.7254,729.027,0.0,0.0,0.7254,725.4000000000001,0.0,2015,12,3,Thursday,4,Winter
EUR/JPY,2015-12-11,133.220001,133.770004,132.867004,133.238007,JPY,137.23514721,137500.29084393,3.9971402099999978,133.238007,133904.19703500002,0.0,0.0,133.238007,133238.007,0.0,2015,12,4,Friday,4,Winter
EUR/USD,2015-12-11,1.094799,1.103,1.092801,1.094811,USD,1.12765533,1129.83400389,0.03284433000000009,1.094811,1100.2850549999998,0.0,0.0,1.094811,1094.811,0.0,2015,12,4,Friday,4,Winter
EUR/GBP,2015-12-11,0.72201,0.72501,0.7209,0.72206,GBP,0.7437218000000001,745.1586994000002,0.021661800000000064,0.72206,725.6703000000001,0.0,0.0,0.72206,722.0600000000001,0.0,2015,12,4,Friday,4,Winter
EUR/GBP,2015-12-14,0.72257,0.72931,0.72064,0.7226,GBP,0.744278,745.7159740000001,0.021677999999999975,0.7226,726.2130000000001,0.0,0.0,0.7226,722.6,0.0,2015,12,0,Monday,4,Winter
EUR/JPY,2015-12-14,132.744995,133.210007,132.460007,132.759995,JPY,136.74279485,137006.98724005002,3.982799849999992,132.759995,133423.794975,0.0,0.0,132.759995,132759.995,0.0,2015,12,0,Monday,4,Winter
EUR/USD,2015-12-14,1.098998,1.104,1.094703,1.098394,USD,1.1313458200000002,1133.5316240600002,0.032951820000000076,1.098394,1103.88597,0.0,0.0,1.098394,1098.394,0.0,2015,12,0,Monday,4,Winter
EUR/JPY,2015-12-15,133.126999,133.511002,132.867996,133.100006,JPY,137.09300618,137357.87519194,3.9930001799999957,133.100006,133765.50603,0.0,0.0,133.100006,133100.006,0.0,2015,12,1,Tuesday,4,Winter
EUR/GBP,2015-12-15,0.7251,0.73014,0.72144,0.72513,GBP,0.7468839,748.3269087,0.021753899999999993,0.72513,728.7556500000001,0.0,0.0,0.72513,725.1300000000001,0.0,2015,12,1,Tuesday,4,Winter
EUR/USD,2015-12-15,1.099227,1.107,1.0922,1.0993,USD,1.132279,1134.466607,0.03297900000000009,1.0993,1104.7965,0.0,0.0,1.0993,1099.3,0.0,2015,12,1,Tuesday,4,Winter
EUR/JPY,2015-12-16,133.016006,133.488007,132.901993,133.050995,JPY,137.04252485,137307.29633005,3.9915298500000063,133.050995,133716.24997499998,0.0,0.0,133.050995,133050.995,0.0,2015,12,2,Wednesday,4,Winter
EUR/GBP,2015-12-16,0.7267,0.72938,0.726,0.72689,GBP,0.7486967000000001,750.1432111,0.021806700000000068,0.72689,730.52445,0.0,0.0,0.72689,726.89,0.0,2015,12,2,Wednesday,4,Winter
EUR/USD,2015-12-16,1.093601,1.0958,1.091322,1.093625,USD,1.1264337500000001,1128.61006375,0.03280875000000005,1.093625,1099.093125,0.0,0.0,1.093625,1093.625,0.0,2015,12,2,Wednesday,4,Winter
EUR/USD,2015-12-17,1.087406,1.088898,1.083353,1.087453,USD,1.12007659,1122.2406214700002,0.032623590000000036,1.087453,1092.890265,0.0,0.0,1.087453,1087.453,0.0,2015,12,3,Thursday,4,Winter
EUR/JPY,2015-12-17,133.177002,133.229996,132.649994,133.160004,JPY,137.15480412,137419.79252795997,3.994800120000008,133.160004,133825.80401999998,0.0,0.0,133.160004,133160.004,0.0,2015,12,3,Thursday,4,Winter
EUR/GBP,2015-12-17,0.726,0.72951,0.7241,0.7261,GBP,0.747883,749.3279389999999,0.021782999999999997,0.7261,729.7305,0.0,0.0,0.7261,726.1,0.0,2015,12,3,Thursday,4,Winter
EUR/JPY,2015-12-18,132.759995,133.623001,131.054001,132.764999,JPY,136.74794896999998,137012.15131800997,3.982949969999993,132.764999,133428.82399499998,0.0,0.0,132.764999,132764.99899999998,0.0,2015,12,4,Friday,4,Winter
EUR/GBP,2015-12-18,0.72624,0.72854,0.72399,0.7262,GBP,0.7479859999999999,749.4311379999999,0.021785999999999972,0.7262,729.8309999999999,0.0,0.0,0.7262,726.1999999999999,0.0,2015,12,4,Friday,4,Winter
EUR/USD,2015-12-18,1.084399,1.087,1.0806,1.08441,USD,1.1169423,1119.1002759000003,0.03253229999999996,1.08441,1089.83205,0.0,0.0,1.08441,1084.41,0.0,2015,12,4,Friday,4,Winter
EUR/USD,2015-12-21,1.087016,1.092,1.0852,1.086992,USD,1.11960176,1121.7648740799998,0.03260975999999993,1.086992,1092.42696,0.0,0.0,1.086992,1086.992,0.0,2015,12,0,Monday,4,Winter
EUR/GBP,2015-12-21,0.72907,0.73322,0.7278,0.72908,GBP,0.7509524,752.4032692000001,0.021872400000000014,0.72908,732.7253999999999,0.0,0.0,0.72908,729.0799999999999,0.0,2015,12,0,Monday,4,Winter
EUR/JPY,2015-12-21,131.845001,132.313004,131.658005,131.845001,JPY,135.80035103,136062.72258199,3.9553500300000053,131.845001,132504.22600499997,0.0,0.0,131.845001,131845.001,0.0,2015,12,0,Monday,4,Winter
EUR/GBP,2015-12-22,0.73261,0.74005,0.73198,0.7323,GBP,0.754269,755.726277,0.021969000000000016,0.7323,735.9615,0.0,0.0,0.7323,732.3,0.0,2015,12,1,Tuesday,4,Winter
EUR/USD,2015-12-22,1.091203,1.0984,1.090501,1.091298,USD,1.12403694,1126.2086230200002,0.032738939999999994,1.091298,1096.75449,0.0,0.0,1.091298,1091.298,0.0,2015,12,1,Tuesday,4,Winter
EUR/JPY,2015-12-22,132.257004,132.697006,132.100006,132.240005,JPY,136.20720515,136470.36275995,3.9672001499999965,132.240005,132901.205025,0.0,0.0,132.240005,132240.005,0.0,2015,12,1,Tuesday,4,Winter
EUR/GBP,2015-12-23,0.73854,0.7387,0.73198,0.7387,GBP,0.760861,762.331013,0.022160999999999986,0.7387,742.3935,0.0,0.0,0.7387,738.7,0.0,2015,12,2,Wednesday,4,Winter
EUR/USD,2015-12-23,1.095002,1.095494,1.088495,1.095002,USD,1.1278520600000002,1130.03111398,0.032850060000000125,1.095002,1100.47701,0.0,0.0,1.095002,1095.002,0.0,2015,12,2,Wednesday,4,Winter
EUR/JPY,2015-12-23,132.5,132.520004,131.673996,132.5,JPY,136.475,136738.675,3.9749999999999943,132.5,133162.5,0.0,0.0,132.5,132500.0,0.0,2015,12,2,Wednesday,4,Winter
EUR/GBP,2015-12-24,0.7332,0.73698,0.73192,0.7332,GBP,0.755196,756.655068,0.021996000000000016,0.7332,736.866,0.0,0.0,0.7332,733.1999999999999,0.0,2015,12,3,Thursday,4,Winter
EUR/JPY,2015-12-24,131.929993,131.990005,131.559998,131.919998,JPY,135.87759794,136140.11873601997,3.9575999399999944,131.919998,132579.59798999998,0.0,0.0,131.919998,131919.998,0.0,2015,12,3,Thursday,4,Winter
EUR/USD,2015-12-24,1.091,1.096696,1.091,1.090917,USD,1.1236445099999999,1125.81543483,0.03272750999999996,1.090917,1096.3715849999999,0.0,0.0,1.090917,1090.917,0.0,2015,12,3,Thursday,4,Winter
EUR/JPY,2015-12-25,131.906998,131.955002,131.559998,131.906998,JPY,135.86420794,136126.70286602,3.9572099400000127,131.906998,132566.53298999998,0.0,0.0,131.906998,131906.998,0.0,2015,12,4,Friday,4,Winter
EUR/USD,2015-12-25,1.096515,1.097502,1.094703,1.096996,USD,1.1299058800000001,1132.0889020400002,0.03290988000000006,1.096996,1102.48098,0.0,0.0,1.096996,1096.996,0.0,2015,12,4,Friday,4,Winter
EUR/GBP,2015-12-25,0.7343,0.73518,0.73173,0.73518,GBP,0.7572354,758.6984082,0.02205540000000006,0.73518,738.8558999999999,0.0,0.0,0.73518,735.18,0.0,2015,12,4,Friday,4,Winter
EUR/JPY,2015-12-28,131.830002,132.451996,131.830002,131.824997,JPY,135.77974691,136042.07865403,3.954749910000004,131.824997,132484.121985,0.0,0.0,131.824997,131824.997,0.0,2015,12,0,Monday,4,Winter
EUR/USD,2015-12-28,1.096599,1.1,1.0958,1.096599,USD,1.1294969700000002,1131.6792020100002,0.032897970000000054,1.096599,1102.0819950000002,0.0,0.0,1.096599,1096.5990000000002,0.0,2015,12,0,Monday,4,Winter
EUR/GBP,2015-12-28,0.73464,0.73761,0.7344,0.73447,GBP,0.7565041,757.9656953,0.022034100000000056,0.73447,738.14235,0.0,0.0,0.73447,734.4699999999999,0.0,2015,12,0,Monday,4,Winter
EUR/USD,2015-12-29,1.097695,1.1,1.091,1.097526,USD,1.13045178,1132.63585674,0.032925780000000016,1.097526,1103.0136300000001,0.0,0.0,1.097526,1097.526,0.0,2015,12,1,Tuesday,4,Winter
EUR/GBP,2015-12-29,0.7369,0.74082,0.73519,0.7369,GBP,0.759007,760.4734309999999,0.022106999999999988,0.7369,740.5844999999999,0.0,0.0,0.7369,736.9,0.0,2015,12,1,Tuesday,4,Winter
EUR/JPY,2015-12-29,132.102005,132.330002,131.389999,132.106995,JPY,136.07020485,136333.09777005002,3.9632098499999984,132.106995,132767.529975,0.0,0.0,132.106995,132106.99500000002,0.0,2015,12,1,Tuesday,4,Winter
EUR/GBP,2015-12-30,0.737,0.73869,0.7354,0.73709,GBP,0.7592027,760.6695091,0.022112699999999985,0.73709,740.77545,0.0,0.0,0.73709,737.09,0.0,2015,12,2,Wednesday,4,Winter
EUR/JPY,2015-12-30,131.679993,131.903,131.449997,131.703003,JPY,135.65409309,135916.18206597,3.951090090000008,131.703003,132361.518015,0.0,0.0,131.703003,131703.003,0.0,2015,12,2,Wednesday,4,Winter
EUR/USD,2015-12-30,1.092801,1.095,1.091,1.092801,USD,1.1255850299999999,1127.75970399,0.032784029999999964,1.092801,1098.265005,0.0,0.0,1.092801,1092.801,0.0,2015,12,2,Wednesday,4,Winter
EUR/GBP,2015-12-31,0.7378,0.73833,0.73351,0.7378,GBP,0.759934,761.4022219999999,0.022133999999999987,0.7378,741.4889999999999,0.0,0.0,0.7378,737.8,0.0,2015,12,3,Thursday,4,Winter
EUR/JPY,2015-12-31,131.720001,131.759995,130.647995,131.699997,JPY,135.65099691,135913.07990403002,3.9509999100000073,131.699997,132358.496985,0.0,0.0,131.699997,131699.997,0.0,2015,12,3,Thursday,4,Winter
EUR/USD,2015-12-31,1.093805,1.0939,1.0866,1.093398,USD,1.1261999400000002,1128.3758020200003,0.03280194000000014,1.093398,1098.86499,0.0,0.0,1.093398,1093.3980000000001,0.0,2015,12,3,Thursday,4,Winter
EUR/GBP,2016-01-01,0.73673,0.7373,0.73673,0.73673,GBP,0.7588319,760.2979927,0.022101900000000008,0.73673,740.41365,0.0,0.0,0.73673,736.73,0.0,2016,1,4,Friday,1,Winter
EUR/USD,2016-01-01,1.085906,1.086697,1.085906,1.085906,USD,1.1184831800000001,1120.6441329400002,0.032577180000000094,1.085906,1091.3355299999998,0.0,0.0,1.085906,1085.906,0.0,2016,1,4,Friday,1,Winter
EUR/JPY,2016-01-01,130.612,130.679993,130.570007,130.612,JPY,134.53036,134790.27788,3.918360000000007,130.612,131265.06,0.0,0.0,130.612,130612.0,0.0,2016,1,4,Friday,1,Winter
EUR/USD,2016-01-04,1.085505,1.0946,1.0806,1.085399,USD,1.11796097,1120.1209140099998,0.03256196999999994,1.085399,1090.8259950000001,0.0,0.0,1.085399,1085.3990000000001,0.0,2016,1,0,Monday,1,Winter
EUR/GBP,2016-01-04,0.73638,0.74165,0.7353,0.7364,GBP,0.758492,759.957436,0.022092,0.7364,740.0820000000001,0.0,0.0,0.7364,736.4000000000001,0.0,2016,1,0,Monday,1,Winter
EUR/JPY,2016-01-04,130.550003,130.630005,128.908005,130.576004,JPY,134.49328412000003,134753.13036796002,3.917280120000015,130.576004,131228.88402000003,0.0,0.0,130.576004,130576.00400000002,0.0,2016,1,0,Monday,1,Winter
EUR/USD,2016-01-05,1.082603,1.084105,1.071201,1.082755,USD,1.1152376499999999,1117.39233245,0.032482649999999946,1.082755,1088.1687749999999,0.0,0.0,1.082755,1082.7549999999999,0.0,2016,1,1,Tuesday,1,Winter
EUR/GBP,2016-01-05,0.73565,0.7363,0.73133,0.7356,GBP,0.757668,759.131844,0.022067999999999977,0.7356,739.278,0.0,0.0,0.7356,735.6,0.0,2016,1,1,Tuesday,1,Winter
EUR/JPY,2016-01-05,129.298996,129.455994,127.510002,129.300003,JPY,133.17900309,133436.31009597002,3.8790000900000052,129.300003,129946.503015,0.0,0.0,129.300003,129300.003,0.0,2016,1,1,Tuesday,1,Winter
EUR/GBP,2016-01-06,0.7325,0.73695,0.7319,0.73266,GBP,0.7546398,756.0977933999999,0.021979799999999994,0.73266,736.3233,0.0,0.0,0.73266,732.66,0.0,2016,1,2,Wednesday,1,Winter
EUR/JPY,2016-01-06,128.037003,128.059998,127.019997,128.031998,JPY,131.87295794,132127.74161601998,3.8409599400000047,128.031998,128672.15798999999,0.0,0.0,128.031998,128031.99799999999,0.0,2016,1,2,Wednesday,1,Winter
EUR/USD,2016-01-06,1.075199,1.077203,1.0722,1.075199,USD,1.10745497,1109.59461601,0.03225597000000002,1.075199,1080.5749950000002,0.0,0.0,1.075199,1075.199,0.0,2016,1,2,Wednesday,1,Winter
EUR/JPY,2016-01-07,127.82,128.212006,126.839996,127.804001,JPY,131.63812103,131892.45099199002,3.8341200300000082,127.804001,128443.021005,0.0,0.0,127.804001,127804.001,0.0,2016,1,3,Thursday,1,Winter
EUR/USD,2016-01-07,1.077795,1.0876,1.0774,1.0779,USD,1.1102370000000001,1112.3820210000001,0.03233700000000006,1.0779,1083.2895,0.0,0.0,1.0779,1077.9,0.0,2016,1,3,Thursday,1,Winter
EUR/GBP,2016-01-07,0.73663,0.7469,0.7361,0.73666,GBP,0.7587598,760.2257534,0.022099800000000003,0.73666,740.3433,0.0,0.0,0.73666,736.66,0.0,2016,1,3,Thursday,1,Winter
EUR/JPY,2016-01-08,128.408005,128.940002,128.084,128.417999,JPY,132.27053897000002,132526.09078801,3.8525399700000094,128.417999,129060.08899500001,0.0,0.0,128.417999,128417.99900000001,0.0,2016,1,4,Friday,1,Winter
EUR/USD,2016-01-08,1.092705,1.092896,1.080801,1.092598,USD,1.12537594,1127.5502100200001,0.032777940000000116,1.092598,1098.06099,0.0,0.0,1.092598,1092.598,0.0,2016,1,4,Friday,1,Winter
EUR/GBP,2016-01-08,0.747,0.75027,0.74221,0.7468,GBP,0.769204,770.690132,0.02240399999999998,0.7468,750.5340000000001,0.0,0.0,0.7468,746.8000000000001,0.0,2016,1,4,Friday,1,Winter
EUR/JPY,2016-01-11,128.029999,128.440002,127.379997,128.069,JPY,131.91107,132165.92731,3.8420700000000068,128.069,128709.34499999999,0.0,0.0,128.069,128068.99999999999,0.0,2016,1,0,Monday,1,Winter
EUR/GBP,2016-01-11,0.7529,0.75396,0.74425,0.75313,GBP,0.7757239,777.2226287000001,0.022593900000000056,0.75313,756.89565,0.0,0.0,0.75313,753.13,0.0,2016,1,0,Monday,1,Winter
EUR/USD,2016-01-11,1.0939,1.094595,1.0852,1.094104,USD,1.12692712,1129.10438696,0.03282311999999998,1.094104,1099.5745200000001,0.0,0.0,1.094104,1094.104,0.0,2016,1,0,Monday,1,Winter
EUR/GBP,2016-01-12,0.74643,0.75468,0.7451,0.7464,GBP,0.7687919999999999,770.2773359999999,0.022391999999999967,0.7464,750.132,0.0,0.0,0.7464,746.4,0.0,2016,1,1,Tuesday,1,Winter
EUR/USD,2016-01-12,1.085894,1.0902,1.0824,1.0858,USD,1.1183740000000002,1120.5347420000003,0.0325740000000001,1.0858,1091.2290000000003,0.0,0.0,1.0858,1085.8000000000002,0.0,2016,1,1,Tuesday,1,Winter
EUR/JPY,2016-01-12,127.755997,127.991997,127.650002,127.730003,JPY,131.56190309,131816.08579596996,3.8319000899999907,127.730003,128368.653015,0.0,0.0,127.730003,127730.003,0.0,2016,1,1,Tuesday,1,Winter
EUR/GBP,2016-01-13,0.75109,0.75357,0.74689,0.7509,GBP,0.7734270000000001,774.9212910000001,0.022527000000000075,0.7509,754.6545,0.0,0.0,0.7509,750.9,0.0,2016,1,2,Wednesday,1,Winter
EUR/USD,2016-01-13,1.084399,1.0884,1.0806,1.084399,USD,1.1169309699999999,1119.0889240099998,0.032531969999999966,1.084399,1089.8209949999998,0.0,0.0,1.084399,1084.399,0.0,2016,1,2,Wednesday,1,Winter
EUR/JPY,2016-01-13,127.760002,128.507996,127.639999,127.769997,JPY,131.60309691,131857.35920402998,3.8330999100000014,127.769997,128408.846985,0.0,0.0,127.769997,127769.997,0.0,2016,1,2,Wednesday,1,Winter
EUR/GBP,2016-01-14,0.75535,0.7605,0.75249,0.75541,GBP,0.7780723,779.5755659,0.022662300000000024,0.75541,759.1870500000001,0.0,0.0,0.75541,755.4100000000001,0.0,2016,1,3,Thursday,1,Winter
EUR/USD,2016-01-14,1.088803,1.095,1.083999,1.088601,USD,1.12125903,1123.4253459899999,0.032658030000000116,1.088601,1094.044005,0.0,0.0,1.088601,1088.6009999999999,0.0,2016,1,3,Thursday,1,Winter
EUR/JPY,2016-01-14,127.800003,128.742996,127.732002,127.809998,JPY,131.64429794,131898.63983601998,3.834299940000008,127.809998,128449.04798999999,0.0,0.0,127.809998,127809.99799999999,0.0,2016,1,3,Thursday,1,Winter
EUR/GBP,2016-01-15,0.7527,0.76552,0.75259,0.75267,GBP,0.7752500999999999,776.7479132999999,0.022580099999999992,0.75267,756.4333499999999,0.0,0.0,0.75267,752.67,0.0,2016,1,4,Friday,1,Winter
EUR/USD,2016-01-15,1.085776,1.0982,1.085776,1.085894,USD,1.11847082,1120.63174906,0.03257682000000006,1.085894,1091.32347,0.0,0.0,1.085894,1085.894,0.0,2016,1,4,Friday,1,Winter
EUR/JPY,2016-01-15,128.356995,128.375,127.707001,128.328995,JPY,132.17886485,132434.23955004997,3.8498698500000046,128.328995,128970.639975,0.0,0.0,128.328995,128328.995,0.0,2016,1,4,Friday,1,Winter
EUR/USD,2016-01-18,1.091906,1.092705,1.0876,1.092001,USD,1.12476103,1126.9341119899998,0.03276002999999994,1.092001,1097.461005,0.0,0.0,1.092001,1092.001,0.0,2016,1,0,Monday,1,Winter
EUR/JPY,2016-01-18,127.739998,127.93,127.369003,127.75,JPY,131.5825,131836.7225,3.8325000000000102,127.75,128388.75,0.0,0.0,127.75,127750.0,0.0,2016,1,0,Monday,1,Winter
EUR/GBP,2016-01-18,0.7649,0.7661,0.75962,0.76498,GBP,0.7879294,789.4517102,0.02294940000000001,0.76498,768.8049,0.0,0.0,0.76498,764.98,0.0,2016,1,0,Monday,1,Winter
EUR/GBP,2016-01-19,0.7642,0.77119,0.75839,0.7643,GBP,0.787229,788.7499569999999,0.022928999999999977,0.7643,768.1215,0.0,0.0,0.7643,764.3,0.0,2016,1,1,Tuesday,1,Winter
EUR/USD,2016-01-19,1.089503,1.091,1.0862,1.089503,USD,1.12218809,1124.3562009700001,0.03268508999999997,1.089503,1094.9505150000002,0.0,0.0,1.089503,1089.5030000000002,0.0,2016,1,1,Tuesday,1,Winter
EUR/JPY,2016-01-19,127.860001,128.548004,127.787003,127.860001,JPY,131.69580103,131950.24243199002,3.8358000300000157,127.860001,128499.301005,0.0,0.0,127.860001,127860.001,0.0,2016,1,1,Tuesday,1,Winter
EUR/GBP,2016-01-20,0.76945,0.77541,0.767,0.76939,GBP,0.7924717,794.0027861000001,0.023081699999999983,0.76939,773.23695,0.0,0.0,0.76939,769.39,0.0,2016,1,2,Wednesday,1,Winter
EUR/USD,2016-01-20,1.091155,1.0976,1.089289,1.091298,USD,1.12403694,1126.2086230200002,0.032738939999999994,1.091298,1096.75449,0.0,0.0,1.091298,1091.298,0.0,2016,1,2,Wednesday,1,Winter
EUR/JPY,2016-01-20,128.259995,128.335999,126.692001,128.261993,JPY,132.10985279,132365.09415607,3.847859790000001,128.261993,128903.30296499998,0.0,0.0,128.261993,128261.99299999999,0.0,2016,1,2,Wednesday,1,Winter
EUR/GBP,2016-01-21,0.76582,0.77409,0.76389,0.76593,GBP,0.7889079,790.4321007000001,0.022977899999999996,0.76593,769.75965,0.0,0.0,0.76593,765.93,0.0,2016,1,3,Thursday,1,Winter
EUR/USD,2016-01-21,1.087701,1.0922,1.0782,1.087701,USD,1.1203320300000001,1122.49655499,0.032631030000000116,1.087701,1093.139505,0.0,0.0,1.087701,1087.701,0.0,2016,1,3,Thursday,1,Winter
EUR/JPY,2016-01-21,127.440002,127.764999,126.220001,127.388,JPY,131.20964,131463.14212,3.821640000000002,127.388,128024.94,0.0,0.0,127.388,127388.0,0.0,2016,1,3,Thursday,1,Winter
EUR/GBP,2016-01-22,0.76322,0.76352,0.75268,0.7633,GBP,0.786199,787.7179669999999,0.022899000000000003,0.7633,767.1165,0.0,0.0,0.7633,763.3,0.0,2016,1,4,Friday,1,Winter
EUR/USD,2016-01-22,1.086095,1.0864,1.079599,1.086201,USD,1.11878703,1120.94856999,0.032586030000000044,1.086201,1091.632005,0.0,0.0,1.086201,1086.201,0.0,2016,1,4,Friday,1,Winter
EUR/JPY,2016-01-22,128.048004,128.408005,127.440002,128.039993,JPY,131.88119279,132135.99237607,3.8411997899999903,128.039993,128680.19296500002,0.0,0.0,128.039993,128039.99300000002,0.0,2016,1,4,Friday,1,Winter
EUR/JPY,2016-01-25,128.0,128.488007,127.852997,128.020004,JPY,131.86060412,132115.36392796002,3.840600120000005,128.020004,128660.10402,0.0,0.0,128.020004,128020.004,0.0,2016,1,0,Monday,1,Winter
EUR/USD,2016-01-25,1.079902,1.085,1.079203,1.079902,USD,1.11229906,1114.44806498,0.03239706000000009,1.079902,1085.3015099999998,0.0,0.0,1.079902,1079.9019999999998,0.0,2016,1,0,Monday,1,Winter
EUR/GBP,2016-01-25,0.7574,0.76082,0.7551,0.7573,GBP,0.780019,781.526027,0.022719000000000045,0.7573,761.0865,0.0,0.0,0.7573,757.3,0.0,2016,1,0,Monday,1,Winter
EUR/USD,2016-01-26,1.085376,1.088,1.082,1.085305,USD,1.11786415,1120.0239069499999,0.03255914999999998,1.085305,1090.7315250000001,0.0,0.0,1.085305,1085.305,0.0,2016,1,1,Tuesday,1,Winter
EUR/GBP,2016-01-26,0.7619,0.7661,0.75626,0.76195,GBP,0.7848085,786.3247805,0.022858500000000004,0.76195,765.75975,0.0,0.0,0.76195,761.95,0.0,2016,1,1,Tuesday,1,Winter
EUR/JPY,2016-01-26,128.309998,128.507004,127.809998,128.294998,JPY,132.14384794,132399.15498602,3.848849940000008,128.294998,128936.47299,0.0,0.0,128.294998,128294.99799999999,0.0,2016,1,1,Tuesday,1,Winter
EUR/JPY,2016-01-27,128.580002,129.212006,128.264008,128.589996,JPY,132.44769588000003,132703.58997204,3.8576998800000126,128.589996,129232.94598000002,0.0,0.0,128.589996,128589.99600000001,0.0,2016,1,2,Wednesday,1,Winter
EUR/USD,2016-01-27,1.086401,1.0912,1.085305,1.086496,USD,1.11909088,1121.25300704,0.03259487999999999,1.086496,1091.9284799999998,0.0,0.0,1.086496,1086.4959999999999,0.0,2016,1,2,Wednesday,1,Winter
EUR/GBP,2016-01-27,0.75727,0.76406,0.7564,0.7573,GBP,0.780019,781.526027,0.022719000000000045,0.7573,761.0865,0.0,0.0,0.7573,757.3,0.0,2016,1,2,Wednesday,1,Winter
EUR/JPY,2016-01-28,129.160004,129.985992,128.947006,129.151993,JPY,133.02655279,133283.56525607003,3.8745597900000064,129.151993,129797.752965,0.0,0.0,129.151993,129151.993,0.0,2016,1,3,Thursday,1,Winter
EUR/USD,2016-01-28,1.090405,1.095,1.087,1.090798,USD,1.12352194,1125.69262802,0.03272394000000012,1.090798,1096.25199,0.0,0.0,1.090798,1090.798,0.0,2016,1,3,Thursday,1,Winter
EUR/GBP,2016-01-28,0.7652,0.76622,0.75961,0.7654,GBP,0.788362,789.885146,0.022962000000000038,0.7654,769.227,0.0,0.0,0.7654,765.4,0.0,2016,1,3,Thursday,1,Winter
EUR/JPY,2016-01-29,130.044006,132.244003,129.600006,130.039993,JPY,133.94119279,134199.97237607,3.9011997899999926,130.039993,130690.19296500002,0.0,0.0,130.039993,130039.99300000002,0.0,2016,1,4,Friday,1,Winter
EUR/GBP,2016-01-29,0.76155,0.76483,0.7564,0.76156,GBP,0.7844068000000001,785.9223044000001,0.022846800000000056,0.76156,765.3678000000001,0.0,0.0,0.76156,761.5600000000001,0.0,2016,1,4,Friday,1,Winter
EUR/USD,2016-01-29,1.093697,1.094715,1.082,1.093697,USD,1.12650791,1128.68436703,0.032810910000000026,1.093697,1099.165485,0.0,0.0,1.093697,1093.697,0.0,2016,1,4,Friday,1,Winter
EUR/GBP,2016-02-01,0.7598,0.76227,0.75752,0.7599,GBP,0.7826970000000001,784.2092010000001,0.022797000000000067,0.7599,763.6995,0.0,0.0,0.7599,759.9,0.0,2016,2,0,Monday,1,Winter
EUR/USD,2016-02-01,1.082626,1.0912,1.082626,1.082591,USD,1.1150687300000002,1117.2230860900002,0.03247773000000009,1.082591,1088.0039550000001,0.0,0.0,1.082591,1082.5910000000001,0.0,2016,2,0,Monday,1,Winter
EUR/JPY,2016-02-01,131.363998,131.992004,131.270004,131.369995,JPY,135.31109485,135572.52114005,3.9410998500000005,131.369995,132026.84497499999,0.0,0.0,131.369995,131369.995,0.0,2016,2,0,Monday,1,Winter
EUR/GBP,2016-02-02,0.7553,0.76151,0.7548,0.75528,GBP,0.7779383999999999,779.4414071999998,0.022658399999999967,0.75528,759.0563999999999,0.0,0.0,0.75528,755.28,0.0,2016,2,1,Tuesday,1,Winter
EUR/JPY,2016-02-02,131.677994,131.951004,131.029999,131.669998,JPY,135.62009794,135882.12123602,3.950099940000001,131.669998,132328.34798999998,0.0,0.0,131.669998,131669.998,0.0,2016,2,1,Tuesday,1,Winter
EUR/USD,2016-02-02,1.089895,1.094,1.089526,1.089728,USD,1.12241984,1124.58839872,0.03269184000000003,1.089728,1095.1766400000001,0.0,0.0,1.089728,1089.728,0.0,2016,2,1,Tuesday,1,Winter
EUR/USD,2016-02-03,1.092204,1.1078,1.0906,1.092204,USD,1.12497012,1127.14360596,0.03276612000000001,1.092204,1097.66502,0.0,0.0,1.092204,1092.204,0.0,2016,2,2,Wednesday,1,Winter
EUR/JPY,2016-02-03,130.860992,130.940002,130.139008,130.880997,JPY,134.80742691,135067.88009403,3.926429909999996,130.880997,131535.401985,0.0,0.0,130.880997,130880.997,0.0,2016,2,2,Wednesday,1,Winter
EUR/GBP,2016-02-03,0.75784,0.76067,0.75258,0.75785,GBP,0.7805855,782.0936215,0.02273550000000002,0.75785,761.6392500000001,0.0,0.0,0.75785,757.85,0.0,2016,2,2,Wednesday,1,Winter
EUR/USD,2016-02-04,1.109201,1.1238,1.1072,1.109102,USD,1.14237506,1144.58217298,0.033273059999999965,1.109102,1114.64751,0.0,0.0,1.109102,1109.102,0.0,2016,2,3,Thursday,1,Winter
EUR/JPY,2016-02-04,131.061996,131.634995,130.634995,131.020004,JPY,134.95060412,135211.33392796,3.9306001200000082,131.020004,131675.10402,0.0,0.0,131.020004,131020.004,0.0,2016,2,3,Thursday,1,Winter
EUR/GBP,2016-02-04,0.76042,0.76983,0.7593,0.76046,GBP,0.7832738,784.7871154000001,0.022813799999999995,0.76046,764.2623,0.0,0.0,0.76046,760.46,0.0,2016,2,3,Thursday,1,Winter
EUR/USD,2016-02-05,1.119996,1.121705,1.111,1.119996,USD,1.1535958800000001,1155.82467204,0.03359988000000014,1.119996,1125.59598,0.0,0.0,1.119996,1119.996,0.0,2016,2,4,Friday,1,Winter
EUR/JPY,2016-02-05,130.860001,131.014999,130.212006,130.869995,JPY,134.79609485,135056.52614005,3.926099850000014,130.869995,131524.34497499999,0.0,0.0,130.869995,130869.995,0.0,2016,2,4,Friday,1,Winter
EUR/GBP,2016-02-05,0.768,0.77132,0.7671,0.76804,GBP,0.7910811999999999,792.6095995999999,0.023041199999999984,0.76804,771.8802,0.0,0.0,0.76804,768.04,0.0,2016,2,4,Friday,1,Winter
EUR/USD,2016-02-08,1.114703,1.119,1.1088,1.114504,USD,1.14793912,1150.15698296,0.03343512000000004,1.114504,1120.0765199999998,0.0,0.0,1.114504,1114.504,0.0,2016,2,0,Monday,1,Winter
EUR/JPY,2016-02-08,130.320007,130.886993,128.804001,130.322006,JPY,134.23166618,134491.00697194,3.909660180000003,130.322006,130973.61602999999,0.0,0.0,130.322006,130322.006,0.0,2016,2,0,Monday,1,Winter
EUR/GBP,2016-02-08,0.768,0.77548,0.76611,0.76794,GBP,0.7909782,792.5064006,0.02303820000000001,0.76794,771.7796999999999,0.0,0.0,0.76794,767.9399999999999,0.0,2016,2,0,Monday,1,Winter
EUR/JPY,2016-02-09,129.410004,129.919006,128.285004,129.410004,JPY,133.29230411999998,133549.83002795998,3.8823001199999965,129.410004,130057.05401999998,0.0,0.0,129.410004,129410.00399999999,0.0,2016,2,1,Tuesday,1,Winter
EUR/USD,2016-02-09,1.119094,1.1314,1.1164,1.118981,USD,1.15255043,1154.77720219,0.03356943000000001,1.118981,1124.575905,0.0,0.0,1.118981,1118.981,0.0,2016,2,1,Tuesday,1,Winter
EUR/GBP,2016-02-09,0.77511,0.78487,0.77328,0.775,GBP,0.79825,799.79225,0.023249999999999993,0.775,778.875,0.0,0.0,0.775,775.0,0.0,2016,2,1,Tuesday,1,Winter
EUR/USD,2016-02-10,1.128999,1.130902,1.116632,1.128999,USD,1.1628689700000001,1165.1156780100002,0.03386997000000003,1.128999,1134.6439950000001,0.0,0.0,1.128999,1128.999,0.0,2016,2,2,Wednesday,1,Winter
EUR/JPY,2016-02-10,130.028,130.029999,128.251007,130.037003,JPY,133.93811309,134196.88672597,3.901110090000003,130.037003,130687.18801499999,0.0,0.0,130.037003,130037.003,0.0,2016,2,2,Wednesday,1,Winter
EUR/GBP,2016-02-10,0.7804,0.78175,0.77154,0.7802,GBP,0.803606,805.158598,0.023406000000000038,0.7802,784.101,0.0,0.0,0.7802,780.2,0.0,2016,2,2,Wednesday,1,Winter
EUR/USD,2016-02-11,1.128401,1.1368,1.1276,1.128095,USD,1.1619378500000002,1164.1827590500002,0.03384285000000009,1.128095,1133.735475,0.0,0.0,1.128095,1128.095,0.0,2016,2,3,Thursday,1,Winter
EUR/JPY,2016-02-11,127.778,127.940002,125.856003,127.739998,JPY,131.57219794,131826.40053602,3.8321999399999953,127.739998,128378.69799,0.0,0.0,127.739998,127739.998,0.0,2016,2,3,Thursday,1,Winter
EUR/GBP,2016-02-11,0.77696,0.78956,0.7755,0.7766,GBP,0.799898,801.443434,0.02329800000000004,0.7766,780.483,0.0,0.0,0.7766,776.5999999999999,0.0,2016,2,3,Thursday,1,Winter
EUR/JPY,2016-02-12,127.279999,127.639,126.452003,127.305,JPY,131.12415000000001,131377.48695000002,3.8191500000000076,127.305,127941.525,0.0,0.0,127.305,127305.0,0.0,2016,2,4,Friday,1,Winter
EUR/USD,2016-02-12,1.131734,1.133376,1.123,1.131798,USD,1.16575194,1168.00421802,0.03395393999999996,1.131798,1137.45699,0.0,0.0,1.131798,1131.798,0.0,2016,2,4,Friday,1,Winter
EUR/GBP,2016-02-12,0.7814,0.78254,0.77461,0.7815,GBP,0.804945,806.5001850000001,0.02344500000000005,0.7815,785.4075,0.0,0.0,0.7815,781.5,0.0,2016,2,4,Friday,1,Winter
EUR/GBP,2016-02-15,0.7728,0.7744,0.7698,0.773,GBP,0.7961900000000001,797.7282700000001,0.023190000000000044,0.773,776.865,0.0,0.0,0.773,773.0,0.0,2016,2,0,Monday,1,Winter
EUR/JPY,2016-02-15,127.583,127.942001,127.255997,127.567001,JPY,131.39401103,131647.86936199,3.8270100299999967,127.567001,128204.836005,0.0,0.0,127.567001,127567.001,0.0,2016,2,0,Monday,1,Winter
EUR/USD,2016-02-15,1.122599,1.123949,1.112999,1.122599,USD,1.15627697,1158.5109420099998,0.03367797000000006,1.122599,1128.211995,0.0,0.0,1.122599,1122.599,0.0,2016,2,0,Monday,1,Winter
EUR/GBP,2016-02-16,0.77317,0.7811,0.7695,0.7733,GBP,0.796499,798.0378669999999,0.02319899999999997,0.7733,777.1664999999999,0.0,0.0,0.7733,773.3,0.0,2016,2,1,Tuesday,1,Winter
EUR/JPY,2016-02-16,127.793999,128.151993,126.674004,127.75,JPY,131.5825,131836.7225,3.8325000000000102,127.75,128388.75,0.0,0.0,127.75,127750.0,0.0,2016,2,1,Tuesday,1,Winter
EUR/USD,2016-02-16,1.117818,1.1192,1.112999,1.117406,USD,1.15092818,1153.1518179399998,0.03352218000000007,1.117406,1122.9930299999999,0.0,0.0,1.117406,1117.406,0.0,2016,2,1,Tuesday,1,Winter
EUR/GBP,2016-02-17,0.779,0.7843,0.7762,0.779,GBP,0.80237,803.92021,0.023370000000000002,0.779,782.895,0.0,0.0,0.779,779.0,0.0,2016,2,2,Wednesday,1,Winter
EUR/JPY,2016-02-17,127.174004,127.348999,126.660004,127.135002,JPY,130.94905206,131202.05071398002,3.814050060000014,127.135002,127770.67701,0.0,0.0,127.135002,127135.002,0.0,2016,2,2,Wednesday,1,Winter
EUR/USD,2016-02-17,1.114604,1.118001,1.1108,1.114703,USD,1.14814409,1150.36234897,0.03344108999999995,1.114703,1120.276515,0.0,0.0,1.114703,1114.703,0.0,2016,2,2,Wednesday,1,Winter
EUR/USD,2016-02-18,1.112199,1.1152,1.1074,1.112298,USD,1.1456669400000001,1147.88041302,0.033368940000000125,1.112298,1117.85949,0.0,0.0,1.112298,1112.298,0.0,2016,2,3,Thursday,1,Winter
EUR/JPY,2016-02-18,127.094002,127.094002,126.040001,127.075996,JPY,130.88827588,131141.15711204,3.8122798800000055,127.075996,127711.37598,0.0,0.0,127.075996,127075.996,0.0,2016,2,3,Thursday,1,Winter
EUR/GBP,2016-02-18,0.7786,0.78143,0.7708,0.7787,GBP,0.8020609999999999,803.610613,0.023360999999999965,0.7787,782.5935,0.0,0.0,0.7787,778.6999999999999,0.0,2016,2,3,Thursday,1,Winter
EUR/USD,2016-02-19,1.111,1.115,1.106799,1.111099,USD,1.14443197,1146.6430570100001,0.03333297000000002,1.111099,1116.6544950000002,0.0,0.0,1.111099,1111.0990000000002,0.0,2016,2,4,Friday,1,Winter
EUR/JPY,2016-02-19,125.805,125.879997,125.089996,125.785004,JPY,129.55855412,129808.86627796,3.773550119999996,125.785004,126413.92902,0.0,0.0,125.785004,125785.004,0.0,2016,2,4,Friday,1,Winter
EUR/GBP,2016-02-19,0.775,0.77917,0.77377,0.775,GBP,0.79825,799.79225,0.023249999999999993,0.775,778.875,0.0,0.0,0.775,775.0,0.0,2016,2,4,Friday,1,Winter
EUR/JPY,2016-02-22,125.139999,125.540001,124.529999,125.103996,JPY,128.85711588,129106.07283204001,3.753119880000014,125.103996,125729.51598,0.0,0.0,125.103996,125103.996,0.0,2016,2,0,Monday,1,Winter
EUR/USD,2016-02-22,1.112397,1.112496,1.1006,1.112397,USD,1.1457689100000001,1147.9825800300002,0.03337191000000006,1.112397,1117.9589850000002,0.0,0.0,1.112397,1112.3970000000002,0.0,2016,2,0,Monday,1,Winter
EUR/GBP,2016-02-22,0.7797,0.7837,0.777,0.77967,GBP,0.8030600999999999,804.6116433,0.02339009999999997,0.77967,783.56835,0.0,0.0,0.77967,779.67,0.0,2016,2,0,Monday,1,Winter
EUR/USD,2016-02-23,1.102706,1.105199,1.099199,1.102803,USD,1.13588709,1138.08166797,0.03308409000000001,1.102803,1108.3170149999999,0.0,0.0,1.102803,1102.8029999999999,0.0,2016,2,1,Tuesday,1,Winter
EUR/GBP,2016-02-23,0.77919,0.78311,0.7775,0.77926,GBP,0.8026378,804.1885274,0.023377800000000004,0.77926,783.1563,0.0,0.0,0.77926,779.26,0.0,2016,2,1,Tuesday,1,Winter
EUR/JPY,2016-02-23,124.530998,124.556,123.072998,124.545998,JPY,128.28237794,128530.22447602001,3.736379940000006,124.545998,125168.72799,0.0,0.0,124.545998,124545.99799999999,0.0,2016,2,1,Tuesday,1,Winter
EUR/GBP,2016-02-24,0.7869,0.79144,0.7854,0.78671,GBP,0.8103113000000001,811.8768529000001,0.023601300000000047,0.78671,790.64355,0.0,0.0,0.78671,786.71,0.0,2016,2,2,Wednesday,1,Winter
EUR/JPY,2016-02-24,123.359001,123.584,122.472,123.334999,JPY,127.03504897,127280.48561801,3.700049970000009,123.334999,123951.67399499999,0.0,0.0,123.334999,123334.999,0.0,2016,2,2,Wednesday,1,Winter
EUR/USD,2016-02-24,1.102499,1.104,1.095999,1.102706,USD,1.13578718,1137.9815649399998,0.03308117999999993,1.102706,1108.2195299999998,0.0,0.0,1.102706,1102.706,0.0,2016,2,2,Wednesday,1,Winter
EUR/JPY,2016-02-25,123.422997,124.441002,123.32,123.434998,JPY,127.13804793999999,127383.68358602,3.7030499399999997,123.434998,124052.17298999999,0.0,0.0,123.434998,123434.99799999999,0.0,2016,2,3,Thursday,1,Winter
EUR/USD,2016-02-25,1.101491,1.105,1.099199,1.101394,USD,1.13443582,1136.6275940599999,0.03304182,1.101394,1106.90097,0.0,0.0,1.101394,1101.394,0.0,2016,2,3,Thursday,1,Winter
EUR/GBP,2016-02-25,0.79066,0.79262,0.7879,0.7906,GBP,0.814318,815.891294,0.023718000000000017,0.7906,794.553,0.0,0.0,0.7906,790.6,0.0,2016,2,3,Thursday,1,Winter
EUR/JPY,2016-02-26,124.709999,124.987,124.236,124.668999,JPY,128.40906897,128657.16027801,3.7400699699999933,124.668999,125292.343995,0.0,0.0,124.668999,124668.999,0.0,2016,2,4,Friday,1,Winter
EUR/GBP,2016-02-26,0.78914,0.7921,0.78453,0.7893,GBP,0.812979,814.549707,0.023679000000000006,0.7893,793.2465,0.0,0.0,0.7893,789.3,0.0,2016,2,4,Friday,1,Winter
EUR/USD,2016-02-26,1.102499,1.107,1.0926,1.102499,USD,1.1355739699999998,1137.76794301,0.033074969999999926,1.102499,1108.0114949999997,0.0,0.0,1.102499,1102.4989999999998,0.0,2016,2,4,Friday,1,Winter
EUR/GBP,2016-02-29,0.78803,0.78945,0.77928,0.7878,GBP,0.811434,813.001722,0.023634000000000044,0.7878,791.7389999999999,0.0,0.0,0.7878,787.8,0.0,2016,2,0,Monday,1,Winter
EUR/JPY,2016-02-29,124.220001,124.348999,122.521004,124.160004,JPY,127.88480412,128131.88252796,3.7248001199999976,124.160004,124780.80402,0.0,0.0,124.160004,124160.004,0.0,2016,2,0,Monday,1,Winter
EUR/USD,2016-02-29,1.092598,1.0962,1.0864,1.092395,USD,1.12516685,1127.34071605,0.03277185000000005,1.092395,1097.856975,0.0,0.0,1.092395,1092.395,0.0,2016,2,0,Monday,1,Winter
EUR/USD,2016-03-01,1.088696,1.089401,1.083801,1.088898,USD,1.1215649399999998,1123.7318470199998,0.03266693999999992,1.088898,1094.34249,0.0,0.0,1.088898,1088.898,0.0,2016,3,1,Tuesday,1,Spring
EUR/GBP,2016-03-01,0.78159,0.78184,0.7759,0.7814,GBP,0.8048420000000001,806.3969860000001,0.023442000000000074,0.7814,785.307,0.0,0.0,0.7814,781.4,0.0,2016,3,1,Tuesday,1,Spring
EUR/JPY,2016-03-01,122.367996,123.649002,122.117996,122.389999,JPY,126.06169897000001,126305.25506801001,3.671699970000006,122.389999,123001.948995,0.0,0.0,122.389999,122389.999,0.0,2016,3,1,Tuesday,1,Spring
EUR/USD,2016-03-02,1.087701,1.088,1.0826,1.087595,USD,1.1202228500000002,1122.3871640500001,0.032627850000000125,1.087595,1093.032975,0.0,0.0,1.087595,1087.595,0.0,2016,3,2,Wednesday,1,Spring
EUR/GBP,2016-03-02,0.7789,0.7811,0.76968,0.7787,GBP,0.8020609999999999,803.610613,0.023360999999999965,0.7787,782.5935,0.0,0.0,0.7787,778.6999999999999,0.0,2016,3,2,Wednesday,1,Spring
EUR/JPY,2016-03-02,123.890999,124.345001,123.230003,123.93,JPY,127.6479,127894.52070000001,3.7179,123.93,124549.65,0.0,0.0,123.93,123930.0,0.0,2016,3,2,Wednesday,1,Spring
EUR/USD,2016-03-03,1.087004,1.0938,1.0856,1.086897,USD,1.11950391,1121.66683503,0.03260690999999993,1.086897,1092.331485,0.0,0.0,1.086897,1086.897,0.0,2016,3,3,Thursday,1,Spring
EUR/JPY,2016-03-03,123.339996,124.244003,123.277,123.32,JPY,127.0196,127265.00679999999,3.6996000000000038,123.32,123936.6,0.0,0.0,123.32,123320.0,0.0,2016,3,3,Thursday,1,Spring
EUR/GBP,2016-03-03,0.77198,0.7748,0.7704,0.7719,GBP,0.795057,796.593081,0.023156999999999983,0.7719,775.7595,0.0,0.0,0.7719,771.9,0.0,2016,3,3,Thursday,1,Spring
EUR/USD,2016-03-04,1.094799,1.104,1.0908,1.094895,USD,1.12774185,1129.9206910500002,0.032846850000000094,1.094895,1100.369475,0.0,0.0,1.094895,1094.895,0.0,2016,3,4,Friday,1,Spring
EUR/GBP,2016-03-04,0.77228,0.77717,0.772,0.77237,GBP,0.7955411,797.0781163,0.0231711,0.77237,776.23185,0.0,0.0,0.77237,772.37,0.0,2016,3,4,Friday,1,Spring
EUR/JPY,2016-03-04,124.427002,125.262001,123.959999,124.43,JPY,128.1629,128410.5157,3.7329000000000008,124.43,125052.15,0.0,0.0,124.43,124430.0,0.0,2016,3,4,Friday,1,Spring
EUR/JPY,2016-03-07,125.107002,125.107002,124.230003,125.110001,JPY,128.86330103,129112.26993199,3.7533000300000054,125.110001,125735.551005,0.0,0.0,125.110001,125110.001,0.0,2016,3,0,Monday,1,Spring
EUR/GBP,2016-03-07,0.77343,0.77482,0.7726,0.77345,GBP,0.7966535,798.1926655,0.023203500000000044,0.77345,777.31725,0.0,0.0,0.77345,773.4499999999999,0.0,2016,3,0,Monday,1,Spring
EUR/USD,2016-03-07,1.099396,1.099904,1.0942,1.099396,USD,1.1323778800000002,1134.5656780400002,0.03298188000000013,1.099396,1104.8929799999999,0.0,0.0,1.099396,1099.396,0.0,2016,3,0,Monday,1,Spring
EUR/JPY,2016-03-08,124.973999,124.973999,124.253998,124.948997,JPY,128.69746691,128946.11541403,3.748469909999997,124.948997,125573.741985,0.0,0.0,124.948997,124948.997,0.0,2016,3,1,Tuesday,1,Spring
EUR/GBP,2016-03-08,0.7721,0.77919,0.772,0.7724,GBP,0.795572,797.1090759999998,0.02317199999999997,0.7724,776.262,0.0,0.0,0.7724,772.4,0.0,2016,3,1,Tuesday,1,Spring
EUR/USD,2016-03-08,1.101394,1.106,1.1006,1.101601,USD,1.13464903,1136.8412159900001,0.033048030000000006,1.101601,1107.109005,0.0,0.0,1.101601,1101.601,0.0,2016,3,1,Tuesday,1,Spring
EUR/JPY,2016-03-09,123.959999,124.482002,123.050003,123.939003,JPY,127.65717309,127903.81170597,3.718170090000001,123.939003,124558.698015,0.0,0.0,123.939003,123939.003,0.0,2016,3,2,Wednesday,1,Spring
EUR/USD,2016-03-09,1.100195,1.101516,1.094799,1.100401,USD,1.13341303,1135.60282799,0.03301203000000008,1.100401,1105.9030050000001,0.0,0.0,1.100401,1100.401,0.0,2016,3,2,Wednesday,1,Spring
EUR/GBP,2016-03-09,0.7742,0.7748,0.7701,0.7744,GBP,0.797632,799.1730560000001,0.02323200000000003,0.7744,778.2719999999999,0.0,0.0,0.7744,774.4,0.0,2016,3,2,Wednesday,1,Spring
EUR/USD,2016-03-10,1.098696,1.116,1.082767,1.098901,USD,1.13186803,1134.0548429899998,0.03296703000000001,1.098901,1104.3955049999997,0.0,0.0,1.098901,1098.9009999999998,0.0,2016,3,3,Thursday,1,Spring
EUR/JPY,2016-03-10,124.379997,126.719002,123.741997,124.424004,JPY,128.15672412,128404.32788796001,3.7327201200000104,124.424004,125046.12402,0.0,0.0,124.424004,124424.004,0.0,2016,3,3,Thursday,1,Spring
EUR/GBP,2016-03-10,0.7731,0.7808,0.76565,0.7733,GBP,0.796499,798.0378669999999,0.02319899999999997,0.7733,777.1664999999999,0.0,0.0,0.7733,773.3,0.0,2016,3,3,Thursday,1,Spring
EUR/JPY,2016-03-11,126.117996,126.924004,126.089996,126.140999,JPY,129.92522897,130176.24955801001,3.7842299700000126,126.140999,126771.70399499999,0.0,0.0,126.140999,126140.999,0.0,2016,3,4,Friday,1,Spring
EUR/USD,2016-03-11,1.117905,1.121001,1.108377,1.117843,USD,1.15137829,1153.6027975700001,0.033535290000000106,1.117843,1123.4322149999998,0.0,0.0,1.117843,1117.8429999999998,0.0,2016,3,4,Friday,1,Spring
EUR/GBP,2016-03-11,0.78235,0.7847,0.7748,0.78218,GBP,0.8056454,807.2019382,0.02346539999999997,0.78218,786.0908999999999,0.0,0.0,0.78218,782.18,0.0,2016,3,4,Friday,1,Spring
EUR/JPY,2016-03-14,127.028,127.139999,126.135002,127.028999,JPY,130.83986897,131092.65667800998,3.810869969999999,127.028999,127664.14399499999,0.0,0.0,127.028999,127028.999,0.0,2016,3,0,Monday,1,Spring
EUR/GBP,2016-03-14,0.7764,0.77691,0.77352,0.7764,GBP,0.799692,801.237036,0.02329199999999998,0.7764,780.2819999999999,0.0,0.0,0.7764,776.4,0.0,2016,3,0,Monday,1,Spring
EUR/USD,2016-03-14,1.116296,1.116801,1.1096,1.116794,USD,1.15029782,1152.52024006,0.03350381999999996,1.116794,1122.37797,0.0,0.0,1.116794,1116.794,0.0,2016,3,0,Monday,1,Spring
EUR/GBP,2016-03-15,0.7772,0.78464,0.7769,0.7772,GBP,0.800516,802.062628,0.023316000000000003,0.7772,781.086,0.0,0.0,0.7772,777.2,0.0,2016,3,1,Tuesday,1,Spring
EUR/JPY,2016-03-15,126.329002,126.459999,125.120003,126.349998,JPY,130.14049794,130391.93443601999,3.7904999399999895,126.349998,126981.74798999999,0.0,0.0,126.349998,126349.99799999999,0.0,2016,3,1,Tuesday,1,Spring
EUR/USD,2016-03-15,1.110198,1.112999,1.1074,1.110198,USD,1.14350394,1145.71323402,0.03330593999999998,1.110198,1115.74899,0.0,0.0,1.110198,1110.198,0.0,2016,3,1,Tuesday,1,Spring
EUR/GBP,2016-03-16,0.7844,0.78822,0.7844,0.78465,GBP,0.8081895,809.7509534999999,0.023539500000000046,0.78465,788.57325,0.0,0.0,0.78465,784.65,0.0,2016,3,2,Wednesday,1,Spring
EUR/JPY,2016-03-16,125.629997,126.109001,125.550003,125.628998,JPY,129.39786794,129647.86964602,3.768869940000002,125.628998,126257.14299,0.0,0.0,125.628998,125628.99799999999,0.0,2016,3,2,Wednesday,1,Spring
EUR/USD,2016-03-16,1.111,1.111099,1.1058,1.110901,USD,1.1442280299999998,1146.4387229899999,0.033327029999999924,1.110901,1116.455505,0.0,0.0,1.110901,1110.9009999999998,0.0,2016,3,2,Wednesday,1,Spring
EUR/GBP,2016-03-17,0.7869,0.79103,0.7809,0.787,GBP,0.81061,812.1761300000001,0.02361000000000002,0.787,790.935,0.0,0.0,0.787,787.0,0.0,2016,3,3,Thursday,1,Spring
EUR/USD,2016-03-17,1.121705,1.134404,1.1208,1.121894,USD,1.15555082,1157.78338906,0.03365682000000003,1.121894,1127.50347,0.0,0.0,1.121894,1121.894,0.0,2016,3,3,Thursday,1,Spring
EUR/JPY,2016-03-17,126.512001,126.620003,125.348999,126.471001,JPY,130.26513103,130516.80832198999,3.794130029999991,126.471001,127103.35600500001,0.0,0.0,126.471001,126471.001,0.0,2016,3,3,Thursday,1,Spring
EUR/USD,2016-03-18,1.131542,1.133903,1.1258,1.131798,USD,1.16575194,1168.00421802,0.03395393999999996,1.131798,1137.45699,0.0,0.0,1.131798,1131.798,0.0,2016,3,4,Friday,1,Spring
EUR/GBP,2016-03-18,0.78166,0.7829,0.77816,0.78162,GBP,0.8050686,806.6240238,0.02344860000000004,0.78162,785.5281,0.0,0.0,0.78162,781.62,0.0,2016,3,4,Friday,1,Spring
EUR/JPY,2016-03-18,126.024002,126.183998,125.300003,125.984001,JPY,129.76352103000002,130014.22919199002,3.7795200300000147,125.984001,126613.92100500001,0.0,0.0,125.984001,125984.001,0.0,2016,3,4,Friday,1,Spring
EUR/GBP,2016-03-21,0.7794,0.7837,0.7794,0.77952,GBP,0.8029056,804.4568448,0.023385600000000006,0.77952,783.4176,0.0,0.0,0.77952,779.52,0.0,2016,3,0,Monday,1,Spring
EUR/JPY,2016-03-21,125.641998,126.059998,125.220001,125.665001,JPY,129.43495103,129685.02438199,3.769950030000004,125.665001,126293.32600500001,0.0,0.0,125.665001,125665.001,0.0,2016,3,0,Monday,1,Spring
EUR/USD,2016-03-21,1.127599,1.128999,1.1238,1.127904,USD,1.16174112,1163.9856489600002,0.033837120000000054,1.127904,1133.54352,0.0,0.0,1.127904,1127.904,0.0,2016,3,0,Monday,1,Spring
EUR/GBP,2016-03-22,0.782,0.79045,0.7813,0.78197,GBP,0.8054291000000001,806.9852203000002,0.023459100000000066,0.78197,785.87985,0.0,0.0,0.78197,781.97,0.0,2016,3,1,Tuesday,1,Spring
EUR/USD,2016-03-22,1.123697,1.1262,1.119194,1.123595,USD,1.15730285,1159.53880405,0.033707850000000095,1.123595,1129.2129749999997,0.0,0.0,1.123595,1123.5949999999998,0.0,2016,3,1,Tuesday,1,Spring
EUR/JPY,2016-03-22,125.991997,126.252998,124.700996,125.983002,JPY,129.76249206,130013.19823398,3.7794900600000005,125.983002,126612.91700999999,0.0,0.0,125.983002,125983.002,0.0,2016,3,1,Tuesday,1,Spring
EUR/GBP,2016-03-23,0.7889,0.79255,0.7882,0.78885,GBP,0.8125155000000001,814.0853115000001,0.023665500000000006,0.78885,792.79425,0.0,0.0,0.78885,788.85,0.0,2016,3,2,Wednesday,1,Spring
EUR/JPY,2016-03-23,125.949997,126.210999,125.529999,125.943001,JPY,129.72129103,129971.91760199,3.778290030000008,125.943001,126572.716005,0.0,0.0,125.943001,125943.00099999999,0.0,2016,3,2,Wednesday,1,Spring
EUR/USD,2016-03-23,1.122297,1.122297,1.1166,1.122297,USD,1.1559659100000002,1158.19928103,0.03366891000000005,1.122297,1127.908485,0.0,0.0,1.122297,1122.297,0.0,2016,3,2,Wednesday,1,Spring
EUR/JPY,2016-03-24,125.657997,126.120003,125.410004,125.648003,JPY,129.41744309,129667.48261597,3.7694400900000034,125.648003,126276.243015,0.0,0.0,125.648003,125648.003,0.0,2016,3,3,Thursday,1,Spring
EUR/GBP,2016-03-24,0.79194,0.79437,0.7889,0.79191,GBP,0.8156673,817.2432008999999,0.02375729999999998,0.79191,795.86955,0.0,0.0,0.79191,791.91,0.0,2016,3,3,Thursday,1,Spring
EUR/USD,2016-03-24,1.118206,1.119,1.114964,1.118105,USD,1.15164815,1153.87317895,0.03354315000000008,1.118105,1123.695525,0.0,0.0,1.118105,1118.105,0.0,2016,3,3,Thursday,1,Spring
EUR/JPY,2016-03-25,125.974998,126.436996,125.940002,125.978996,JPY,129.75836587999999,130009.06408203999,3.77936987999999,125.978996,126608.89098,0.0,0.0,125.978996,125978.996,0.0,2016,3,4,Friday,1,Spring
EUR/GBP,2016-03-25,0.7899,0.79088,0.7884,0.79017,GBP,0.8138751000000001,815.4475383000001,0.023705100000000034,0.79017,794.12085,0.0,0.0,0.79017,790.1700000000001,0.0,2016,3,4,Friday,1,Spring
EUR/USD,2016-03-25,1.116695,1.117706,1.115673,1.116794,USD,1.15029782,1152.52024006,0.03350381999999996,1.116794,1122.37797,0.0,0.0,1.116794,1116.794,0.0,2016,3,4,Friday,1,Spring
EUR/JPY,2016-03-28,126.594002,127.031998,126.510002,126.57,JPY,130.3671,130618.97429999999,3.7971000000000004,126.57,127202.85,0.0,0.0,126.57,126570.0,0.0,2016,3,0,Monday,1,Spring
EUR/GBP,2016-03-28,0.7895,0.79016,0.78474,0.7895,GBP,0.813185,814.756105,0.023685000000000067,0.7895,793.4475,0.0,0.0,0.7895,789.5,0.0,2016,3,0,Monday,1,Spring
EUR/USD,2016-03-28,1.115997,1.121806,1.115536,1.115997,USD,1.14947691,1151.69774403,0.03347991000000006,1.115997,1121.576985,0.0,0.0,1.115997,1115.9969999999998,0.0,2016,3,0,Monday,1,Spring
EUR/GBP,2016-03-29,0.78545,0.78707,0.7834,0.78537,GBP,0.8089311,810.4939863,0.0235611,0.78537,789.29685,0.0,0.0,0.78537,785.37,0.0,2016,3,1,Tuesday,1,Spring
EUR/USD,2016-03-29,1.120097,1.1224,1.117,1.120272,USD,1.15388016,1156.10950128,0.03360816,1.120272,1125.87336,0.0,0.0,1.120272,1120.272,0.0,2016,3,1,Tuesday,1,Spring
EUR/JPY,2016-03-29,126.970001,127.425003,126.795998,126.962997,JPY,130.77188691,131024.54327403,3.808889910000005,126.962997,127597.81198500001,0.0,0.0,126.962997,126962.997,0.0,2016,3,1,Tuesday,1,Spring
EUR/JPY,2016-03-30,127.181999,127.800003,126.790001,127.209999,JPY,131.02629897,131279.44686801,3.816299970000003,127.209999,127846.04899499999,0.0,0.0,127.209999,127209.999,0.0,2016,3,2,Wednesday,1,Spring
EUR/GBP,2016-03-30,0.7848,0.7873,0.78353,0.7847,GBP,0.808241,809.802553,0.023541000000000034,0.7847,788.6234999999999,0.0,0.0,0.7847,784.6999999999999,0.0,2016,3,2,Wednesday,1,Spring
EUR/USD,2016-03-30,1.129012,1.1362,1.128796,1.129203,USD,1.16307909,1165.3262039700003,0.033876090000000136,1.129203,1134.849015,0.0,0.0,1.129203,1129.203,0.0,2016,3,2,Wednesday,1,Spring
EUR/GBP,2016-03-31,0.7885,0.79435,0.7878,0.78852,GBP,0.8121756,813.7447548,0.0236556,0.78852,792.4626,0.0,0.0,0.78852,788.52,0.0,2016,3,3,Thursday,1,Spring
EUR/JPY,2016-03-31,127.316002,128.210007,126.959999,127.355003,JPY,131.17565309,131429.08954597,3.820650090000001,127.355003,127991.778015,0.0,0.0,127.355003,127355.003,0.0,2016,3,3,Thursday,1,Spring
EUR/USD,2016-03-31,1.133401,1.141,1.1312,1.133466,USD,1.1674699800000001,1169.72557734,0.034003980000000045,1.133466,1139.1333300000001,0.0,0.0,1.133466,1133.4660000000001,0.0,2016,3,3,Thursday,1,Spring
EUR/GBP,2016-04-01,0.792,0.80189,0.7918,0.792,GBP,0.81576,817.33608,0.023760000000000003,0.792,795.96,0.0,0.0,0.792,792.0,0.0,2016,4,4,Friday,2,Spring
EUR/USD,2016-04-01,1.137902,1.1438,1.134198,1.137967,USD,1.17210601,1174.37056433,0.03413901000000008,1.137967,1143.6568349999998,0.0,0.0,1.137967,1137.9669999999999,0.0,2016,4,4,Friday,2,Spring
EUR/JPY,2016-04-01,127.983002,128.160004,127.433998,128.009995,JPY,131.85029485,132105.03474005,3.840299850000008,128.009995,128650.04497500001,0.0,0.0,128.009995,128009.99500000001,0.0,2016,4,4,Friday,2,Spring
EUR/GBP,2016-04-04,0.8009,0.8015,0.7959,0.80071,GBP,0.8247313000000001,826.3247129,0.024021300000000023,0.80071,804.71355,0.0,0.0,0.80071,800.71,0.0,2016,4,0,Monday,2,Spring
EUR/USD,2016-04-04,1.139705,1.141201,1.136,1.139004,USD,1.1731741199999999,1175.44073796,0.03417011999999997,1.139004,1144.69902,0.0,0.0,1.139004,1139.004,0.0,2016,4,0,Monday,2,Spring
EUR/JPY,2016-04-04,127.279999,127.337997,126.467003,127.279999,JPY,131.09839897,131351.68616801,3.8183999700000015,127.279999,127916.39899500001,0.0,0.0,127.279999,127279.99900000001,0.0,2016,4,0,Monday,2,Spring
EUR/GBP,2016-04-05,0.79836,0.8051,0.79806,0.7983,GBP,0.822249,823.837617,0.023948999999999998,0.7983,802.2914999999999,0.0,0.0,0.7983,798.3,0.0,2016,4,1,Tuesday,2,Spring
EUR/USD,2016-04-05,1.138706,1.140706,1.134,1.1389,USD,1.173067,1175.333411,0.03416700000000006,1.1389,1144.5945000000002,0.0,0.0,1.1389,1138.9,0.0,2016,4,1,Tuesday,2,Spring
EUR/JPY,2016-04-05,126.660004,126.660004,125.282997,126.681,JPY,130.48143,130733.52518999999,3.8004299999999915,126.681,127314.405,0.0,0.0,126.681,126681.0,0.0,2016,4,1,Tuesday,2,Spring
EUR/GBP,2016-04-06,0.80387,0.81034,0.8023,0.804,GBP,0.8281200000000001,829.7199600000001,0.02412000000000003,0.804,808.02,0.0,0.0,0.804,804.0,0.0,2016,4,2,Wednesday,2,Spring
EUR/JPY,2016-04-06,125.589996,125.823997,125.080002,125.620003,JPY,129.38860309,129638.58689597,3.7686000900000067,125.620003,126248.103015,0.0,0.0,125.620003,125620.003,0.0,2016,4,2,Wednesday,2,Spring
EUR/USD,2016-04-06,1.138097,1.1428,1.133144,1.1382,USD,1.172346,1174.611018,0.03414600000000001,1.1382,1143.891,0.0,0.0,1.1382,1138.2,0.0,2016,4,2,Wednesday,2,Spring
EUR/USD,2016-04-07,1.139965,1.145305,1.134,1.140498,USD,1.17471294,1176.9825310200001,0.03421494000000003,1.140498,1146.20049,0.0,0.0,1.140498,1140.498,0.0,2016,4,3,Thursday,2,Spring
EUR/JPY,2016-04-07,125.085999,125.178001,122.570999,125.077003,JPY,128.82931309,129078.21632597,3.7523100899999946,125.077003,125702.38801500002,0.0,0.0,125.077003,125077.00300000001,0.0,2016,4,3,Thursday,2,Spring
EUR/GBP,2016-04-07,0.8066,0.81155,0.80464,0.80658,GBP,0.8307774,832.3824942,0.024197400000000036,0.80658,810.6129,0.0,0.0,0.80658,806.5799999999999,0.0,2016,4,3,Thursday,2,Spring
EUR/JPY,2016-04-08,123.339996,124.224998,123.269997,123.287003,JPY,126.98561309,127230.95422597,3.6986100900000025,123.287003,123903.43801499999,0.0,0.0,123.287003,123287.003,0.0,2016,4,4,Friday,2,Spring
EUR/USD,2016-04-08,1.136906,1.142,1.135,1.137398,USD,1.17151994,1173.7833620200001,0.03412194000000013,1.137398,1143.0849899999998,0.0,0.0,1.137398,1137.398,0.0,2016,4,4,Friday,2,Spring
EUR/GBP,2016-04-08,0.8089,0.8092,0.805,0.8089,GBP,0.833167,834.776711,0.02426700000000004,0.8089,812.9445,0.0,0.0,0.8089,808.9,0.0,2016,4,4,Friday,2,Spring
EUR/JPY,2016-04-11,123.5,123.711998,122.858002,123.521004,JPY,127.22663412000001,127472.44091796002,3.7056301200000092,123.521004,124138.60902,0.0,0.0,123.521004,123521.004,0.0,2016,4,0,Monday,2,Spring
EUR/USD,2016-04-11,1.140706,1.145001,1.137436,1.140303,USD,1.1745120900000001,1176.78129297,0.03420909000000005,1.140303,1146.004515,0.0,0.0,1.140303,1140.303,0.0,2016,4,0,Monday,2,Spring
EUR/GBP,2016-04-11,0.8069,0.80868,0.7994,0.80714,GBP,0.8313542,832.9604085999999,0.024214200000000075,0.80714,811.1757,0.0,0.0,0.80714,807.14,0.0,2016,4,0,Monday,2,Spring
EUR/USD,2016-04-12,1.141214,1.1464,1.135306,1.141292,USD,1.17553076,1177.80193108,0.034238760000000035,1.141292,1146.99846,0.0,0.0,1.141292,1141.292,0.0,2016,4,1,Tuesday,2,Spring
EUR/JPY,2016-04-12,123.164001,123.981003,123.128998,123.171997,JPY,126.86715691,127112.26918403001,3.695159910000001,123.171997,123787.856985,0.0,0.0,123.171997,123171.997,0.0,2016,4,1,Tuesday,2,Spring
EUR/GBP,2016-04-12,0.80157,0.80268,0.79599,0.8016,GBP,0.825648,827.243184,0.02404800000000007,0.8016,805.6080000000001,0.0,0.0,0.8016,801.6,0.0,2016,4,1,Tuesday,2,Spring
EUR/GBP,2016-04-13,0.7977,0.79827,0.79274,0.79794,GBP,0.8218782,823.4661006,0.02393820000000002,0.79794,801.9296999999999,0.0,0.0,0.79794,797.9399999999999,0.0,2016,4,2,Wednesday,2,Spring
EUR/JPY,2016-04-13,123.685997,123.849998,123.016998,123.690002,JPY,127.40070206000001,127646.84516398,3.7107000600000077,123.690002,124308.45201000001,0.0,0.0,123.690002,123690.00200000001,0.0,2016,4,2,Wednesday,2,Spring
EUR/USD,2016-04-13,1.138602,1.139302,1.1274,1.138498,USD,1.17265294,1174.9185510200002,0.03415494000000008,1.138498,1144.19049,0.0,0.0,1.138498,1138.498,0.0,2016,4,2,Wednesday,2,Spring
EUR/USD,2016-04-14,1.128006,1.1294,1.123601,1.127904,USD,1.16174112,1163.9856489600002,0.033837120000000054,1.127904,1133.54352,0.0,0.0,1.127904,1127.904,0.0,2016,4,3,Thursday,2,Spring
EUR/GBP,2016-04-14,0.7947,0.79812,0.7943,0.7946,GBP,0.818438,820.0192539999999,0.023838000000000026,0.7946,798.573,0.0,0.0,0.7946,794.6,0.0,2016,4,3,Thursday,2,Spring
EUR/JPY,2016-04-14,123.394997,123.410004,122.739998,123.410004,JPY,127.11230412,127357.89002796,3.702300120000004,123.410004,124027.05402,0.0,0.0,123.410004,123410.004,0.0,2016,4,3,Thursday,2,Spring
EUR/GBP,2016-04-15,0.79661,0.79752,0.79389,0.7966,GBP,0.820498,822.083234,0.023897999999999975,0.7966,800.583,0.0,0.0,0.7966,796.6,0.0,2016,4,4,Friday,2,Spring
EUR/USD,2016-04-15,1.126507,1.1318,1.124758,1.127002,USD,1.16081206,1163.0547939799999,0.033810059999999975,1.127002,1132.63701,0.0,0.0,1.127002,1127.002,0.0,2016,4,4,Friday,2,Spring
EUR/JPY,2016-04-15,123.150002,123.559998,122.75,123.160004,JPY,126.85480412,127099.89252796,3.6948001199999965,123.160004,123775.80402,0.0,0.0,123.160004,123160.004,0.0,2016,4,4,Friday,2,Spring
EUR/JPY,2016-04-18,122.124001,123.288002,121.720001,122.019997,JPY,125.68059691,125923.41670403001,3.660599910000002,122.019997,122630.096985,0.0,0.0,122.019997,122019.997,0.0,2016,4,0,Monday,2,Spring
EUR/GBP,2016-04-18,0.7964,0.79926,0.79229,0.7969,GBP,0.8208070000000001,822.392831,0.02390700000000001,0.7969,800.8845000000001,0.0,0.0,0.7969,796.9000000000001,0.0,2016,4,0,Monday,2,Spring
EUR/USD,2016-04-18,1.130097,1.1332,1.127497,1.129995,USD,1.1638948500000001,1166.1435400500002,0.033899850000000065,1.129995,1135.6449750000002,0.0,0.0,1.129995,1129.9950000000001,0.0,2016,4,0,Monday,2,Spring
EUR/JPY,2016-04-19,123.332001,124.429001,123.254997,123.335999,JPY,127.03607897,127281.51760801,3.7000799700000044,123.335999,123952.678995,0.0,0.0,123.335999,123335.999,0.0,2016,4,1,Tuesday,2,Spring
EUR/USD,2016-04-19,1.131004,1.138602,1.130506,1.130902,USD,1.1648290600000002,1167.0795549800002,0.03392706000000012,1.130902,1136.5565100000001,0.0,0.0,1.130902,1130.902,0.0,2016,4,1,Tuesday,2,Spring
EUR/GBP,2016-04-19,0.79152,0.79214,0.7881,0.79117,GBP,0.8149051,816.4795283000001,0.02373510000000001,0.79117,795.1258500000001,0.0,0.0,0.79117,791.1700000000001,0.0,2016,4,1,Tuesday,2,Spring
EUR/USD,2016-04-20,1.135886,1.138599,1.1322,1.135963,USD,1.17004189,1172.30245637,0.03407888999999997,1.135963,1141.642815,0.0,0.0,1.135963,1135.963,0.0,2016,4,2,Wednesday,2,Spring
EUR/GBP,2016-04-20,0.7894,0.79137,0.78676,0.7893,GBP,0.812979,814.549707,0.023679000000000006,0.7893,793.2465,0.0,0.0,0.7893,789.3,0.0,2016,4,2,Wednesday,2,Spring
EUR/JPY,2016-04-20,124.010002,124.311996,123.540001,124.080002,JPY,127.80240205999999,128049.32126397999,3.7224000599999982,124.080002,124700.40200999999,0.0,0.0,124.080002,124080.002,0.0,2016,4,2,Wednesday,2,Spring
EUR/USD,2016-04-21,1.130506,1.1394,1.1278,1.130506,USD,1.16442118,1166.67088694,0.033915179999999934,1.130506,1136.1585300000002,0.0,0.0,1.130506,1130.506,0.0,2016,4,3,Thursday,2,Spring
EUR/GBP,2016-04-21,0.78838,0.78968,0.78563,0.78826,GBP,0.8119078,813.4764373999999,0.023647799999999997,0.78826,792.2013,0.0,0.0,0.78826,788.26,0.0,2016,4,3,Thursday,2,Spring
EUR/JPY,2016-04-21,124.133003,124.907997,123.446999,124.135002,JPY,127.85905206000001,128106.08071398002,3.7240500600000104,124.135002,124755.67701,0.0,0.0,124.135002,124135.002,0.0,2016,4,3,Thursday,2,Spring
EUR/JPY,2016-04-22,123.599998,125.466003,123.400002,123.553001,JPY,127.25959103,127505.46150199,3.706590030000001,123.553001,124170.76600499998,0.0,0.0,123.553001,123553.00099999999,0.0,2016,4,4,Friday,2,Spring
EUR/USD,2016-04-22,1.129305,1.130902,1.124,1.129203,USD,1.16307909,1165.3262039700003,0.033876090000000136,1.129203,1134.849015,0.0,0.0,1.129203,1129.203,0.0,2016,4,4,Friday,2,Spring
EUR/GBP,2016-04-22,0.78815,0.78831,0.77954,0.7883,GBP,0.811949,813.5177170000001,0.02364900000000003,0.7883,792.2415,0.0,0.0,0.7883,788.3,0.0,2016,4,4,Friday,2,Spring
EUR/JPY,2016-04-25,125.179001,125.309998,124.815002,125.166,JPY,128.92098,129170.06033999998,3.754979999999989,125.166,125791.83,0.0,0.0,125.166,125166.0,0.0,2016,4,0,Monday,2,Spring
EUR/GBP,2016-04-25,0.77748,0.78108,0.77558,0.77754,GBP,0.8008662000000001,802.4135046,0.023326200000000075,0.77754,781.4277,0.0,0.0,0.77754,777.54,0.0,2016,4,0,Monday,2,Spring
EUR/USD,2016-04-25,1.123305,1.127904,1.1227,1.123406,USD,1.15710818,1159.34375794,0.03370218000000014,1.123406,1129.0230299999998,0.0,0.0,1.123406,1123.406,0.0,2016,4,0,Monday,2,Spring
EUR/GBP,2016-04-26,0.7777,0.7779,0.77355,0.7776,GBP,0.800928,802.475424,0.023328000000000015,0.7776,781.4879999999999,0.0,0.0,0.7776,777.5999999999999,0.0,2016,4,1,Tuesday,2,Spring
EUR/JPY,2016-04-26,125.172997,125.914001,124.709,125.217003,JPY,128.97351309,129222.69492597,3.756510090000006,125.217003,125843.08801500002,0.0,0.0,125.217003,125217.00300000001,0.0,2016,4,1,Tuesday,2,Spring
EUR/USD,2016-04-26,1.126672,1.133903,1.125796,1.1269,USD,1.160707,1162.949531,0.03380699999999992,1.1269,1132.5345,0.0,0.0,1.1269,1126.9,0.0,2016,4,1,Tuesday,2,Spring
EUR/GBP,2016-04-27,0.775,0.77838,0.7738,0.77502,GBP,0.7982706,799.8128898000001,0.02325060000000001,0.77502,778.8951000000001,0.0,0.0,0.77502,775.0200000000001,0.0,2016,4,2,Wednesday,2,Spring
EUR/USD,2016-04-27,1.129803,1.134,1.1292,1.129905,USD,1.16380215,1166.05066095,0.03389715000000004,1.129905,1135.554525,0.0,0.0,1.129905,1129.905,0.0,2016,4,2,Wednesday,2,Spring
EUR/JPY,2016-04-27,125.658997,126.040001,125.440002,125.662003,JPY,129.43186309,129681.93047597002,3.7698600900000088,125.662003,126290.31301499999,0.0,0.0,125.662003,125662.003,0.0,2016,4,2,Wednesday,2,Spring
EUR/JPY,2016-04-28,126.300003,126.449997,122.570999,126.349998,JPY,130.14049794,130391.93443601999,3.7904999399999895,126.349998,126981.74798999999,0.0,0.0,126.349998,126349.99799999999,0.0,2016,4,3,Thursday,2,Spring
EUR/USD,2016-04-28,1.132798,1.1366,1.129905,1.132901,USD,1.16688803,1169.1425029900001,0.03398703000000003,1.132901,1138.5655049999998,0.0,0.0,1.132901,1132.9009999999998,0.0,2016,4,3,Thursday,2,Spring
EUR/GBP,2016-04-28,0.77898,0.78036,0.77538,0.779,GBP,0.80237,803.92021,0.023370000000000002,0.779,782.895,0.0,0.0,0.779,779.0,0.0,2016,4,3,Thursday,2,Spring
EUR/JPY,2016-04-29,122.779999,122.910004,121.765999,122.739998,JPY,126.42219794,126666.45053602,3.682199940000004,122.739998,123353.69799,0.0,0.0,122.739998,122739.998,0.0,2016,4,4,Friday,2,Spring
EUR/GBP,2016-04-29,0.7771,0.78366,0.7766,0.77732,GBP,0.8006396,802.1864668,0.023319599999999996,0.77732,781.2066000000001,0.0,0.0,0.77732,777.32,0.0,2016,4,4,Friday,2,Spring
EUR/USD,2016-04-29,1.135796,1.146,1.135796,1.135589,USD,1.16965667,1171.9164921099998,0.034067669999999994,1.135589,1141.2669449999999,0.0,0.0,1.135589,1135.589,0.0,2016,4,4,Friday,2,Spring
EUR/GBP,2016-05-02,0.78484,0.7864,0.78226,0.785,GBP,0.8085500000000001,810.11215,0.02355000000000007,0.785,788.925,0.0,0.0,0.785,785.0,0.0,2016,5,0,Monday,2,Spring
EUR/USD,2016-05-02,1.146197,1.1528,1.145016,1.146303,USD,1.1806920900000002,1182.9732329700003,0.03438909000000012,1.146303,1152.034515,0.0,0.0,1.146303,1146.303,0.0,2016,5,0,Monday,2,Spring
EUR/JPY,2016-05-02,122.024002,122.850998,121.876999,122.019997,JPY,125.68059691,125923.41670403001,3.660599910000002,122.019997,122630.096985,0.0,0.0,122.019997,122019.997,0.0,2016,5,0,Monday,2,Spring
EUR/JPY,2016-05-03,122.635002,122.747002,122.120003,122.627998,JPY,126.30683794000001,126550.86765602001,3.678839940000003,122.627998,123241.13799,0.0,0.0,122.627998,122627.998,0.0,2016,5,1,Tuesday,2,Spring
EUR/GBP,2016-05-03,0.78578,0.79191,0.7842,0.78576,GBP,0.8093328000000001,810.8964624,0.02357280000000006,0.78576,789.6888,0.0,0.0,0.78576,785.76,0.0,2016,5,1,Tuesday,2,Spring
EUR/USD,2016-05-03,1.152605,1.1614,1.1504,1.152499,USD,1.18707397,1189.36744301,0.03457496999999998,1.152499,1158.261495,0.0,0.0,1.152499,1152.499,0.0,2016,5,1,Tuesday,2,Spring
EUR/JPY,2016-05-04,122.718002,123.235001,122.330002,122.699997,JPY,126.38099691,126625.16990402999,3.680999909999997,122.699997,123313.496985,0.0,0.0,122.699997,122699.997,0.0,2016,5,2,Wednesday,2,Spring
EUR/GBP,2016-05-04,0.79046,0.79461,0.78899,0.79047,GBP,0.8141841000000001,815.7571353000001,0.02371410000000007,0.79047,794.42235,0.0,0.0,0.79047,790.47,0.0,2016,5,2,Wednesday,2,Spring
EUR/USD,2016-05-04,1.150245,1.1528,1.146999,1.150404,USD,1.18491612,1187.2054239600002,0.034512120000000035,1.150404,1156.15602,0.0,0.0,1.150404,1150.404,0.0,2016,5,2,Wednesday,2,Spring
EUR/USD,2016-05-05,1.149122,1.1496,1.139,1.149306,USD,1.1837851799999999,1186.0722989399999,0.03447917999999994,1.149306,1155.05253,0.0,0.0,1.149306,1149.306,0.0,2016,5,3,Thursday,2,Spring
EUR/JPY,2016-05-05,122.889999,123.121002,122.110001,122.860001,JPY,126.54580103,126790.29243199,3.68580003000001,122.860001,123474.301005,0.0,0.0,122.860001,122860.001,0.0,2016,5,3,Thursday,2,Spring
EUR/GBP,2016-05-05,0.7921,0.79221,0.78599,0.792,GBP,0.81576,817.33608,0.023760000000000003,0.792,795.96,0.0,0.0,0.792,792.0,0.0,2016,5,3,Thursday,2,Spring
EUR/USD,2016-05-06,1.140199,1.147184,1.139328,1.140602,USD,1.1748200599999998,1177.0898579799998,0.03421805999999994,1.140602,1146.3050099999998,0.0,0.0,1.140602,1140.6019999999999,0.0,2016,5,4,Friday,2,Spring
EUR/JPY,2016-05-06,122.386002,122.448997,121.480003,122.322998,JPY,125.99268794,126236.11070602,3.669689939999998,122.322998,122934.61299,0.0,0.0,122.322998,122322.99799999999,0.0,2016,5,4,Friday,2,Spring
EUR/GBP,2016-05-06,0.78686,0.7916,0.7864,0.78679,GBP,0.8103937,811.9594121,0.023603700000000005,0.78679,790.72395,0.0,0.0,0.78679,786.79,0.0,2016,5,4,Friday,2,Spring
EUR/GBP,2016-05-09,0.7892,0.79272,0.78673,0.78925,GBP,0.8129275,814.4981075000001,0.023677500000000018,0.78925,793.19625,0.0,0.0,0.78925,789.25,0.0,2016,5,0,Monday,2,Spring
EUR/JPY,2016-05-09,122.209,123.704002,122.169998,122.279999,JPY,125.94839897000001,126191.73616801001,3.66839997000001,122.279999,122891.39899500001,0.0,0.0,122.279999,122279.99900000001,0.0,2016,5,0,Monday,2,Spring
EUR/USD,2016-05-09,1.138797,1.143,1.137599,1.138797,USD,1.17296091,1175.22711603,0.034163909999999964,1.138797,1144.4909850000001,0.0,0.0,1.138797,1138.797,0.0,2016,5,0,Monday,2,Spring
EUR/USD,2016-05-10,1.138369,1.140599,1.1362,1.138797,USD,1.17296091,1175.22711603,0.034163909999999964,1.138797,1144.4909850000001,0.0,0.0,1.138797,1138.797,0.0,2016,5,1,Tuesday,2,Spring
EUR/GBP,2016-05-10,0.78975,0.79031,0.78708,0.78984,GBP,0.8135352,815.1069816,0.023695200000000027,0.78984,793.7892,0.0,0.0,0.78984,789.84,0.0,2016,5,1,Tuesday,2,Spring
EUR/JPY,2016-05-10,123.369003,124.400002,123.322998,123.333,JPY,127.03299,127278.42267,3.6999899999999997,123.333,123949.665,0.0,0.0,123.333,123333.0,0.0,2016,5,1,Tuesday,2,Spring
EUR/USD,2016-05-11,1.137501,1.1446,1.137398,1.137436,USD,1.17155908,1173.82257764,0.03412308000000008,1.137436,1143.1231799999998,0.0,0.0,1.137436,1137.436,0.0,2016,5,2,Wednesday,2,Spring
EUR/JPY,2016-05-11,124.208,124.265999,123.625999,124.189003,JPY,127.91467309000001,128161.80920597001,3.7256700900000084,124.189003,124809.948015,0.0,0.0,124.189003,124189.003,0.0,2016,5,2,Wednesday,2,Spring
EUR/GBP,2016-05-11,0.7869,0.79182,0.7864,0.7869,GBP,0.8105070000000001,812.072931,0.023607000000000045,0.7869,790.8345,0.0,0.0,0.7869,786.9000000000001,0.0,2016,5,2,Wednesday,2,Spring
EUR/GBP,2016-05-12,0.7913,0.7918,0.78461,0.7914,GBP,0.815142,816.716886,0.02374200000000004,0.7914,795.357,0.0,0.0,0.7914,791.4,0.0,2016,5,3,Thursday,2,Spring
EUR/USD,2016-05-12,1.142596,1.143105,1.138,1.1427,USD,1.176981,1179.254973,0.034281000000000006,1.1427,1148.4135,0.0,0.0,1.1427,1142.7,0.0,2016,5,3,Thursday,2,Spring
EUR/JPY,2016-05-12,123.870003,124.620003,123.699997,123.866997,JPY,127.58300691,127829.50223402999,3.716009909999997,123.866997,124486.331985,0.0,0.0,123.866997,123866.997,0.0,2016,5,3,Thursday,2,Spring
EUR/USD,2016-05-13,1.137527,1.138006,1.128399,1.137695,USD,1.1718258499999998,1174.0898630499998,0.034130849999999935,1.137695,1143.3834749999999,0.0,0.0,1.137695,1137.695,0.0,2016,5,4,Friday,2,Spring
EUR/GBP,2016-05-13,0.78738,0.78817,0.7858,0.7874,GBP,0.811022,812.588926,0.023622000000000032,0.7874,791.337,0.0,0.0,0.7874,787.4,0.0,2016,5,4,Friday,2,Spring
EUR/JPY,2016-05-13,124.108002,124.108002,123.071999,124.099998,JPY,127.82299794000001,128069.95693602,3.7229999400000082,124.099998,124720.49798999999,0.0,0.0,124.099998,124099.99799999999,0.0,2016,5,4,Friday,2,Spring
EUR/GBP,2016-05-16,0.7886,0.78919,0.78589,0.7887,GBP,0.812361,813.930513,0.023661000000000043,0.7887,792.6434999999999,0.0,0.0,0.7887,788.6999999999999,0.0,2016,5,0,Monday,2,Spring
EUR/USD,2016-05-16,1.131695,1.134404,1.130544,1.131695,USD,1.16564585,1167.89792305,0.03395085000000009,1.131695,1137.353475,0.0,0.0,1.131695,1131.695,0.0,2016,5,0,Monday,2,Spring
EUR/JPY,2016-05-16,122.964996,123.398003,122.901001,122.955002,JPY,126.64365206,126888.33251398,3.6886500600000005,122.955002,123569.77700999999,0.0,0.0,122.955002,122955.002,0.0,2016,5,0,Monday,2,Spring
EUR/GBP,2016-05-17,0.78319,0.78545,0.78002,0.7832,GBP,0.8066960000000001,808.2545680000001,0.023496000000000072,0.7832,787.1160000000001,0.0,0.0,0.7832,783.2,0.0,2016,5,1,Tuesday,2,Spring
EUR/USD,2016-05-17,1.131606,1.134799,1.130399,1.131606,USD,1.16555418,1167.80607594,0.033948180000000105,1.131606,1137.26403,0.0,0.0,1.131606,1131.606,0.0,2016,5,1,Tuesday,2,Spring
EUR/JPY,2016-05-17,123.411003,124.160004,123.233002,123.400002,JPY,127.10200206,127347.56806398,3.702000060000003,123.400002,124017.00201000001,0.0,0.0,123.400002,123400.00200000001,0.0,2016,5,1,Tuesday,2,Spring
EUR/GBP,2016-05-18,0.78252,0.78306,0.77099,0.7826,GBP,0.806078,807.635374,0.023478,0.7826,786.5129999999999,0.0,0.0,0.7826,782.5999999999999,0.0,2016,5,2,Wednesday,2,Spring
EUR/USD,2016-05-18,1.131375,1.131695,1.125999,1.131606,USD,1.16555418,1167.80607594,0.033948180000000105,1.131606,1137.26403,0.0,0.0,1.131606,1131.606,0.0,2016,5,2,Wednesday,2,Spring
EUR/JPY,2016-05-18,123.338997,123.906998,122.977997,123.260002,JPY,126.95780206,127203.08946398,3.697800060000006,123.260002,123876.30201,0.0,0.0,123.260002,123260.002,0.0,2016,5,2,Wednesday,2,Spring
EUR/USD,2016-05-19,1.122196,1.123103,1.1182,1.122297,USD,1.1559659100000002,1158.19928103,0.03366891000000005,1.122297,1127.908485,0.0,0.0,1.122297,1122.297,0.0,2016,5,3,Thursday,2,Spring
EUR/GBP,2016-05-19,0.7686,0.77022,0.76499,0.7687,GBP,0.791761,793.2907130000001,0.023060999999999998,0.7687,772.5435,0.0,0.0,0.7687,768.7,0.0,2016,5,3,Thursday,2,Spring
EUR/JPY,2016-05-19,123.629997,123.768997,122.967003,123.580002,JPY,127.28740205999999,127533.32626398,3.7074000599999977,123.580002,124197.90200999999,0.0,0.0,123.580002,123580.002,0.0,2016,5,3,Thursday,2,Spring
EUR/USD,2016-05-20,1.12016,1.124,1.119896,1.120599,USD,1.15421697,1156.4469620099999,0.03361797000000011,1.120599,1126.201995,0.0,0.0,1.120599,1120.599,0.0,2016,5,4,Friday,2,Spring
EUR/JPY,2016-05-20,123.119003,124.033997,123.084,123.099998,JPY,126.79299794,127037.96693602,3.692999940000007,123.099998,123715.49798999999,0.0,0.0,123.099998,123099.99799999999,0.0,2016,5,4,Friday,2,Spring
EUR/GBP,2016-05-20,0.7673,0.77265,0.7669,0.7673,GBP,0.790319,791.845927,0.02301900000000001,0.7673,771.1365,0.0,0.0,0.7673,767.3,0.0,2016,5,4,Friday,2,Spring
EUR/JPY,2016-05-23,123.489998,123.495003,122.389999,123.5,JPY,127.205,127450.765,3.7049999999999983,123.5,124117.5,0.0,0.0,123.5,123500.0,0.0,2016,5,0,Monday,2,Spring
EUR/GBP,2016-05-23,0.7742,0.77532,0.77045,0.7744,GBP,0.797632,799.1730560000001,0.02323200000000003,0.7744,778.2719999999999,0.0,0.0,0.7744,774.4,0.0,2016,5,0,Monday,2,Spring
EUR/USD,2016-05-23,1.122095,1.124303,1.119,1.122171,USD,1.15583613,1158.06925029,0.03366512999999993,1.122171,1127.781855,0.0,0.0,1.122171,1122.171,0.0,2016,5,0,Monday,2,Spring
EUR/GBP,2016-05-24,0.7743,0.77468,0.7617,0.77434,GBP,0.7975702,799.1111366,0.02323019999999998,0.77434,778.2117000000001,0.0,0.0,0.77434,774.34,0.0,2016,5,1,Tuesday,2,Spring
EUR/USD,2016-05-24,1.121705,1.123,1.1146,1.121604,USD,1.15525212,1157.48411196,0.03364812000000006,1.121604,1127.21202,0.0,0.0,1.121604,1121.604,0.0,2016,5,1,Tuesday,2,Spring
EUR/JPY,2016-05-24,122.620003,122.709999,122.347,122.623001,JPY,126.30169103,126545.71080199,3.6786900299999985,122.623001,123236.116005,0.0,0.0,122.623001,122623.001,0.0,2016,5,1,Tuesday,2,Spring
EUR/JPY,2016-05-25,122.669998,123.099998,122.519997,122.68,JPY,126.36040000000001,126604.5332,3.680400000000006,122.68,123293.4,0.0,0.0,122.68,122680.0,0.0,2016,5,2,Wednesday,2,Spring
EUR/GBP,2016-05-25,0.7619,0.76372,0.7564,0.762,GBP,0.78486,786.37638,0.02285999999999999,0.762,765.81,0.0,0.0,0.762,762.0,0.0,2016,5,2,Wednesday,2,Spring
EUR/USD,2016-05-25,1.113697,1.1171,1.112999,1.113797,USD,1.1472109099999999,1149.4273660299998,0.033413909999999936,1.113797,1119.3659850000001,0.0,0.0,1.113797,1113.797,0.0,2016,5,2,Wednesday,2,Spring
EUR/JPY,2016-05-26,122.822998,123.057999,122.269997,122.844002,JPY,126.52932206000001,126773.78162398,3.6853200600000093,122.844002,123458.22201000001,0.0,0.0,122.844002,122844.00200000001,0.0,2016,5,3,Thursday,2,Spring
EUR/GBP,2016-05-26,0.7591,0.76302,0.75795,0.75901,GBP,0.7817803,783.2907299,0.02277030000000002,0.75901,762.8050499999999,0.0,0.0,0.75901,759.01,0.0,2016,5,3,Thursday,2,Spring
EUR/USD,2016-05-26,1.115698,1.122,1.115698,1.115897,USD,1.14937391,1151.59454503,0.03347691000000008,1.115897,1121.476485,0.0,0.0,1.115897,1115.897,0.0,2016,5,3,Thursday,2,Spring
EUR/GBP,2016-05-27,0.76316,0.76438,0.7602,0.76314,GBP,0.7860342,787.5528486000001,0.022894199999999976,0.76314,766.9557,0.0,0.0,0.76314,763.14,0.0,2016,5,4,Friday,2,Spring
EUR/USD,2016-05-27,1.119294,1.1202,1.112599,1.119207,USD,1.1527832100000002,1155.0104319300003,0.033576210000000106,1.119207,1124.8030350000001,0.0,0.0,1.119207,1119.207,0.0,2016,5,4,Friday,2,Spring
EUR/JPY,2016-05-27,122.764,123.063004,122.220001,122.775002,JPY,126.45825206,126702.57431398002,3.683250060000006,122.775002,123388.87701000001,0.0,0.0,122.775002,122775.00200000001,0.0,2016,5,4,Friday,2,Spring
EUR/GBP,2016-05-30,0.75956,0.76317,0.7588,0.75943,GBP,0.7822129000000001,783.7241657000001,0.02278290000000005,0.75943,763.22715,0.0,0.0,0.75943,759.4300000000001,0.0,2016,5,0,Monday,2,Spring
EUR/USD,2016-05-30,1.111099,1.115,1.110001,1.111,USD,1.14433,1146.5408900000002,0.03333000000000008,1.111,1116.555,0.0,0.0,1.111,1111.0,0.0,2016,5,0,Monday,2,Spring
EUR/JPY,2016-05-30,123.033997,123.884003,122.931999,123.040001,JPY,126.73120103000001,126976.05063199002,3.6912000300000045,123.040001,123655.20100500001,0.0,0.0,123.040001,123040.001,0.0,2016,5,0,Monday,2,Spring
EUR/JPY,2016-05-31,123.579002,124.18,123.32,123.559998,JPY,127.26679793999999,127512.68233601999,3.7067999399999962,123.559998,124177.79798999999,0.0,0.0,123.559998,123559.99799999999,0.0,2016,5,1,Tuesday,2,Spring
EUR/USD,2016-05-31,1.115001,1.117599,1.1122,1.11484,USD,1.1482852000000001,1150.5037316,0.033445200000000064,1.11484,1120.4142000000002,0.0,0.0,1.11484,1114.8400000000001,0.0,2016,5,1,Tuesday,2,Spring
EUR/GBP,2016-05-31,0.7617,0.7667,0.75733,0.7618,GBP,0.7846540000000001,786.1699820000001,0.02285400000000004,0.7618,765.609,0.0,0.0,0.7618,761.8000000000001,0.0,2016,5,1,Tuesday,2,Spring
EUR/GBP,2016-06-01,0.7688,0.77585,0.7671,0.7688,GBP,0.791864,793.393912,0.023063999999999973,0.7688,772.6440000000001,0.0,0.0,0.7688,768.8000000000001,0.0,2016,6,2,Wednesday,2,Summer
EUR/USD,2016-06-01,1.113598,1.119,1.111704,1.113598,USD,1.1470059400000001,1149.22200002,0.033407940000000025,1.113598,1119.1659900000002,0.0,0.0,1.113598,1113.5980000000002,0.0,2016,6,2,Wednesday,2,Summer
EUR/JPY,2016-06-01,123.203003,123.310997,121.900002,123.220001,JPY,126.91660103,127161.80883198998,3.696600029999999,123.220001,123836.10100499999,0.0,0.0,123.220001,123220.00099999999,0.0,2016,6,2,Wednesday,2,Summer
EUR/USD,2016-06-02,1.119294,1.122,1.115,1.118906,USD,1.1524731799999999,1154.69980294,0.03356717999999992,1.118906,1124.50053,0.0,0.0,1.118906,1118.906,0.0,2016,6,3,Thursday,2,Summer
EUR/JPY,2016-06-02,122.421997,122.484001,121.088997,122.470001,JPY,126.14410103,126387.81633199,3.6741000300000053,122.470001,123082.35100499999,0.0,0.0,122.470001,122470.00099999999,0.0,2016,6,3,Thursday,2,Summer
EUR/GBP,2016-06-02,0.77604,0.77746,0.77208,0.77588,GBP,0.7991564,800.7004012,0.023276399999999975,0.77588,779.7594,0.0,0.0,0.77588,775.88,0.0,2016,6,3,Thursday,2,Summer
EUR/USD,2016-06-03,1.115399,1.135,1.1138,1.1152,USD,1.148656,1150.875248,0.03345599999999993,1.1152,1120.776,0.0,0.0,1.1152,1115.2,0.0,2016,6,4,Friday,2,Summer
EUR/GBP,2016-06-03,0.77395,0.78098,0.77201,0.77395,GBP,0.7971685000000001,798.7086605000001,0.02321850000000003,0.77395,777.81975,0.0,0.0,0.77395,773.95,0.0,2016,6,4,Friday,2,Summer
EUR/JPY,2016-06-03,121.455002,121.648003,120.929001,121.387001,JPY,125.02861103000001,125270.17116199002,3.6416100300000096,121.387001,121993.93600500001,0.0,0.0,121.387001,121387.001,0.0,2016,6,4,Friday,2,Summer
EUR/GBP,2016-06-06,0.78864,0.78998,0.7852,0.7889,GBP,0.812567,814.136911,0.023666999999999994,0.7889,792.8445,0.0,0.0,0.7889,788.9000000000001,0.0,2016,6,0,Monday,2,Summer
EUR/JPY,2016-06-06,121.095001,122.078003,120.917999,121.110001,JPY,124.74330103,124984.30993199,3.633300030000001,121.110001,121715.551005,0.0,0.0,121.110001,121110.001,0.0,2016,6,0,Monday,2,Summer
EUR/USD,2016-06-06,1.1351,1.138,1.133324,1.1351,USD,1.169153,1171.411849,0.03405300000000011,1.1351,1140.7755,0.0,0.0,1.1351,1135.1,0.0,2016,6,0,Monday,2,Summer
EUR/GBP,2016-06-07,0.78578,0.786,0.77774,0.78581,GBP,0.8093843000000001,810.9480619000001,0.023574300000000048,0.78581,789.73905,0.0,0.0,0.78581,785.8100000000001,0.0,2016,6,1,Tuesday,2,Summer
EUR/USD,2016-06-07,1.136467,1.138,1.134005,1.136402,USD,1.17049406,1172.75549998,0.03409206000000009,1.136402,1142.0840099999998,0.0,0.0,1.136402,1136.4019999999998,0.0,2016,6,1,Tuesday,2,Summer
EUR/JPY,2016-06-07,122.043999,122.651001,121.693001,122.07,JPY,125.7321,125975.0193,3.6621000000000095,122.07,122680.35,0.0,0.0,122.07,122070.0,0.0,2016,6,1,Tuesday,2,Summer
EUR/GBP,2016-06-08,0.78088,0.78404,0.7795,0.7808,GBP,0.804224,805.7777920000001,0.023424,0.7808,784.7040000000001,0.0,0.0,0.7808,780.8000000000001,0.0,2016,6,2,Wednesday,2,Summer
EUR/USD,2016-06-08,1.135654,1.142,1.135654,1.135783,USD,1.16985649,1172.1166981699998,0.03407348999999993,1.135783,1141.4619149999999,0.0,0.0,1.135783,1135.783,0.0,2016,6,2,Wednesday,2,Summer
EUR/JPY,2016-06-08,121.783997,121.878998,121.330002,121.790001,JPY,125.44370103000001,125686.06313199001,3.65370003000001,121.790001,122398.95100500001,0.0,0.0,121.790001,121790.001,0.0,2016,6,2,Wednesday,2,Summer
EUR/JPY,2016-06-09,121.780998,121.856003,120.338997,121.774002,JPY,125.42722206,125669.55232398,3.6532200600000095,121.774002,122382.87200999999,0.0,0.0,121.774002,121774.002,0.0,2016,6,3,Thursday,2,Summer
EUR/GBP,2016-06-09,0.78554,0.78772,0.7807,0.78561,GBP,0.8091783,810.7416639,0.023568299999999986,0.78561,789.53805,0.0,0.0,0.78561,785.61,0.0,2016,6,3,Thursday,2,Summer
EUR/USD,2016-06-09,1.140602,1.141696,1.1308,1.140706,USD,1.17492718,1177.1971849400002,0.03422118000000007,1.140706,1146.40953,0.0,0.0,1.140706,1140.706,0.0,2016,6,3,Thursday,2,Summer
EUR/USD,2016-06-10,1.131196,1.1324,1.1274,1.131503,USD,1.16544809,1167.69978097,0.03394509000000001,1.131503,1137.160515,0.0,0.0,1.131503,1131.503,0.0,2016,6,4,Friday,2,Summer
EUR/JPY,2016-06-10,121.103996,121.156998,120.440002,121.142998,JPY,124.77728794000001,125018.36250602001,3.634289940000002,121.142998,121748.71299,0.0,0.0,121.142998,121142.998,0.0,2016,6,4,Friday,2,Summer
EUR/GBP,2016-06-10,0.78204,0.78853,0.78104,0.78219,GBP,0.8056557000000001,807.2122581000001,0.023465700000000034,0.78219,786.10095,0.0,0.0,0.78219,782.19,0.0,2016,6,4,Friday,2,Summer
EUR/GBP,2016-06-13,0.792,0.79832,0.78824,0.7919,GBP,0.8156570000000001,817.232881,0.023757000000000028,0.7919,795.8595000000001,0.0,0.0,0.7919,791.9000000000001,0.0,2016,6,0,Monday,2,Summer
EUR/USD,2016-06-13,1.124101,1.1302,1.123697,1.124,USD,1.15772,1159.95676,0.03371999999999997,1.124,1129.62,0.0,0.0,1.124,1124.0,0.0,2016,6,0,Monday,2,Summer
EUR/JPY,2016-06-13,119.679001,120.291,119.003998,119.691002,JPY,123.28173206,123519.91715398,3.5907300599999985,119.691002,120289.45701,0.0,0.0,119.691002,119691.002,0.0,2016,6,0,Monday,2,Summer
EUR/JPY,2016-06-14,119.858002,120.099998,118.514,119.917,JPY,123.51451,123753.14482999999,3.5975099999999998,119.917,120516.585,0.0,0.0,119.917,119917.0,0.0,2016,6,1,Tuesday,2,Summer
EUR/USD,2016-06-14,1.128796,1.129995,1.119,1.129102,USD,1.1629750600000002,1165.2219729800001,0.03387306000000012,1.129102,1134.7475100000001,0.0,0.0,1.129102,1129.102,0.0,2016,6,1,Tuesday,2,Summer
EUR/GBP,2016-06-14,0.7944,0.79696,0.79105,0.79459,GBP,0.8184277000000001,820.0089341,0.023837700000000073,0.79459,798.56295,0.0,0.0,0.79459,794.59,0.0,2016,6,1,Tuesday,2,Summer
EUR/JPY,2016-06-15,118.904999,119.431,118.723999,118.922997,JPY,122.49068691,122727.34367403,3.5676899099999986,118.922997,119517.61198499998,0.0,0.0,118.922997,118922.99699999999,0.0,2016,6,2,Wednesday,2,Summer
EUR/GBP,2016-06-15,0.79402,0.79414,0.7893,0.79377,GBP,0.8175831,819.1627023000001,0.02381310000000003,0.79377,797.73885,0.0,0.0,0.79377,793.77,0.0,2016,6,2,Wednesday,2,Summer
EUR/USD,2016-06-15,1.121302,1.126001,1.119094,1.121302,USD,1.15494106,1157.1724509800001,0.033639060000000054,1.121302,1126.9085100000002,0.0,0.0,1.121302,1121.3020000000001,0.0,2016,6,2,Wednesday,2,Summer
EUR/JPY,2016-06-16,119.214996,119.214996,115.515999,119.194,JPY,122.76982000000001,123007.01606000001,3.5758200000000073,119.194,119789.97,0.0,0.0,119.194,119194.0,0.0,2016,6,3,Thursday,2,Summer
EUR/GBP,2016-06-16,0.79323,0.79935,0.7899,0.79331,GBP,0.8171092999999999,818.6879868999999,0.023799299999999968,0.79331,797.2765499999999,0.0,0.0,0.79331,793.31,0.0,2016,6,3,Thursday,2,Summer
EUR/USD,2016-06-16,1.126126,1.13,1.1132,1.126266,USD,1.16005398,1162.29524934,0.03378798000000005,1.126266,1131.89733,0.0,0.0,1.126266,1126.266,0.0,2016,6,3,Thursday,2,Summer
EUR/JPY,2016-06-17,118.051003,118.066002,116.914001,117.900002,JPY,121.43700206,121671.62306398,3.537000059999997,117.900002,118489.50201000001,0.0,0.0,117.900002,117900.00200000001,0.0,2016,6,4,Friday,2,Summer
EUR/GBP,2016-06-17,0.78868,0.79074,0.7863,0.78746,GBP,0.8110838,812.6508454,0.023623799999999973,0.78746,791.3973000000001,0.0,0.0,0.78746,787.46,0.0,2016,6,4,Friday,2,Summer
EUR/USD,2016-06-17,1.127002,1.1296,1.1226,1.125201,USD,1.1589570299999998,1161.1961799899998,0.03375602999999994,1.125201,1130.8270049999999,0.0,0.0,1.125201,1125.2009999999998,0.0,2016,6,4,Friday,2,Summer
EUR/JPY,2016-06-20,118.779999,119.120003,118.0,118.728996,JPY,122.29086588,122527.13658204,3.5618698800000033,118.728996,119322.64098,0.0,0.0,118.728996,118728.996,0.0,2016,6,0,Monday,2,Summer
EUR/GBP,2016-06-20,0.77806,0.78017,0.76958,0.77786,GBP,0.8011958,802.7437414,0.023335800000000018,0.77786,781.7493000000001,0.0,0.0,0.77786,777.86,0.0,2016,6,0,Monday,2,Summer
EUR/USD,2016-06-20,1.134906,1.1384,1.1308,1.134906,USD,1.16895318,1171.21164294,0.034047179999999955,1.134906,1140.58053,0.0,0.0,1.134906,1134.906,0.0,2016,6,0,Monday,2,Summer
EUR/USD,2016-06-21,1.132285,1.135,1.1244,1.132298,USD,1.16626694,1168.52021302,0.03396894000000006,1.132298,1137.95949,0.0,0.0,1.132298,1132.298,0.0,2016,6,1,Tuesday,2,Summer
EUR/GBP,2016-06-21,0.7715,0.77432,0.76563,0.7715,GBP,0.7946449999999999,796.180285,0.02314499999999997,0.7715,775.3575,0.0,0.0,0.7715,771.5,0.0,2016,6,1,Tuesday,2,Summer
EUR/JPY,2016-06-21,117.511002,118.639,117.339996,117.545998,JPY,121.07237794,121306.29447601999,3.526379939999998,117.545998,118133.72799,0.0,0.0,117.545998,117545.99799999999,0.0,2016,6,1,Tuesday,2,Summer
EUR/JPY,2016-06-22,117.739998,118.602997,117.448997,117.752998,JPY,121.28558794000001,121519.91640602001,3.5325899400000083,117.752998,118341.76299,0.0,0.0,117.752998,117752.998,0.0,2016,6,2,Wednesday,2,Summer
EUR/USD,2016-06-22,1.125201,1.133504,1.12376,1.125062,USD,1.15881386,1161.05273338,0.03375185999999997,1.125062,1130.6873099999998,0.0,0.0,1.125062,1125.062,0.0,2016,6,2,Wednesday,2,Summer
EUR/GBP,2016-06-22,0.767,0.76986,0.7655,0.7669,GBP,0.789907,791.433131,0.023007,0.7669,770.7345,0.0,0.0,0.7669,766.9,0.0,2016,6,2,Wednesday,2,Summer
EUR/USD,2016-06-23,1.132798,1.142204,1.132,1.132824,USD,1.1668087200000001,1169.0630397600003,0.03398472000000008,1.132824,1138.48812,0.0,0.0,1.132824,1132.824,0.0,2016,6,3,Thursday,2,Summer
EUR/JPY,2016-06-23,118.481003,120.787003,118.176003,118.519997,JPY,122.07559691,122311.45170403001,3.555599909999998,118.519997,119112.596985,0.0,0.0,118.519997,118519.997,0.0,2016,6,3,Thursday,2,Summer
EUR/GBP,2016-06-23,0.7658,0.77051,0.76232,0.7658,GBP,0.7887740000000001,790.2979420000001,0.02297400000000005,0.7658,769.629,0.0,0.0,0.7658,765.8000000000001,0.0,2016,6,3,Thursday,2,Summer
EUR/JPY,2016-06-24,118.852997,119.378998,109.598999,118.804001,JPY,122.36812103,122604.54099199,3.564120029999998,118.804001,119398.021005,0.0,0.0,118.804001,118804.001,0.0,2016,6,4,Friday,2,Summer
EUR/USD,2016-06-24,1.133003,1.133517,1.091906,1.1324,USD,1.1663720000000002,1168.6254760000004,0.03397200000000011,1.1324,1138.0620000000001,0.0,0.0,1.1324,1132.4,0.0,2016,6,4,Friday,2,Summer
EUR/GBP,2016-06-24,0.77824,0.8312,0.7732,0.77802,GBP,0.8013606000000001,802.9088598000001,0.023340600000000045,0.77802,781.9101,0.0,0.0,0.77802,778.0200000000001,0.0,2016,6,4,Friday,2,Summer
EUR/USD,2016-06-27,1.103497,1.108193,1.0974,1.103594,USD,1.13670182,1138.89797206,0.03310782000000012,1.103594,1109.1119700000002,0.0,0.0,1.103594,1103.594,0.0,2016,6,0,Monday,2,Summer
EUR/JPY,2016-06-27,112.824997,113.18,111.419998,112.749001,JPY,116.13147103000001,116355.84154199001,3.3824700300000075,112.749001,113312.74600500001,0.0,0.0,112.749001,112749.001,0.0,2016,6,0,Monday,2,Summer
EUR/GBP,2016-06-27,0.82126,0.83533,0.8201,0.8208,GBP,0.845424,847.0573919999999,0.02462399999999998,0.8208,824.904,0.0,0.0,0.8208,820.8,0.0,2016,6,0,Monday,2,Summer
EUR/USD,2016-06-28,1.101601,1.111,1.101601,1.101503,USD,1.13454809,1136.74008097,0.03304509000000011,1.101503,1107.010515,0.0,0.0,1.101503,1101.503,0.0,2016,6,1,Tuesday,2,Summer
EUR/JPY,2016-06-28,112.059998,113.692001,111.938004,112.126999,JPY,115.49080897,115713.94169800999,3.3638099700000055,112.126999,112687.633995,0.0,0.0,112.126999,112126.999,0.0,2016,6,1,Tuesday,2,Summer
EUR/GBP,2016-06-28,0.8325,0.83379,0.8258,0.83226,GBP,0.8572278,858.8839974,0.024967799999999984,0.83226,836.4213,0.0,0.0,0.83226,832.26,0.0,2016,6,1,Tuesday,2,Summer
EUR/USD,2016-06-29,1.1078,1.112805,1.105156,1.107395,USD,1.14061685,1142.82056605,0.03322185000000011,1.107395,1112.931975,0.0,0.0,1.107395,1107.395,0.0,2016,6,2,Wednesday,2,Summer
EUR/JPY,2016-06-29,113.728996,114.293999,112.956001,113.718002,JPY,117.12954206,117355.84088398001,3.411540060000007,113.718002,114286.59201,0.0,0.0,113.718002,113718.002,0.0,2016,6,2,Wednesday,2,Summer
EUR/GBP,2016-06-29,0.82929,0.83192,0.82063,0.82947,GBP,0.8543541000000001,856.0047453000001,0.024884100000000076,0.82947,833.61735,0.0,0.0,0.82947,829.47,0.0,2016,6,2,Wednesday,2,Summer
EUR/GBP,2016-06-30,0.82653,0.83803,0.82414,0.82618,GBP,0.8509654000000001,852.6094982000001,0.02478540000000007,0.82618,830.3109000000001,0.0,0.0,0.82618,826.1800000000001,0.0,2016,6,3,Thursday,2,Summer
EUR/USD,2016-06-30,1.112595,1.1154,1.1054,1.112805,USD,1.14618915,1148.40363195,0.03338415000000006,1.112805,1118.369025,0.0,0.0,1.112805,1112.805,0.0,2016,6,3,Thursday,2,Summer
EUR/JPY,2016-06-30,114.262001,114.744003,113.507004,114.327003,JPY,117.75681309000001,117984.32382597002,3.4298100900000037,114.327003,114898.63801500002,0.0,0.0,114.327003,114327.00300000001,0.0,2016,6,3,Thursday,2,Summer
EUR/USD,2016-07-01,1.110371,1.117,1.1074,1.110605,USD,1.14392315,1146.1332539500002,0.033318149999999935,1.110605,1116.158025,0.0,0.0,1.110605,1110.605,0.0,2016,7,4,Friday,3,Summer
EUR/JPY,2016-07-01,114.431,114.551003,113.699997,114.460999,JPY,117.89482897,118122.60635801,3.433829970000005,114.460999,115033.303995,0.0,0.0,114.460999,114460.999,0.0,2016,7,4,Friday,3,Summer
EUR/GBP,2016-07-01,0.83256,0.8404,0.8315,0.83322,GBP,0.8582166,859.8747078,0.024996600000000035,0.83322,837.3860999999999,0.0,0.0,0.83322,833.2199999999999,0.0,2016,7,4,Friday,3,Summer
EUR/USD,2016-07-04,1.113102,1.115,1.11,1.113102,USD,1.1464950600000001,1148.7101329800003,0.033393060000000085,1.113102,1118.66751,0.0,0.0,1.113102,1113.102,0.0,2016,7,0,Monday,3,Summer
EUR/JPY,2016-07-04,114.036003,114.5,113.970001,114.045998,JPY,117.46737794,117694.32947602001,3.4213799400000084,114.045998,114616.22799,0.0,0.0,114.045998,114045.99799999999,0.0,2016,7,0,Monday,3,Summer
EUR/GBP,2016-07-04,0.8375,0.83979,0.8354,0.8375,GBP,0.8626250000000001,864.2916250000001,0.025125000000000064,0.8375,841.6875,0.0,0.0,0.8375,837.5,0.0,2016,7,0,Monday,3,Summer
EUR/JPY,2016-07-05,114.250999,114.250999,112.475998,114.25,JPY,117.67750000000001,117904.85750000001,3.427500000000009,114.25,114821.25,0.0,0.0,114.25,114250.0,0.0,2016,7,1,Tuesday,3,Summer
EUR/GBP,2016-07-05,0.839,0.8545,0.8389,0.83914,GBP,0.8643142,865.9840886000001,0.025174200000000035,0.83914,843.3357,0.0,0.0,0.83914,839.14,0.0,2016,7,1,Tuesday,3,Summer
EUR/USD,2016-07-05,1.114554,1.118001,1.1076,1.114604,USD,1.14804212,1150.26018196,0.033438120000000016,1.114604,1120.1770199999999,0.0,0.0,1.114604,1114.6039999999998,0.0,2016,7,1,Tuesday,3,Summer
EUR/GBP,2016-07-06,0.85318,0.86153,0.85091,0.85387,GBP,0.8794861,881.1853013000001,0.02561610000000003,0.85387,858.13935,0.0,0.0,0.85387,853.87,0.0,2016,7,2,Wednesday,3,Summer
EUR/JPY,2016-07-06,111.933998,112.051003,110.852997,111.875999,JPY,115.23227897,115454.91220801,3.3562799700000028,111.875999,112435.37899499999,0.0,0.0,111.875999,111875.999,0.0,2016,7,2,Wednesday,3,Summer
EUR/USD,2016-07-06,1.106439,1.109,1.1034,1.106501,USD,1.13969603,1141.89796699,0.033195030000000125,1.106501,1112.0335049999999,0.0,0.0,1.106501,1106.501,0.0,2016,7,2,Wednesday,3,Summer
EUR/JPY,2016-07-07,112.178001,112.290001,111.317001,112.239998,JPY,115.60719794,115830.55553602001,3.367199940000006,112.239998,112801.19799,0.0,0.0,112.239998,112239.998,0.0,2016,7,3,Thursday,3,Summer
EUR/GBP,2016-07-07,0.8591,0.8591,0.8491,0.8587,GBP,0.884461,886.169813,0.025761000000000034,0.8587,862.9935,0.0,0.0,0.8587,858.7,0.0,2016,7,3,Thursday,3,Summer
EUR/USD,2016-07-07,1.110001,1.1108,1.1058,1.109903,USD,1.1432000900000001,1145.4087969700001,0.03329709000000003,1.109903,1115.452515,0.0,0.0,1.109903,1109.903,0.0,2016,7,3,Thursday,3,Summer
EUR/JPY,2016-07-08,111.522003,111.818001,110.886002,111.529999,JPY,114.87589897000001,115097.84366801001,3.345899970000005,111.529999,112087.64899500001,0.0,0.0,111.529999,111529.99900000001,0.0,2016,7,4,Friday,3,Summer
EUR/GBP,2016-07-08,0.8568,0.8573,0.85049,0.85675,GBP,0.8824525000000001,884.1574325000001,0.025702500000000073,0.85675,861.03375,0.0,0.0,0.85675,856.75,0.0,2016,7,4,Friday,3,Summer
EUR/USD,2016-07-08,1.106501,1.1108,1.101,1.106574,USD,1.13977122,1141.97330226,0.03319722000000014,1.106574,1112.1068699999998,0.0,0.0,1.106574,1106.5739999999998,0.0,2016,7,4,Friday,3,Summer
EUR/GBP,2016-07-11,0.85322,0.85762,0.84853,0.8531,GBP,0.878693,880.390669,0.025592999999999977,0.8531,857.3655,0.0,0.0,0.8531,853.1,0.0,2016,7,0,Monday,3,Summer
EUR/JPY,2016-07-11,111.183998,113.544998,111.135002,111.202003,JPY,114.53806309000001,114759.35507597002,3.3360600900000037,111.202003,111758.01301500002,0.0,0.0,111.202003,111202.00300000001,0.0,2016,7,0,Monday,3,Summer
EUR/USD,2016-07-11,1.104704,1.1072,1.102,1.104399,USD,1.13753097,1139.72872401,0.03313197000000012,1.104399,1109.920995,0.0,0.0,1.104399,1104.399,0.0,2016,7,0,Monday,3,Summer
EUR/USD,2016-07-12,1.105803,1.1124,1.1054,1.105803,USD,1.13897709,1141.17763797,0.033174089999999934,1.105803,1111.3320150000002,0.0,0.0,1.105803,1105.803,0.0,2016,7,1,Tuesday,3,Summer
EUR/JPY,2016-07-12,113.348,116.050003,113.294998,113.357002,JPY,116.75771206,116983.29249398,3.4007100600000086,113.357002,113923.78701,0.0,0.0,113.357002,113357.002,0.0,2016,7,1,Tuesday,3,Summer
EUR/GBP,2016-07-12,0.8515,0.8519,0.8354,0.85176,GBP,0.8773128,879.0078024000001,0.025552800000000042,0.85176,856.0187999999999,0.0,0.0,0.85176,851.76,0.0,2016,7,1,Tuesday,3,Summer
EUR/GBP,2016-07-13,0.83346,0.84307,0.83029,0.83297,GBP,0.8579591,859.6167102999999,0.024989099999999986,0.83297,837.13485,0.0,0.0,0.83297,832.97,0.0,2016,7,2,Wednesday,3,Summer
EUR/USD,2016-07-13,1.106072,1.111999,1.1044,1.106293,USD,1.13948179,1141.68331307,0.03318879000000008,1.106293,1111.824465,0.0,0.0,1.106293,1106.293,0.0,2016,7,2,Wednesday,3,Summer
EUR/JPY,2016-07-13,115.822998,116.209,114.967003,115.859001,JPY,119.33477103000001,119565.33044199002,3.4757700300000067,115.859001,116438.29600500001,0.0,0.0,115.859001,115859.001,0.0,2016,7,2,Wednesday,3,Summer
EUR/USD,2016-07-14,1.109595,1.117,1.1092,1.109496,USD,1.14278088,1144.98877704,0.03328488000000007,1.109496,1115.04348,0.0,0.0,1.109496,1109.496,0.0,2016,7,3,Thursday,3,Summer
EUR/GBP,2016-07-14,0.84562,0.8465,0.82558,0.84573,GBP,0.8711019,872.7849027,0.025371900000000003,0.84573,849.95865,0.0,0.0,0.84573,845.73,0.0,2016,7,3,Thursday,3,Summer
EUR/JPY,2016-07-14,115.432999,118.005997,115.432999,115.473999,JPY,118.93821897000001,119168.01222801,3.464219970000002,115.473999,116051.36899500001,0.0,0.0,115.473999,115473.99900000001,0.0,2016,7,3,Thursday,3,Summer
EUR/JPY,2016-07-15,116.802002,118.383003,116.777,116.830002,JPY,120.33490205999999,120567.39376398,3.504900059999997,116.830002,117414.15200999999,0.0,0.0,116.830002,116830.002,0.0,2016,7,4,Friday,3,Summer
EUR/GBP,2016-07-15,0.83142,0.83834,0.82621,0.83156,GBP,0.8565068,858.1616044,0.024946800000000047,0.83156,835.7177999999999,0.0,0.0,0.83156,831.56,0.0,2016,7,4,Friday,3,Summer
EUR/USD,2016-07-15,1.110642,1.1157,1.105877,1.110605,USD,1.14392315,1146.1332539500002,0.033318149999999935,1.110605,1116.158025,0.0,0.0,1.110605,1110.605,0.0,2016,7,4,Friday,3,Summer
EUR/JPY,2016-07-18,116.571999,117.620003,116.367996,116.573997,JPY,120.07121691,120303.19916403,3.4972199099999983,116.573997,117156.866985,0.0,0.0,116.573997,116573.997,0.0,2016,7,0,Monday,3,Summer
EUR/USD,2016-07-18,1.105534,1.109,1.103826,1.105314,USD,1.13847342,1140.67299486,0.03315942000000005,1.105314,1110.8405699999998,0.0,0.0,1.105314,1105.3139999999999,0.0,2016,7,0,Monday,3,Summer
EUR/GBP,2016-07-18,0.83544,0.83712,0.8324,0.83553,GBP,0.8605959,862.2586046999999,0.025065899999999974,0.83553,839.70765,0.0,0.0,0.83553,835.53,0.0,2016,7,0,Monday,3,Summer
EUR/JPY,2016-07-19,117.482002,117.558998,116.799004,117.504997,JPY,121.03014691000001,121263.98185403,3.5251499100000103,117.504997,118092.521985,0.0,0.0,117.504997,117504.997,0.0,2016,7,1,Tuesday,3,Summer
EUR/USD,2016-07-19,1.107138,1.10807,1.1002,1.107187,USD,1.14040261,1142.6059121300002,0.03321561000000006,1.107187,1112.722935,0.0,0.0,1.107187,1107.187,0.0,2016,7,1,Tuesday,3,Summer
EUR/GBP,2016-07-19,0.8343,0.8403,0.83423,0.83435,GBP,0.8593805000000001,861.0408565000001,0.025030500000000067,0.83435,838.52175,0.0,0.0,0.83435,834.35,0.0,2016,7,1,Tuesday,3,Summer
EUR/USD,2016-07-20,1.101455,1.103,1.0984,1.101358,USD,1.1343987400000002,1136.59044242,0.033040740000000124,1.101358,1106.8647899999999,0.0,0.0,1.101358,1101.358,0.0,2016,7,2,Wednesday,3,Summer
EUR/JPY,2016-07-20,116.884003,117.528,116.545998,116.889,JPY,120.39567,120628.27911,3.5066699999999997,116.889,117473.445,0.0,0.0,116.889,116889.0,0.0,2016,7,2,Wednesday,3,Summer
EUR/GBP,2016-07-20,0.84025,0.84219,0.8338,0.84025,GBP,0.8654575000000001,867.1295975,0.02520750000000005,0.84025,844.45125,0.0,0.0,0.84025,840.25,0.0,2016,7,2,Wednesday,3,Summer
EUR/JPY,2016-07-21,118.046997,118.435997,116.181,118.111,JPY,121.65433,121889.37089,3.5433299999999974,118.111,118701.555,0.0,0.0,118.111,118111.0,0.0,2016,7,3,Thursday,3,Summer
EUR/USD,2016-07-21,1.101734,1.1058,1.098601,1.101953,USD,1.13501159,1137.2044764700001,0.03305859,1.101953,1107.462765,0.0,0.0,1.101953,1101.953,0.0,2016,7,3,Thursday,3,Summer
EUR/GBP,2016-07-21,0.83173,0.83812,0.83108,0.83098,GBP,0.8559094,857.5630502,0.02492939999999999,0.83098,835.1349,0.0,0.0,0.83098,830.98,0.0,2016,7,3,Thursday,3,Summer
EUR/JPY,2016-07-22,116.695999,117.261002,116.426003,116.719002,JPY,120.22057206000001,120452.84287398,3.501570060000006,116.719002,117302.59701000001,0.0,0.0,116.719002,116719.00200000001,0.0,2016,7,4,Friday,3,Summer
EUR/USD,2016-07-22,1.103314,1.104,1.0968,1.10329,USD,1.1363887000000001,1138.5842471000003,0.033098700000000036,1.10329,1108.8064500000003,0.0,0.0,1.10329,1103.2900000000002,0.0,2016,7,4,Friday,3,Summer
EUR/GBP,2016-07-22,0.83348,0.84173,0.83045,0.83316,GBP,0.8581548,859.8127884,0.024994799999999984,0.83316,837.3258,0.0,0.0,0.83316,833.16,0.0,2016,7,4,Friday,3,Summer
EUR/USD,2016-07-25,1.096924,1.0998,1.095362,1.097045,USD,1.12995635,1132.13946955,0.032911350000000006,1.097045,1102.530225,0.0,0.0,1.097045,1097.045,0.0,2016,7,0,Monday,3,Summer
EUR/JPY,2016-07-25,116.567001,116.931,116.300003,116.625999,JPY,120.12477897,120356.86470801,3.498779970000001,116.625999,117209.12899499999,0.0,0.0,116.625999,116625.999,0.0,2016,7,0,Monday,3,Summer
EUR/GBP,2016-07-25,0.83581,0.83802,0.83373,0.83549,GBP,0.8605547,862.2173251,0.02506470000000005,0.83549,839.66745,0.0,0.0,0.83549,835.49,0.0,2016,7,0,Monday,3,Summer
EUR/JPY,2016-07-26,116.025002,116.056999,114.489998,116.028999,JPY,119.50986897,119740.76667801,3.4808699700000005,116.028999,116609.14399499999,0.0,0.0,116.028999,116028.999,0.0,2016,7,1,Tuesday,3,Summer
EUR/USD,2016-07-26,1.098986,1.1024,1.098,1.099118,USD,1.13209154,1134.2787848199998,0.03297353999999997,1.099118,1104.61359,0.0,0.0,1.099118,1099.118,0.0,2016,7,1,Tuesday,3,Summer
EUR/GBP,2016-07-26,0.83842,0.84239,0.8351,0.8385,GBP,0.8636550000000001,865.3236150000001,0.02515500000000004,0.8385,842.6925,0.0,0.0,0.8385,838.5,0.0,2016,7,1,Tuesday,3,Summer
EUR/USD,2016-07-27,1.098804,1.101,1.098286,1.09878,USD,1.1317434000000002,1133.9299722,0.03296340000000009,1.09878,1104.2739000000001,0.0,0.0,1.09878,1098.7800000000002,0.0,2016,7,2,Wednesday,3,Summer
EUR/JPY,2016-07-27,115.172997,117.102997,115.172997,115.197998,JPY,118.65393794,118883.18195602001,3.4559399400000075,115.197998,115773.98799,0.0,0.0,115.197998,115197.99799999999,0.0,2016,7,2,Wednesday,3,Summer
EUR/GBP,2016-07-27,0.83551,0.84088,0.83497,0.83545,GBP,0.8605135,862.1760455,0.025063500000000016,0.83545,839.62725,0.0,0.0,0.83545,835.45,0.0,2016,7,2,Wednesday,3,Summer
EUR/USD,2016-07-28,1.106819,1.111999,1.106085,1.107346,USD,1.1405663799999999,1142.76999854,0.03322037999999994,1.107346,1112.88273,0.0,0.0,1.107346,1107.346,0.0,2016,7,3,Thursday,3,Summer
EUR/GBP,2016-07-28,0.8364,0.84493,0.83565,0.83626,GBP,0.8613478,863.0119574,0.025087799999999993,0.83626,840.4413,0.0,0.0,0.83626,836.26,0.0,2016,7,3,Thursday,3,Summer
EUR/JPY,2016-07-28,116.189003,116.422997,115.849998,116.174004,JPY,119.65922412,119890.41038796,3.485220120000008,116.174004,116754.87402,0.0,0.0,116.174004,116174.004,0.0,2016,7,3,Thursday,3,Summer
EUR/JPY,2016-07-29,116.113998,116.150002,113.998001,116.091003,JPY,119.57373309,119804.75418597001,3.482730090000004,116.091003,116671.458015,0.0,0.0,116.091003,116091.003,0.0,2016,7,4,Friday,3,Summer
EUR/USD,2016-07-29,1.108365,1.1196,1.1074,1.108438,USD,1.14169114,1143.89693162,0.033253140000000014,1.108438,1113.98019,0.0,0.0,1.108438,1108.438,0.0,2016,7,4,Friday,3,Summer
EUR/GBP,2016-07-29,0.84179,0.84754,0.836,0.84213,GBP,0.8673939,869.0697387,0.025263900000000006,0.84213,846.34065,0.0,0.0,0.84213,842.13,0.0,2016,7,4,Friday,3,Summer
EUR/GBP,2016-08-01,0.84477,0.84863,0.84167,0.845,GBP,0.87035,872.0315499999999,0.025349999999999984,0.845,849.225,0.0,0.0,0.845,845.0,0.0,2016,8,0,Monday,3,Summer
EUR/JPY,2016-08-01,114.286003,114.728996,114.029999,114.272003,JPY,117.70016309,117927.56437597,3.4281600900000058,114.272003,114843.363015,0.0,0.0,114.272003,114272.003,0.0,2016,8,0,Monday,3,Summer
EUR/USD,2016-08-01,1.116782,1.118401,1.1156,1.116807,USD,1.1503112100000001,1152.5336559300001,0.033504210000000034,1.116807,1122.391035,0.0,0.0,1.116807,1116.807,0.0,2016,8,0,Monday,3,Summer
EUR/GBP,2016-08-02,0.84671,0.84906,0.84219,0.84703,GBP,0.8724409,874.1264897,0.025410900000000014,0.84703,851.26515,0.0,0.0,0.84703,847.03,0.0,2016,8,1,Tuesday,3,Summer
EUR/JPY,2016-08-02,114.250999,114.768997,113.168999,114.305,JPY,117.73415000000001,117961.61695000001,3.429150000000007,114.305,114876.525,0.0,0.0,114.305,114305.0,0.0,2016,8,1,Tuesday,3,Summer
EUR/USD,2016-08-02,1.116707,1.1232,1.116358,1.116807,USD,1.1503112100000001,1152.5336559300001,0.033504210000000034,1.116807,1122.391035,0.0,0.0,1.116807,1116.807,0.0,2016,8,1,Tuesday,3,Summer
EUR/GBP,2016-08-03,0.84111,0.84309,0.83779,0.84112,GBP,0.8663536,868.0274287999999,0.025233599999999967,0.84112,845.3256,0.0,0.0,0.84112,841.12,0.0,2016,8,2,Wednesday,3,Summer
EUR/JPY,2016-08-03,113.382004,113.602997,112.959999,113.360001,JPY,116.76080103,116986.38743199,3.400800029999999,113.360001,113926.801005,0.0,0.0,113.360001,113360.001,0.0,2016,8,2,Wednesday,3,Summer
EUR/USD,2016-08-03,1.121856,1.122,1.1164,1.121906,USD,1.1555631800000001,1157.79577294,0.033657180000000064,1.121906,1127.5155300000001,0.0,0.0,1.121906,1121.9060000000002,0.0,2016,8,2,Wednesday,3,Summer
EUR/JPY,2016-08-04,112.959,113.230003,112.492996,113.003998,JPY,116.39411794,116618.99589602,3.3901199400000053,113.003998,113569.01799,0.0,0.0,113.003998,113003.99799999999,0.0,2016,8,3,Thursday,3,Summer
EUR/USD,2016-08-04,1.115237,1.115561,1.111778,1.11515,USD,1.1486045,1150.8236485,0.03345449999999994,1.11515,1120.72575,0.0,0.0,1.11515,1115.15,0.0,2016,8,3,Thursday,3,Summer
EUR/GBP,2016-08-04,0.83658,0.84951,0.8344,0.83673,GBP,0.8618319,863.4969927,0.02510190000000001,0.83673,840.91365,0.0,0.0,0.83673,836.73,0.0,2016,8,3,Thursday,3,Summer
EUR/JPY,2016-08-05,112.709,112.878998,112.337997,112.672997,JPY,116.05318691,116277.40617403,3.3801899099999986,112.672997,113236.36198499998,0.0,0.0,112.672997,112672.99699999999,0.0,2016,8,4,Friday,3,Summer
EUR/USD,2016-08-05,1.113449,1.116146,1.104911,1.113474,USD,1.14687822,1149.09403326,0.033404219999999984,1.113474,1119.0413700000001,0.0,0.0,1.113474,1113.4740000000002,0.0,2016,8,4,Friday,3,Summer
EUR/GBP,2016-08-05,0.84822,0.8502,0.8462,0.84807,GBP,0.8735121,875.1997593,0.025442100000000023,0.84807,852.31035,0.0,0.0,0.84807,848.0699999999999,0.0,2016,8,4,Friday,3,Summer
EUR/GBP,2016-08-08,0.84791,0.85081,0.84693,0.84728,GBP,0.8726984000000001,874.3844872000001,0.025418400000000063,0.84728,851.5164000000001,0.0,0.0,0.84728,847.2800000000001,0.0,2016,8,0,Monday,3,Summer
EUR/JPY,2016-08-08,113.124001,113.714996,113.005997,113.234001,JPY,116.63102103000001,116856.35669199002,3.3970200300000073,113.234001,113800.17100500001,0.0,0.0,113.234001,113234.001,0.0,2016,8,0,Monday,3,Summer
EUR/USD,2016-08-08,1.10877,1.1106,1.107371,1.108955,USD,1.14222365,1144.43047045,0.03326865000000012,1.108955,1114.499775,0.0,0.0,1.108955,1108.955,0.0,2016,8,0,Monday,3,Summer
EUR/GBP,2016-08-09,0.85067,0.85649,0.85067,0.85049,GBP,0.8760047,877.6971751,0.0255147,0.85049,854.74245,0.0,0.0,0.85049,850.49,0.0,2016,8,1,Tuesday,3,Summer
EUR/USD,2016-08-09,1.108684,1.1122,1.1072,1.108365,USD,1.14161595,1143.8215963500002,0.03325095,1.108365,1113.906825,0.0,0.0,1.108365,1108.365,0.0,2016,8,1,Tuesday,3,Summer
EUR/JPY,2016-08-09,113.392998,113.577003,113.035004,113.384003,JPY,116.78552309000001,117011.15725597001,3.4015200900000053,113.384003,113950.92301500001,0.0,0.0,113.384003,113384.00300000001,0.0,2016,8,1,Tuesday,3,Summer
EUR/GBP,2016-08-10,0.85439,0.8596,0.85179,0.85471,GBP,0.8803513,882.0521729,0.025641299999999978,0.85471,858.9835499999999,0.0,0.0,0.85471,854.7099999999999,0.0,2016,8,2,Wednesday,3,Summer
EUR/USD,2016-08-10,1.111815,1.12,1.111815,1.11158,USD,1.1449274,1147.1394442,0.03334740000000003,1.11158,1117.1379,0.0,0.0,1.11158,1111.58,0.0,2016,8,2,Wednesday,3,Summer
EUR/JPY,2016-08-10,113.321999,113.458,112.807999,113.305,JPY,116.70415000000001,116929.62695,3.399150000000006,113.305,113871.525,0.0,0.0,113.305,113305.0,0.0,2016,8,2,Wednesday,3,Summer
EUR/USD,2016-08-11,1.118606,1.119094,1.1138,1.118643,USD,1.1522022900000002,1154.4283895700003,0.03355929000000013,1.118643,1124.2362150000001,0.0,0.0,1.118643,1118.643,0.0,2016,8,3,Thursday,3,Summer
EUR/JPY,2016-08-11,113.119003,113.338997,112.714996,113.117996,JPY,116.51153588000001,116736.64069204,3.393539880000006,113.117996,113683.58598,0.0,0.0,113.117996,113117.996,0.0,2016,8,3,Thursday,3,Summer
EUR/GBP,2016-08-11,0.85895,0.86229,0.85762,0.85909,GBP,0.8848627,886.5722891,0.025772699999999982,0.85909,863.38545,0.0,0.0,0.85909,859.09,0.0,2016,8,3,Thursday,3,Summer
EUR/GBP,2016-08-12,0.85973,0.86459,0.85834,0.85987,GBP,0.8856661,887.3772413,0.02579609999999999,0.85987,864.16935,0.0,0.0,0.85987,859.87,0.0,2016,8,4,Friday,3,Summer
EUR/JPY,2016-08-12,113.393997,114.019997,112.755997,113.397003,JPY,116.79891309,117024.57312597,3.401910090000001,113.397003,113963.988015,0.0,0.0,113.397003,113397.003,0.0,2016,8,4,Friday,3,Summer
EUR/USD,2016-08-12,1.113896,1.122,1.113263,1.113908,USD,1.14732524,1149.5419169200002,0.033417240000000126,1.113908,1119.4775399999999,0.0,0.0,1.113908,1113.908,0.0,2016,8,4,Friday,3,Summer
EUR/JPY,2016-08-15,113.041,113.265999,112.681,113.075996,JPY,116.46827588000001,116693.29711204,3.392279880000004,113.075996,113641.37598,0.0,0.0,113.075996,113075.996,0.0,2016,8,0,Monday,3,Summer
EUR/GBP,2016-08-15,0.86469,0.87023,0.86209,0.86478,GBP,0.8907234,892.4443122000001,0.02594340000000006,0.86478,869.1039,0.0,0.0,0.86478,864.78,0.0,2016,8,0,Monday,3,Summer
EUR/USD,2016-08-15,1.116695,1.120574,1.115548,1.116695,USD,1.15019585,1152.41807305,0.033500850000000026,1.116695,1122.2784749999998,0.0,0.0,1.116695,1116.695,0.0,2016,8,0,Monday,3,Summer
EUR/JPY,2016-08-16,113.212997,113.222,112.366997,113.204002,JPY,116.60012206,116825.39802398001,3.396120060000001,113.204002,113770.02201,0.0,0.0,113.204002,113204.00200000001,0.0,2016,8,1,Tuesday,3,Summer
EUR/GBP,2016-08-16,0.86806,0.87232,0.86578,0.86798,GBP,0.8940194,895.7466802,0.026039400000000046,0.86798,872.3199,0.0,0.0,0.86798,867.98,0.0,2016,8,1,Tuesday,3,Summer
EUR/USD,2016-08-16,1.118443,1.132375,1.117943,1.118406,USD,1.15195818,1154.1838079400002,0.03355218000000004,1.118406,1123.99803,0.0,0.0,1.118406,1118.406,0.0,2016,8,1,Tuesday,3,Summer
EUR/GBP,2016-08-17,0.86533,0.86714,0.8631,0.86513,GBP,0.8910838999999999,892.8055087,0.025953899999999974,0.86513,869.45565,0.0,0.0,0.86513,865.13,0.0,2016,8,2,Wednesday,3,Summer
EUR/USD,2016-08-17,1.127904,1.129433,1.1256,1.127599,USD,1.16142697,1163.67089201,0.03382796999999993,1.127599,1133.236995,0.0,0.0,1.127599,1127.599,0.0,2016,8,2,Wednesday,3,Summer
EUR/JPY,2016-08-17,113.013,113.876999,112.834999,112.982002,JPY,116.37146206,116596.29624398,3.3894600600000047,112.982002,113546.91201,0.0,0.0,112.982002,112982.002,0.0,2016,8,2,Wednesday,3,Summer
EUR/GBP,2016-08-18,0.86616,0.86694,0.8591,0.86617,GBP,0.8921551,893.8787782999999,0.025985099999999983,0.86617,870.50085,0.0,0.0,0.86617,866.17,0.0,2016,8,3,Thursday,3,Summer
EUR/JPY,2016-08-18,112.851997,113.679001,112.68,112.875999,JPY,116.26227897,116486.90220801,3.386279970000004,112.875999,113440.37899499999,0.0,0.0,112.875999,112875.999,0.0,2016,8,3,Thursday,3,Summer
EUR/USD,2016-08-18,1.130199,1.134044,1.129612,1.129892,USD,1.1637887599999999,1166.0372450799998,0.03389675999999997,1.129892,1135.54146,0.0,0.0,1.129892,1129.8919999999998,0.0,2016,8,3,Thursday,3,Summer
EUR/JPY,2016-08-19,113.612999,113.863998,113.209999,113.612,JPY,117.02036,117246.44788,3.408360000000002,113.612,114180.06,0.0,0.0,113.612,113612.0,0.0,2016,8,4,Friday,3,Summer
EUR/GBP,2016-08-19,0.8619,0.86904,0.86092,0.86201,GBP,0.8878703000000001,889.5856999000001,0.025860300000000058,0.86201,866.3200500000002,0.0,0.0,0.86201,862.0100000000001,0.0,2016,8,4,Friday,3,Summer
EUR/USD,2016-08-19,1.134945,1.135203,1.1306,1.134945,USD,1.16899335,1171.2518905499999,0.03404834999999995,1.134945,1140.6197250000002,0.0,0.0,1.134945,1134.9450000000002,0.0,2016,8,4,Friday,3,Summer
EUR/JPY,2016-08-22,113.587997,113.819,113.400002,113.577003,JPY,116.98431309000001,117210.33132597001,3.40731009000001,113.577003,114144.88801500002,0.0,0.0,113.577003,113577.00300000001,0.0,2016,8,0,Monday,3,Summer
EUR/GBP,2016-08-22,0.86479,0.86527,0.86101,0.86516,GBP,0.8911148000000001,892.8364684000001,0.025954800000000056,0.86516,869.4858,0.0,0.0,0.86516,865.1600000000001,0.0,2016,8,0,Monday,3,Summer
EUR/USD,2016-08-22,1.130071,1.133273,1.127396,1.129816,USD,1.16371048,1165.95881384,0.03389448000000006,1.129816,1135.46508,0.0,0.0,1.129816,1129.816,0.0,2016,8,0,Monday,3,Summer
EUR/GBP,2016-08-23,0.86165,0.8628,0.858,0.86178,GBP,0.8876334,889.3483422,0.025853400000000026,0.86178,866.0889,0.0,0.0,0.86178,861.78,0.0,2016,8,1,Tuesday,3,Summer
EUR/JPY,2016-08-23,113.498001,113.717003,113.278,113.471001,JPY,116.87513103,117100.93832199,3.4041300300000046,113.471001,114038.35600500001,0.0,0.0,113.471001,113471.001,0.0,2016,8,1,Tuesday,3,Summer
EUR/USD,2016-08-23,1.131862,1.135718,1.131,1.131926,USD,1.16588378,1168.13631274,0.03395777999999994,1.131926,1137.58563,0.0,0.0,1.131926,1131.926,0.0,2016,8,1,Tuesday,3,Summer
EUR/USD,2016-08-24,1.130327,1.13135,1.1246,1.130084,USD,1.1639865200000001,1166.23538716,0.03390252000000005,1.130084,1135.73442,0.0,0.0,1.130084,1130.084,0.0,2016,8,2,Wednesday,3,Summer
EUR/GBP,2016-08-24,0.85617,0.85778,0.84868,0.85642,GBP,0.8821126,883.8168758,0.025692600000000065,0.85642,860.7021,0.0,0.0,0.85642,856.42,0.0,2016,8,2,Wednesday,3,Summer
EUR/JPY,2016-08-24,113.396004,113.550003,112.811996,113.358002,JPY,116.75874206,116984.32448398,3.400740060000004,113.358002,113924.79200999999,0.0,0.0,113.358002,113358.002,0.0,2016,8,2,Wednesday,3,Summer
EUR/GBP,2016-08-25,0.8507,0.85623,0.85007,0.8508,GBP,0.876324,878.0170919999999,0.02552399999999999,0.8508,855.054,0.0,0.0,0.8508,850.8,0.0,2016,8,3,Thursday,3,Summer
EUR/JPY,2016-08-25,113.216003,113.561996,113.089996,113.223999,JPY,116.62071897000001,116846.03472801001,3.3967199700000066,113.223999,113790.11899500001,0.0,0.0,113.223999,113223.99900000001,0.0,2016,8,3,Thursday,3,Summer
EUR/USD,2016-08-25,1.126253,1.13,1.126063,1.12638,USD,1.1601714,1162.4128962000002,0.03379140000000014,1.12638,1132.0119,0.0,0.0,1.12638,1126.3799999999999,0.0,2016,8,3,Thursday,3,Summer
EUR/USD,2016-08-26,1.128923,1.134044,1.123469,1.12905,USD,1.1629215000000002,1165.1683095,0.033871500000000054,1.12905,1134.6952500000002,0.0,0.0,1.12905,1129.0500000000002,0.0,2016,8,4,Friday,3,Summer
EUR/JPY,2016-08-26,113.492996,113.802002,113.172997,113.500999,JPY,116.90602897,117131.89595801,3.405029970000001,113.500999,114068.50399499999,0.0,0.0,113.500999,113500.999,0.0,2016,8,4,Friday,3,Summer
EUR/GBP,2016-08-26,0.8555,0.85641,0.85221,0.85547,GBP,0.8811340999999999,882.8364852999998,0.025664099999999967,0.85547,859.7473499999999,0.0,0.0,0.85547,855.4699999999999,0.0,2016,8,4,Friday,3,Summer
EUR/USD,2016-08-29,1.119695,1.121001,1.116071,1.119946,USD,1.15354438,1155.7730725400002,0.03359837999999993,1.119946,1125.54573,0.0,0.0,1.119946,1119.9460000000001,0.0,2016,8,0,Monday,3,Summer
EUR/GBP,2016-08-29,0.85297,0.85489,0.85297,0.85282,GBP,0.8784046000000001,880.1017118000001,0.02558460000000007,0.85282,857.0841,0.0,0.0,0.85282,852.82,0.0,2016,8,0,Monday,3,Summer
EUR/JPY,2016-08-29,114.139999,114.675003,114.012001,114.123001,JPY,117.54669103,117773.79580199,3.423690030000003,114.123001,114693.616005,0.0,0.0,114.123001,114123.001,0.0,2016,8,0,Monday,3,Summer
EUR/USD,2016-08-30,1.119194,1.119194,1.114,1.119282,USD,1.15286046,1155.0878311800002,0.03357845999999998,1.119282,1124.8784100000003,0.0,0.0,1.119282,1119.2820000000002,0.0,2016,8,1,Tuesday,3,Summer
EUR/JPY,2016-08-30,113.927002,114.774002,113.857002,113.945,JPY,117.36335,117590.10054999999,3.4183500000000038,113.945,114514.725,0.0,0.0,113.945,113945.0,0.0,2016,8,1,Tuesday,3,Summer
EUR/GBP,2016-08-30,0.85375,0.85509,0.8498,0.8538,GBP,0.879414,881.113062,0.025614000000000026,0.8538,858.069,0.0,0.0,0.8538,853.8,0.0,2016,8,1,Tuesday,3,Summer
EUR/GBP,2016-08-31,0.8517,0.8525,0.84699,0.8517,GBP,0.877251,878.945883,0.02555099999999999,0.8517,855.9585000000001,0.0,0.0,0.8517,851.7,0.0,2016,8,2,Wednesday,3,Summer
EUR/JPY,2016-08-31,114.691002,115.335999,114.690002,114.708,JPY,118.14924,118377.50892000001,3.4412400000000076,114.708,115281.54,0.0,0.0,114.708,114708.0,0.0,2016,8,2,Wednesday,3,Summer
EUR/USD,2016-08-31,1.115076,1.116445,1.112595,1.115324,USD,1.14878372,1151.00321476,0.03345971999999997,1.115324,1120.9006200000001,0.0,0.0,1.115324,1115.324,0.0,2016,8,2,Wednesday,3,Summer
EUR/GBP,2016-09-01,0.84943,0.8497,0.83894,0.84947,GBP,0.8749541,876.6445452999999,0.02548410000000001,0.84947,853.7173499999999,0.0,0.0,0.84947,849.4699999999999,0.0,2016,9,3,Thursday,3,Autumn
EUR/JPY,2016-09-01,115.252998,115.813004,115.024002,115.259003,JPY,118.71677309,118946.13850597,3.457770089999997,115.259003,115835.29801500001,0.0,0.0,115.259003,115259.00300000001,0.0,2016,9,3,Thursday,3,Autumn
EUR/USD,2016-09-01,1.115822,1.12,1.112999,1.116071,USD,1.1495531300000001,1151.7741112900003,0.03348213000000011,1.116071,1121.6513550000002,0.0,0.0,1.116071,1116.0710000000001,0.0,2016,9,3,Thursday,3,Autumn
EUR/GBP,2016-09-02,0.8434,0.84442,0.83762,0.8436,GBP,0.868908,870.586764,0.025307999999999997,0.8436,847.818,0.0,0.0,0.8436,843.6,0.0,2016,9,4,Friday,3,Autumn
EUR/USD,2016-09-02,1.120072,1.125113,1.1154,1.120072,USD,1.15367416,1155.90310328,0.03360216000000005,1.120072,1125.6723599999998,0.0,0.0,1.120072,1120.072,0.0,2016,9,4,Friday,3,Autumn
EUR/JPY,2016-09-02,115.620003,116.332001,115.510002,115.629997,JPY,119.09889691000001,119329.00060403,3.4688999100000046,115.629997,116208.146985,0.0,0.0,115.629997,115629.997,0.0,2016,9,4,Friday,3,Autumn
EUR/JPY,2016-09-05,115.991997,116.079002,115.126999,115.973999,JPY,119.45321897000001,119684.00722801,3.4792199700000026,115.973999,116553.86899500001,0.0,0.0,115.973999,115973.99900000001,0.0,2016,9,0,Monday,3,Autumn
EUR/GBP,2016-09-05,0.8391,0.84055,0.83527,0.83919,GBP,0.8643657,866.0356881,0.025175700000000023,0.83919,843.38595,0.0,0.0,0.83919,839.1899999999999,0.0,2016,9,0,Monday,3,Autumn
EUR/USD,2016-09-05,1.116071,1.118443,1.114132,1.116196,USD,1.14968188,1151.9031100399998,0.03348587999999997,1.116196,1121.7769799999999,0.0,0.0,1.116196,1116.196,0.0,2016,9,0,Monday,3,Autumn
EUR/JPY,2016-09-06,115.428001,115.667999,114.750999,115.422997,JPY,118.88568691,119115.37867403,3.462689910000009,115.422997,116000.11198499998,0.0,0.0,115.422997,115422.99699999999,0.0,2016,9,1,Tuesday,3,Autumn
EUR/GBP,2016-09-06,0.83755,0.83787,0.83353,0.8377,GBP,0.862831,864.498023,0.025131000000000014,0.8377,841.8885,0.0,0.0,0.8377,837.7,0.0,2016,9,1,Tuesday,3,Autumn
EUR/USD,2016-09-06,1.1152,1.1254,1.114455,1.115324,USD,1.14878372,1151.00321476,0.03345971999999997,1.115324,1120.9006200000001,0.0,0.0,1.115324,1115.324,0.0,2016,9,1,Tuesday,3,Autumn
EUR/JPY,2016-09-07,114.195999,114.389999,113.839996,114.225998,JPY,117.65277794000001,117880.08767602,3.426779940000003,114.225998,114797.12799000001,0.0,0.0,114.225998,114225.998,0.0,2016,9,2,Wednesday,3,Autumn
EUR/GBP,2016-09-07,0.83826,0.84266,0.8374,0.8383,GBP,0.863449,865.1172170000001,0.025148999999999977,0.8383,842.4915000000001,0.0,0.0,0.8383,838.3000000000001,0.0,2016,9,2,Wednesday,3,Autumn
EUR/USD,2016-09-07,1.124859,1.126507,1.12328,1.125366,USD,1.1591269800000001,1161.3664583400002,0.03376098000000005,1.125366,1130.99283,0.0,0.0,1.125366,1125.366,0.0,2016,9,2,Wednesday,3,Autumn
EUR/USD,2016-09-08,1.124101,1.132999,1.123848,1.124101,USD,1.15782403,1160.06099099,0.03372302999999999,1.124101,1129.7215050000002,0.0,0.0,1.124101,1124.101,0.0,2016,9,3,Thursday,3,Autumn
EUR/GBP,2016-09-08,0.84248,0.84931,0.84219,0.84245,GBP,0.8677235000000001,869.3999755000001,0.02527350000000006,0.84245,846.6622500000001,0.0,0.0,0.84245,842.45,0.0,2016,9,3,Thursday,3,Autumn
EUR/JPY,2016-09-08,114.422997,115.178001,114.157997,114.442001,JPY,117.87526103,118103.00061199,3.4332600299999996,114.442001,115014.211005,0.0,0.0,114.442001,114442.001,0.0,2016,9,3,Thursday,3,Autumn
EUR/GBP,2016-09-09,0.84672,0.84822,0.84417,0.84675,GBP,0.8721525,873.8375325000001,0.025402499999999995,0.84675,850.98375,0.0,0.0,0.84675,846.75,0.0,2016,9,4,Friday,3,Autumn
EUR/JPY,2016-09-09,115.271004,115.904999,115.0,115.279999,JPY,118.73839897,118967.80616801,3.458399970000002,115.279999,115856.39899500001,0.0,0.0,115.279999,115279.99900000001,0.0,2016,9,4,Friday,3,Autumn
EUR/USD,2016-09-09,1.126888,1.128668,1.1206,1.127142,USD,1.16095626,1163.19927258,0.033814259999999985,1.127142,1132.77771,0.0,0.0,1.127142,1127.142,0.0,2016,9,4,Friday,3,Autumn
EUR/GBP,2016-09-12,0.84684,0.84836,0.8427,0.8468,GBP,0.872204,873.8891319999999,0.025403999999999982,0.8468,851.034,0.0,0.0,0.8468,846.8,0.0,2016,9,0,Monday,3,Autumn
EUR/JPY,2016-09-12,115.219002,115.461998,114.25,115.146004,JPY,118.60038412,118829.52466796001,3.454380119999996,115.146004,115721.73402,0.0,0.0,115.146004,115146.004,0.0,2016,9,0,Monday,3,Autumn
EUR/USD,2016-09-12,1.124101,1.126253,1.121466,1.124113,USD,1.15783639,1160.07337487,0.03372339000000002,1.124113,1129.7335649999998,0.0,0.0,1.124113,1124.1129999999998,0.0,2016,9,0,Monday,3,Autumn
EUR/GBP,2016-09-13,0.84274,0.85329,0.84193,0.84271,GBP,0.8679913,869.6682929,0.025281300000000062,0.84271,846.92355,0.0,0.0,0.84271,842.7099999999999,0.0,2016,9,1,Tuesday,3,Autumn
EUR/JPY,2016-09-13,114.375,115.101997,113.947998,114.375999,JPY,117.80727897,118034.88720801,3.4312799700000056,114.375999,114947.87899499999,0.0,0.0,114.375999,114375.999,0.0,2016,9,1,Tuesday,3,Autumn
EUR/USD,2016-09-13,1.124126,1.126001,1.122,1.124354,USD,1.1580846200000001,1160.32208446,0.033730620000000044,1.124354,1129.97577,0.0,0.0,1.124354,1124.354,0.0,2016,9,1,Tuesday,3,Autumn
EUR/GBP,2016-09-14,0.85032,0.85431,0.84839,0.8502,GBP,0.875706,877.397898,0.02550600000000003,0.8502,854.4509999999999,0.0,0.0,0.8502,850.1999999999999,0.0,2016,9,2,Wednesday,3,Autumn
EUR/JPY,2016-09-14,115.014,116.070999,114.975998,114.959999,JPY,118.40879896999999,118637.56936801,3.448799969999996,114.959999,115534.79899499999,0.0,0.0,114.959999,114959.999,0.0,2016,9,2,Wednesday,3,Autumn
EUR/USD,2016-09-14,1.121957,1.127523,1.121453,1.121869,USD,1.15552507,1157.75758931,0.03365606999999993,1.121869,1127.478345,0.0,0.0,1.121869,1121.869,0.0,2016,9,2,Wednesday,3,Autumn
EUR/JPY,2016-09-15,115.279999,115.405998,114.656998,115.32,JPY,118.7796,119009.0868,3.459600000000009,115.32,115896.6,0.0,0.0,115.32,115320.0,0.0,2016,9,3,Thursday,3,Autumn
EUR/GBP,2016-09-15,0.84783,0.85364,0.8473,0.84791,GBP,0.8733473,875.0346409,0.025437299999999996,0.84791,852.1495500000001,0.0,0.0,0.84791,847.9100000000001,0.0,2016,9,3,Thursday,3,Autumn
EUR/USD,2016-09-15,1.124543,1.128159,1.122095,1.124733,USD,1.15847499,1160.7132086699999,0.03374199,1.124733,1130.356665,0.0,0.0,1.124733,1124.733,0.0,2016,9,3,Thursday,3,Autumn
EUR/JPY,2016-09-16,114.709,114.794998,113.940002,114.690002,JPY,118.13070206,118358.93516398002,3.4407000599999975,114.690002,115263.45201000001,0.0,0.0,114.690002,114690.00200000001,0.0,2016,9,4,Friday,3,Autumn
EUR/USD,2016-09-16,1.124796,1.124986,1.1156,1.124594,USD,1.1583318200000001,1160.5697620600001,0.03373782000000003,1.124594,1130.21697,0.0,0.0,1.124594,1124.594,0.0,2016,9,4,Friday,3,Autumn
EUR/GBP,2016-09-16,0.84895,0.854,0.84868,0.84882,GBP,0.8742846000000001,875.9737518000001,0.02546460000000006,0.84882,853.0641,0.0,0.0,0.84882,848.82,0.0,2016,9,4,Friday,3,Autumn
EUR/USD,2016-09-19,1.116071,1.121,1.115399,1.115847,USD,1.1493224100000001,1151.5429455300002,0.033475410000000094,1.115847,1121.426235,0.0,0.0,1.115847,1115.847,0.0,2016,9,0,Monday,3,Autumn
EUR/JPY,2016-09-19,114.172997,114.186996,113.478996,114.151001,JPY,117.57553103,117802.69152199,3.4245300299999997,114.151001,114721.75600499999,0.0,0.0,114.151001,114151.00099999999,0.0,2016,9,0,Monday,3,Autumn
EUR/GBP,2016-09-19,0.8573,0.8573,0.8534,0.85721,GBP,0.8829263,884.6321479000001,0.025716300000000025,0.85721,861.4960500000001,0.0,0.0,0.85721,857.21,0.0,2016,9,0,Monday,3,Autumn
EUR/USD,2016-09-20,1.117943,1.121328,1.1166,1.118068,USD,1.15161004,1153.83499532,0.03354203999999994,1.118068,1123.65834,0.0,0.0,1.118068,1118.068,0.0,2016,9,1,Tuesday,3,Autumn
EUR/GBP,2016-09-20,0.85712,0.86303,0.8562,0.85689,GBP,0.8825967,884.3019111000001,0.02570669999999997,0.85689,861.17445,0.0,0.0,0.85689,856.89,0.0,2016,9,1,Tuesday,3,Autumn
EUR/JPY,2016-09-20,113.897003,114.014999,113.556,113.847,JPY,117.26241,117488.96553,3.4154100000000085,113.847,114416.235,0.0,0.0,113.847,113847.0,0.0,2016,9,1,Tuesday,3,Autumn
EUR/USD,2016-09-21,1.115573,1.116944,1.112599,1.115399,USD,1.14886097,1151.08061401,0.03346197000000006,1.115399,1120.975995,0.0,0.0,1.115399,1115.3990000000001,0.0,2016,9,2,Wednesday,3,Autumn
EUR/GBP,2016-09-21,0.85891,0.86051,0.8567,0.85896,GBP,0.8847288,886.4381304,0.025768800000000036,0.85896,863.2547999999999,0.0,0.0,0.85896,858.9599999999999,0.0,2016,9,2,Wednesday,3,Autumn
EUR/JPY,2016-09-21,113.318001,114.383003,112.097,113.264999,JPY,116.66294897,116888.34631801,3.397949969999999,113.264999,113831.323995,0.0,0.0,113.264999,113264.999,0.0,2016,9,2,Wednesday,3,Autumn
EUR/GBP,2016-09-22,0.85833,0.86102,0.857,0.85856,GBP,0.8843168,886.0253344,0.025756800000000024,0.85856,862.8527999999999,0.0,0.0,0.85856,858.56,0.0,2016,9,3,Thursday,3,Autumn
EUR/JPY,2016-09-22,112.339996,113.446999,112.098999,112.347,JPY,115.71741,115940.98053,3.370410000000007,112.347,112908.735,0.0,0.0,112.347,112347.0,0.0,2016,9,3,Thursday,3,Autumn
EUR/USD,2016-09-22,1.119319,1.125873,1.118206,1.119319,USD,1.15289857,1155.12601481,0.033579570000000114,1.119319,1124.915595,0.0,0.0,1.119319,1119.319,0.0,2016,9,3,Thursday,3,Autumn
EUR/JPY,2016-09-23,112.956001,113.410004,112.882004,113.021004,JPY,116.41163412,116636.54591796,3.3906301199999973,113.021004,113586.10902,0.0,0.0,113.021004,113021.004,0.0,2016,9,4,Friday,3,Autumn
EUR/GBP,2016-09-23,0.85653,0.86742,0.85636,0.85664,GBP,0.8823392,884.0439136,0.025699200000000033,0.85664,860.9232,0.0,0.0,0.85664,856.64,0.0,2016,9,4,Friday,3,Autumn
EUR/USD,2016-09-23,1.120951,1.123,1.1196,1.121013,USD,1.1546433900000002,1156.8742058700002,0.03363039000000012,1.121013,1126.6180650000001,0.0,0.0,1.121013,1121.0130000000001,0.0,2016,9,4,Friday,3,Autumn
EUR/USD,2016-09-26,1.123974,1.127904,1.1222,1.123924,USD,1.15764172,1159.8783287600002,0.03371772000000006,1.123924,1129.54362,0.0,0.0,1.123924,1123.924,0.0,2016,9,0,Monday,3,Autumn
EUR/GBP,2016-09-26,0.8658,0.87153,0.86459,0.86585,GBP,0.8918255,893.5485415,0.02597550000000004,0.86585,870.17925,0.0,0.0,0.86585,865.85,0.0,2016,9,0,Monday,3,Autumn
EUR/JPY,2016-09-26,113.379997,113.483002,112.863998,113.377998,JPY,116.77933794,117004.96015602,3.4013399399999997,113.377998,113944.88799,0.0,0.0,113.377998,113377.998,0.0,2016,9,0,Monday,3,Autumn
EUR/USD,2016-09-27,1.125075,1.126001,1.1194,1.124986,USD,1.15873558,1160.97430214,0.03374958000000006,1.124986,1130.61093,0.0,0.0,1.124986,1124.986,0.0,2016,9,1,Tuesday,3,Autumn
EUR/JPY,2016-09-27,112.922997,113.544998,112.247002,112.904999,JPY,116.29214897000001,116516.82991801001,3.38714997000001,112.904999,113469.52399500001,0.0,0.0,112.904999,112904.99900000001,0.0,2016,9,1,Tuesday,3,Autumn
EUR/GBP,2016-09-27,0.86738,0.86915,0.86112,0.86735,GBP,0.8933705,895.0965265,0.026020500000000002,0.86735,871.68675,0.0,0.0,0.86735,867.3499999999999,0.0,2016,9,1,Tuesday,3,Autumn
EUR/GBP,2016-09-28,0.86224,0.86384,0.85894,0.86205,GBP,0.8879115,889.6269795,0.02586149999999998,0.86205,866.36025,0.0,0.0,0.86205,862.05,0.0,2016,9,2,Wednesday,3,Autumn
EUR/JPY,2016-09-28,112.685997,113.080002,112.519997,112.689003,JPY,116.06967309000001,116293.92420597,3.3806700900000095,112.689003,113252.448015,0.0,0.0,112.689003,112689.003,0.0,2016,9,2,Wednesday,3,Autumn
EUR/USD,2016-09-28,1.121831,1.123722,1.118401,1.121957,USD,1.1556157100000002,1157.8484044300003,0.03365871000000009,1.121957,1127.5667850000002,0.0,0.0,1.121957,1121.957,0.0,2016,9,2,Wednesday,3,Autumn
EUR/USD,2016-09-29,1.12246,1.125,1.119946,1.122498,USD,1.15617294,1158.4067110199999,0.03367494000000004,1.122498,1128.11049,0.0,0.0,1.122498,1122.498,0.0,2016,9,3,Thursday,3,Autumn
EUR/JPY,2016-09-29,113.289001,114.171997,113.264,113.269997,JPY,116.66809691,116893.50420403,3.398099909999999,113.269997,113836.346985,0.0,0.0,113.269997,113269.997,0.0,2016,9,3,Thursday,3,Autumn
EUR/GBP,2016-09-29,0.8608,0.86651,0.8599,0.86073,GBP,0.8865519000000001,888.2647527,0.025821900000000064,0.86073,865.03365,0.0,0.0,0.86073,860.73,0.0,2016,9,3,Thursday,3,Autumn
EUR/JPY,2016-09-30,113.517998,114.045998,112.599998,113.535004,JPY,116.94105412,117166.98877796,3.4060501200000033,113.535004,114102.67902,0.0,0.0,113.535004,113535.004,0.0,2016,9,4,Friday,3,Autumn
EUR/USD,2016-09-30,1.122208,1.125,1.1154,1.121957,USD,1.1556157100000002,1157.8484044300003,0.03365871000000009,1.121957,1127.5667850000002,0.0,0.0,1.121957,1121.957,0.0,2016,9,4,Friday,3,Autumn
EUR/GBP,2016-09-30,0.86535,0.8661,0.8604,0.86536,GBP,0.8913208,893.0428664000001,0.025960800000000006,0.86536,869.6868000000001,0.0,0.0,0.86536,865.36,0.0,2016,9,4,Friday,3,Autumn
EUR/USD,2016-10-03,1.123595,1.124354,1.1206,1.123469,USD,1.15717307,1159.40877331,0.033704069999999975,1.123469,1129.0863450000002,0.0,0.0,1.123469,1123.469,0.0,2016,10,0,Monday,4,Autumn
EUR/JPY,2016-10-03,114.054001,114.094002,113.633003,114.07,JPY,117.4921,117719.09929999999,3.4221000000000004,114.07,114640.35,0.0,0.0,114.07,114070.0,0.0,2016,10,0,Monday,4,Autumn
EUR/GBP,2016-10-03,0.8686,0.87452,0.86767,0.86862,GBP,0.8946786,896.4071538,0.026058600000000043,0.86862,872.9630999999999,0.0,0.0,0.86862,868.6199999999999,0.0,2016,10,0,Monday,4,Autumn
EUR/USD,2016-10-04,1.121328,1.125,1.114,1.121039,USD,1.15467017,1156.9010376099998,0.033631170000000044,1.121039,1126.644195,0.0,0.0,1.121039,1121.039,0.0,2016,10,1,Tuesday,4,Autumn
EUR/JPY,2016-10-04,114.150002,115.332001,114.093002,114.123001,JPY,117.54669103,117773.79580199,3.423690030000003,114.123001,114693.616005,0.0,0.0,114.123001,114123.001,0.0,2016,10,1,Tuesday,4,Autumn
EUR/GBP,2016-10-04,0.87173,0.87995,0.8708,0.872,GBP,0.8981600000000001,899.8952800000001,0.026160000000000072,0.872,876.36,0.0,0.0,0.872,872.0,0.0,2016,10,1,Tuesday,4,Autumn
EUR/USD,2016-10-05,1.121076,1.124,1.1192,1.121076,USD,1.15470828,1156.9392212399998,0.03363227999999996,1.121076,1126.68138,0.0,0.0,1.121076,1121.076,0.0,2016,10,2,Wednesday,4,Autumn
EUR/JPY,2016-10-05,115.271004,115.978996,115.129997,115.308998,JPY,118.76826794,118997.73284602001,3.4592699399999987,115.308998,115885.54299,0.0,0.0,115.308998,115308.998,0.0,2016,10,2,Wednesday,4,Autumn
EUR/GBP,2016-10-05,0.8805,0.88418,0.87766,0.8804,GBP,0.906812,908.5639959999999,0.02641199999999999,0.8804,884.802,0.0,0.0,0.8804,880.4,0.0,2016,10,2,Wednesday,4,Autumn
EUR/USD,2016-10-06,1.120825,1.121202,1.114951,1.120825,USD,1.15444975,1156.68019175,0.03362474999999998,1.120825,1126.429125,0.0,0.0,1.120825,1120.825,0.0,2016,10,3,Thursday,4,Autumn
EUR/JPY,2016-10-06,115.922997,116.269997,115.735001,115.934998,JPY,119.41304794,119643.75858602,3.4780499400000053,115.934998,116514.67298999999,0.0,0.0,115.934998,115934.99799999999,0.0,2016,10,3,Thursday,4,Autumn
EUR/GBP,2016-10-06,0.87862,0.88497,0.87854,0.87858,GBP,0.9049374,906.6857742,0.026357399999999975,0.87858,882.9729000000001,0.0,0.0,0.87858,878.58,0.0,2016,10,3,Thursday,4,Autumn
EUR/JPY,2016-10-07,115.622002,115.711998,115.105003,115.605003,JPY,119.07315309,119303.20704597,3.468150090000009,115.605003,116183.028015,0.0,0.0,115.605003,115605.003,0.0,2016,10,4,Friday,4,Autumn
EUR/GBP,2016-10-07,0.89879,0.91003,0.89052,0.89896,GBP,0.9259288,927.7177304,0.026968800000000015,0.89896,903.4548000000001,0.0,0.0,0.89896,898.96,0.0,2016,10,4,Friday,4,Autumn
EUR/USD,2016-10-07,1.114579,1.120197,1.1106,1.114455,USD,1.14788865,1150.10641545,0.03343365000000009,1.114455,1120.027275,0.0,0.0,1.114455,1114.455,0.0,2016,10,4,Friday,4,Autumn
EUR/JPY,2016-10-10,115.349998,115.716003,115.059998,115.320999,JPY,118.78062897000001,119010.11775801,3.459629970000009,115.320999,115897.603995,0.0,0.0,115.320999,115320.999,0.0,2016,10,0,Monday,4,Autumn
EUR/USD,2016-10-10,1.119545,1.120197,1.115076,1.119695,USD,1.15328585,1155.51404305,0.03359084999999995,1.119695,1125.2934750000002,0.0,0.0,1.119695,1119.6950000000002,0.0,2016,10,0,Monday,4,Autumn
EUR/GBP,2016-10-10,0.90018,0.90385,0.89789,0.90019,GBP,0.9271957000000001,928.9870781000001,0.02700570000000002,0.90019,904.69095,0.0,0.0,0.90019,900.19,0.0,2016,10,0,Monday,4,Autumn
EUR/GBP,2016-10-11,0.90226,0.90653,0.89979,0.90261,GBP,0.9296883,931.4844939000001,0.0270783,0.90261,907.12305,0.0,0.0,0.90261,902.61,0.0,2016,10,1,Tuesday,4,Autumn
EUR/USD,2016-10-11,1.11433,1.11433,1.1056,1.114082,USD,1.14750446,1149.72148318,0.03342245999999993,1.114082,1119.6524100000001,0.0,0.0,1.114082,1114.082,0.0,2016,10,1,Tuesday,4,Autumn
EUR/JPY,2016-10-11,115.541,115.787003,114.279999,115.491997,JPY,118.95675691,119186.58598403,3.464759909999998,115.491997,116069.456985,0.0,0.0,115.491997,115491.997,0.0,2016,10,1,Tuesday,4,Autumn
EUR/JPY,2016-10-12,114.25,115.124001,114.037003,114.285004,JPY,117.71355412,117940.98127796,3.428550119999997,114.285004,114856.42902,0.0,0.0,114.285004,114285.004,0.0,2016,10,2,Wednesday,4,Autumn
EUR/GBP,2016-10-12,0.90108,0.90485,0.89658,0.90109,GBP,0.9281227,929.9158691,0.02703270000000002,0.90109,905.5954499999999,0.0,0.0,0.90109,901.0899999999999,0.0,2016,10,2,Wednesday,4,Autumn
EUR/USD,2016-10-12,1.106195,1.106195,1.1006,1.106195,USD,1.13938085,1141.58217805,0.03318584999999996,1.106195,1111.7259749999998,0.0,0.0,1.106195,1106.195,0.0,2016,10,2,Wednesday,4,Autumn
EUR/USD,2016-10-13,1.101322,1.10485,1.098601,1.101188,USD,1.13422364,1136.41500412,0.03303564000000003,1.101188,1106.69394,0.0,0.0,1.101188,1101.188,0.0,2016,10,3,Thursday,4,Autumn
EUR/GBP,2016-10-13,0.90326,0.90666,0.90227,0.90341,GBP,0.9305123000000001,932.3100859000001,0.027102300000000024,0.90341,907.9270500000001,0.0,0.0,0.90341,903.4100000000001,0.0,2016,10,3,Thursday,4,Autumn
EUR/JPY,2016-10-13,114.857002,115.116997,113.942001,114.847,JPY,118.29241,118520.95553,3.4454100000000096,114.847,115421.235,0.0,0.0,114.847,114847.0,0.0,2016,10,3,Thursday,4,Autumn
EUR/JPY,2016-10-14,114.611,115.036003,114.358002,114.587997,JPY,118.02563691,118253.66702403,3.4376399100000015,114.587997,115160.93698500001,0.0,0.0,114.587997,114587.997,0.0,2016,10,4,Friday,4,Autumn
EUR/USD,2016-10-14,1.104972,1.105828,1.098539,1.104972,USD,1.13812116,1140.3200542800002,0.03314916000000001,1.104972,1110.49686,0.0,0.0,1.104972,1104.972,0.0,2016,10,4,Friday,4,Autumn
EUR/GBP,2016-10-14,0.90357,0.9047,0.89745,0.90388,GBP,0.9309964000000001,932.7951212000002,0.02711640000000004,0.90388,908.3994,0.0,0.0,0.90388,903.88,0.0,2016,10,4,Friday,4,Autumn
EUR/GBP,2016-10-17,0.90043,0.90559,0.90043,0.90032,GBP,0.9273296000000001,929.1212368000001,0.027009600000000078,0.90032,904.8216000000001,0.0,0.0,0.90032,900.32,0.0,2016,10,0,Monday,4,Autumn
EUR/JPY,2016-10-17,114.132004,114.559998,114.056,114.087997,JPY,117.51063691,117737.67202403,3.422639910000001,114.087997,114658.43698500001,0.0,0.0,114.087997,114087.997,0.0,2016,10,0,Monday,4,Autumn
EUR/USD,2016-10-17,1.096852,1.1012,1.096527,1.09678,USD,1.1296834000000002,1131.8659922000002,0.03290340000000014,1.09678,1102.2639000000001,0.0,0.0,1.09678,1096.7800000000002,0.0,2016,10,0,Monday,4,Autumn
EUR/USD,2016-10-18,1.1012,1.102901,1.0972,1.101564,USD,1.13461092,1136.80303236,0.03304692000000009,1.101564,1107.0718200000001,0.0,0.0,1.101564,1101.564,0.0,2016,10,1,Tuesday,4,Autumn
EUR/GBP,2016-10-18,0.90074,0.9017,0.89137,0.90115,GBP,0.9281845000000001,929.9777885000001,0.027034500000000072,0.90115,905.65575,0.0,0.0,0.90115,901.15,0.0,2016,10,1,Tuesday,4,Autumn
EUR/JPY,2016-10-18,114.334,114.667,114.017998,114.370003,JPY,117.80110309,118028.69939597,3.431100090000001,114.370003,114941.853015,0.0,0.0,114.370003,114370.003,0.0,2016,10,1,Tuesday,4,Autumn
EUR/GBP,2016-10-19,0.8921,0.89555,0.89002,0.8919,GBP,0.9186570000000001,920.4318810000001,0.02675700000000003,0.8919,896.3595,0.0,0.0,0.8919,891.9,0.0,2016,10,2,Wednesday,4,Autumn
EUR/JPY,2016-10-19,114.0,114.153,113.150002,113.988998,JPY,117.40866794,117635.50604602,3.4196699400000057,113.988998,114558.94299,0.0,0.0,113.988998,113988.99799999999,0.0,2016,10,2,Wednesday,4,Autumn
EUR/USD,2016-10-19,1.097574,1.100473,1.0956,1.097695,USD,1.1306258500000002,1132.8102630500002,0.03293085000000007,1.097695,1103.1834750000003,0.0,0.0,1.097695,1097.6950000000002,0.0,2016,10,2,Wednesday,4,Autumn
EUR/GBP,2016-10-20,0.89265,0.90173,0.89184,0.89285,GBP,0.9196355,921.4122715000001,0.026785500000000018,0.89285,897.31425,0.0,0.0,0.89285,892.85,0.0,2016,10,3,Thursday,4,Autumn
EUR/JPY,2016-10-20,113.503998,114.386002,113.366997,113.455002,JPY,116.85865206,117084.42751397999,3.403650060000004,113.455002,114022.27700999999,0.0,0.0,113.455002,113455.002,0.0,2016,10,3,Thursday,4,Autumn
EUR/USD,2016-10-20,1.097574,1.102901,1.091601,1.097514,USD,1.13043942,1132.6234728600002,0.03292541999999998,1.097514,1103.0015700000001,0.0,0.0,1.097514,1097.5140000000001,0.0,2016,10,3,Thursday,4,Autumn
EUR/JPY,2016-10-21,113.806999,113.806999,112.607002,113.780998,JPY,117.19442794,117420.85212601999,3.4134299400000003,113.780998,114349.90298999999,0.0,0.0,113.780998,113780.99799999999,0.0,2016,10,4,Friday,4,Autumn
EUR/USD,2016-10-21,1.093028,1.093135,1.086248,1.09304,USD,1.1258312000000001,1128.0063496,0.03279120000000013,1.09304,1098.5052,0.0,0.0,1.09304,1093.04,0.0,2016,10,4,Friday,4,Autumn
EUR/GBP,2016-10-21,0.89164,0.8939,0.88882,0.8917,GBP,0.9184510000000001,920.2254830000002,0.02675100000000008,0.8917,896.1585,0.0,0.0,0.8917,891.7,0.0,2016,10,4,Friday,4,Autumn
EUR/GBP,2016-10-24,0.8904,0.89218,0.88898,0.89055,GBP,0.9172665,919.0386944999999,0.026716500000000032,0.89055,895.00275,0.0,0.0,0.89055,890.55,0.0,2016,10,0,Monday,4,Autumn
EUR/USD,2016-10-24,1.088495,1.0902,1.086048,1.088258,USD,1.12090574,1123.0713734199999,0.032647740000000036,1.088258,1093.69929,0.0,0.0,1.088258,1088.258,0.0,2016,10,0,Monday,4,Autumn
EUR/JPY,2016-10-24,113.051003,113.558998,112.844002,113.066002,JPY,116.45798206,116682.98340398,3.3919800600000087,113.066002,113631.33201,0.0,0.0,113.066002,113066.002,0.0,2016,10,0,Monday,4,Autumn
EUR/GBP,2016-10-25,0.88934,0.8978,0.8891,0.89,GBP,0.9167000000000001,918.4711000000001,0.026700000000000057,0.89,894.45,0.0,0.0,0.89,890.0,0.0,2016,10,1,Tuesday,4,Autumn
EUR/USD,2016-10-25,1.087548,1.09,1.08534,1.087548,USD,1.12017444,1122.33866052,0.032626440000000034,1.087548,1092.98574,0.0,0.0,1.087548,1087.548,0.0,2016,10,1,Tuesday,4,Autumn
EUR/JPY,2016-10-25,113.403999,113.898003,113.402,113.420998,JPY,116.82362794,117049.33572601998,3.402629939999997,113.420998,113988.10299,0.0,0.0,113.420998,113420.99799999999,0.0,2016,10,1,Tuesday,4,Autumn
EUR/USD,2016-10-26,1.08872,1.094811,1.087666,1.088732,USD,1.12139396,1123.56053668,0.03266195999999999,1.088732,1094.1756599999999,0.0,0.0,1.088732,1088.732,0.0,2016,10,2,Wednesday,4,Autumn
EUR/GBP,2016-10-26,0.89398,0.89627,0.89173,0.89403,GBP,0.9208509,922.6300197,0.026820900000000036,0.89403,898.50015,0.0,0.0,0.89403,894.03,0.0,2016,10,2,Wednesday,4,Autumn
EUR/JPY,2016-10-26,113.371002,114.021004,113.273003,113.385002,JPY,116.78655206,117012.18821398,3.4015500600000053,113.385002,113951.92701,0.0,0.0,113.385002,113385.002,0.0,2016,10,2,Wednesday,4,Autumn
EUR/JPY,2016-10-27,114.066002,114.838997,113.723,114.074997,JPY,117.49724691,117724.25615403001,3.422249910000005,114.074997,114645.371985,0.0,0.0,114.074997,114074.997,0.0,2016,10,3,Thursday,4,Autumn
EUR/USD,2016-10-27,1.091107,1.094212,1.089396,1.091203,USD,1.12393909,1126.1105839699999,0.032736089999999995,1.091203,1096.659015,0.0,0.0,1.091203,1091.203,0.0,2016,10,3,Thursday,4,Autumn
EUR/GBP,2016-10-27,0.8915,0.89781,0.88953,0.89164,GBP,0.9183892,920.1635636000001,0.02674920000000003,0.89164,896.0982,0.0,0.0,0.89164,891.64,0.0,2016,10,3,Thursday,4,Autumn
EUR/JPY,2016-10-28,114.655998,115.304001,114.580002,114.643997,JPY,118.08331691000001,118311.45846403,3.439319910000009,114.643997,115217.216985,0.0,0.0,114.643997,114643.997,0.0,2016,10,4,Friday,4,Autumn
EUR/USD,2016-10-28,1.090001,1.09529,1.089752,1.090037,USD,1.12273811,1124.90728363,0.03270111000000009,1.090037,1095.487185,0.0,0.0,1.090037,1090.037,0.0,2016,10,4,Friday,4,Autumn
EUR/GBP,2016-10-28,0.89544,0.90119,0.89455,0.8954,GBP,0.922262,924.043846,0.026862000000000053,0.8954,899.877,0.0,0.0,0.8954,895.4,0.0,2016,10,4,Friday,4,Autumn
EUR/USD,2016-10-31,1.098418,1.098418,1.093924,1.098467,USD,1.1314210100000002,1133.6069593300003,0.03295401000000009,1.098467,1103.959335,0.0,0.0,1.098467,1098.467,0.0,2016,10,0,Monday,4,Autumn
EUR/GBP,2016-10-31,0.89981,0.90139,0.89808,0.89932,GBP,0.9262996,928.0892468000001,0.026979599999999992,0.89932,903.8166,0.0,0.0,0.89932,899.32,0.0,2016,10,0,Monday,4,Autumn
EUR/JPY,2016-10-31,114.835999,115.194,114.791,114.849998,JPY,118.29549794,118524.04943602,3.445499940000005,114.849998,115424.24798999999,0.0,0.0,114.849998,114849.99799999999,0.0,2016,10,0,Monday,4,Autumn
EUR/JPY,2016-11-01,115.007004,115.656998,114.829002,114.992996,JPY,118.44278588,118671.62194204,3.4497898799999973,114.992996,115567.96098,0.0,0.0,114.992996,114992.996,0.0,2016,11,1,Tuesday,4,Autumn
EUR/GBP,2016-11-01,0.89656,0.9037,0.89494,0.89655,GBP,0.9234465,925.2306345,0.02689649999999999,0.89655,901.03275,0.0,0.0,0.89655,896.55,0.0,2016,11,1,Tuesday,4,Autumn
EUR/USD,2016-11-01,1.097333,1.105094,1.096179,1.097333,USD,1.13025299,1132.43668267,0.03291999000000012,1.097333,1102.8196649999998,0.0,0.0,1.097333,1097.3329999999999,0.0,2016,11,1,Tuesday,4,Autumn
EUR/JPY,2016-11-02,115.097,115.110001,114.370003,115.077003,JPY,118.52931309,118758.31632597,3.4523100899999974,115.077003,115652.38801500002,0.0,0.0,115.077003,115077.00300000001,0.0,2016,11,2,Wednesday,4,Autumn
EUR/GBP,2016-11-02,0.90356,0.90465,0.89821,0.9034,GBP,0.930502,932.2997660000001,0.02710200000000007,0.9034,907.917,0.0,0.0,0.9034,903.4,0.0,2016,11,2,Wednesday,4,Autumn
EUR/USD,2016-11-02,1.10595,1.111976,1.105156,1.105705,USD,1.13887615,1141.07650295,0.03317115000000004,1.105705,1111.2335249999999,0.0,0.0,1.105705,1105.705,0.0,2016,11,2,Wednesday,4,Autumn
EUR/JPY,2016-11-03,114.693001,114.757004,114.029999,114.695,JPY,118.13584999999999,118364.09305,3.4408499999999975,114.695,115268.475,0.0,0.0,114.695,114695.0,0.0,2016,11,3,Thursday,4,Autumn
EUR/GBP,2016-11-03,0.9016,0.90216,0.88612,0.90162,GBP,0.9286686,930.4628238,0.027048599999999978,0.90162,906.1281,0.0,0.0,0.90162,901.62,0.0,2016,11,3,Thursday,4,Autumn
EUR/USD,2016-11-03,1.109755,1.112842,1.106085,1.109755,USD,1.14304765,1145.25606245,0.033292649999999924,1.109755,1115.303775,0.0,0.0,1.109755,1109.755,0.0,2016,11,3,Thursday,4,Autumn
EUR/GBP,2016-11-04,0.8905,0.89134,0.8858,0.8903,GBP,0.917009,918.780697,0.026708999999999983,0.8903,894.7515,0.0,0.0,0.8903,890.3,0.0,2016,11,4,Friday,4,Autumn
EUR/USD,2016-11-04,1.110248,1.112595,1.108402,1.110248,USD,1.1435554399999999,1145.76483352,0.033307439999999966,1.110248,1115.7992399999998,0.0,0.0,1.110248,1110.2479999999998,0.0,2016,11,4,Friday,4,Autumn
EUR/JPY,2016-11-04,114.383003,114.774002,114.139999,114.384003,JPY,117.81552309000001,118043.14725597002,3.4315200900000065,114.384003,114955.92301500001,0.0,0.0,114.384003,114384.00300000001,0.0,2016,11,4,Friday,4,Autumn
EUR/USD,2016-11-07,1.109632,1.111235,1.103387,1.110124,USD,1.14342772,1145.6368667600002,0.033303719999999926,1.110124,1115.67462,0.0,0.0,1.110124,1110.124,0.0,2016,11,0,Monday,4,Autumn
EUR/JPY,2016-11-07,115.583,115.757004,115.268997,115.635002,JPY,119.10405206,119334.16571398001,3.4690500600000007,115.635002,116213.17701,0.0,0.0,115.635002,115635.002,0.0,2016,11,0,Monday,4,Autumn
EUR/GBP,2016-11-07,0.88841,0.89362,0.88806,0.88866,GBP,0.9153198,917.0882334,0.02665980000000001,0.88866,893.1033,0.0,0.0,0.88866,888.66,0.0,2016,11,0,Monday,4,Autumn
EUR/USD,2016-11-08,1.105046,1.106807,1.103059,1.105217,USD,1.1383735099999999,1140.57289183,0.03315650999999997,1.105217,1110.7430849999998,0.0,0.0,1.105217,1105.2169999999999,0.0,2016,11,1,Tuesday,4,Autumn
EUR/JPY,2016-11-08,115.407997,115.809998,115.126999,115.401001,JPY,118.86303103,119092.67902199,3.462030030000008,115.401001,115978.00600499999,0.0,0.0,115.401001,115401.00099999999,0.0,2016,11,1,Tuesday,4,Autumn
EUR/GBP,2016-11-08,0.89108,0.89323,0.88912,0.89115,GBP,0.9178845,919.6578885,0.026734499999999994,0.89115,895.60575,0.0,0.0,0.89115,891.15,0.0,2016,11,1,Tuesday,4,Autumn
EUR/USD,2016-11-09,1.10205,1.130199,1.093398,1.101904,USD,1.13496112,1137.1539089599999,0.03305712000000005,1.101904,1107.41352,0.0,0.0,1.101904,1101.904,0.0,2016,11,2,Wednesday,4,Autumn
EUR/JPY,2016-11-09,115.679001,115.915001,113.836998,115.707001,JPY,119.17821103000001,119408.46796199003,3.471210030000009,115.707001,116285.536005,0.0,0.0,115.707001,115707.001,0.0,2016,11,2,Wednesday,4,Autumn
EUR/GBP,2016-11-09,0.88957,0.90237,0.8786,0.88935,GBP,0.9160305,917.8003064999999,0.026680499999999996,0.88935,893.79675,0.0,0.0,0.88935,889.35,0.0,2016,11,2,Wednesday,4,Autumn
EUR/USD,2016-11-10,1.092037,1.09553,1.08661,1.092061,USD,1.12482283,1126.99603139,0.0327618300000001,1.092061,1097.521305,0.0,0.0,1.092061,1092.061,0.0,2016,11,3,Thursday,4,Autumn
EUR/JPY,2016-11-10,115.572998,116.544998,114.980003,115.578003,JPY,119.04534309,119275.34331597,3.4673400900000075,115.578003,116155.893015,0.0,0.0,115.578003,115578.003,0.0,2016,11,3,Thursday,4,Autumn
EUR/GBP,2016-11-10,0.8792,0.88243,0.8709,0.87914,GBP,0.9055142,907.2636886,0.026374200000000014,0.87914,883.5357,0.0,0.0,0.87914,879.14,0.0,2016,11,3,Thursday,4,Autumn
EUR/JPY,2016-11-11,116.278,116.478996,115.321999,116.357002,JPY,119.84771205999999,120079.26249397999,3.490710059999998,116.357002,116938.78701,0.0,0.0,116.357002,116357.002,0.0,2016,11,4,Friday,4,Autumn
EUR/GBP,2016-11-11,0.86736,0.86888,0.85668,0.86733,GBP,0.8933499,895.0758867000001,0.026019899999999985,0.86733,871.66665,0.0,0.0,0.86733,867.33,0.0,2016,11,4,Friday,4,Autumn
EUR/USD,2016-11-11,1.088969,1.092538,1.0857,1.088969,USD,1.1216380700000002,1123.8051183100001,0.03266907000000008,1.088969,1094.413845,0.0,0.0,1.088969,1088.969,0.0,2016,11,4,Friday,4,Autumn
EUR/GBP,2016-11-14,0.86045,0.86344,0.85817,0.86076,GBP,0.8865828,888.2957124000001,0.025822800000000035,0.86076,865.0638,0.0,0.0,0.86076,860.76,0.0,2016,11,0,Monday,4,Autumn
EUR/USD,2016-11-14,1.082603,1.087429,1.07108,1.082485,USD,1.11495955,1117.11369515,0.0324745500000001,1.082485,1087.8974249999999,0.0,0.0,1.082485,1082.485,0.0,2016,11,0,Monday,4,Autumn
EUR/JPY,2016-11-14,115.657997,116.346001,115.550003,115.666,JPY,119.13598,119366.15534000001,3.4699800000000067,115.666,116244.33,0.0,0.0,115.666,115666.0,0.0,2016,11,0,Monday,4,Autumn
EUR/USD,2016-11-15,1.074691,1.081666,1.07237,1.075038,USD,1.10728914,1109.42846562,0.03225114000000007,1.075038,1080.41319,0.0,0.0,1.075038,1075.038,0.0,2016,11,1,Tuesday,4,Autumn
EUR/GBP,2016-11-15,0.85847,0.87056,0.85847,0.8585,GBP,0.884255,885.9634149999999,0.025754999999999972,0.8585,862.7925,0.0,0.0,0.8585,858.5,0.0,2016,11,1,Tuesday,4,Autumn
EUR/JPY,2016-11-15,116.267998,117.005997,116.080002,116.280998,JPY,119.76942794,120000.82712602,3.488429940000003,116.280998,116862.40298999999,0.0,0.0,116.280998,116280.99799999999,0.0,2016,11,1,Tuesday,4,Autumn
EUR/USD,2016-11-16,1.072616,1.076079,1.067122,1.072731,USD,1.1049129300000002,1107.0476646900001,0.032181930000000136,1.072731,1078.094655,0.0,0.0,1.072731,1072.731,0.0,2016,11,2,Wednesday,4,Autumn
EUR/JPY,2016-11-16,116.889999,117.468002,116.813499,116.932999,JPY,120.44098896999999,120673.68563800999,3.507989969999997,116.932999,117517.663995,0.0,0.0,116.932999,116932.999,0.0,2016,11,2,Wednesday,4,Autumn
EUR/GBP,2016-11-16,0.8613,0.86256,0.8574,0.86115,GBP,0.8869845,888.6981884999999,0.025834499999999982,0.86115,865.45575,0.0,0.0,0.86115,861.15,0.0,2016,11,2,Wednesday,4,Autumn
EUR/GBP,2016-11-17,0.86066,0.86239,0.85794,0.86057,GBP,0.8863871,888.0996343,0.025817100000000037,0.86057,864.87285,0.0,0.0,0.86057,860.5699999999999,0.0,2016,11,3,Thursday,4,Autumn
EUR/JPY,2016-11-17,116.463997,117.203003,116.278,116.469002,JPY,119.96307206,120194.84537398,3.4940700599999985,116.469002,117051.34701000001,0.0,0.0,116.469002,116469.00200000001,0.0,2016,11,3,Thursday,4,Autumn
EUR/USD,2016-11-17,1.070549,1.075038,1.066691,1.070664,USD,1.10278392,1104.9145413600002,0.03211991999999997,1.070664,1076.01732,0.0,0.0,1.070664,1070.664,0.0,2016,11,3,Thursday,4,Autumn
EUR/JPY,2016-11-18,117.087997,117.454002,116.801003,117.094002,JPY,120.60682206000001,120839.83912398001,3.51282006000001,117.094002,117679.47201000001,0.0,0.0,117.094002,117094.00200000001,0.0,2016,11,4,Friday,4,Autumn
EUR/GBP,2016-11-18,0.85584,0.86343,0.85273,0.85588,GBP,0.8815564,883.2596012,0.025676400000000044,0.85588,860.1594,0.0,0.0,0.85588,855.88,0.0,2016,11,4,Friday,4,Autumn
EUR/USD,2016-11-18,1.062473,1.064,1.057306,1.062304,USD,1.09417312,1096.2871049599999,0.031869120000000084,1.062304,1067.6155199999998,0.0,0.0,1.062304,1062.3039999999999,0.0,2016,11,4,Friday,4,Autumn
EUR/JPY,2016-11-21,117.401001,117.962997,117.319,117.436996,JPY,120.96010588,121193.80550204,3.523109880000007,117.436996,118024.18098,0.0,0.0,117.436996,117436.996,0.0,2016,11,0,Monday,4,Autumn
EUR/GBP,2016-11-21,0.85884,0.86365,0.84991,0.85869,GBP,0.8844506999999999,886.1594930999998,0.02576069999999997,0.85869,862.98345,0.0,0.0,0.85869,858.6899999999999,0.0,2016,11,0,Monday,4,Autumn
EUR/USD,2016-11-21,1.058537,1.0651,1.058537,1.058425,USD,1.09017775,1092.28401575,0.03175275000000011,1.058425,1063.717125,0.0,0.0,1.058425,1058.425,0.0,2016,11,0,Monday,4,Autumn
EUR/JPY,2016-11-22,117.723999,118.001999,117.417,117.705002,JPY,121.23615206,121470.38501397999,3.5311500600000016,117.705002,118293.52700999999,0.0,0.0,117.705002,117705.002,0.0,2016,11,1,Tuesday,4,Autumn
EUR/USD,2016-11-22,1.063875,1.065871,1.058728,1.063886,USD,1.0958025800000002,1097.9197131400003,0.03191658000000008,1.063886,1069.2054300000002,0.0,0.0,1.063886,1063.8860000000002,0.0,2016,11,1,Tuesday,4,Autumn
EUR/GBP,2016-11-22,0.85144,0.85584,0.84966,0.85142,GBP,0.8769625999999999,878.6569258,0.02554259999999997,0.85142,855.6771,0.0,0.0,0.85142,851.42,0.0,2016,11,1,Tuesday,4,Autumn
EUR/JPY,2016-11-23,118.016998,118.947998,117.720001,118.019997,JPY,121.56059691,121795.45670403,3.5405999099999974,118.019997,118610.096985,0.0,0.0,118.019997,118019.997,0.0,2016,11,2,Wednesday,4,Autumn
EUR/USD,2016-11-23,1.063411,1.064509,1.052964,1.063377,USD,1.09527831,1097.3944302300001,0.03190131000000007,1.063377,1068.693885,0.0,0.0,1.063377,1063.377,0.0,2016,11,2,Wednesday,4,Autumn
EUR/GBP,2016-11-23,0.85584,0.85921,0.84913,0.85576,GBP,0.8814328,883.1357624000001,0.02567280000000005,0.85576,860.0388,0.0,0.0,0.85576,855.76,0.0,2016,11,2,Wednesday,4,Autumn
EUR/USD,2016-11-24,1.05463,1.058761,1.052255,1.054519,USD,1.08615457,1088.2530628099998,0.031635569999999946,1.054519,1059.791595,0.0,0.0,1.054519,1054.519,0.0,2016,11,3,Thursday,4,Autumn
EUR/GBP,2016-11-24,0.84829,0.85013,0.84614,0.84792,GBP,0.8733576000000001,875.0449608,0.02543760000000006,0.84792,852.1596,0.0,0.0,0.84792,847.92,0.0,2016,11,3,Thursday,4,Autumn
EUR/JPY,2016-11-24,118.632004,119.697998,118.500999,118.676003,JPY,122.23628309,122472.44833597,3.5602800900000062,118.676003,119269.383015,0.0,0.0,118.676003,118676.003,0.0,2016,11,3,Thursday,4,Autumn
EUR/GBP,2016-11-25,0.84807,0.85437,0.8469,0.84797,GBP,0.8734091,875.0965603000001,0.025439100000000048,0.84797,852.2098500000001,0.0,0.0,0.84797,847.97,0.0,2016,11,4,Friday,4,Autumn
EUR/JPY,2016-11-25,119.614998,120.143997,119.330002,119.619003,JPY,123.20757309000001,123445.61490597001,3.5885700900000046,119.619003,120217.09801500001,0.0,0.0,119.619003,119619.00300000001,0.0,2016,11,4,Friday,4,Autumn
EUR/USD,2016-11-25,1.056412,1.062812,1.054107,1.056189,USD,1.0878746700000002,1089.9764861100002,0.03168567000000011,1.056189,1061.469945,0.0,0.0,1.056189,1056.189,0.0,2016,11,4,Friday,4,Autumn
EUR/GBP,2016-11-28,0.85,0.85622,0.85,0.85008,GBP,0.8755824,877.2740592,0.025502400000000036,0.85008,854.3303999999999,0.0,0.0,0.85008,850.0799999999999,0.0,2016,11,0,Monday,4,Autumn
EUR/USD,2016-11-28,1.061121,1.06849,1.056747,1.061233,USD,1.09306999,1095.18184367,0.031836989999999954,1.061233,1066.5391650000001,0.0,0.0,1.061233,1061.2330000000002,0.0,2016,11,0,Monday,4,Autumn
EUR/JPY,2016-11-28,119.510002,119.628998,118.790001,119.529999,JPY,123.11589897,123353.76366801001,3.58589997,119.529999,120127.64899500001,0.0,0.0,119.529999,119529.99900000001,0.0,2016,11,0,Monday,4,Autumn
EUR/JPY,2016-11-29,118.599998,119.911003,118.599998,118.598999,JPY,122.15696897000001,122392.98097801,3.557969970000002,118.598999,119191.99399500001,0.0,0.0,118.598999,118598.99900000001,0.0,2016,11,1,Tuesday,4,Autumn
EUR/USD,2016-11-29,1.062022,1.0634,1.056859,1.062135,USD,1.09399905,1096.11269865,0.03186405000000003,1.062135,1067.445675,0.0,0.0,1.062135,1062.135,0.0,2016,11,1,Tuesday,4,Autumn
EUR/GBP,2016-11-29,0.85559,0.8557,0.84674,0.8558,GBP,0.881474,883.1770419999999,0.025673999999999975,0.8558,860.079,0.0,0.0,0.8558,855.8,0.0,2016,11,1,Tuesday,4,Autumn
EUR/USD,2016-11-30,1.064849,1.0667,1.0585,1.064849,USD,1.0967944699999999,1098.9135195099998,0.03194546999999992,1.064849,1070.173245,0.0,0.0,1.064849,1064.849,0.0,2016,11,2,Wednesday,4,Autumn
EUR/GBP,2016-11-30,0.8524,0.85771,0.84923,0.85242,GBP,0.8779926,879.6889158,0.025572600000000056,0.85242,856.6821,0.0,0.0,0.85242,852.42,0.0,2016,11,2,Wednesday,4,Autumn
EUR/JPY,2016-11-30,119.776001,120.871002,119.462997,119.742996,JPY,123.33528588000001,123573.57444204002,3.59228988000001,119.742996,120341.71098,0.0,0.0,119.742996,119742.996,0.0,2016,11,2,Wednesday,4,Autumn
EUR/GBP,2016-12-01,0.84615,0.84846,0.83695,0.84611,GBP,0.8714933,873.1770589,0.025383299999999998,0.84611,850.34055,0.0,0.0,0.84611,846.11,0.0,2016,12,3,Thursday,4,Winter
EUR/USD,2016-12-01,1.05921,1.063717,1.058761,1.05921,USD,1.0909863,1093.0941279,0.03177629999999998,1.05921,1064.50605,0.0,0.0,1.05921,1059.21,0.0,2016,12,3,Thursday,4,Winter
EUR/JPY,2016-12-01,121.434998,121.651001,120.842003,121.470001,JPY,125.11410103,125355.82633199,3.644100030000004,121.470001,122077.35100499999,0.0,0.0,121.470001,121470.00099999999,0.0,2016,12,3,Thursday,4,Winter
EUR/GBP,2016-12-02,0.84664,0.84827,0.84055,0.84688,GBP,0.8722864,873.9716912000001,0.02540640000000005,0.84688,851.1144,0.0,0.0,0.84688,846.88,0.0,2016,12,4,Friday,4,Winter
EUR/JPY,2016-12-02,121.439003,121.879997,120.911003,121.445,JPY,125.08834999999999,125330.02554999999,3.643349999999998,121.445,122052.225,0.0,0.0,121.445,121445.0,0.0,2016,12,4,Friday,4,Winter
EUR/USD,2016-12-02,1.066325,1.069176,1.0628,1.066314,USD,1.09830342,1100.42538486,0.031989419999999935,1.066314,1071.6455700000001,0.0,0.0,1.066314,1066.314,0.0,2016,12,4,Friday,4,Winter
EUR/USD,2016-12-05,1.057083,1.074114,1.054185,1.058201,USD,1.08994703,1092.0528499900001,0.03174603000000009,1.058201,1063.492005,0.0,0.0,1.058201,1058.201,0.0,2016,12,0,Monday,4,Winter
EUR/JPY,2016-12-05,119.982002,123.176003,119.512001,120.119003,JPY,123.72257309000001,123961.60990597,3.603570090000005,120.119003,120719.59801500001,0.0,0.0,120.119003,120119.00300000001,0.0,2016,12,0,Monday,4,Winter
EUR/GBP,2016-12-05,0.83419,0.84455,0.8305,0.83507,GBP,0.8601221,861.7838893,0.02505210000000002,0.83507,839.2453499999999,0.0,0.0,0.83507,835.0699999999999,0.0,2016,12,0,Monday,4,Winter
EUR/JPY,2016-12-06,122.490997,122.924004,122.113998,122.452003,JPY,126.12556309000001,126369.24257597001,3.6735600900000094,122.452003,123064.26301500002,0.0,0.0,122.452003,122452.00300000001,0.0,2016,12,1,Tuesday,4,Winter
EUR/GBP,2016-12-06,0.84502,0.84547,0.8406,0.84494,GBP,0.8702882000000001,871.9696306000001,0.025348200000000043,0.84494,849.1647,0.0,0.0,0.84494,844.94,0.0,2016,12,1,Tuesday,4,Winter
EUR/USD,2016-12-06,1.075847,1.078516,1.0726,1.075732,USD,1.10800396,1110.14466668,0.0322719600000001,1.075732,1081.11066,0.0,0.0,1.075732,1075.732,0.0,2016,12,1,Tuesday,4,Winter
EUR/GBP,2016-12-07,0.8457,0.85492,0.8457,0.84584,GBP,0.8712152000000001,872.8984216000001,0.025375200000000042,0.84584,850.0692,0.0,0.0,0.84584,845.84,0.0,2016,12,2,Wednesday,4,Winter
EUR/JPY,2016-12-07,122.259003,122.581001,122.069,122.240997,JPY,125.90822691,126151.48649403,3.667229910000003,122.240997,122852.20198499999,0.0,0.0,122.240997,122240.99699999999,0.0,2016,12,2,Wednesday,4,Winter
EUR/USD,2016-12-07,1.071926,1.0769,1.071352,1.072041,USD,1.10420223,1106.3355915900001,0.03216123000000004,1.072041,1077.401205,0.0,0.0,1.072041,1072.041,0.0,2016,12,2,Wednesday,4,Winter
EUR/GBP,2016-12-08,0.85185,0.85583,0.84284,0.85199,GBP,0.8775497000000001,879.2451601000001,0.025559700000000074,0.85199,856.24995,0.0,0.0,0.85199,851.99,0.0,2016,12,3,Thursday,4,Winter
EUR/JPY,2016-12-08,122.387001,123.264999,121.059998,122.345001,JPY,126.01535103,126258.81758199,3.6703500300000087,122.345001,122956.72600499999,0.0,0.0,122.345001,122345.00099999999,0.0,2016,12,3,Thursday,4,Winter
EUR/USD,2016-12-08,1.076009,1.085658,1.061,1.076195,USD,1.10848085,1110.6224780500002,0.03228585000000006,1.076195,1081.575975,0.0,0.0,1.076195,1076.195,0.0,2016,12,3,Thursday,4,Winter
EUR/GBP,2016-12-09,0.84392,0.8457,0.83771,0.84403,GBP,0.8693508999999999,871.0305196999999,0.02532089999999998,0.84403,848.25015,0.0,0.0,0.84403,844.03,0.0,2016,12,4,Friday,4,Winter
EUR/JPY,2016-12-09,121.112999,121.674004,121.059998,121.150002,JPY,124.78450206000001,125025.59056398002,3.6345000600000077,121.150002,121755.75201000001,0.0,0.0,121.150002,121150.00200000001,0.0,2016,12,4,Friday,4,Winter
EUR/USD,2016-12-09,1.062135,1.063151,1.053841,1.062135,USD,1.09399905,1096.11269865,0.03186405000000003,1.062135,1067.445675,0.0,0.0,1.062135,1062.135,0.0,2016,12,4,Friday,4,Winter
EUR/GBP,2016-12-12,0.83729,0.8428,0.8363,0.83717,GBP,0.8622851,863.9510683000001,0.025115100000000057,0.83717,841.3558499999999,0.0,0.0,0.83717,837.17,0.0,2016,12,0,Monday,4,Winter
EUR/USD,2016-12-12,1.05463,1.062699,1.052742,1.054741,USD,1.08638323,1088.4821645900001,0.031642230000000104,1.054741,1060.014705,0.0,0.0,1.054741,1054.741,0.0,2016,12,0,Monday,4,Winter
EUR/JPY,2016-12-12,121.725998,122.915001,121.585999,121.718002,JPY,125.36954206,125611.76088398001,3.651540060000002,121.718002,122326.59201,0.0,0.0,121.718002,121718.002,0.0,2016,12,0,Monday,4,Winter
EUR/USD,2016-12-13,1.064283,1.065303,1.06067,1.064169,USD,1.09609407,1098.2117663099998,0.03192507,1.064169,1069.4898449999998,0.0,0.0,1.064169,1064.1689999999999,0.0,2016,12,1,Tuesday,4,Winter
EUR/JPY,2016-12-13,122.349998,122.765999,122.150002,122.355003,JPY,126.02565309,126269.13954597001,3.6706500900000094,122.355003,122966.778015,0.0,0.0,122.355003,122355.003,0.0,2016,12,1,Tuesday,4,Winter
EUR/GBP,2016-12-13,0.83942,0.8402,0.83399,0.83934,GBP,0.8645202,866.1904866,0.025180199999999986,0.83934,843.5366999999999,0.0,0.0,0.83934,839.3399999999999,0.0,2016,12,1,Tuesday,4,Winter
EUR/USD,2016-12-14,1.063038,1.066667,1.0615,1.062925,USD,1.09481275,1096.92797075,0.031887750000000104,1.062925,1068.239625,0.0,0.0,1.062925,1062.925,0.0,2016,12,2,Wednesday,4,Winter
EUR/JPY,2016-12-14,122.428001,122.654999,122.135002,122.434998,JPY,126.10804793999999,126351.69358601999,3.6730499399999985,122.434998,123047.17298999999,0.0,0.0,122.434998,122434.99799999999,0.0,2016,12,2,Wednesday,4,Winter
EUR/GBP,2016-12-14,0.83938,0.84202,0.83699,0.83927,GBP,0.8644480999999999,866.1182473,0.02517809999999998,0.83927,843.46635,0.0,0.0,0.83927,839.27,0.0,2016,12,2,Wednesday,4,Winter
EUR/USD,2016-12-15,1.051525,1.052521,1.040366,1.051414,USD,1.0829564200000001,1085.0487338600003,0.03154242000000007,1.051414,1056.67107,0.0,0.0,1.051414,1051.414,0.0,2016,12,3,Thursday,4,Winter
EUR/JPY,2016-12-15,123.237999,124.060997,122.681,123.207001,JPY,126.90321103000001,127148.39296199,3.696210030000003,123.207001,123823.036005,0.0,0.0,123.207001,123207.001,0.0,2016,12,3,Thursday,4,Winter
EUR/GBP,2016-12-15,0.83856,0.8398,0.83323,0.83847,GBP,0.8636241000000001,865.2926553000001,0.025154100000000068,0.83847,842.6623500000001,0.0,0.0,0.83847,838.47,0.0,2016,12,3,Thursday,4,Winter
EUR/USD,2016-12-16,1.041775,1.04723,1.040366,1.041884,USD,1.0731405200000002,1075.21386916,0.03125652000000012,1.041884,1047.09342,0.0,0.0,1.041884,1041.884,0.0,2016,12,4,Friday,4,Winter
EUR/GBP,2016-12-16,0.83857,0.84242,0.83629,0.83849,GBP,0.8636446999999999,865.3132950999999,0.025154699999999974,0.83849,842.68245,0.0,0.0,0.83849,838.49,0.0,2016,12,4,Friday,4,Winter
EUR/JPY,2016-12-16,123.214996,123.606003,123.003998,123.163002,JPY,126.85789206000001,127102.98643398001,3.694890060000006,123.163002,123778.81701000001,0.0,0.0,123.163002,123163.00200000001,0.0,2016,12,4,Friday,4,Winter
EUR/GBP,2016-12-19,0.83633,0.84484,0.83611,0.8363,GBP,0.8613890000000001,863.0532370000001,0.025089000000000028,0.8363,840.4815000000001,0.0,0.0,0.8363,836.3000000000001,0.0,2016,12,0,Monday,4,Winter
EUR/USD,2016-12-19,1.044823,1.048196,1.041341,1.044998,USD,1.0763479400000002,1078.4274860200003,0.03134994000000013,1.044998,1050.22299,0.0,0.0,1.044998,1044.998,0.0,2016,12,0,Monday,4,Winter
EUR/JPY,2016-12-19,123.069,123.094002,121.916,123.056,JPY,126.74768,126992.56144,3.691680000000005,123.056,123671.28,0.0,0.0,123.056,123056.0,0.0,2016,12,0,Monday,4,Winter
EUR/JPY,2016-12-20,121.766998,122.783997,121.741997,121.771004,JPY,125.42413412,125666.45841796,3.65313012,121.771004,122379.85902,0.0,0.0,121.771004,121771.004,0.0,2016,12,1,Tuesday,4,Winter
EUR/USD,2016-12-20,1.040475,1.041992,1.035518,1.040583,USD,1.07180049,1073.8712501700002,0.03121748999999996,1.040583,1045.7859150000002,0.0,0.0,1.040583,1040.583,0.0,2016,12,1,Tuesday,4,Winter
EUR/GBP,2016-12-20,0.83975,0.84229,0.8376,0.8398,GBP,0.864994,866.665202,0.02519400000000005,0.8398,843.9989999999999,0.0,0.0,0.8398,839.8,0.0,2016,12,1,Tuesday,4,Winter
EUR/USD,2016-12-21,1.039393,1.045151,1.03853,1.039047,USD,1.07021841,1072.2861135300002,0.03117141000000001,1.039047,1044.242235,0.0,0.0,1.039047,1039.047,0.0,2016,12,2,Wednesday,4,Winter
EUR/JPY,2016-12-21,122.431,122.801003,122.087502,122.5,JPY,126.175,126418.775,3.674999999999997,122.5,123112.5,0.0,0.0,122.5,122500.0,0.0,2016,12,2,Wednesday,4,Winter
EUR/GBP,2016-12-21,0.84033,0.84424,0.8403,0.84027,GBP,0.8654781,867.1502373000001,0.025208100000000067,0.84027,844.47135,0.0,0.0,0.84027,840.27,0.0,2016,12,2,Wednesday,4,Winter
EUR/JPY,2016-12-22,122.620003,123.168999,122.5,122.613998,JPY,126.29241793999999,126536.41979602,3.6784199399999977,122.613998,123227.06799,0.0,0.0,122.613998,122613.99799999999,0.0,2016,12,3,Thursday,4,Winter
EUR/USD,2016-12-22,1.042753,1.049759,1.042753,1.042862,USD,1.07414786,1076.22315538,0.03128586000000011,1.042862,1048.07631,0.0,0.0,1.042862,1042.8619999999999,0.0,2016,12,3,Thursday,4,Winter
EUR/GBP,2016-12-22,0.84399,0.85083,0.84336,0.84405,GBP,0.8693715,871.0511594999999,0.025321499999999997,0.84405,848.2702499999999,0.0,0.0,0.84405,844.05,0.0,2016,12,3,Thursday,4,Winter
EUR/GBP,2016-12-23,0.8497,0.85372,0.8492,0.84963,GBP,0.8751189,876.8096637000001,0.025488900000000037,0.84963,853.87815,0.0,0.0,0.84963,849.63,0.0,2016,12,4,Friday,4,Winter
EUR/USD,2016-12-23,1.04395,1.046792,1.04297,1.043765,USD,1.07507795,1077.15504235,0.031312950000000006,1.043765,1048.983825,0.0,0.0,1.043765,1043.765,0.0,2016,12,4,Friday,4,Winter
EUR/JPY,2016-12-23,122.686996,122.740997,122.370003,122.674004,JPY,126.35422412,126598.34538796,3.6802201200000013,122.674004,123287.37402,0.0,0.0,122.674004,122674.004,0.0,2016,12,4,Friday,4,Winter
EUR/GBP,2016-12-26,0.85025,0.85264,0.84843,0.85026,GBP,0.8757678,877.4598174,0.02550779999999997,0.85026,854.5113,0.0,0.0,0.85026,850.26,0.0,2016,12,0,Monday,4,Winter
EUR/USD,2016-12-26,1.045588,1.047011,1.0446,1.045478,USD,1.07684234,1078.92284122,0.0313643400000001,1.045478,1050.7053899999999,0.0,0.0,1.045478,1045.4779999999998,0.0,2016,12,0,Monday,4,Winter
EUR/JPY,2016-12-26,122.612,122.634003,122.199997,122.616997,JPY,126.29550691,126539.51473403,3.6785099100000025,122.616997,123230.081985,0.0,0.0,122.616997,122616.997,0.0,2016,12,0,Monday,4,Winter
EUR/JPY,2016-12-27,122.515999,122.971001,122.444,122.509003,JPY,126.18427309,126428.06600597,3.675270089999998,122.509003,123121.54801500001,0.0,0.0,122.509003,122509.00300000001,0.0,2016,12,1,Tuesday,4,Winter
EUR/GBP,2016-12-27,0.85163,0.85361,0.84996,0.8518,GBP,0.8773540000000001,879.049082,0.025554000000000077,0.8518,856.059,0.0,0.0,0.8518,851.8,0.0,2016,12,1,Tuesday,4,Winter
EUR/USD,2016-12-27,1.045577,1.046134,1.043536,1.045697,USD,1.0770679100000002,1079.1488470300003,0.03137091000000014,1.045697,1050.9254850000002,0.0,0.0,1.045697,1045.6970000000001,0.0,2016,12,1,Tuesday,4,Winter
EUR/JPY,2016-12-28,122.888,123.218002,122.140999,122.893997,JPY,126.58081691,126825.37596403,3.686819909999997,122.893997,123508.466985,0.0,0.0,122.893997,122893.997,0.0,2016,12,2,Wednesday,4,Winter
EUR/USD,2016-12-28,1.046244,1.048218,1.038745,1.046233,USD,1.07761999,1079.70199367,0.031386990000000115,1.046233,1051.4641649999999,0.0,0.0,1.046233,1046.233,0.0,2016,12,2,Wednesday,4,Winter
EUR/GBP,2016-12-28,0.85214,0.85354,0.84935,0.8522,GBP,0.8777659999999999,879.461878,0.025565999999999978,0.8522,856.4609999999999,0.0,0.0,0.8522,852.1999999999999,0.0,2016,12,2,Wednesday,4,Winter
EUR/JPY,2016-12-29,121.910004,122.233002,121.559998,121.962997,JPY,125.62188691,125864.59327403,3.658889909999999,121.962997,122572.81198500001,0.0,0.0,121.962997,121962.997,0.0,2016,12,3,Thursday,4,Winter
EUR/GBP,2016-12-29,0.8519,0.85801,0.85152,0.85198,GBP,0.8775394,879.2348402,0.02555940000000001,0.85198,856.2398999999999,0.0,0.0,0.85198,851.9799999999999,0.0,2016,12,3,Thursday,4,Winter
EUR/USD,2016-12-29,1.041775,1.049098,1.041775,1.041699,USD,1.07294997,1075.02295101,0.0312509700000001,1.041699,1046.907495,0.0,0.0,1.041699,1041.6989999999998,0.0,2016,12,3,Thursday,4,Winter
EUR/GBP,2016-12-30,0.86,0.86035,0.85161,0.86026,GBP,0.8860678000000001,887.7797174,0.025807800000000047,0.86026,864.5613,0.0,0.0,0.86026,860.26,0.0,2016,12,4,Friday,4,Winter
EUR/JPY,2016-12-30,122.929001,123.724998,122.540001,122.926003,JPY,126.61378309,126858.40583597,3.687780090000004,122.926003,123540.633015,0.0,0.0,122.926003,122926.003,0.0,2016,12,4,Friday,4,Winter
EUR/USD,2016-12-30,1.056904,1.059098,1.051,1.05753,USD,1.0892559000000002,1091.3603847000002,0.031725900000000085,1.05753,1062.81765,0.0,0.0,1.05753,1057.53,0.0,2016,12,4,Friday,4,Winter
EUR/USD,2017-01-02,1.053075,1.054074,1.046572,1.052698,USD,1.08427894,1086.37380902,0.03158094,1.052698,1057.96149,0.0,0.0,1.052698,1052.6979999999999,0.0,2017,1,0,Monday,1,Winter
EUR/JPY,2017-01-02,122.919998,123.475998,122.760002,122.93,JPY,126.6179,126862.5307,3.687899999999999,122.93,123544.65,0.0,0.0,122.93,122930.0,0.0,2017,1,0,Monday,1,Winter
EUR/GBP,2017-01-02,0.85143,0.8533,0.8494,0.85143,GBP,0.8769729,878.6672457000001,0.025542900000000035,0.85143,855.6871500000001,0.0,0.0,0.85143,851.4300000000001,0.0,2017,1,0,Monday,1,Winter
EUR/GBP,2017-01-03,0.85146,0.85284,0.845,0.8515,GBP,0.8770450000000001,878.7394850000001,0.02554500000000004,0.8515,855.7575,0.0,0.0,0.8515,851.5,0.0,2017,1,1,Tuesday,1,Winter
EUR/USD,2017-01-03,1.045916,1.049208,1.034768,1.046003,USD,1.07738309,1079.46463597,0.03138009000000008,1.046003,1051.233015,0.0,0.0,1.046003,1046.003,0.0,2017,1,1,Tuesday,1,Winter
EUR/JPY,2017-01-03,122.850998,123.317001,122.525002,122.870003,JPY,126.55610309,126800.61439596998,3.6861000899999965,122.870003,123484.353015,0.0,0.0,122.870003,122870.003,0.0,2017,1,1,Tuesday,1,Winter
EUR/USD,2017-01-04,1.04184,1.047889,1.039134,1.041992,USD,1.07325176,1075.3253240800002,0.03125975999999997,1.041992,1047.2019599999999,0.0,0.0,1.041992,1041.992,0.0,2017,1,2,Wednesday,1,Winter
EUR/JPY,2017-01-04,122.583,122.967003,122.492996,122.57,JPY,126.2471,126491.01430000001,3.67710000000001,122.57,123182.85,0.0,0.0,122.57,122570.0,0.0,2017,1,2,Wednesday,1,Winter
EUR/GBP,2017-01-04,0.85076,0.85355,0.8481,0.85085,GBP,0.8763755,878.0686915,0.02552549999999998,0.85085,855.10425,0.0,0.0,0.85085,850.85,0.0,2017,1,2,Wednesday,1,Winter
EUR/JPY,2017-01-05,122.902,123.001999,122.084999,122.957001,JPY,126.64571103000002,126890.39546199002,3.68871003000001,122.957001,123571.786005,0.0,0.0,122.957001,122957.001,0.0,2017,1,3,Thursday,1,Winter
EUR/USD,2017-01-05,1.049869,1.060895,1.048658,1.050089,USD,1.0815916700000001,1083.68134711,0.031502670000000066,1.050089,1055.3394449999998,0.0,0.0,1.050089,1050.089,0.0,2017,1,3,Thursday,1,Winter
EUR/GBP,2017-01-05,0.85168,0.85777,0.85168,0.85189,GBP,0.8774467,879.1419611000001,0.025556699999999988,0.85189,856.14945,0.0,0.0,0.85189,851.89,0.0,2017,1,3,Thursday,1,Winter
EUR/GBP,2017-01-06,0.85356,0.85865,0.8534,0.85367,GBP,0.8792801,880.9789033000001,0.02561009999999997,0.85367,857.9383500000001,0.0,0.0,0.85367,853.6700000000001,0.0,2017,1,4,Friday,1,Winter
EUR/JPY,2017-01-06,122.273003,123.199997,122.262001,122.230003,JPY,125.89690309,126140.14079596999,3.6669000899999986,122.230003,122841.153015,0.0,0.0,122.230003,122230.003,0.0,2017,1,4,Friday,1,Winter
EUR/USD,2017-01-06,1.060558,1.060895,1.053963,1.060592,USD,1.09240976,1094.52033808,0.03181776000000003,1.060592,1065.8949599999999,0.0,0.0,1.060592,1060.5919999999999,0.0,2017,1,4,Friday,1,Winter
EUR/GBP,2017-01-09,0.85903,0.8689,0.8586,0.859,GBP,0.8847700000000001,886.4794100000001,0.02577000000000007,0.859,863.295,0.0,0.0,0.859,859.0,0.0,2017,1,0,Monday,1,Winter
EUR/JPY,2017-01-09,123.363998,123.699997,122.431,123.345001,JPY,127.04535103,127290.80758199001,3.70035003000001,123.345001,123961.72600499999,0.0,0.0,123.345001,123345.00099999999,0.0,2017,1,0,Monday,1,Winter
EUR/USD,2017-01-09,1.053408,1.056078,1.051348,1.053186,USD,1.08478158,1086.8774201400001,0.03159558000000007,1.053186,1058.45193,0.0,0.0,1.053186,1053.186,0.0,2017,1,0,Monday,1,Winter
EUR/JPY,2017-01-10,122.765999,122.925003,122.232597,122.792999,JPY,126.47678897,126721.14703800999,3.6837899700000065,122.792999,123406.963995,0.0,0.0,122.792999,122792.999,0.0,2017,1,1,Tuesday,1,Winter
EUR/USD,2017-01-10,1.058761,1.062586,1.056189,1.058862,USD,1.09062786,1092.7349953799999,0.031765859999999924,1.058862,1064.15631,0.0,0.0,1.058862,1058.862,0.0,2017,1,1,Tuesday,1,Winter
EUR/GBP,2017-01-10,0.86963,0.87628,0.8684,0.86978,GBP,0.8958734,897.6042622000001,0.026093400000000044,0.86978,874.1288999999999,0.0,0.0,0.86978,869.78,0.0,2017,1,1,Tuesday,1,Winter
EUR/USD,2017-01-11,1.055409,1.056747,1.045697,1.055242,USD,1.08689926,1088.9991915800001,0.03165726000000002,1.055242,1060.51821,0.0,0.0,1.055242,1055.242,0.0,2017,1,2,Wednesday,1,Winter
EUR/GBP,2017-01-11,0.86667,0.86991,0.86488,0.86686,GBP,0.8928657999999999,894.5908513999999,0.026005799999999968,0.86686,871.1943,0.0,0.0,0.86686,866.86,0.0,2017,1,2,Wednesday,1,Winter
EUR/JPY,2017-01-11,122.264,122.609001,121.945999,122.275002,JPY,125.94325206,126186.57931398,3.6682500600000054,122.275002,122886.37701000001,0.0,0.0,122.275002,122275.00200000001,0.0,2017,1,2,Wednesday,1,Winter
EUR/JPY,2017-01-12,121.899002,122.012001,121.169998,121.942001,JPY,125.60026103000001,125842.92561199001,3.658260030000008,121.942001,122551.711005,0.0,0.0,121.942001,121942.001,0.0,2017,1,3,Thursday,1,Winter
EUR/USD,2017-01-12,1.059659,1.068604,1.05753,1.059771,USD,1.09156413,1093.67307429,0.03179313000000006,1.059771,1065.069855,0.0,0.0,1.059771,1059.771,0.0,2017,1,3,Thursday,1,Winter
EUR/GBP,2017-01-12,0.86764,0.87248,0.86551,0.8677,GBP,0.893731,895.4577230000001,0.026031000000000026,0.8677,872.0385,0.0,0.0,0.8677,867.7,0.0,2017,1,3,Thursday,1,Winter
EUR/JPY,2017-01-13,121.751999,122.391998,121.663002,121.709999,JPY,125.36129896999999,125603.50186800999,3.6512999699999966,121.709999,122318.54899499999,0.0,0.0,121.709999,121709.999,0.0,2017,1,4,Friday,1,Winter
EUR/USD,2017-01-13,1.061797,1.06678,1.06,1.061684,USD,1.0935345200000002,1095.6472711600002,0.031850520000000104,1.061684,1066.99242,0.0,0.0,1.061684,1061.684,0.0,2017,1,4,Friday,1,Winter
EUR/GBP,2017-01-13,0.8726,0.87652,0.87077,0.8723,GBP,0.898469,900.2048769999999,0.026168999999999998,0.8723,876.6614999999999,0.0,0.0,0.8723,872.3,0.0,2017,1,4,Friday,1,Winter
EUR/GBP,2017-01-16,0.88276,0.88451,0.87684,0.88277,GBP,0.9092531,911.0098123,0.02648309999999998,0.88277,887.1838500000001,0.0,0.0,0.88277,882.7700000000001,0.0,2017,1,0,Monday,1,Winter
EUR/USD,2017-01-16,1.062688,1.063343,1.058134,1.062869,USD,1.0947550700000002,1096.8701793100001,0.0318860700000001,1.062869,1068.1833450000001,0.0,0.0,1.062869,1062.8690000000001,0.0,2017,1,0,Monday,1,Winter
EUR/JPY,2017-01-16,121.412003,121.632004,120.75,121.389999,JPY,125.03169897000001,125273.26506801,3.641699970000005,121.389999,121996.948995,0.0,0.0,121.389999,121389.999,0.0,2017,1,0,Monday,1,Winter
EUR/JPY,2017-01-17,121.005997,121.367996,120.557999,121.028999,JPY,124.65986897,124900.71667801001,3.630869970000006,121.028999,121634.14399499999,0.0,0.0,121.028999,121028.999,0.0,2017,1,1,Tuesday,1,Winter
EUR/USD,2017-01-17,1.060389,1.0718,1.060142,1.060299,USD,1.09210797,1094.21796501,0.031808969999999936,1.060299,1065.6004950000001,0.0,0.0,1.060299,1060.2990000000002,0.0,2017,1,1,Tuesday,1,Winter
EUR/GBP,2017-01-17,0.88062,0.88126,0.86335,0.8806,GBP,0.9070180000000001,908.7703940000001,0.026418000000000053,0.8806,885.003,0.0,0.0,0.8806,880.6,0.0,2017,1,1,Tuesday,1,Winter
EUR/JPY,2017-01-18,120.778999,121.252998,120.648003,120.738998,JPY,124.36116794,124601.43854602,3.6221699400000062,120.738998,121342.69299,0.0,0.0,120.738998,120738.99799999999,0.0,2017,1,2,Wednesday,1,Winter
EUR/GBP,2017-01-18,0.8634,0.8702,0.8632,0.86342,GBP,0.8893226,891.0408057999999,0.025902599999999998,0.86342,867.7370999999999,0.0,0.0,0.86342,863.42,0.0,2017,1,2,Wednesday,1,Winter
EUR/USD,2017-01-18,1.069782,1.071467,1.065962,1.069679,USD,1.10176937,1103.89803121,0.032090369999999924,1.069679,1075.027395,0.0,0.0,1.069679,1069.679,0.0,2017,1,2,Wednesday,1,Winter
EUR/JPY,2017-01-19,121.953003,122.417999,121.789001,121.955002,JPY,125.61365205999999,125856.34251398,3.6586500599999994,121.955002,122564.77700999999,0.0,0.0,121.955002,121955.002,0.0,2017,1,3,Thursday,1,Winter
EUR/USD,2017-01-19,1.062948,1.06768,1.058974,1.062778,USD,1.09466134,1096.77626822,0.03188334000000004,1.062778,1068.09189,0.0,0.0,1.062778,1062.778,0.0,2017,1,3,Thursday,1,Winter
EUR/GBP,2017-01-19,0.86683,0.86776,0.86105,0.86681,GBP,0.8928143,894.5392519,0.02600429999999998,0.86681,871.14405,0.0,0.0,0.86681,866.81,0.0,2017,1,3,Thursday,1,Winter
EUR/GBP,2017-01-20,0.86385,0.86707,0.8631,0.86387,GBP,0.8897861,891.5052013000001,0.025916099999999997,0.86387,868.18935,0.0,0.0,0.86387,863.87,0.0,2017,1,4,Friday,1,Winter
EUR/USD,2017-01-20,1.066132,1.069519,1.062677,1.065973,USD,1.09795219,1100.07347627,0.031979189999999935,1.065973,1071.3028649999999,0.0,0.0,1.065973,1065.973,0.0,2017,1,4,Friday,1,Winter
EUR/JPY,2017-01-20,122.480003,122.846001,122.367996,122.529999,JPY,126.20589897,126449.73366801001,3.6758999700000032,122.529999,123142.64899500001,0.0,0.0,122.529999,122529.99900000001,0.0,2017,1,4,Friday,1,Winter
EUR/GBP,2017-01-23,0.86478,0.86622,0.85952,0.86481,GBP,0.8907543,892.4752718999999,0.02594430000000003,0.86481,869.1340499999999,0.0,0.0,0.86481,864.81,0.0,2017,1,0,Monday,1,Winter
EUR/USD,2017-01-23,1.071146,1.075616,1.070836,1.071375,USD,1.10351625,1105.64828625,0.03214125000000001,1.071375,1076.731875,0.0,0.0,1.071375,1071.375,0.0,2017,1,0,Monday,1,Winter
EUR/JPY,2017-01-23,121.941002,122.200996,121.421997,121.922997,JPY,125.58068691,125823.31367403001,3.657689910000002,121.922997,122532.61198499998,0.0,0.0,121.922997,121922.99699999999,0.0,2017,1,0,Monday,1,Winter
EUR/GBP,2017-01-24,0.8595,0.86472,0.85735,0.85952,GBP,0.8853056,887.0160448,0.025785600000000075,0.85952,863.8176,0.0,0.0,0.85952,859.52,0.0,2017,1,1,Tuesday,1,Winter
EUR/JPY,2017-01-24,121.375,121.898003,121.204002,121.337997,JPY,124.97813691,125219.59952403,3.640139910000002,121.337997,121944.68698500001,0.0,0.0,121.337997,121337.997,0.0,2017,1,1,Tuesday,1,Winter
EUR/USD,2017-01-24,1.075755,1.077284,1.072777,1.076079,USD,1.1083613700000001,1110.50276721,0.032282370000000116,1.076079,1081.4593949999999,0.0,0.0,1.076079,1076.079,0.0,2017,1,1,Tuesday,1,Winter
EUR/JPY,2017-01-25,122.169998,122.228996,121.628998,122.128998,JPY,125.79286794,126035.90464601999,3.663869939999998,122.128998,122739.64299,0.0,0.0,122.128998,122128.99799999999,0.0,2017,1,2,Wednesday,1,Winter
EUR/USD,2017-01-25,1.072789,1.076878,1.071214,1.072869,USD,1.1050550700000001,1107.19007931,0.03218607000000007,1.072869,1078.233345,0.0,0.0,1.072869,1072.8690000000001,0.0,2017,1,2,Wednesday,1,Winter
EUR/GBP,2017-01-25,0.85609,0.85779,0.85142,0.85596,GBP,0.8816388000000001,883.3421604,0.0256788,0.85596,860.2398000000001,0.0,0.0,0.85596,855.96,0.0,2017,1,2,Wednesday,1,Winter
EUR/JPY,2017-01-26,121.724998,122.651001,121.690002,121.790001,JPY,125.44370103000001,125686.06313199001,3.65370003000001,121.790001,122398.95100500001,0.0,0.0,121.790001,121790.001,0.0,2017,1,3,Thursday,1,Winter
EUR/USD,2017-01-26,1.0755,1.076658,1.067065,1.075199,USD,1.10745497,1109.59461601,0.03225597000000002,1.075199,1080.5749950000002,0.0,0.0,1.075199,1075.199,0.0,2017,1,3,Thursday,1,Winter
EUR/GBP,2017-01-26,0.85103,0.85324,0.84725,0.85099,GBP,0.8765197,878.2131701000001,0.02552969999999999,0.85099,855.24495,0.0,0.0,0.85099,850.99,0.0,2017,1,3,Thursday,1,Winter
EUR/JPY,2017-01-27,122.253998,123.297997,122.237,122.264,JPY,125.93192,126175.22536,3.6679200000000094,122.264,122875.32,0.0,0.0,122.264,122264.0,0.0,2017,1,4,Friday,1,Winter
EUR/USD,2017-01-27,1.068285,1.072478,1.066053,1.068296,USD,1.10034488,1102.4707890399998,0.03204888000000006,1.068296,1073.6374799999999,0.0,0.0,1.068296,1068.2959999999998,0.0,2017,1,4,Friday,1,Winter
EUR/GBP,2017-01-27,0.84815,0.85361,0.8477,0.8481,GBP,0.873543,875.230719,0.025442999999999993,0.8481,852.3404999999999,0.0,0.0,0.8481,848.0999999999999,0.0,2017,1,4,Friday,1,Winter
EUR/JPY,2017-01-30,122.925003,123.011002,121.542,122.849998,JPY,126.53549794,126779.96943602001,3.6854999399999997,122.849998,123464.24798999999,0.0,0.0,122.849998,122849.99799999999,0.0,2017,1,0,Monday,1,Winter
EUR/USD,2017-01-30,1.071915,1.074033,1.06209,1.071398,USD,1.10353994,1105.6720220200002,0.032141940000000035,1.071398,1076.7549900000001,0.0,0.0,1.071398,1071.3980000000001,0.0,2017,1,0,Monday,1,Winter
EUR/GBP,2017-01-30,0.85105,0.85491,0.84903,0.85079,GBP,0.8763137000000001,878.0067721,0.025523700000000038,0.85079,855.0439500000001,0.0,0.0,0.85079,850.7900000000001,0.0,2017,1,0,Monday,1,Winter
EUR/JPY,2017-01-31,121.723999,122.195999,121.033997,121.718002,JPY,125.36954206,125611.76088398001,3.651540060000002,121.718002,122326.59201,0.0,0.0,121.718002,121718.002,0.0,2017,1,1,Tuesday,1,Winter
EUR/USD,2017-01-31,1.07071,1.081034,1.068604,1.070859,USD,1.10298477,1105.11577941,0.03212576999999994,1.070859,1076.213295,0.0,0.0,1.070859,1070.859,0.0,2017,1,1,Tuesday,1,Winter
EUR/GBP,2017-01-31,0.85636,0.86324,0.8546,0.85665,GBP,0.8823495,884.0542335,0.025699499999999986,0.85665,860.9332499999999,0.0,0.0,0.85665,856.65,0.0,2017,1,1,Tuesday,1,Winter
EUR/GBP,2017-02-01,0.85807,0.85934,0.84936,0.85803,GBP,0.8837709,885.4783797,0.025740900000000067,0.85803,862.32015,0.0,0.0,0.85803,858.03,0.0,2017,2,2,Wednesday,1,Winter
EUR/USD,2017-02-01,1.080264,1.080847,1.073941,1.08038,USD,1.1127913999999999,1114.9413561999997,0.03241139999999998,1.08038,1085.7819,0.0,0.0,1.08038,1080.3799999999999,0.0,2017,2,2,Wednesday,1,Winter
EUR/JPY,2017-02-01,121.785004,122.490997,121.785004,121.776001,JPY,125.42928103,125671.61527199,3.653280030000005,121.776001,122384.88100499999,0.0,0.0,121.776001,121776.00099999999,0.0,2017,2,2,Wednesday,1,Winter
EUR/USD,2017-02-02,1.076844,1.082661,1.076844,1.076739,USD,1.10904117,1111.18388061,0.03230217000000013,1.076739,1082.1226949999998,0.0,0.0,1.076739,1076.7389999999998,0.0,2017,2,3,Thursday,1,Winter
EUR/JPY,2017-02-02,121.933998,121.963997,121.268997,121.991997,JPY,125.65175691,125894.52098403,3.6597599100000053,121.991997,122601.956985,0.0,0.0,121.991997,121991.997,0.0,2017,2,3,Thursday,1,Winter
EUR/GBP,2017-02-02,0.85032,0.8622,0.84999,0.85053,GBP,0.8760459,877.7384547,0.025515900000000036,0.85053,854.78265,0.0,0.0,0.85053,850.53,0.0,2017,2,3,Thursday,1,Winter
EUR/USD,2017-02-03,1.076334,1.079715,1.072892,1.076171,USD,1.10845613,1110.5977102900001,0.032285129999999995,1.076171,1081.5518550000002,0.0,0.0,1.076171,1076.171,0.0,2017,2,4,Friday,1,Winter
EUR/JPY,2017-02-03,121.377998,121.758003,121.112,121.369003,JPY,125.01007309,125251.59740597001,3.6410700899999995,121.369003,121975.84801500001,0.0,0.0,121.369003,121369.00300000001,0.0,2017,2,4,Friday,1,Winter
EUR/GBP,2017-02-03,0.85958,0.864,0.85743,0.85952,GBP,0.8853056,887.0160448,0.025785600000000075,0.85952,863.8176,0.0,0.0,0.85952,859.52,0.0,2017,2,4,Friday,1,Winter
EUR/JPY,2017-02-06,121.455002,121.466003,120.132004,121.452003,JPY,125.09556309000001,125337.25257597001,3.6435600900000082,121.452003,122059.26301500002,0.0,0.0,121.452003,121452.00300000001,0.0,2017,2,0,Monday,1,Winter
EUR/GBP,2017-02-06,0.86369,0.86381,0.85925,0.86365,GBP,0.8895595000000001,891.2781635000001,0.02590950000000003,0.86365,867.96825,0.0,0.0,0.86365,863.65,0.0,2017,2,0,Monday,1,Winter
EUR/USD,2017-02-06,1.078341,1.078888,1.070664,1.078295,USD,1.11064385,1112.78965705,0.032348849999999985,1.078295,1083.686475,0.0,0.0,1.078295,1078.295,0.0,2017,2,0,Monday,1,Winter
EUR/USD,2017-02-07,1.074322,1.074345,1.065678,1.074322,USD,1.10655166,1108.6895607800002,0.03222966000000005,1.074322,1079.6936099999998,0.0,0.0,1.074322,1074.322,0.0,2017,2,1,Tuesday,1,Winter
EUR/GBP,2017-02-07,0.8615,0.86375,0.85849,0.86157,GBP,0.8874171,889.1316243,0.02584710000000001,0.86157,865.87785,0.0,0.0,0.86157,861.5699999999999,0.0,2017,2,1,Tuesday,1,Winter
EUR/JPY,2017-02-07,120.098,120.130997,119.526001,120.132004,JPY,123.73596411999999,123975.02680795999,3.6039601199999964,120.132004,120732.66402,0.0,0.0,120.132004,120132.004,0.0,2017,2,1,Tuesday,1,Winter
EUR/JPY,2017-02-08,120.027,120.080002,119.338997,120.0,JPY,123.60000000000001,123838.80000000002,3.6000000000000085,120.0,120600.0,0.0,0.0,120.0,120000.0,0.0,2017,2,2,Wednesday,1,Winter
EUR/USD,2017-02-08,1.067897,1.070744,1.064215,1.067806,USD,1.0998401800000002,1101.96511394,0.032034180000000134,1.067806,1073.1450300000001,0.0,0.0,1.067806,1067.806,0.0,2017,2,2,Wednesday,1,Winter
EUR/GBP,2017-02-08,0.85455,0.85512,0.85098,0.8545,GBP,0.8801350000000001,881.8354550000001,0.025635000000000074,0.8545,858.7725,0.0,0.0,0.8545,854.5,0.0,2017,2,2,Wednesday,1,Winter
EUR/JPY,2017-02-09,119.697998,120.683998,119.660004,119.693001,JPY,123.28379103,123521.98010199,3.590790030000008,119.693001,120291.466005,0.0,0.0,119.693001,119693.00099999999,0.0,2017,2,3,Thursday,1,Winter
EUR/USD,2017-02-09,1.06921,1.071008,1.065735,1.069221,USD,1.10129763,1103.42537979,0.03207662999999994,1.069221,1074.567105,0.0,0.0,1.069221,1069.221,0.0,2017,2,3,Thursday,1,Winter
EUR/GBP,2017-02-09,0.85351,0.8547,0.84951,0.8534,GBP,0.8790020000000001,880.700266,0.025602000000000014,0.8534,857.6670000000001,0.0,0.0,0.8534,853.4000000000001,0.0,2017,2,3,Thursday,1,Winter
EUR/USD,2017-02-10,1.065689,1.066894,1.060985,1.065859,USD,1.09783477,1099.95582941,0.03197577000000007,1.065859,1071.188295,0.0,0.0,1.065859,1065.859,0.0,2017,2,4,Friday,1,Winter
EUR/JPY,2017-02-10,120.879997,121.332001,120.499001,120.896004,JPY,124.52288412000001,124763.46716796001,3.62688012000001,120.896004,121500.48402,0.0,0.0,120.896004,120896.004,0.0,2017,2,4,Friday,1,Winter
EUR/GBP,2017-02-10,0.85291,0.8549,0.8502,0.85275,GBP,0.8783325000000001,880.0294725000001,0.025582500000000064,0.85275,857.01375,0.0,0.0,0.85275,852.75,0.0,2017,2,4,Friday,1,Winter
EUR/JPY,2017-02-13,121.022003,121.148003,120.726997,120.961998,JPY,124.59085793999999,124831.57231601999,3.628859939999998,120.961998,121566.80798999999,0.0,0.0,120.961998,120961.99799999999,0.0,2017,2,0,Monday,1,Winter
EUR/GBP,2017-02-13,0.85064,0.85127,0.84805,0.8505,GBP,0.8760150000000001,877.7074950000001,0.025515000000000065,0.8505,854.7525,0.0,0.0,0.8505,850.5,0.0,2017,2,0,Monday,1,Winter
EUR/USD,2017-02-13,1.061932,1.065803,1.059345,1.061954,USD,1.09381262,1095.9259084599998,0.03185861999999995,1.061954,1067.2637700000002,0.0,0.0,1.061954,1061.9540000000002,0.0,2017,2,0,Monday,1,Winter
EUR/GBP,2017-02-14,0.84627,0.85289,0.84585,0.84626,GBP,0.8716478000000001,873.3318574000001,0.02538780000000007,0.84626,850.4913,0.0,0.0,0.84626,846.26,0.0,2017,2,1,Tuesday,1,Winter
EUR/USD,2017-02-14,1.059917,1.063321,1.056178,1.05985,USD,1.0916455,1093.7546015,0.03179550000000009,1.05985,1065.14925,0.0,0.0,1.05985,1059.85,0.0,2017,2,1,Tuesday,1,Winter
EUR/JPY,2017-02-14,120.484001,120.915001,120.231003,120.501999,JPY,124.11705897,124356.85794801,3.6150599700000043,120.501999,121104.508995,0.0,0.0,120.501999,120501.999,0.0,2017,2,1,Tuesday,1,Winter
EUR/GBP,2017-02-15,0.84833,0.85113,0.84659,0.84827,GBP,0.8737180999999999,875.4061572999999,0.025448099999999974,0.84827,852.51135,0.0,0.0,0.84827,848.27,0.0,2017,2,2,Wednesday,1,Winter
EUR/USD,2017-02-15,1.057865,1.058795,1.052211,1.057832,USD,1.0895669600000002,1091.67204568,0.03173496000000009,1.057832,1063.1211600000001,0.0,0.0,1.057832,1057.832,0.0,2017,2,2,Wednesday,1,Winter
EUR/JPY,2017-02-15,120.884003,121.241997,120.709503,120.893997,JPY,124.52081691000001,124761.39596403,3.626819910000009,120.893997,121498.466985,0.0,0.0,120.893997,120893.997,0.0,2017,2,2,Wednesday,1,Winter
EUR/GBP,2017-02-16,0.85045,0.85384,0.8487,0.85057,GBP,0.8760871000000001,877.7797343000001,0.02551710000000007,0.85057,854.82285,0.0,0.0,0.85057,850.57,0.0,2017,2,3,Thursday,1,Winter
EUR/USD,2017-02-16,1.060187,1.067475,1.060052,1.060738,USD,1.09256014,1094.67100862,0.031822140000000054,1.060738,1066.04169,0.0,0.0,1.060738,1060.738,0.0,2017,2,3,Thursday,1,Winter
EUR/JPY,2017-02-16,121.0,121.136002,120.739998,121.035004,JPY,124.66605412,124906.91377796,3.6310501199999976,121.035004,121640.17902,0.0,0.0,121.035004,121035.004,0.0,2017,2,3,Thursday,1,Winter
EUR/JPY,2017-02-17,120.904999,121.089996,119.879997,120.916,JPY,124.54348,124784.10283999999,3.6274800000000056,120.916,121520.58,0.0,0.0,120.916,120916.0,0.0,2017,2,4,Friday,1,Winter
EUR/USD,2017-02-17,1.066701,1.067692,1.062586,1.067225,USD,1.09924175,1101.36552775,0.03201674999999993,1.067225,1072.5611250000002,0.0,0.0,1.067225,1067.2250000000001,0.0,2017,2,4,Friday,1,Winter
EUR/GBP,2017-02-17,0.85454,0.85893,0.85198,0.8545,GBP,0.8801350000000001,881.8354550000001,0.025635000000000074,0.8545,858.7725,0.0,0.0,0.8545,854.5,0.0,2017,2,4,Friday,1,Winter
EUR/JPY,2017-02-20,119.969002,120.296997,119.769997,119.976997,JPY,123.57630691,123815.06113403,3.5993099100000023,119.976997,120576.881985,0.0,0.0,119.976997,119976.997,0.0,2017,2,0,Monday,1,Winter
EUR/USD,2017-02-20,1.062677,1.063151,1.060524,1.062665,USD,1.09454495,1096.6596533499999,0.03187994999999999,1.062665,1067.978325,0.0,0.0,1.062665,1062.665,0.0,2017,2,0,Monday,1,Winter
EUR/GBP,2017-02-20,0.8548,0.8552,0.8511,0.85458,GBP,0.8802174,881.9180142,0.025637400000000032,0.85458,858.8529000000001,0.0,0.0,0.85458,854.58,0.0,2017,2,0,Monday,1,Winter
EUR/USD,2017-02-21,1.06103,1.061256,1.052665,1.06094,USD,1.0927682,1094.8794705999999,0.031828200000000084,1.06094,1066.2447,0.0,0.0,1.06094,1060.94,0.0,2017,2,1,Tuesday,1,Winter
EUR/JPY,2017-02-21,120.153999,120.301003,119.566002,120.172997,JPY,123.77818691,124017.33117403,3.605189910000007,120.172997,120773.86198499998,0.0,0.0,120.172997,120172.99699999999,0.0,2017,2,1,Tuesday,1,Winter
EUR/GBP,2017-02-21,0.85053,0.85117,0.84494,0.85054,GBP,0.8760562,877.7487745999999,0.02551619999999999,0.85054,854.7927,0.0,0.0,0.85054,850.54,0.0,2017,2,1,Tuesday,1,Winter
EUR/USD,2017-02-22,1.054218,1.055621,1.049681,1.054207,USD,1.0858332099999999,1087.93108193,0.03162620999999999,1.054207,1059.4780349999999,0.0,0.0,1.054207,1054.2069999999999,0.0,2017,2,2,Wednesday,1,Winter
EUR/GBP,2017-02-22,0.8442,0.8467,0.84021,0.84418,GBP,0.8695054000000001,871.1853182000001,0.025325400000000053,0.84418,848.4009000000001,0.0,0.0,0.84418,844.1800000000001,0.0,2017,2,2,Wednesday,1,Winter
EUR/JPY,2017-02-22,119.809998,119.844002,118.580002,119.824997,JPY,123.41974691,123658.19865403,3.5947499100000044,119.824997,120424.121985,0.0,0.0,119.824997,119824.997,0.0,2017,2,2,Wednesday,1,Winter
EUR/GBP,2017-02-23,0.84718,0.84928,0.84381,0.8471,GBP,0.872513,874.1987290000001,0.02541300000000002,0.8471,851.3354999999999,0.0,0.0,0.8471,847.0999999999999,0.0,2017,2,3,Thursday,1,Winter
EUR/JPY,2017-02-23,119.625999,119.689003,119.153999,119.655998,JPY,123.24567794,123483.79337602,3.5896799399999963,119.655998,120254.27798999999,0.0,0.0,119.655998,119655.99799999999,0.0,2017,2,3,Thursday,1,Winter
EUR/USD,2017-02-23,1.055175,1.059502,1.053896,1.055409,USD,1.08707127,1089.17153391,0.03166226999999999,1.055409,1060.6860450000001,0.0,0.0,1.055409,1055.409,0.0,2017,2,3,Thursday,1,Winter
EUR/GBP,2017-02-24,0.8428,0.84759,0.84218,0.84292,GBP,0.8682076000000001,869.8850108,0.025287600000000077,0.84292,847.1346,0.0,0.0,0.84292,842.92,0.0,2017,2,4,Friday,1,Winter
EUR/JPY,2017-02-24,119.260002,119.491997,118.714996,119.261002,JPY,122.83883206,123076.16145398,3.5778300599999966,119.261002,119857.30701,0.0,0.0,119.261002,119261.00200000001,0.0,2017,2,4,Friday,1,Winter
EUR/USD,2017-02-24,1.05847,1.061808,1.056625,1.058447,USD,1.09020041,1092.30671953,0.03175341000000009,1.058447,1063.7392349999998,0.0,0.0,1.058447,1058.447,0.0,2017,2,4,Friday,1,Winter
EUR/GBP,2017-02-27,0.85092,0.85391,0.84959,0.85099,GBP,0.8765197,878.2131701000001,0.02552969999999999,0.85099,855.24495,0.0,0.0,0.85099,850.99,0.0,2017,2,0,Monday,1,Winter
EUR/JPY,2017-02-27,118.364998,119.099998,118.248001,118.384003,JPY,121.93552309,122171.10725597,3.551520089999997,118.384003,118975.92301500001,0.0,0.0,118.384003,118384.00300000001,0.0,2017,2,0,Monday,1,Winter
EUR/USD,2017-02-27,1.055286,1.061458,1.055286,1.055275,USD,1.08693325,1089.03324725,0.03165825,1.055275,1060.5513749999998,0.0,0.0,1.055275,1055.2749999999999,0.0,2017,2,0,Monday,1,Winter
EUR/GBP,2017-02-28,0.85084,0.85434,0.85058,0.8509,GBP,0.8764270000000001,878.1202910000001,0.025527000000000077,0.8509,855.1545,0.0,0.0,0.8509,850.9,0.0,2017,2,1,Tuesday,1,Winter
EUR/USD,2017-02-28,1.058279,1.062699,1.057664,1.058425,USD,1.09017775,1092.28401575,0.03175275000000011,1.058425,1063.717125,0.0,0.0,1.058425,1058.425,0.0,2017,2,1,Tuesday,1,Winter
EUR/JPY,2017-02-28,119.299004,119.362,118.712997,119.323997,JPY,122.90371691000001,123141.17166403001,3.5797199100000086,119.323997,119920.616985,0.0,0.0,119.323997,119323.997,0.0,2017,2,1,Tuesday,1,Winter
EUR/USD,2017-03-01,1.056926,1.058806,1.051525,1.056915,USD,1.0886224500000001,1090.72571085,0.03170745000000008,1.056915,1062.1995749999999,0.0,0.0,1.056915,1056.915,0.0,2017,3,2,Wednesday,1,Spring
EUR/GBP,2017-03-01,0.85372,0.8575,0.851,0.8538,GBP,0.879414,881.113062,0.025614000000000026,0.8538,858.069,0.0,0.0,0.8538,853.8,0.0,2017,3,2,Wednesday,1,Spring
EUR/JPY,2017-03-01,119.460999,120.195999,119.396004,119.499001,JPY,123.08397103000001,123321.77404199002,3.584970030000008,119.499001,120096.49600500001,0.0,0.0,119.499001,119499.001,0.0,2017,3,2,Wednesday,1,Spring
EUR/USD,2017-03-02,1.05363,1.054519,1.050045,1.053585,USD,1.08519255,1087.28918415,0.03160754999999993,1.053585,1058.8529250000001,0.0,0.0,1.053585,1053.585,0.0,2017,3,3,Thursday,1,Spring
EUR/GBP,2017-03-02,0.85861,0.85881,0.85486,0.85843,GBP,0.8841829000000001,885.8911757000001,0.02575290000000008,0.85843,862.72215,0.0,0.0,0.85843,858.4300000000001,0.0,2017,3,3,Thursday,1,Spring
EUR/JPY,2017-03-02,120.210999,120.476997,119.970001,120.223999,JPY,123.83071897,124069.96472801,3.6067199700000003,120.223999,120825.11899500001,0.0,0.0,120.223999,120223.99900000001,0.0,2017,3,3,Thursday,1,Spring
EUR/GBP,2017-03-03,0.85607,0.86394,0.85591,0.85595,GBP,0.8816285,883.3318405,0.02567850000000005,0.85595,860.2297500000001,0.0,0.0,0.85595,855.95,0.0,2017,3,4,Friday,1,Spring
EUR/USD,2017-03-03,1.050851,1.057373,1.050354,1.050972,USD,1.08250116,1084.59259428,0.031529160000000056,1.050972,1056.22686,0.0,0.0,1.050972,1050.972,0.0,2017,3,4,Friday,1,Spring
EUR/JPY,2017-03-03,120.127998,120.938004,120.010002,120.136002,JPY,123.74008206,123979.15270398,3.604080060000001,120.136002,120736.68201,0.0,0.0,120.136002,120136.00200000001,0.0,2017,3,4,Friday,1,Spring
EUR/GBP,2017-03-06,0.86375,0.86683,0.8625,0.86336,GBP,0.8892608000000001,890.9788864,0.025900800000000057,0.86336,867.6768,0.0,0.0,0.86336,863.36,0.0,2017,3,0,Monday,1,Spring
EUR/USD,2017-03-06,1.061875,1.063807,1.05782,1.062045,USD,1.09390635,1096.01981955,0.03186135000000001,1.062045,1067.3552249999998,0.0,0.0,1.062045,1062.0449999999998,0.0,2017,3,0,Monday,1,Spring
EUR/JPY,2017-03-06,120.855003,120.855003,120.361,120.901001,JPY,124.52803103,124768.62402198999,3.6270300300000002,120.901001,121505.50600499999,0.0,0.0,120.901001,120901.00099999999,0.0,2017,3,0,Monday,1,Spring
EUR/JPY,2017-03-07,120.528999,120.705002,120.379997,120.513,JPY,124.12839000000001,124368.21087000001,3.615390000000005,120.513,121115.565,0.0,0.0,120.513,120513.0,0.0,2017,3,1,Tuesday,1,Spring
EUR/GBP,2017-03-07,0.86446,0.8681,0.8639,0.8644,GBP,0.890332,892.052156,0.025932000000000066,0.8644,868.722,0.0,0.0,0.8644,864.4,0.0,2017,3,1,Tuesday,1,Spring
EUR/USD,2017-03-07,1.058123,1.0604,1.056078,1.057921,USD,1.08965863,1091.76389279,0.03173763000000007,1.057921,1063.2106049999998,0.0,0.0,1.057921,1057.9209999999998,0.0,2017,3,1,Tuesday,1,Spring
EUR/GBP,2017-03-08,0.86597,0.86945,0.8652,0.866,GBP,0.89198,893.70334,0.025980000000000003,0.866,870.33,0.0,0.0,0.866,866.0,0.0,2017,3,2,Wednesday,1,Spring
EUR/JPY,2017-03-08,120.393997,121.097,120.0,120.410004,JPY,124.02230412,124261.92002796,3.6123001200000004,120.410004,121012.05402,0.0,0.0,120.410004,120410.004,0.0,2017,3,2,Wednesday,1,Spring
EUR/USD,2017-03-08,1.056893,1.05753,1.05373,1.057015,USD,1.08872545,1090.8289098500002,0.03171045000000006,1.057015,1062.300075,0.0,0.0,1.057015,1057.015,0.0,2017,3,2,Wednesday,1,Spring
EUR/JPY,2017-03-09,120.621002,121.834999,120.5,120.643997,JPY,124.26331691,124503.39846402999,3.6193199100000015,120.643997,121247.216985,0.0,0.0,120.643997,120643.997,0.0,2017,3,3,Thursday,1,Spring
EUR/USD,2017-03-09,1.054407,1.061402,1.052565,1.054741,USD,1.08638323,1088.4821645900001,0.031642230000000104,1.054741,1060.014705,0.0,0.0,1.054741,1054.741,0.0,2017,3,3,Thursday,1,Spring
EUR/GBP,2017-03-09,0.8661,0.8715,0.8654,0.866,GBP,0.89198,893.70334,0.025980000000000003,0.866,870.33,0.0,0.0,0.866,866.0,0.0,2017,3,3,Thursday,1,Spring
EUR/USD,2017-03-10,1.058134,1.066906,1.058134,1.057843,USD,1.0895782900000002,1091.6833975700001,0.03173529000000008,1.057843,1063.132215,0.0,0.0,1.057843,1057.843,0.0,2017,3,4,Friday,1,Spring
EUR/GBP,2017-03-10,0.87024,0.8765,0.87024,0.87016,GBP,0.8962648000000001,897.9964184,0.02610480000000004,0.87016,874.5108000000001,0.0,0.0,0.87016,870.1600000000001,0.0,2017,3,4,Friday,1,Spring
EUR/JPY,2017-03-10,121.813004,122.733002,121.813004,121.795998,JPY,125.44987794000001,125692.25197602001,3.65387994000001,121.795998,122404.97799,0.0,0.0,121.795998,121795.99799999999,0.0,2017,3,4,Friday,1,Spring
EUR/USD,2017-03-13,1.068799,1.071582,1.065689,1.069004,USD,1.10107412,1103.20143796,0.03207011999999998,1.069004,1074.34902,0.0,0.0,1.069004,1069.0040000000001,0.0,2017,3,0,Monday,1,Spring
EUR/GBP,2017-03-13,0.87819,0.8787,0.87155,0.87822,GBP,0.9045666,906.3142578,0.026346599999999998,0.87822,882.6111000000001,0.0,0.0,0.87822,878.22,0.0,2017,3,0,Monday,1,Spring
EUR/JPY,2017-03-13,122.667,122.878998,122.160004,122.664001,JPY,126.34392103,126588.02239199,3.6799200300000052,122.664001,123277.321005,0.0,0.0,122.664001,122664.001,0.0,2017,3,0,Monday,1,Spring
EUR/GBP,2017-03-14,0.8724,0.87834,0.8723,0.87256,GBP,0.8987368,900.4731944,0.0261768,0.87256,876.9227999999999,0.0,0.0,0.87256,872.56,0.0,2017,3,1,Tuesday,1,Spring
EUR/USD,2017-03-14,1.065201,1.066212,1.062744,1.065144,USD,1.0970983200000002,1099.2179565600002,0.03195432000000009,1.065144,1070.46972,0.0,0.0,1.065144,1065.144,0.0,2017,3,1,Tuesday,1,Spring
EUR/JPY,2017-03-14,122.384003,122.601997,121.821999,122.387001,JPY,126.05861103,126302.16116199,3.6716100299999965,122.387001,122998.93600500001,0.0,0.0,122.387001,122387.001,0.0,2017,3,1,Tuesday,1,Spring
EUR/USD,2017-03-15,1.061244,1.0641,1.061053,1.061244,USD,1.09308132,1095.19319556,0.03183731999999995,1.061244,1066.55022,0.0,0.0,1.061244,1061.2440000000001,0.0,2017,3,2,Wednesday,1,Spring
EUR/GBP,2017-03-15,0.87278,0.87326,0.86788,0.87286,GBP,0.8990458,900.7827914,0.026185800000000037,0.87286,877.2243,0.0,0.0,0.87286,872.86,0.0,2017,3,2,Wednesday,1,Spring
EUR/JPY,2017-03-15,121.674004,122.051003,121.667,121.669998,JPY,125.32009794000001,125562.22123602,3.650099940000004,121.669998,122278.34799000001,0.0,0.0,121.669998,121669.998,0.0,2017,3,2,Wednesday,1,Spring
EUR/JPY,2017-03-16,121.757004,121.810997,121.181,121.764999,JPY,125.41794897000001,125660.26131801002,3.6529499700000088,121.764999,122373.823995,0.0,0.0,121.764999,121764.999,0.0,2017,3,3,Thursday,1,Spring
EUR/GBP,2017-03-16,0.87418,0.87565,0.86729,0.87423,GBP,0.9004569,902.1966177,0.026226900000000053,0.87423,878.6011499999998,0.0,0.0,0.87423,874.2299999999999,0.0,2017,3,3,Thursday,1,Spring
EUR/USD,2017-03-16,1.073791,1.074576,1.07071,1.073791,USD,1.10600473,1108.14157409,0.03221373000000005,1.073791,1079.1599549999999,0.0,0.0,1.073791,1073.791,0.0,2017,3,3,Thursday,1,Spring
EUR/JPY,2017-03-17,122.101997,122.25,120.817001,122.096001,JPY,125.75888103,126001.85207199,3.6628800299999966,122.096001,122706.48100500001,0.0,0.0,122.096001,122096.001,0.0,2017,3,4,Friday,1,Spring
EUR/GBP,2017-03-17,0.87215,0.87357,0.8679,0.8721,GBP,0.898263,899.9984790000001,0.026163000000000047,0.8721,876.4605,0.0,0.0,0.8721,872.1,0.0,2017,3,4,Friday,1,Spring
EUR/USD,2017-03-17,1.077052,1.0783,1.072984,1.07747,USD,1.1097941,1111.9382653,0.03232410000000008,1.07747,1082.85735,0.0,0.0,1.07747,1077.47,0.0,2017,3,4,Friday,1,Spring
EUR/GBP,2017-03-20,0.86747,0.86955,0.86596,0.86737,GBP,0.8933911,895.1171662999999,0.02602110000000002,0.86737,871.70685,0.0,0.0,0.86737,867.37,0.0,2017,3,0,Monday,1,Spring
EUR/USD,2017-03-20,1.074229,1.0777,1.074229,1.074299,USD,1.10652797,1108.66582501,0.03222897000000002,1.074299,1079.670495,0.0,0.0,1.074299,1074.299,0.0,2017,3,0,Monday,1,Spring
EUR/JPY,2017-03-20,121.036003,121.415001,120.989998,121.035004,JPY,124.66605412,124906.91377796,3.6310501199999976,121.035004,121640.17902,0.0,0.0,121.035004,121035.004,0.0,2017,3,0,Monday,1,Spring
EUR/GBP,2017-03-21,0.8682,0.8724,0.8654,0.8681,GBP,0.894143,895.8705190000001,0.02604300000000004,0.8681,872.4405,0.0,0.0,0.8681,868.1,0.0,2017,3,1,Tuesday,1,Spring
EUR/JPY,2017-03-21,120.862999,121.828003,120.724998,120.850998,JPY,124.47652794000001,124717.02142602002,3.625529940000007,120.850998,121455.25299000001,0.0,0.0,120.850998,120850.998,0.0,2017,3,1,Tuesday,1,Spring
EUR/USD,2017-03-21,1.073676,1.0819,1.073676,1.073768,USD,1.10598104,1108.1178383200001,0.032213040000000026,1.073768,1079.1368400000001,0.0,0.0,1.073768,1073.768,0.0,2017,3,1,Tuesday,1,Spring
EUR/USD,2017-03-22,1.081128,1.082075,1.077656,1.081245,USD,1.11368235,1115.83402755,0.03243734999999992,1.081245,1086.651225,0.0,0.0,1.081245,1081.2450000000001,0.0,2017,3,2,Wednesday,1,Spring
EUR/GBP,2017-03-22,0.86614,0.86972,0.8643,0.86625,GBP,0.8922375,893.9613375,0.025987500000000052,0.86625,870.58125,0.0,0.0,0.86625,866.25,0.0,2017,3,2,Wednesday,1,Spring
EUR/JPY,2017-03-22,120.607002,120.725998,119.764,120.587997,JPY,124.20563691000001,124445.60702403002,3.6176399100000083,120.587997,121190.93698500001,0.0,0.0,120.587997,120587.997,0.0,2017,3,2,Wednesday,1,Spring
EUR/JPY,2017-03-23,120.115997,120.294998,119.329002,120.178001,JPY,123.78334103,124022.49525199,3.605340030000008,120.178001,120778.89100499998,0.0,0.0,120.178001,120178.00099999999,0.0,2017,3,3,Thursday,1,Spring
EUR/GBP,2017-03-23,0.8651,0.8653,0.86051,0.86498,GBP,0.8909294,892.6507101999999,0.02594940000000001,0.86498,869.3049,0.0,0.0,0.86498,864.98,0.0,2017,3,3,Thursday,1,Spring
EUR/USD,2017-03-23,1.07897,1.080497,1.077052,1.079016,USD,1.11138648,1113.53372184,0.03237047999999998,1.079016,1084.41108,0.0,0.0,1.079016,1079.016,0.0,2017,3,3,Thursday,1,Spring
EUR/USD,2017-03-24,1.0784,1.081198,1.07616,1.078388,USD,1.11073964,1112.88563212,0.032351640000000126,1.078388,1083.77994,0.0,0.0,1.078388,1078.388,0.0,2017,3,4,Friday,1,Spring
EUR/JPY,2017-03-24,119.686996,120.143997,119.526001,119.698997,JPY,123.28996691,123528.16791403,3.5909699099999983,119.698997,120297.491985,0.0,0.0,119.698997,119698.997,0.0,2017,3,4,Friday,1,Spring
EUR/GBP,2017-03-24,0.8614,0.86612,0.8613,0.8615,GBP,0.887345,889.059385,0.025845000000000007,0.8615,865.8075,0.0,0.0,0.8615,861.5,0.0,2017,3,4,Friday,1,Spring
EUR/USD,2017-03-27,1.084599,1.090489,1.083905,1.084952,USD,1.1175005599999999,1119.6596144799998,0.03254855999999995,1.084952,1090.37676,0.0,0.0,1.084952,1084.952,0.0,2017,3,0,Monday,1,Spring
EUR/JPY,2017-03-27,119.889999,120.313004,119.547997,119.915001,JPY,123.51245103000001,123751.08188199002,3.5974500300000045,119.915001,120514.57600500001,0.0,0.0,119.915001,119915.001,0.0,2017,3,0,Monday,1,Spring
EUR/GBP,2017-03-27,0.86679,0.86679,0.8625,0.86671,GBP,0.8927113,894.4360528999999,0.026001300000000005,0.86671,871.04355,0.0,0.0,0.86671,866.71,0.0,2017,3,0,Monday,1,Spring
EUR/JPY,2017-03-28,120.290001,120.379997,119.700996,120.303001,JPY,123.91209103,124151.49400199,3.6090900300000044,120.303001,120904.51600499998,0.0,0.0,120.303001,120303.00099999999,0.0,2017,3,1,Tuesday,1,Spring
EUR/GBP,2017-03-28,0.86481,0.86788,0.8617,0.8647,GBP,0.890641,892.3617529999999,0.025940999999999992,0.8647,869.0235,0.0,0.0,0.8647,864.7,0.0,2017,3,1,Tuesday,1,Spring
EUR/USD,2017-03-28,1.086272,1.087429,1.084693,1.086095,USD,1.11867785,1120.83917905,0.03258285000000005,1.086095,1091.525475,0.0,0.0,1.086095,1086.095,0.0,2017,3,1,Tuesday,1,Spring
EUR/JPY,2017-03-29,120.269997,120.439003,119.016998,120.300003,JPY,123.90900309000001,124148.40009597,3.609000090000009,120.300003,120901.503015,0.0,0.0,120.300003,120300.003,0.0,2017,3,2,Wednesday,1,Spring
EUR/USD,2017-03-29,1.081748,1.082649,1.074091,1.081771,USD,1.11422413,1116.37685429,0.03245312999999994,1.081771,1087.1798549999999,0.0,0.0,1.081771,1081.771,0.0,2017,3,2,Wednesday,1,Spring
EUR/GBP,2017-03-29,0.87078,0.8733,0.86272,0.8707,GBP,0.8968210000000001,898.5536930000002,0.02612100000000006,0.8707,875.0535000000001,0.0,0.0,0.8707,870.7,0.0,2017,3,2,Wednesday,1,Spring
EUR/JPY,2017-03-30,119.556,119.827003,119.150002,119.57,JPY,123.1571,123395.04430000001,3.5871000000000066,119.57,120167.85,0.0,0.0,119.57,119570.0,0.0,2017,3,3,Thursday,1,Spring
EUR/USD,2017-03-30,1.075998,1.0769,1.072191,1.075963,USD,1.10824189,1110.38305637,0.03227888999999995,1.075963,1081.342815,0.0,0.0,1.075963,1075.963,0.0,2017,3,3,Thursday,1,Spring
EUR/GBP,2017-03-30,0.86486,0.86601,0.85763,0.86487,GBP,0.8908161,892.5371913,0.025946099999999972,0.86487,869.19435,0.0,0.0,0.86487,864.87,0.0,2017,3,3,Thursday,1,Spring
EUR/JPY,2017-03-31,119.413002,119.805,119.105202,119.440002,JPY,123.02320206000002,123260.88766398001,3.58320006000001,119.440002,120037.20201000001,0.0,0.0,119.440002,119440.00200000001,0.0,2017,3,4,Friday,1,Spring
EUR/USD,2017-03-31,1.068753,1.070091,1.067225,1.068707,USD,1.10076821,1102.8949369299999,0.03206120999999995,1.068707,1074.050535,0.0,0.0,1.068707,1068.707,0.0,2017,3,4,Friday,1,Spring
EUR/GBP,2017-03-31,0.85652,0.85932,0.85331,0.85647,GBP,0.8821641,883.8684753,0.025694100000000053,0.85647,860.7523499999999,0.0,0.0,0.85647,856.4699999999999,0.0,2017,3,4,Friday,1,Spring
EUR/GBP,2017-04-03,0.85073,0.85451,0.85049,0.8508,GBP,0.876324,878.0170919999999,0.02552399999999999,0.8508,855.054,0.0,0.0,0.8508,850.8,0.0,2017,4,0,Monday,2,Spring
EUR/JPY,2017-04-03,118.739998,119.040001,118.141998,118.707001,JPY,122.26821103,122504.43796199,3.561210029999998,118.707001,119300.536005,0.0,0.0,118.707001,118707.001,0.0,2017,4,0,Monday,2,Spring
EUR/USD,2017-04-03,1.066815,1.068376,1.064373,1.066883,USD,1.0988894900000001,1101.01258717,0.03200649000000011,1.066883,1072.217415,0.0,0.0,1.066883,1066.883,0.0,2017,4,0,Monday,2,Spring
EUR/USD,2017-04-04,1.067019,1.067464,1.063683,1.067008,USD,1.09901824,1101.14158592,0.03201023999999997,1.067008,1072.34304,0.0,0.0,1.067008,1067.008,0.0,2017,4,1,Tuesday,2,Spring
EUR/JPY,2017-04-04,118.112999,118.181,117.419998,118.119003,JPY,121.66257309000001,121897.62990597001,3.543570090000003,118.119003,118709.59801500001,0.0,0.0,118.119003,118119.00300000001,0.0,2017,4,1,Tuesday,2,Spring
EUR/GBP,2017-04-04,0.8541,0.85843,0.8537,0.854,GBP,0.87962,881.31946,0.025619999999999976,0.854,858.27,0.0,0.0,0.854,854.0,0.0,2017,4,1,Tuesday,2,Spring
EUR/GBP,2017-04-05,0.85827,0.85887,0.85326,0.8583,GBP,0.884049,885.757017,0.025749000000000022,0.8583,862.5915,0.0,0.0,0.8583,858.3,0.0,2017,4,2,Wednesday,2,Spring
EUR/USD,2017-04-05,1.067954,1.068913,1.065405,1.068034,USD,1.10007502,1102.2004076599999,0.03204102000000009,1.068034,1073.3741699999998,0.0,0.0,1.068034,1068.0339999999999,0.0,2017,4,2,Wednesday,2,Spring
EUR/JPY,2017-04-05,118.346001,118.763,118.019997,118.389999,JPY,121.94169897,122177.29506801,3.5516999700000014,118.389999,118981.948995,0.0,0.0,118.389999,118389.999,0.0,2017,4,2,Wednesday,2,Spring
EUR/GBP,2017-04-06,0.85462,0.85652,0.85111,0.8544,GBP,0.880032,881.732256,0.025631999999999988,0.8544,858.6720000000001,0.0,0.0,0.8544,854.4000000000001,0.0,2017,4,3,Thursday,2,Spring
EUR/USD,2017-04-06,1.067327,1.068399,1.063196,1.067247,USD,1.0992644100000002,1101.3882315300002,0.032017410000000135,1.067247,1072.583235,0.0,0.0,1.067247,1067.247,0.0,2017,4,3,Thursday,2,Spring
EUR/JPY,2017-04-06,117.818001,118.394997,117.385002,117.792,JPY,121.32576,121560.16608000001,3.533760000000001,117.792,118380.96,0.0,0.0,117.792,117792.0,0.0,2017,4,3,Thursday,2,Spring
EUR/GBP,2017-04-07,0.85358,0.85779,0.85315,0.85359,GBP,0.8791977,880.8963441,0.02560770000000001,0.85359,857.85795,0.0,0.0,0.85359,853.5899999999999,0.0,2017,4,4,Friday,2,Spring
EUR/JPY,2017-04-07,118.016998,118.156998,117.363998,118.033997,JPY,121.57501691,121809.90456403,3.541019910000003,118.033997,118624.166985,0.0,0.0,118.033997,118033.997,0.0,2017,4,4,Friday,2,Spring
EUR/USD,2017-04-07,1.064305,1.066041,1.061166,1.064464,USD,1.09639792,1098.5162033600002,0.03193391999999995,1.064464,1069.7863200000002,0.0,0.0,1.064464,1064.4640000000002,0.0,2017,4,4,Friday,2,Spring
EUR/GBP,2017-04-10,0.85497,0.85515,0.8524,0.85503,GBP,0.8806809,882.3824096999999,0.025650900000000032,0.85503,859.30515,0.0,0.0,0.85503,855.03,0.0,2017,4,0,Monday,2,Spring
EUR/JPY,2017-04-10,117.688004,118.035004,117.589996,117.692001,JPY,121.22276103000002,121456.96811199,3.5307600300000104,117.692001,118280.461005,0.0,0.0,117.692001,117692.001,0.0,2017,4,0,Monday,2,Spring
EUR/USD,2017-04-10,1.058425,1.060783,1.057038,1.058201,USD,1.08994703,1092.0528499900001,0.03174603000000009,1.058201,1063.492005,0.0,0.0,1.058201,1058.201,0.0,2017,4,0,Monday,2,Spring
EUR/GBP,2017-04-11,0.8529,0.85474,0.85023,0.8529,GBP,0.878487,880.184271,0.025587000000000026,0.8529,857.1645,0.0,0.0,0.8529,852.9,0.0,2017,4,1,Tuesday,2,Spring
EUR/USD,2017-04-11,1.059782,1.062948,1.057921,1.05976,USD,1.0915528,1093.6617224000001,0.031792800000000065,1.05976,1065.0588,0.0,0.0,1.05976,1059.76,0.0,2017,4,1,Tuesday,2,Spring
EUR/JPY,2017-04-11,117.301003,117.455002,116.432503,117.322998,JPY,120.84268794,121076.16070602,3.5196899400000063,117.322998,117909.61299,0.0,0.0,117.322998,117322.99799999999,0.0,2017,4,1,Tuesday,2,Spring
EUR/JPY,2017-04-12,116.25,116.540001,115.969002,116.25,JPY,119.7375,119968.8375,3.487499999999997,116.25,116831.25,0.0,0.0,116.25,116250.0,0.0,2017,4,2,Wednesday,2,Spring
EUR/GBP,2017-04-12,0.84935,0.85044,0.8477,0.84934,GBP,0.8748202,876.5103866,0.025480200000000064,0.84934,853.5867000000001,0.0,0.0,0.84934,849.34,0.0,2017,4,2,Wednesday,2,Spring
EUR/USD,2017-04-12,1.060963,1.062383,1.059659,1.061132,USD,1.09296596,1095.07761268,0.03183395999999994,1.061132,1066.43766,0.0,0.0,1.061132,1061.132,0.0,2017,4,2,Wednesday,2,Spring
EUR/USD,2017-04-13,1.067156,1.067806,1.061177,1.067065,USD,1.09907695,1101.20040935,0.03201195000000001,1.067065,1072.4003249999998,0.0,0.0,1.067065,1067.0649999999998,0.0,2017,4,3,Thursday,2,Spring
EUR/GBP,2017-04-13,0.85024,0.85024,0.8475,0.85018,GBP,0.8756854000000001,877.3772582,0.02550540000000001,0.85018,854.4309000000001,0.0,0.0,0.85018,850.1800000000001,0.0,2017,4,3,Thursday,2,Spring
EUR/JPY,2017-04-13,116.165001,116.442001,115.875504,116.197998,JPY,119.68393794,119915.17195602,3.4859399400000086,116.197998,116778.98799,0.0,0.0,116.197998,116197.99799999999,0.0,2017,4,3,Thursday,2,Spring
EUR/USD,2017-04-14,1.061797,1.063151,1.060704,1.061639,USD,1.09348817,1095.6008316100001,0.03184917000000009,1.061639,1066.947195,0.0,0.0,1.061639,1061.639,0.0,2017,4,4,Friday,2,Spring
EUR/GBP,2017-04-14,0.84884,0.84944,0.8474,0.84888,GBP,0.8743464,876.0356712,0.0254664,0.84888,853.1244,0.0,0.0,0.84888,848.88,0.0,2017,4,4,Friday,2,Spring
EUR/JPY,2017-04-14,115.816002,116.002998,115.339996,115.875999,JPY,119.35227897,119582.87220801,3.4762799700000073,115.875999,116455.37899499999,0.0,0.0,115.875999,115875.999,0.0,2017,4,4,Friday,2,Spring
EUR/USD,2017-04-17,1.061121,1.066985,1.060974,1.061053,USD,1.0928845900000002,1094.99608547,0.03183159000000013,1.061053,1066.358265,0.0,0.0,1.061053,1061.053,0.0,2017,4,0,Monday,2,Spring
EUR/JPY,2017-04-17,114.905998,115.683998,114.867996,114.931999,JPY,118.37995897,118608.67364801001,3.4479599699999994,114.931999,115506.658995,0.0,0.0,114.931999,114931.99900000001,0.0,2017,4,0,Monday,2,Spring
EUR/GBP,2017-04-17,0.84627,0.84892,0.84627,0.84651,GBP,0.8719053,873.5898549,0.02539530000000001,0.84651,850.7425499999999,0.0,0.0,0.84651,846.51,0.0,2017,4,0,Monday,2,Spring
EUR/GBP,2017-04-18,0.84751,0.85092,0.83794,0.84754,GBP,0.8729662,874.6528046000001,0.025426200000000065,0.84754,851.7777,0.0,0.0,0.84754,847.54,0.0,2017,4,1,Tuesday,2,Spring
EUR/JPY,2017-04-18,116.166,116.407997,115.762001,116.154999,JPY,119.63964897000001,119870.79741801001,3.4846499700000066,116.154999,116735.77399500001,0.0,0.0,116.154999,116154.99900000001,0.0,2017,4,1,Tuesday,2,Spring
EUR/USD,2017-04-18,1.064385,1.070859,1.063796,1.064453,USD,1.09638659,1098.5048514700002,0.031933589999999956,1.064453,1069.7752650000002,0.0,0.0,1.064453,1064.4530000000002,0.0,2017,4,1,Tuesday,2,Spring
EUR/GBP,2017-04-19,0.8351,0.8373,0.83371,0.83521,GBP,0.8602663,861.9283679,0.02505630000000003,0.83521,839.3860500000001,0.0,0.0,0.83521,835.21,0.0,2017,4,2,Wednesday,2,Spring
EUR/USD,2017-04-19,1.072835,1.073653,1.07016,1.072869,USD,1.1050550700000001,1107.19007931,0.03218607000000007,1.072869,1078.233345,0.0,0.0,1.072869,1072.8690000000001,0.0,2017,4,2,Wednesday,2,Spring
EUR/JPY,2017-04-19,116.446999,116.948997,116.275002,116.432999,JPY,119.92598896999999,120157.69063801,3.4929899699999964,116.432999,117015.163995,0.0,0.0,116.432999,116432.999,0.0,2017,4,2,Wednesday,2,Spring
EUR/JPY,2017-04-20,116.620003,117.769997,116.599998,116.605003,JPY,120.10315309,120335.19704597001,3.49815009000001,116.605003,117188.028015,0.0,0.0,116.605003,116605.003,0.0,2017,4,3,Thursday,2,Spring
EUR/USD,2017-04-20,1.07149,1.077819,1.071065,1.071501,USD,1.1036460300000002,1105.7783169900001,0.03214503000000013,1.071501,1076.858505,0.0,0.0,1.071501,1071.501,0.0,2017,4,3,Thursday,2,Spring
EUR/GBP,2017-04-20,0.83827,0.84135,0.83625,0.8382,GBP,0.863346,865.014018,0.025146,0.8382,842.391,0.0,0.0,0.8382,838.1999999999999,0.0,2017,4,3,Thursday,2,Spring
EUR/GBP,2017-04-21,0.83693,0.83835,0.83526,0.83692,GBP,0.8620276,863.6930708,0.025107600000000008,0.83692,841.1046,0.0,0.0,0.83692,836.92,0.0,2017,4,4,Friday,2,Spring
EUR/JPY,2017-04-21,117.161003,117.294998,116.480003,117.194,JPY,120.70982000000001,120943.03606000001,3.515820000000005,117.194,117779.97,0.0,0.0,117.194,117194.0,0.0,2017,4,4,Friday,2,Spring
EUR/USD,2017-04-21,1.071329,1.073756,1.068707,1.07149,USD,1.1036347000000002,1105.7669651000003,0.03214470000000014,1.07149,1076.84745,0.0,0.0,1.07149,1071.49,0.0,2017,4,4,Friday,2,Spring
EUR/USD,2017-04-24,1.087536,1.0878,1.082169,1.087394,USD,1.12001582,1122.17973406,0.032621820000000135,1.087394,1092.83097,0.0,0.0,1.087394,1087.394,0.0,2017,4,0,Monday,2,Spring
EUR/GBP,2017-04-24,0.84777,0.85086,0.84523,0.8476,GBP,0.873028,874.714724,0.025428000000000006,0.8476,851.8380000000001,0.0,0.0,0.8476,847.6,0.0,2017,4,0,Monday,2,Spring
EUR/JPY,2017-04-24,119.612999,119.912003,119.004997,119.579002,JPY,123.16637206,123404.33427398,3.587370059999998,119.579002,120176.89701,0.0,0.0,119.579002,119579.00200000001,0.0,2017,4,0,Monday,2,Spring
EUR/USD,2017-04-25,1.086768,1.094092,1.085199,1.086484,USD,1.11907852,1121.24062316,0.03259451999999996,1.086484,1091.91642,0.0,0.0,1.086484,1086.484,0.0,2017,4,1,Tuesday,2,Spring
EUR/JPY,2017-04-25,119.130997,121.397003,119.130997,119.116997,JPY,122.69050691,122927.54973402999,3.5735099099999985,119.116997,119712.581985,0.0,0.0,119.116997,119116.997,0.0,2017,4,1,Tuesday,2,Spring
EUR/GBP,2017-04-25,0.85034,0.8526,0.8477,0.8502,GBP,0.875706,877.397898,0.02550600000000003,0.8502,854.4509999999999,0.0,0.0,0.8502,850.1999999999999,0.0,2017,4,1,Tuesday,2,Spring
EUR/USD,2017-04-26,1.092848,1.095074,1.086071,1.092825,USD,1.12560975,1127.78447175,0.03278475000000003,1.092825,1098.289125,0.0,0.0,1.092825,1092.825,0.0,2017,4,2,Wednesday,2,Spring
EUR/JPY,2017-04-26,121.362999,121.973999,120.964996,121.339996,JPY,124.98019588,125221.66247204,3.6401998799999973,121.339996,121946.69598,0.0,0.0,121.339996,121339.996,0.0,2017,4,2,Wednesday,2,Spring
EUR/GBP,2017-04-26,0.8516,0.85303,0.84594,0.85154,GBP,0.8770862,878.7807646000001,0.025546200000000074,0.85154,855.7977,0.0,0.0,0.85154,851.54,0.0,2017,4,2,Wednesday,2,Spring
EUR/JPY,2017-04-27,121.271004,121.852997,120.621201,121.291,JPY,124.92973,125171.09909,3.6387300000000096,121.291,121897.455,0.0,0.0,121.291,121291.0,0.0,2017,4,3,Thursday,2,Spring
EUR/USD,2017-04-27,1.090929,1.093075,1.085258,1.090893,USD,1.12361979,1125.79066707,0.03272679000000012,1.090893,1096.3474649999998,0.0,0.0,1.090893,1090.8929999999998,0.0,2017,4,3,Thursday,2,Spring
EUR/GBP,2017-04-27,0.84902,0.8495,0.84158,0.84896,GBP,0.8744288000000001,876.1182304000001,0.02546880000000007,0.84896,853.2048000000001,0.0,0.0,0.84896,848.96,0.0,2017,4,3,Thursday,2,Spring
EUR/GBP,2017-04-28,0.8427,0.84614,0.84119,0.84256,GBP,0.8678368,869.5134943999999,0.025276799999999988,0.84256,846.7728,0.0,0.0,0.84256,842.56,0.0,2017,4,4,Friday,2,Spring
EUR/JPY,2017-04-28,120.848999,121.987999,120.669998,120.834999,JPY,124.46004897,124700.51061801,3.6250499700000063,120.834999,121439.17399499999,0.0,0.0,120.834999,120834.999,0.0,2017,4,4,Friday,2,Spring
EUR/USD,2017-04-28,1.086673,1.094811,1.085824,1.086425,USD,1.11901775,1121.17973575,0.03259275000000006,1.086425,1091.857125,0.0,0.0,1.086425,1086.425,0.0,2017,4,4,Friday,2,Spring
EUR/USD,2017-05-01,1.090608,1.092538,1.088542,1.09075,USD,1.1234725,1125.6430925000002,0.03272249999999999,1.09075,1096.20375,0.0,0.0,1.09075,1090.75,0.0,2017,5,0,Monday,2,Spring
EUR/JPY,2017-05-01,121.410004,122.044998,121.360001,121.417999,JPY,125.06053897,125302.16078800999,3.6425399700000014,121.417999,122025.088995,0.0,0.0,121.417999,121417.999,0.0,2017,5,0,Monday,2,Spring
EUR/GBP,2017-05-01,0.84328,0.8448,0.8424,0.84339,GBP,0.8686917,870.3700461,0.025301699999999983,0.84339,847.60695,0.0,0.0,0.84339,843.39,0.0,2017,5,0,Monday,2,Spring
EUR/GBP,2017-05-02,0.8459,0.84837,0.8423,0.84579,GBP,0.8711637000000001,872.8468221,0.025373700000000055,0.84579,850.0189500000001,0.0,0.0,0.84579,845.7900000000001,0.0,2017,5,1,Tuesday,2,Spring
EUR/USD,2017-05-02,1.090965,1.092538,1.08891,1.090893,USD,1.12361979,1125.79066707,0.03272679000000012,1.090893,1096.3474649999998,0.0,0.0,1.090893,1090.8929999999998,0.0,2017,5,1,Tuesday,2,Spring
EUR/JPY,2017-05-02,122.007004,122.589996,121.989998,121.968002,JPY,125.62704206000001,125869.75838398,3.6590400600000095,121.968002,122577.84201,0.0,0.0,121.968002,121968.002,0.0,2017,5,1,Tuesday,2,Spring
EUR/GBP,2017-05-03,0.84496,0.84764,0.84379,0.84498,GBP,0.8703293999999999,872.0109102,0.025349399999999966,0.84498,849.2049,0.0,0.0,0.84498,844.9799999999999,0.0,2017,5,2,Wednesday,2,Spring
EUR/JPY,2017-05-03,122.463997,122.764,122.300003,122.462997,JPY,126.13688691,126380.58827403,3.6738899099999998,122.462997,123075.31198500001,0.0,0.0,122.462997,122462.997,0.0,2017,5,2,Wednesday,2,Spring
EUR/USD,2017-05-03,1.093565,1.093972,1.090572,1.093565,USD,1.12637195,1128.54814435,0.03280695000000011,1.093565,1099.0328249999998,0.0,0.0,1.093565,1093.5649999999998,0.0,2017,5,2,Wednesday,2,Spring
EUR/USD,2017-05-04,1.088874,1.096852,1.08763,1.088898,USD,1.1215649399999998,1123.7318470199998,0.03266693999999992,1.088898,1094.34249,0.0,0.0,1.088898,1088.898,0.0,2017,5,3,Thursday,2,Spring
EUR/JPY,2017-05-04,122.818001,123.626999,122.599998,122.799004,JPY,126.48297412,126727.34413796,3.683970119999998,122.799004,123412.99902,0.0,0.0,122.799004,122799.004,0.0,2017,5,3,Thursday,2,Spring
EUR/GBP,2017-05-04,0.8457,0.84924,0.8456,0.84586,GBP,0.8712358,872.9190614,0.02537580000000006,0.84586,850.0892999999999,0.0,0.0,0.84586,845.8599999999999,0.0,2017,5,3,Thursday,2,Spring
EUR/GBP,2017-05-05,0.84954,0.8508,0.84661,0.8495,GBP,0.874985,876.675505,0.02548499999999998,0.8495,853.7475,0.0,0.0,0.8495,849.5,0.0,2017,5,4,Friday,2,Spring
EUR/USD,2017-05-05,1.098141,1.099989,1.095326,1.098153,USD,1.13109759,1133.2829144700002,0.03294459000000005,1.098153,1103.643765,0.0,0.0,1.098153,1098.153,0.0,2017,5,4,Friday,2,Spring
EUR/JPY,2017-05-05,123.569,123.893997,122.931999,123.581001,JPY,127.28843103,127534.35722199,3.7074300299999976,123.581001,124198.906005,0.0,0.0,123.581001,123581.001,0.0,2017,5,4,Friday,2,Spring
EUR/USD,2017-05-08,1.096696,1.099626,1.091953,1.096515,USD,1.12941045,1131.5925148499998,0.03289545000000005,1.096515,1101.9975749999999,0.0,0.0,1.096515,1096.5149999999999,0.0,2017,5,0,Monday,2,Spring
EUR/JPY,2017-05-08,123.581001,123.997002,123.0,123.557999,JPY,127.26473897,127510.61938800999,3.706739970000001,123.557999,124175.788995,0.0,0.0,123.557999,123557.999,0.0,2017,5,0,Monday,2,Spring
EUR/GBP,2017-05-08,0.84549,0.84784,0.84343,0.84565,GBP,0.8710195000000001,872.7023435000001,0.025369500000000045,0.84565,849.87825,0.0,0.0,0.84565,845.65,0.0,2017,5,0,Monday,2,Spring
EUR/USD,2017-05-09,1.092729,1.0934,1.087264,1.092777,USD,1.1255603100000002,1127.7349362300004,0.03278331000000012,1.092777,1098.240885,0.0,0.0,1.092777,1092.777,0.0,2017,5,1,Tuesday,2,Spring
EUR/GBP,2017-05-09,0.84428,0.84463,0.84029,0.84419,GBP,0.8695157,871.1956381,0.025325700000000007,0.84419,848.41095,0.0,0.0,0.84419,844.1899999999999,0.0,2017,5,1,Tuesday,2,Spring
EUR/JPY,2017-05-09,123.699997,124.527,123.657997,123.708,JPY,127.41924,127665.41892000001,3.7112400000000036,123.708,124326.54,0.0,0.0,123.708,123708.0,0.0,2017,5,1,Tuesday,2,Spring
EUR/GBP,2017-05-10,0.84079,0.84163,0.8384,0.84071,GBP,0.8659313,867.6043129,0.025221300000000002,0.84071,844.9135499999999,0.0,0.0,0.84071,840.7099999999999,0.0,2017,5,2,Wednesday,2,Spring
EUR/USD,2017-05-10,1.088696,1.090037,1.085941,1.088684,USD,1.12134452,1123.5110011600002,0.03266052000000008,1.088684,1094.12742,0.0,0.0,1.088684,1088.684,0.0,2017,5,2,Wednesday,2,Spring
EUR/JPY,2017-05-10,123.764999,124.313004,123.516998,123.739998,JPY,127.45219794,127698.44053602,3.712199940000005,123.739998,124358.69799,0.0,0.0,123.739998,123739.998,0.0,2017,5,2,Wednesday,2,Spring
EUR/GBP,2017-05-11,0.84043,0.84501,0.8397,0.84045,GBP,0.8656635,867.3359955,0.0252135,0.84045,844.6522500000001,0.0,0.0,0.84045,840.45,0.0,2017,5,3,Thursday,2,Spring
EUR/JPY,2017-05-11,124.204002,124.401001,123.342003,124.230003,JPY,127.95690309,128204.12079597,3.726900090000001,124.230003,124851.153015,0.0,0.0,124.230003,124230.003,0.0,2017,5,3,Thursday,2,Spring
EUR/USD,2017-05-11,1.086673,1.0892,1.083999,1.087075,USD,1.1196872500000001,1121.8505292500001,0.03261225000000012,1.087075,1092.510375,0.0,0.0,1.087075,1087.075,0.0,2017,5,3,Thursday,2,Spring
EUR/JPY,2017-05-12,123.644997,123.945999,123.322998,123.648003,JPY,127.35744309,127603.50261597,3.709440090000001,123.648003,124266.243015,0.0,0.0,123.648003,123648.003,0.0,2017,5,4,Friday,2,Spring
EUR/GBP,2017-05-12,0.8429,0.84882,0.8428,0.84287,GBP,0.8681561,869.8334113000001,0.025286099999999978,0.84287,847.08435,0.0,0.0,0.84287,842.87,0.0,2017,5,4,Friday,2,Spring
EUR/USD,2017-05-12,1.086602,1.093374,1.085765,1.086496,USD,1.11909088,1121.25300704,0.03259487999999999,1.086496,1091.9284799999998,0.0,0.0,1.086496,1086.4959999999999,0.0,2017,5,4,Friday,2,Spring
EUR/JPY,2017-05-15,123.777,124.883003,123.772003,123.769997,JPY,127.48309691,127729.39920403,3.713099909999997,123.769997,124388.846985,0.0,0.0,123.769997,123769.997,0.0,2017,5,0,Monday,2,Spring
EUR/GBP,2017-05-15,0.84807,0.85083,0.84585,0.84803,GBP,0.8734708999999999,875.1584796999999,0.02544089999999999,0.84803,852.27015,0.0,0.0,0.84803,848.03,0.0,2017,5,0,Monday,2,Spring
EUR/USD,2017-05-15,1.092801,1.099,1.092323,1.092729,USD,1.12551087,1127.68540071,0.03278186999999999,1.092729,1098.192645,0.0,0.0,1.092729,1092.729,0.0,2017,5,0,Monday,2,Spring
EUR/JPY,2017-05-16,124.780998,125.790001,124.599998,124.782997,JPY,128.52648691,128774.80507403,3.743489909999994,124.782997,125406.91198499998,0.0,0.0,124.782997,124782.99699999999,0.0,2017,5,1,Tuesday,2,Spring
EUR/GBP,2017-05-16,0.85092,0.85944,0.85042,0.85088,GBP,0.8764064,878.0996512,0.02552640000000006,0.85088,855.1344,0.0,0.0,0.85088,850.88,0.0,2017,5,1,Tuesday,2,Spring
EUR/USD,2017-05-16,1.098068,1.10893,1.09796,1.098177,USD,1.13112231,1133.30768223,0.032945310000000116,1.098177,1103.6678849999998,0.0,0.0,1.098177,1098.177,0.0,2017,5,1,Tuesday,2,Spring
EUR/USD,2017-05-17,1.10957,1.115026,1.108316,1.109398,USD,1.14267994,1144.88764202,0.033281939999999954,1.109398,1114.9449900000002,0.0,0.0,1.109398,1109.3980000000001,0.0,2017,5,2,Wednesday,2,Spring
EUR/JPY,2017-05-17,125.060997,125.065002,123.949501,124.966003,JPY,128.71498309,128963.66543597,3.7489800900000034,124.966003,125590.833015,0.0,0.0,124.966003,124966.003,0.0,2017,5,2,Wednesday,2,Spring
EUR/GBP,2017-05-17,0.85895,0.86115,0.85614,0.85882,GBP,0.8845846,886.2936518,0.025764600000000026,0.85882,863.1141,0.0,0.0,0.85882,858.82,0.0,2017,5,2,Wednesday,2,Spring
EUR/GBP,2017-05-18,0.8598,0.86096,0.85255,0.8601,GBP,0.885903,887.614599,0.02580300000000002,0.8601,864.4005000000001,0.0,0.0,0.8601,860.1,0.0,2017,5,3,Thursday,2,Spring
EUR/JPY,2017-05-18,123.934998,124.100998,122.572998,123.959999,JPY,127.67879897,127925.47936801,3.7187999700000063,123.959999,124579.79899499999,0.0,0.0,123.959999,123959.999,0.0,2017,5,3,Thursday,2,Spring
EUR/USD,2017-05-18,1.115424,1.117206,1.110494,1.115636,USD,1.14910508,1151.32519564,0.03346907999999993,1.115636,1121.21418,0.0,0.0,1.115636,1115.636,0.0,2017,5,3,Thursday,2,Spring
EUR/USD,2017-05-19,1.111086,1.119821,1.110075,1.111358,USD,1.1446987400000002,1146.9103424200002,0.03334074000000009,1.111358,1116.9147900000003,0.0,0.0,1.111358,1111.3580000000002,0.0,2017,5,4,Friday,2,Spring
EUR/GBP,2017-05-19,0.8576,0.86021,0.85688,0.85754,GBP,0.8832662,884.9727046,0.025726200000000032,0.85754,861.8276999999999,0.0,0.0,0.85754,857.54,0.0,2017,5,4,Friday,2,Spring
EUR/JPY,2017-05-19,123.782997,124.910004,123.379997,123.800003,JPY,127.51400309,127760.36509597,3.714000089999999,123.800003,124419.003015,0.0,0.0,123.800003,123800.003,0.0,2017,5,4,Friday,2,Spring
EUR/GBP,2017-05-22,0.86105,0.86501,0.86003,0.86105,GBP,0.8868815,888.5949895,0.025831500000000007,0.86105,865.35525,0.0,0.0,0.86105,861.05,0.0,2017,5,0,Monday,2,Spring
EUR/JPY,2017-05-22,124.637001,125.271004,124.140999,124.684998,JPY,128.42554794,128673.67108602001,3.740549940000008,124.684998,125308.42298999999,0.0,0.0,124.684998,124684.99799999999,0.0,2017,5,0,Monday,2,Spring
EUR/USD,2017-05-22,1.120235,1.126329,1.116233,1.120486,USD,1.1541005800000002,1156.3303471400002,0.03361458000000006,1.120486,1126.08843,0.0,0.0,1.120486,1120.486,0.0,2017,5,0,Monday,2,Spring
EUR/JPY,2017-05-23,124.667,125.345001,124.559998,124.621002,JPY,128.35963206,128607.62785397998,3.7386300599999913,124.621002,125244.10701,0.0,0.0,124.621002,124621.00200000001,0.0,2017,5,1,Tuesday,2,Spring
EUR/GBP,2017-05-23,0.86488,0.86744,0.86239,0.8648,GBP,0.8907440000000001,892.4649520000002,0.025944000000000078,0.8648,869.124,0.0,0.0,0.8648,864.8000000000001,0.0,2017,5,1,Tuesday,2,Spring
EUR/USD,2017-05-23,1.123709,1.126672,1.119633,1.123886,USD,1.15760258,1159.8391131399999,0.03371658000000011,1.123886,1129.50543,0.0,0.0,1.123886,1123.886,0.0,2017,5,1,Tuesday,2,Spring
EUR/GBP,2017-05-24,0.86282,0.86495,0.8602,0.8628,GBP,0.888684,890.4009720000001,0.025884000000000018,0.8628,867.1139999999999,0.0,0.0,0.8628,862.8,0.0,2017,5,2,Wednesday,2,Spring
EUR/USD,2017-05-24,1.118093,1.120247,1.116944,1.117931,USD,1.15146893,1153.69361269,0.03353793000000005,1.117931,1123.520655,0.0,0.0,1.117931,1117.931,0.0,2017,5,2,Wednesday,2,Spring
EUR/JPY,2017-05-24,125.148003,125.385002,124.910698,125.153999,JPY,128.90861897,129157.67542801,3.754619969999993,125.153999,125779.76899499999,0.0,0.0,125.153999,125153.999,0.0,2017,5,2,Wednesday,2,Spring
EUR/USD,2017-05-25,1.123116,1.1251,1.119557,1.123091,USD,1.1567837300000001,1159.0186810900002,0.03369273000000006,1.123091,1128.7064550000002,0.0,0.0,1.123091,1123.0910000000001,0.0,2017,5,3,Thursday,2,Spring
EUR/GBP,2017-05-25,0.86539,0.86659,0.8643,0.86531,GBP,0.8912693,892.9912669,0.02595930000000002,0.86531,869.63655,0.0,0.0,0.86531,865.3100000000001,0.0,2017,5,3,Thursday,2,Spring
EUR/JPY,2017-05-25,125.264,125.776001,125.190002,125.244003,JPY,129.00132309,129250.55865597,3.7573200899999932,125.244003,125870.22301500001,0.0,0.0,125.244003,125244.00300000001,0.0,2017,5,3,Thursday,2,Spring
EUR/GBP,2017-05-26,0.867,0.87495,0.867,0.86695,GBP,0.8929585,894.6837304999999,0.02600849999999999,0.86695,871.28475,0.0,0.0,0.86695,866.95,0.0,2017,5,4,Friday,2,Spring
EUR/USD,2017-05-26,1.121064,1.123204,1.116346,1.121076,USD,1.15470828,1156.9392212399998,0.03363227999999996,1.121076,1126.68138,0.0,0.0,1.121076,1121.076,0.0,2017,5,4,Friday,2,Spring
EUR/JPY,2017-05-26,125.230003,125.280998,124.160004,125.249001,JPY,129.00647103,129255.71654199,3.7574700299999932,125.249001,125875.24600500001,0.0,0.0,125.249001,125249.001,0.0,2017,5,4,Friday,2,Spring
EUR/JPY,2017-05-29,124.338997,124.625,124.199997,124.328003,JPY,128.05784309,128305.25581597001,3.7298400900000104,124.328003,124949.643015,0.0,0.0,124.328003,124328.003,0.0,2017,5,0,Monday,2,Spring
EUR/USD,2017-05-29,1.117518,1.119069,1.116296,1.117606,USD,1.1511341800000001,1153.35821594,0.03352818000000002,1.117606,1123.1940299999999,0.0,0.0,1.117606,1117.606,0.0,2017,5,0,Monday,2,Spring
EUR/GBP,2017-05-29,0.87207,0.87214,0.87,0.8721,GBP,0.898263,899.9984790000001,0.026163000000000047,0.8721,876.4605,0.0,0.0,0.8721,872.1,0.0,2017,5,0,Monday,2,Spring
EUR/JPY,2017-05-30,123.742996,124.371002,123.177002,123.723,JPY,127.43469,127680.89877,3.7116900000000044,123.723,124341.615,0.0,0.0,123.723,123723.0,0.0,2017,5,1,Tuesday,2,Spring
EUR/GBP,2017-05-30,0.86841,0.87011,0.86574,0.86845,GBP,0.8945035000000001,896.2317155000002,0.026053500000000063,0.86845,872.7922500000001,0.0,0.0,0.86845,868.45,0.0,2017,5,1,Tuesday,2,Spring
EUR/USD,2017-05-30,1.112941,1.12016,1.111074,1.112904,USD,1.1462911199999999,1148.5057989599998,0.03338711999999999,1.112904,1118.46852,0.0,0.0,1.112904,1112.904,0.0,2017,5,1,Tuesday,2,Spring
EUR/GBP,2017-05-31,0.87227,0.87465,0.87031,0.8721,GBP,0.898263,899.9984790000001,0.026163000000000047,0.8721,876.4605,0.0,0.0,0.8721,872.1,0.0,2017,5,2,Wednesday,2,Spring
EUR/USD,2017-05-31,1.117368,1.125226,1.116582,1.117169,USD,1.15068407,1152.90723631,0.03351506999999998,1.117169,1122.7548450000002,0.0,0.0,1.117169,1117.169,0.0,2017,5,2,Wednesday,2,Spring
EUR/JPY,2017-05-31,123.878998,124.512001,123.760002,123.800003,JPY,127.51400309,127760.36509597,3.714000089999999,123.800003,124419.003015,0.0,0.0,123.800003,123800.003,0.0,2017,5,2,Wednesday,2,Spring
EUR/USD,2017-06-01,1.123823,1.12572,1.12031,1.124354,USD,1.1580846200000001,1160.32208446,0.033730620000000044,1.124354,1129.97577,0.0,0.0,1.124354,1124.354,0.0,2017,6,3,Thursday,2,Summer
EUR/GBP,2017-06-01,0.87278,0.87533,0.86862,0.8729,GBP,0.8990870000000001,900.8240710000001,0.02618700000000007,0.8729,877.2645,0.0,0.0,0.8729,872.9,0.0,2017,6,3,Thursday,2,Summer
EUR/JPY,2017-06-01,124.483002,125.072998,124.483002,124.510002,JPY,128.24530206,128493.07696398,3.73530006,124.510002,125132.55201,0.0,0.0,124.510002,124510.002,0.0,2017,6,3,Thursday,2,Summer
EUR/GBP,2017-06-02,0.8701,0.87667,0.86966,0.8701,GBP,0.896203,897.934499,0.026102999999999987,0.8701,874.4505,0.0,0.0,0.8701,870.1,0.0,2017,6,4,Friday,2,Summer
EUR/JPY,2017-06-02,124.973,125.294998,124.436996,124.956001,JPY,128.70468103000002,128953.34347199003,3.748680030000017,124.956001,125580.781005,0.0,0.0,124.956001,124956.001,0.0,2017,6,4,Friday,2,Summer
EUR/USD,2017-06-02,1.121328,1.128146,1.120624,1.121579,USD,1.15522637,1157.45831221,0.033647369999999954,1.121579,1127.1868950000003,0.0,0.0,1.121579,1121.5790000000002,0.0,2017,6,4,Friday,2,Summer
EUR/JPY,2017-06-05,124.566002,124.698997,124.190002,124.602997,JPY,128.34108691,128589.04687403,3.7380899099999993,124.602997,125226.011985,0.0,0.0,124.602997,124602.997,0.0,2017,6,0,Monday,2,Summer
EUR/GBP,2017-06-05,0.87635,0.87653,0.8694,0.87645,GBP,0.9027434999999999,904.4876354999999,0.02629349999999997,0.87645,880.8322499999999,0.0,0.0,0.87645,876.4499999999999,0.0,2017,6,0,Monday,2,Summer
EUR/USD,2017-06-05,1.127548,1.127904,1.123621,1.128083,USD,1.16192549,1164.1703751700002,0.03384249000000006,1.128083,1133.723415,0.0,0.0,1.128083,1128.0829999999999,0.0,2017,6,0,Monday,2,Summer
EUR/GBP,2017-06-06,0.87221,0.87471,0.8693,0.8719,GBP,0.898057,899.792081,0.026156999999999986,0.8719,876.2595,0.0,0.0,0.8719,871.9,0.0,2017,6,1,Tuesday,2,Summer
EUR/USD,2017-06-06,1.125822,1.127904,1.124126,1.125682,USD,1.15945246,1161.69256718,0.03377045999999995,1.125682,1131.31041,0.0,0.0,1.125682,1125.682,0.0,2017,6,1,Tuesday,2,Summer
EUR/JPY,2017-06-06,124.266998,124.348,122.955002,124.247002,JPY,127.97441205999999,128221.66359397999,3.727410059999997,124.247002,124868.23701,0.0,0.0,124.247002,124247.002,0.0,2017,6,1,Tuesday,2,Summer
EUR/GBP,2017-06-07,0.8731,0.8736,0.86773,0.87332,GBP,0.8995196,901.2575068,0.02619959999999999,0.87332,877.6865999999999,0.0,0.0,0.87332,873.3199999999999,0.0,2017,6,2,Wednesday,2,Summer
EUR/USD,2017-06-07,1.127053,1.127993,1.120523,1.127142,USD,1.16095626,1163.19927258,0.033814259999999985,1.127142,1132.77771,0.0,0.0,1.127142,1127.142,0.0,2017,6,2,Wednesday,2,Summer
EUR/JPY,2017-06-07,123.396004,123.509003,122.649002,123.410004,JPY,127.11230412,127357.89002796,3.702300120000004,123.410004,124027.05402,0.0,0.0,123.410004,123410.004,0.0,2017,6,2,Wednesday,2,Summer
EUR/GBP,2017-06-08,0.86819,0.86981,0.86634,0.86825,GBP,0.8942975,896.0253175,0.0260475,0.86825,872.59125,0.0,0.0,0.86825,868.25,0.0,2017,6,3,Thursday,2,Summer
EUR/USD,2017-06-08,1.125467,1.127015,1.119645,1.125518,USD,1.1592835400000001,1161.5233208200002,0.033765540000000094,1.125518,1131.14559,0.0,0.0,1.125518,1125.518,0.0,2017,6,3,Thursday,2,Summer
EUR/JPY,2017-06-08,123.723,124.023003,123.182999,123.679001,JPY,127.38937103,127635.49224199001,3.710370030000007,123.679001,124297.396005,0.0,0.0,123.679001,123679.001,0.0,2017,6,3,Thursday,2,Summer
EUR/GBP,2017-06-09,0.87879,0.88551,0.87479,0.87903,GBP,0.9054009,907.1501697,0.026370899999999975,0.87903,883.4251499999999,0.0,0.0,0.87903,879.03,0.0,2017,6,4,Friday,2,Summer
EUR/USD,2017-06-09,1.119319,1.121705,1.116782,1.118481,USD,1.1520354300000002,1154.26120719,0.033554430000000135,1.118481,1124.073405,0.0,0.0,1.118481,1118.481,0.0,2017,6,4,Friday,2,Summer
EUR/JPY,2017-06-09,123.008003,123.849998,122.919998,122.873001,JPY,126.55919103000001,126803.70830199,3.686190030000006,122.873001,123487.366005,0.0,0.0,122.873001,122873.001,0.0,2017,6,4,Friday,2,Summer
EUR/USD,2017-06-12,1.120235,1.1231,1.119407,1.120197,USD,1.1538029100000002,1156.0321020300003,0.03360591000000013,1.120197,1125.7979850000002,0.0,0.0,1.120197,1120.1970000000001,0.0,2017,6,0,Monday,2,Summer
EUR/GBP,2017-06-12,0.87898,0.88639,0.878,0.87914,GBP,0.9055142,907.2636886,0.026374200000000014,0.87914,883.5357,0.0,0.0,0.87914,879.14,0.0,2017,6,0,Monday,2,Summer
EUR/JPY,2017-06-12,123.564003,123.710999,122.862,123.514,JPY,127.21942,127465.21286,3.7054200000000037,123.514,124131.57,0.0,0.0,123.514,123514.0,0.0,2017,6,0,Monday,2,Summer
EUR/JPY,2017-06-13,123.087997,123.735001,123.050003,123.061996,JPY,126.75385588,126998.74925204,3.6918598800000098,123.061996,123677.30598,0.0,0.0,123.061996,123061.996,0.0,2017,6,1,Tuesday,2,Summer
EUR/USD,2017-06-13,1.119909,1.122523,1.118581,1.11962,USD,1.1532086000000001,1155.4366438000002,0.03358860000000008,1.11962,1125.2181,0.0,0.0,1.11962,1119.6200000000001,0.0,2017,6,1,Tuesday,2,Summer
EUR/GBP,2017-06-13,0.88386,0.885,0.87852,0.88364,GBP,0.9101492,911.9076435999999,0.02650920000000001,0.88364,888.0581999999999,0.0,0.0,0.88364,883.64,0.0,2017,6,1,Tuesday,2,Summer
EUR/JPY,2017-06-14,123.365997,123.633003,122.860001,123.339996,JPY,127.04019588,127285.64247204,3.7001998799999996,123.339996,123956.69598,0.0,0.0,123.339996,123339.996,0.0,2017,6,2,Wednesday,2,Summer
EUR/USD,2017-06-14,1.121076,1.12951,1.119858,1.120888,USD,1.1545146400000001,1156.74520712,0.03362664000000004,1.120888,1126.4924400000002,0.0,0.0,1.120888,1120.8880000000001,0.0,2017,6,2,Wednesday,2,Summer
EUR/GBP,2017-06-14,0.8792,0.88352,0.87678,0.87912,GBP,0.9054936,907.2430488,0.026373599999999997,0.87912,883.5156,0.0,0.0,0.87912,879.12,0.0,2017,6,2,Wednesday,2,Summer
EUR/JPY,2017-06-15,122.696999,123.529999,122.400002,122.699997,JPY,126.38099691,126625.16990402999,3.680999909999997,122.699997,123313.496985,0.0,0.0,122.699997,122699.997,0.0,2017,6,3,Thursday,2,Summer
EUR/USD,2017-06-15,1.121617,1.122838,1.113363,1.121579,USD,1.15522637,1157.45831221,0.033647369999999954,1.121579,1127.1868950000003,0.0,0.0,1.121579,1121.5790000000002,0.0,2017,6,3,Thursday,2,Summer
EUR/GBP,2017-06-15,0.87914,0.88063,0.8722,0.87906,GBP,0.9054318,907.1811293999999,0.026371800000000056,0.87906,883.4553,0.0,0.0,0.87906,879.06,0.0,2017,6,3,Thursday,2,Summer
EUR/JPY,2017-06-16,123.781998,124.447998,123.769997,123.669998,JPY,127.38009794000001,127626.20123602,3.7100999400000063,123.669998,124288.34799000001,0.0,0.0,123.669998,123669.998,0.0,2017,6,4,Friday,2,Summer
EUR/GBP,2017-06-16,0.87353,0.87605,0.87196,0.8737,GBP,0.899911,901.649663,0.026210999999999984,0.8737,878.0685000000001,0.0,0.0,0.8737,873.7,0.0,2017,6,4,Friday,2,Summer
EUR/USD,2017-06-16,1.11474,1.119971,1.113908,1.114691,USD,1.1481317300000002,1150.3499650900003,0.03344073000000014,1.114691,1120.264455,0.0,0.0,1.114691,1114.691,0.0,2017,6,4,Friday,2,Summer
EUR/USD,2017-06-19,1.120335,1.121328,1.115984,1.120825,USD,1.15444975,1156.68019175,0.03362474999999998,1.120825,1126.429125,0.0,0.0,1.120825,1120.825,0.0,2017,6,0,Monday,2,Summer
EUR/GBP,2017-06-19,0.87695,0.87732,0.87344,0.87692,GBP,0.9032276,904.9726708000001,0.026307599999999987,0.87692,881.3046,0.0,0.0,0.87692,876.9200000000001,0.0,2017,6,0,Monday,2,Summer
EUR/JPY,2017-06-19,124.328003,124.488998,124.129997,124.322998,JPY,128.05268794,128300.09070602,3.72968994,124.322998,124944.61299,0.0,0.0,124.322998,124322.99799999999,0.0,2017,6,0,Monday,2,Summer
EUR/GBP,2017-06-20,0.87533,0.88297,0.87387,0.87532,GBP,0.9015796,903.3214868,0.02625960000000005,0.87532,879.6966,0.0,0.0,0.87532,875.3199999999999,0.0,2017,6,1,Tuesday,2,Summer
EUR/USD,2017-06-20,1.114467,1.1166,1.112087,1.114455,USD,1.14788865,1150.10641545,0.03343365000000009,1.114455,1120.027275,0.0,0.0,1.114455,1114.455,0.0,2017,6,1,Tuesday,2,Summer
EUR/JPY,2017-06-20,124.522003,124.621002,124.0,124.449997,JPY,128.18349691,128431.15240403,3.733499910000006,124.449997,125072.246985,0.0,0.0,124.449997,124449.997,0.0,2017,6,1,Tuesday,2,Summer
EUR/USD,2017-06-21,1.113635,1.115449,1.112867,1.113697,USD,1.14710791,1149.32416703,0.03341090999999996,1.113697,1119.265485,0.0,0.0,1.113697,1113.697,0.0,2017,6,2,Wednesday,2,Summer
EUR/JPY,2017-06-21,123.992996,124.431999,123.655998,123.989998,JPY,127.70969794,127956.43803602,3.719699939999998,123.989998,124609.94799,0.0,0.0,123.989998,123989.998,0.0,2017,6,2,Wednesday,2,Summer
EUR/GBP,2017-06-21,0.88151,0.88441,0.87724,0.88159,GBP,0.9080377000000001,909.7920641000001,0.026447700000000074,0.88159,885.9979500000001,0.0,0.0,0.88159,881.59,0.0,2017,6,2,Wednesday,2,Summer
EUR/USD,2017-06-22,1.116844,1.117818,1.114715,1.11672,USD,1.1502216,1152.4438728,0.03350160000000013,1.11672,1122.3036,0.0,0.0,1.11672,1116.72,0.0,2017,6,3,Thursday,2,Summer
EUR/GBP,2017-06-22,0.881,0.88275,0.8804,0.8809,GBP,0.907327,909.079991,0.02642699999999998,0.8809,885.3045,0.0,0.0,0.8809,880.9,0.0,2017,6,3,Thursday,2,Summer
EUR/JPY,2017-06-22,124.336998,124.336998,123.849998,124.310997,JPY,128.04032691,128287.70579403,3.729329910000004,124.310997,124932.551985,0.0,0.0,124.310997,124310.997,0.0,2017,6,3,Thursday,2,Summer
EUR/USD,2017-06-23,1.114976,1.120863,1.114628,1.114964,USD,1.1484129200000002,1150.6316983600002,0.033448920000000104,1.114964,1120.5388200000002,0.0,0.0,1.114964,1114.9640000000002,0.0,2017,6,4,Friday,2,Summer
EUR/GBP,2017-06-23,0.8791,0.88028,0.87639,0.87939,GBP,0.9057717000000001,907.5216861000001,0.026381700000000063,0.87939,883.7869499999999,0.0,0.0,0.87939,879.39,0.0,2017,6,4,Friday,2,Summer
EUR/JPY,2017-06-23,124.099998,124.696999,124.018997,124.059998,JPY,127.78179793999999,128028.67733601999,3.721799939999997,124.059998,124680.29798999999,0.0,0.0,124.059998,124059.99799999999,0.0,2017,6,4,Friday,2,Summer
EUR/USD,2017-06-26,1.119971,1.121869,1.117256,1.119884,USD,1.1534805200000002,1155.7090891600003,0.03359652000000013,1.119884,1125.48342,0.0,0.0,1.119884,1119.884,0.0,2017,6,0,Monday,2,Summer
EUR/GBP,2017-06-26,0.87872,0.88061,0.8772,0.87874,GBP,0.9051022,906.8508926,0.026362200000000002,0.87874,883.1337,0.0,0.0,0.87874,878.74,0.0,2017,6,0,Monday,2,Summer
EUR/JPY,2017-06-26,124.580002,125.007004,124.519997,124.57,JPY,128.3071,128554.99429999999,3.737099999999998,124.57,125192.85,0.0,0.0,124.57,124570.0,0.0,2017,6,0,Monday,2,Summer
EUR/JPY,2017-06-27,125.111,127.359001,124.753998,125.094002,JPY,128.84682206,129095.75912398,3.7528200599999906,125.094002,125719.47201000001,0.0,0.0,125.094002,125094.00200000001,0.0,2017,6,1,Tuesday,2,Summer
EUR/USD,2017-06-27,1.118068,1.133016,1.118055,1.118356,USD,1.15190668,1154.13220844,0.033550680000000055,1.118356,1123.94778,0.0,0.0,1.118356,1118.356,0.0,2017,6,1,Tuesday,2,Summer
EUR/GBP,2017-06-27,0.87887,0.8856,0.87832,0.87883,GBP,0.9051949,906.9437717000001,0.026364900000000024,0.87883,883.22415,0.0,0.0,0.87883,878.83,0.0,2017,6,1,Tuesday,2,Summer
EUR/GBP,2017-06-28,0.88475,0.88794,0.87716,0.88477,GBP,0.9113131,913.0737922999999,0.02654310000000004,0.88477,889.19385,0.0,0.0,0.88477,884.77,0.0,2017,6,2,Wednesday,2,Summer
EUR/USD,2017-06-28,1.133684,1.138797,1.129727,1.133915,USD,1.1679324500000001,1170.18894085,0.034017450000000116,1.133915,1139.5845749999999,0.0,0.0,1.133915,1133.915,0.0,2017,6,2,Wednesday,2,Summer
EUR/JPY,2017-06-28,127.168999,127.831001,126.535004,127.169998,JPY,130.98509794,131238.16623602,3.815099939999996,127.169998,127805.84799000001,0.0,0.0,127.169998,127169.998,0.0,2017,6,2,Wednesday,2,Summer
EUR/USD,2017-06-29,1.137799,1.143511,1.137799,1.138265,USD,1.17241295,1174.67809735,0.03414794999999993,1.138265,1143.956325,0.0,0.0,1.138265,1138.265,0.0,2017,6,3,Thursday,2,Summer
EUR/JPY,2017-06-29,127.845001,128.820999,127.75,127.879997,JPY,131.71639691000001,131970.87810403,3.8363999100000115,127.879997,128519.396985,0.0,0.0,127.879997,127879.997,0.0,2017,6,3,Thursday,2,Summer
EUR/GBP,2017-06-29,0.8793,0.88071,0.878,0.8795,GBP,0.9058849999999999,907.635205,0.026384999999999992,0.8795,883.8975,0.0,0.0,0.8795,879.5,0.0,2017,6,3,Thursday,2,Summer
EUR/GBP,2017-06-30,0.87934,0.88068,0.87647,0.87919,GBP,0.9055657,907.3152881,0.026375700000000002,0.87919,883.58595,0.0,0.0,0.87919,879.19,0.0,2017,6,4,Friday,2,Summer
EUR/JPY,2017-06-30,128.091995,128.255997,127.459,128.128998,JPY,131.97286794,132227.84464602,3.8438699399999905,128.128998,128769.64299,0.0,0.0,128.128998,128128.99799999999,0.0,2017,6,4,Friday,2,Summer
EUR/USD,2017-06-30,1.144047,1.1445,1.139289,1.144165,USD,1.1784899500000001,1180.7668383500002,0.03432495000000002,1.144165,1149.8858250000003,0.0,0.0,1.144165,1144.1650000000002,0.0,2017,6,4,Friday,2,Summer
EUR/JPY,2017-07-03,128.233994,128.882996,128.117004,128.227005,JPY,132.07381515,132328.98688995,3.8468101500000103,128.227005,128868.14002499999,0.0,0.0,128.227005,128227.00499999999,0.0,2017,7,0,Monday,3,Summer
EUR/USD,2017-07-03,1.142505,1.142596,1.135693,1.142309,USD,1.17657827,1178.85146491,0.03426927000000002,1.142309,1148.0205449999999,0.0,0.0,1.142309,1142.309,0.0,2017,7,0,Monday,3,Summer
EUR/GBP,2017-07-03,0.87763,0.87893,0.87573,0.87751,GBP,0.9038353,905.5815448999999,0.026325299999999996,0.87751,881.89755,0.0,0.0,0.87751,877.51,0.0,2017,7,0,Monday,3,Summer
EUR/GBP,2017-07-04,0.87841,0.87896,0.8764,0.87821,GBP,0.9045563000000001,906.3039379,0.026346300000000045,0.87821,882.60105,0.0,0.0,0.87821,878.21,0.0,2017,7,1,Tuesday,3,Summer
EUR/JPY,2017-07-04,128.925995,128.929001,128.042007,128.932999,JPY,132.80098897,133057.56563801,3.8679899699999964,128.932999,129577.663995,0.0,0.0,128.932999,128932.999,0.0,2017,7,1,Tuesday,3,Summer
EUR/USD,2017-07-04,1.137527,1.137915,1.133787,1.137139,USD,1.17125317,1173.51607661,0.034114170000000055,1.137139,1142.8246949999998,0.0,0.0,1.137139,1137.139,0.0,2017,7,1,Tuesday,3,Summer
EUR/JPY,2017-07-05,128.311996,129.078003,128.173996,128.322006,JPY,132.17166618,132427.02697194,3.8496601800000008,128.322006,128963.61602999999,0.0,0.0,128.322006,128322.006,0.0,2017,7,2,Wednesday,3,Summer
EUR/USD,2017-07-05,1.135989,1.13688,1.131503,1.136015,USD,1.17009545,1172.3561198500001,0.03408045000000004,1.136015,1141.695075,0.0,0.0,1.136015,1136.015,0.0,2017,7,2,Wednesday,3,Summer
EUR/GBP,2017-07-05,0.87808,0.88077,0.87618,0.87811,GBP,0.9044533,906.2007389,0.02634330000000007,0.87811,882.5005499999999,0.0,0.0,0.87811,878.1099999999999,0.0,2017,7,2,Wednesday,3,Summer
EUR/JPY,2017-07-06,128.442001,129.304001,128.003006,128.429001,JPY,132.28187103,132537.44474198998,3.852870029999991,128.429001,129071.146005,0.0,0.0,128.429001,128429.001,0.0,2017,7,3,Thursday,3,Summer
EUR/USD,2017-07-06,1.134494,1.140901,1.133067,1.134687,USD,1.1687276100000001,1170.9856371300002,0.03404061000000014,1.134687,1140.3604349999998,0.0,0.0,1.134687,1134.687,0.0,2017,7,3,Thursday,3,Summer
EUR/GBP,2017-07-06,0.8774,0.88172,0.8756,0.87733,GBP,0.9036499000000001,905.3957867000001,0.026319900000000063,0.87733,881.7166500000001,0.0,0.0,0.87733,877.33,0.0,2017,7,3,Thursday,3,Summer
EUR/USD,2017-07-07,1.142126,1.143824,1.138291,1.142478,USD,1.1767523400000002,1179.0258712200002,0.03427434000000007,1.142478,1148.19039,0.0,0.0,1.142478,1142.478,0.0,2017,7,4,Friday,3,Summer
EUR/JPY,2017-07-07,129.244995,130.072998,129.242004,129.266998,JPY,133.14500794,133402.24926602002,3.8780099399999983,129.266998,129913.33299000001,0.0,0.0,129.266998,129266.998,0.0,2017,7,4,Friday,3,Summer
EUR/GBP,2017-07-07,0.88064,0.88581,0.87969,0.88081,GBP,0.9072343,908.9871119000001,0.026424300000000067,0.88081,885.2140499999999,0.0,0.0,0.88081,880.81,0.0,2017,7,4,Friday,3,Summer
EUR/JPY,2017-07-10,129.932999,130.378006,129.856995,129.970001,JPY,133.86910103,134127.74133199,3.8991000299999996,129.970001,130619.85100499999,0.0,0.0,129.970001,129970.00099999999,0.0,2017,7,0,Monday,3,Summer
EUR/USD,2017-07-10,1.140641,1.141735,1.138304,1.140381,USD,1.1745924300000001,1176.8617881900002,0.03421143000000004,1.140381,1146.082905,0.0,0.0,1.140381,1140.381,0.0,2017,7,0,Monday,3,Summer
EUR/GBP,2017-07-10,0.88459,0.88579,0.8833,0.8846,GBP,0.9111380000000001,912.8983540000002,0.02653800000000006,0.8846,889.023,0.0,0.0,0.8846,884.6,0.0,2017,7,0,Monday,3,Summer
EUR/GBP,2017-07-12,0.89228,0.89458,0.88396,0.8922,GBP,0.9189660000000001,920.741478,0.026766000000000068,0.8922,896.6610000000001,0.0,0.0,0.8922,892.2,0.0,2017,7,2,Wednesday,3,Summer
EUR/JPY,2017-07-12,130.528,130.565002,129.063004,130.507004,JPY,134.42221412,134681.92305796003,3.915210120000012,130.507004,131159.53902,0.0,0.0,130.507004,130507.004,0.0,2017,7,2,Wednesday,3,Summer
EUR/USD,2017-07-12,1.147394,1.1491,1.139484,1.147394,USD,1.18181582,1184.09913406,0.034421819999999936,1.147394,1153.13097,0.0,0.0,1.147394,1147.394,0.0,2017,7,2,Wednesday,3,Summer
EUR/GBP,2017-07-13,0.88566,0.88734,0.88031,0.88561,GBP,0.9121783,913.9406639,0.02656829999999999,0.88561,890.03805,0.0,0.0,0.88561,885.61,0.0,2017,7,3,Thursday,3,Summer
EUR/JPY,2017-07-13,129.371994,129.639999,128.533005,129.419998,JPY,133.30259794,133560.14373602,3.8825999400000057,129.419998,130067.09799,0.0,0.0,129.419998,129419.99799999999,0.0,2017,7,3,Thursday,3,Summer
EUR/USD,2017-07-13,1.141904,1.145528,1.137255,1.141891,USD,1.17614773,1178.4200930900001,0.03425673000000007,1.141891,1147.600455,0.0,0.0,1.141891,1141.891,0.0,2017,7,3,Thursday,3,Summer
EUR/USD,2017-07-14,1.140394,1.146684,1.139238,1.140394,USD,1.17460582,1176.87520406,0.034211820000000115,1.140394,1146.09597,0.0,0.0,1.140394,1140.394,0.0,2017,7,4,Friday,3,Summer
EUR/GBP,2017-07-14,0.88073,0.88144,0.87449,0.88074,GBP,0.9071622,908.9148726,0.026422200000000062,0.88074,885.1437,0.0,0.0,0.88074,880.74,0.0,2017,7,4,Friday,3,Summer
EUR/JPY,2017-07-14,129.322006,129.503006,128.619003,129.330002,JPY,133.20990206000002,133467.26876398,3.8799000600000113,129.330002,129976.65201,0.0,0.0,129.330002,129330.00200000001,0.0,2017,7,4,Friday,3,Summer
EUR/GBP,2017-07-17,0.87518,0.8786,0.87446,0.87521,GBP,0.9014663,903.2079679000001,0.02625630000000001,0.87521,879.58605,0.0,0.0,0.87521,875.21,0.0,2017,7,0,Monday,3,Summer
EUR/JPY,2017-07-17,128.996002,129.438004,128.744995,128.972,JPY,132.84116,133097.81428,3.8691599999999937,128.972,129616.86000000002,0.0,0.0,128.972,128972.00000000001,0.0,2017,7,0,Monday,3,Summer
EUR/USD,2017-07-17,1.147513,1.148726,1.143628,1.147539,USD,1.18196517,1184.2487726099998,0.03442616999999992,1.147539,1153.276695,0.0,0.0,1.147539,1147.539,0.0,2017,7,0,Monday,3,Summer
EUR/JPY,2017-07-18,129.186996,129.731995,129.063004,129.169998,JPY,133.04509794,133302.14623602,3.8750999400000126,129.169998,129815.84799,0.0,0.0,129.169998,129169.99799999999,0.0,2017,7,1,Tuesday,3,Summer
EUR/GBP,2017-07-18,0.87905,0.88977,0.87843,0.87906,GBP,0.9054318,907.1811293999999,0.026371800000000056,0.87906,883.4553,0.0,0.0,0.87906,879.06,0.0,2017,7,1,Tuesday,3,Summer
EUR/USD,2017-07-18,1.147342,1.15848,1.147236,1.147434,USD,1.18185702,1184.1404136600001,0.03442301999999997,1.147434,1153.17117,0.0,0.0,1.147434,1147.434,0.0,2017,7,1,Tuesday,3,Summer
EUR/USD,2017-07-19,1.154961,1.155321,1.151066,1.154974,USD,1.1896232199999999,1191.92161826,0.034649219999999925,1.154974,1160.74887,0.0,0.0,1.154974,1154.974,0.0,2017,7,2,Wednesday,3,Summer
EUR/GBP,2017-07-19,0.8859,0.8861,0.88295,0.88576,GBP,0.9123328,914.0954624,0.026572800000000063,0.88576,890.1888,0.0,0.0,0.88576,885.76,0.0,2017,7,2,Wednesday,3,Summer
EUR/JPY,2017-07-19,129.289993,129.421005,128.576996,129.347,JPY,133.22741000000002,133484.81053000005,3.880410000000012,129.347,129993.73500000002,0.0,0.0,129.347,129347.00000000001,0.0,2017,7,2,Wednesday,3,Summer
EUR/USD,2017-07-20,1.152884,1.164999,1.148013,1.152844,USD,1.18742932,1189.72347956,0.03458531999999992,1.152844,1158.60822,0.0,0.0,1.152844,1152.844,0.0,2017,7,3,Thursday,3,Summer
EUR/GBP,2017-07-20,0.88466,0.89728,0.88328,0.88469,GBP,0.9112307,912.9912330999999,0.026540699999999973,0.88469,889.11345,0.0,0.0,0.88469,884.6899999999999,0.0,2017,7,3,Thursday,3,Summer
EUR/JPY,2017-07-20,128.949005,130.248993,128.789001,128.979004,JPY,132.84837412000002,133105.04233796,3.8693701200000135,128.979004,129623.89902,0.0,0.0,128.979004,128979.004,0.0,2017,7,3,Thursday,3,Summer
EUR/USD,2017-07-21,1.162804,1.167515,1.16202,1.162872,USD,1.19775816,1200.07227528,0.03488616000000011,1.162872,1168.68636,0.0,0.0,1.162872,1162.8719999999998,0.0,2017,7,4,Friday,3,Summer
EUR/GBP,2017-07-21,0.89686,0.89908,0.89401,0.8969,GBP,0.923807,925.5918310000001,0.026907000000000014,0.8969,901.3845,0.0,0.0,0.8969,896.9,0.0,2017,7,4,Friday,3,Summer
EUR/JPY,2017-07-21,130.102005,130.492004,129.479996,130.100998,JPY,134.00402794000001,134262.92892602,3.9030299400000104,130.100998,130751.50299000001,0.0,0.0,130.100998,130100.998,0.0,2017,7,4,Friday,3,Summer
EUR/GBP,2017-07-24,0.89814,0.89814,0.89206,0.8982,GBP,0.925146,926.9334180000001,0.026946000000000025,0.8982,902.691,0.0,0.0,0.8982,898.2,0.0,2017,7,0,Monday,3,Summer
EUR/USD,2017-07-24,1.168156,1.16817,1.163169,1.16817,USD,1.2032151,1205.5397583,0.03504510000000005,1.16817,1174.01085,0.0,0.0,1.16817,1168.1699999999998,0.0,2017,7,0,Monday,3,Summer
EUR/JPY,2017-07-24,129.595001,129.695999,128.886002,129.591003,JPY,133.47873309,133736.61918597,3.887730089999991,129.591003,130238.958015,0.0,0.0,129.591003,129591.003,0.0,2017,7,0,Monday,3,Summer
EUR/USD,2017-07-25,1.163887,1.170686,1.163156,1.163887,USD,1.19880361,1201.11974513,0.034916610000000015,1.163887,1169.706435,0.0,0.0,1.163887,1163.887,0.0,2017,7,1,Tuesday,3,Summer
EUR/JPY,2017-07-25,129.444,130.541,129.268997,129.455002,JPY,133.33865206000002,133596.26751398,3.883650060000008,129.455002,130102.27701,0.0,0.0,129.455002,129455.00200000001,0.0,2017,7,1,Tuesday,3,Summer
EUR/GBP,2017-07-25,0.89347,0.89586,0.89276,0.89329,GBP,0.9200887000000001,921.8663471000001,0.026798700000000064,0.89329,897.7564500000001,0.0,0.0,0.89329,893.2900000000001,0.0,2017,7,1,Tuesday,3,Summer
EUR/JPY,2017-07-26,130.417999,130.457001,129.929993,130.417007,JPY,134.32951721,134589.04705393003,3.9125102099999935,130.417007,131069.09203500001,0.0,0.0,130.417007,130417.00700000001,0.0,2017,7,2,Wednesday,3,Summer
EUR/GBP,2017-07-26,0.8936,0.89445,0.89052,0.89381,GBP,0.9206243000000001,922.4029819000001,0.02681430000000007,0.89381,898.27905,0.0,0.0,0.89381,893.81,0.0,2017,7,2,Wednesday,3,Summer
EUR/USD,2017-07-26,1.164334,1.165501,1.161575,1.164456,USD,1.19938968,1201.70694744,0.03493367999999997,1.164456,1170.27828,0.0,0.0,1.164456,1164.456,0.0,2017,7,2,Wednesday,3,Summer
EUR/JPY,2017-07-27,130.352997,130.580994,130.080994,130.330002,JPY,134.23990206000002,134499.25876398003,3.9099000600000124,130.330002,130981.65201,0.0,0.0,130.330002,130330.00200000001,0.0,2017,7,3,Thursday,3,Summer
EUR/GBP,2017-07-27,0.89437,0.89501,0.88911,0.89428,GBP,0.9211083999999999,922.8880171999999,0.026828399999999974,0.89428,898.7514,0.0,0.0,0.89428,894.28,0.0,2017,7,3,Thursday,3,Summer
EUR/USD,2017-07-27,1.173034,1.177496,1.165488,1.1728,USD,1.2079840000000002,1210.317872,0.035184000000000104,1.1728,1178.664,0.0,0.0,1.1728,1172.8,0.0,2017,7,3,Thursday,3,Summer
EUR/JPY,2017-07-28,129.835999,130.386993,129.582993,129.850006,JPY,133.74550618,134003.90769194,3.895500179999999,129.850006,130499.25603,0.0,0.0,129.850006,129850.00600000001,0.0,2017,7,4,Friday,3,Summer
EUR/GBP,2017-07-28,0.89394,0.89684,0.89284,0.89381,GBP,0.9206243000000001,922.4029819000001,0.02681430000000007,0.89381,898.27905,0.0,0.0,0.89381,893.81,0.0,2017,7,4,Friday,3,Summer
EUR/USD,2017-07-28,1.169003,1.176332,1.167256,1.168866,USD,1.20393198,1206.25802334,0.03506597999999994,1.168866,1174.7103299999999,0.0,0.0,1.168866,1168.866,0.0,2017,7,4,Friday,3,Summer
EUR/JPY,2017-07-31,129.820999,130.503998,129.591995,129.811005,JPY,133.70533515,133963.65904995,3.894330150000002,129.811005,130460.06002499998,0.0,0.0,129.811005,129811.00499999999,0.0,2017,7,0,Monday,3,Summer
EUR/GBP,2017-07-31,0.89374,0.89614,0.8933,0.89365,GBP,0.9204595000000001,922.2378635,0.02680950000000004,0.89365,898.1182500000001,0.0,0.0,0.89365,893.6500000000001,0.0,2017,7,0,Monday,3,Summer
EUR/USD,2017-07-31,1.174688,1.182466,1.172374,1.174729,USD,1.20997087,1212.3085807100001,0.03524187000000012,1.174729,1180.6026449999997,0.0,0.0,1.174729,1174.7289999999998,0.0,2017,7,0,Monday,3,Summer
EUR/JPY,2017-08-01,130.470001,130.582001,129.873993,130.481003,JPY,134.39543308999998,134655.09028596999,3.914430089999996,130.481003,131133.408015,0.0,0.0,130.481003,130481.00299999998,0.0,2017,8,1,Tuesday,3,Summer
EUR/GBP,2017-08-01,0.89582,0.896,0.89235,0.89603,GBP,0.9229109,924.6939997,0.026880899999999985,0.89603,900.51015,0.0,0.0,0.89603,896.03,0.0,2017,8,1,Tuesday,3,Summer
EUR/USD,2017-08-01,1.182355,1.183754,1.179106,1.18241,USD,1.2178823,1220.2352959,0.03547230000000012,1.18241,1188.3220499999998,0.0,0.0,1.18241,1182.4099999999999,0.0,2017,8,1,Tuesday,3,Summer
EUR/USD,2017-08-02,1.18093,1.18676,1.179496,1.181126,USD,1.2165597799999999,1218.9102207399999,0.03543377999999997,1.181126,1187.03163,0.0,0.0,1.181126,1181.126,0.0,2017,8,2,Wednesday,3,Summer
EUR/GBP,2017-08-02,0.89406,0.8967,0.8935,0.8942,GBP,0.921026,922.805458,0.026826000000000016,0.8942,898.671,0.0,0.0,0.8942,894.2,0.0,2017,8,2,Wednesday,3,Summer
EUR/JPY,2017-08-02,130.434006,131.363007,130.386993,130.431,JPY,134.34393000000003,134603.48769,3.912930000000017,130.431,131083.15500000003,0.0,0.0,130.431,130431.00000000001,0.0,2017,8,2,Wednesday,3,Summer
EUR/GBP,2017-08-03,0.89577,0.9048,0.89266,0.8958,GBP,0.9226740000000001,924.4566420000001,0.026874000000000065,0.8958,900.2790000000001,0.0,0.0,0.8958,895.8000000000001,0.0,2017,8,3,Thursday,3,Summer
EUR/USD,2017-08-03,1.185143,1.189485,1.1834,1.185115,USD,1.22066845,1223.0268288500001,0.0355534500000001,1.185115,1191.040575,0.0,0.0,1.185115,1185.115,0.0,2017,8,3,Thursday,3,Summer
EUR/JPY,2017-08-03,131.264999,131.264999,130.557999,131.253006,JPY,135.19059618,135451.78966193998,3.937590180000001,131.253006,131909.27103,0.0,0.0,131.253006,131253.006,0.0,2017,8,3,Thursday,3,Summer
EUR/JPY,2017-08-04,130.559006,131.065002,130.139694,130.582993,JPY,134.50048278999998,134760.34294606998,3.9174897899999905,130.582993,131235.907965,0.0,0.0,130.582993,130582.99299999999,0.0,2017,8,4,Friday,3,Summer
EUR/USD,2017-08-04,1.188778,1.1891,1.173695,1.188495,USD,1.22414985,1226.51495505,0.035654850000000016,1.188495,1194.4374750000002,0.0,0.0,1.188495,1188.4950000000001,0.0,2017,8,4,Friday,3,Summer
EUR/GBP,2017-08-04,0.90401,0.90538,0.90006,0.90399,GBP,0.9311096999999999,932.9086401,0.02711969999999997,0.90399,908.50995,0.0,0.0,0.90399,903.99,0.0,2017,8,4,Friday,3,Summer
EUR/JPY,2017-08-07,130.483994,130.843002,130.447998,130.481003,JPY,134.39543308999998,134655.09028596999,3.914430089999996,130.481003,131133.408015,0.0,0.0,130.481003,130481.00299999998,0.0,2017,8,0,Monday,3,Summer
EUR/USD,2017-08-07,1.177773,1.181251,1.177773,1.177842,USD,1.2131772600000001,1215.5211655800001,0.03533526000000009,1.177842,1183.7312100000001,0.0,0.0,1.177842,1177.842,0.0,2017,8,0,Monday,3,Summer
EUR/GBP,2017-08-07,0.9028,0.90603,0.90262,0.90271,GBP,0.9297913,931.5876929,0.027081299999999975,0.90271,907.22355,0.0,0.0,0.90271,902.71,0.0,2017,8,0,Monday,3,Summer
EUR/GBP,2017-08-08,0.90521,0.90864,0.90391,0.90514,GBP,0.9322942,934.0954285999999,0.027154200000000017,0.90514,909.6657,0.0,0.0,0.90514,905.14,0.0,2017,8,1,Tuesday,3,Summer
EUR/USD,2017-08-08,1.180025,1.182452,1.171866,1.180094,USD,1.21549682,1217.8452070600001,0.03540282000000006,1.180094,1185.99447,0.0,0.0,1.180094,1180.094,0.0,2017,8,1,Tuesday,3,Summer
EUR/JPY,2017-08-08,130.688004,130.798996,129.781006,130.697998,JPY,134.61893794000002,134879.02695602004,3.920939940000011,130.697998,131351.48799,0.0,0.0,130.697998,130697.998,0.0,2017,8,1,Tuesday,3,Summer
EUR/JPY,2017-08-09,129.399994,129.455002,128.447006,129.432007,JPY,133.31496721,133572.53690393,3.882960209999993,129.432007,130079.16703499999,0.0,0.0,129.432007,129432.007,0.0,2017,8,2,Wednesday,3,Summer
EUR/USD,2017-08-09,1.175337,1.176028,1.169235,1.175461,USD,1.2107248300000002,1213.0639973900002,0.03526383000000011,1.175461,1181.338305,0.0,0.0,1.175461,1175.461,0.0,2017,8,2,Wednesday,3,Summer
EUR/GBP,2017-08-09,0.90511,0.90544,0.90108,0.90511,GBP,0.9322633,934.0644689000001,0.027153300000000047,0.90511,909.63555,0.0,0.0,0.90511,905.11,0.0,2017,8,2,Wednesday,3,Summer
EUR/GBP,2017-08-10,0.90404,0.90543,0.90085,0.90385,GBP,0.9309655000000001,932.7641615000001,0.02711550000000007,0.90385,908.3692500000001,0.0,0.0,0.90385,903.85,0.0,2017,8,3,Thursday,3,Summer
EUR/JPY,2017-08-10,129.449005,129.531006,128.231003,129.434006,JPY,133.31702618000003,133574.59985194,3.883020180000017,129.434006,130081.17603,0.0,0.0,129.434006,129434.00600000001,0.0,2017,8,3,Thursday,3,Summer
EUR/USD,2017-08-10,1.176471,1.176471,1.170467,1.176152,USD,1.21143656,1213.7771024800002,0.03528456000000002,1.176152,1182.03276,0.0,0.0,1.176152,1176.152,0.0,2017,8,3,Thursday,3,Summer
EUR/GBP,2017-08-11,0.90686,0.9117,0.90521,0.90698,GBP,0.9341894000000001,935.9942902000001,0.02720940000000005,0.90698,911.5149,0.0,0.0,0.90698,906.98,0.0,2017,8,4,Friday,3,Summer
EUR/USD,2017-08-11,1.176997,1.18318,1.174922,1.177024,USD,1.21233472,1214.67699776,0.03531072000000002,1.177024,1182.90912,0.0,0.0,1.177024,1177.0240000000001,0.0,2017,8,4,Friday,3,Summer
EUR/JPY,2017-08-11,128.388,129.149994,128.048004,128.412003,JPY,132.26436309,132519.90297597,3.8523600899999906,128.412003,129054.06301499999,0.0,0.0,128.412003,128412.003,0.0,2017,8,4,Friday,3,Summer
EUR/JPY,2017-08-14,129.197006,129.628006,128.910004,129.139999,JPY,133.01419897,133271.18756801,3.8741999700000065,129.139999,129785.69899499998,0.0,0.0,129.139999,129139.99899999998,0.0,2017,8,0,Monday,3,Summer
EUR/GBP,2017-08-14,0.90912,0.90972,0.90714,0.90921,GBP,0.9364863,938.2956279,0.02727630000000003,0.90921,913.75605,0.0,0.0,0.90921,909.2099999999999,0.0,2017,8,0,Monday,3,Summer
EUR/USD,2017-08-14,1.182634,1.183999,1.177329,1.18255,USD,1.2180265000000001,1220.3797745000002,0.03547650000000013,1.18255,1188.46275,0.0,0.0,1.18255,1182.55,0.0,2017,8,0,Monday,3,Summer
EUR/USD,2017-08-15,1.177704,1.179245,1.1689,1.177579,USD,1.21290637,1215.24975221,0.03532737000000008,1.177579,1183.466895,0.0,0.0,1.177579,1177.579,0.0,2017,8,1,Tuesday,3,Summer
EUR/GBP,2017-08-15,0.9081,0.91319,0.9051,0.90825,GBP,0.9354975,937.3049175,0.02724749999999998,0.90825,912.79125,0.0,0.0,0.90825,908.25,0.0,2017,8,1,Tuesday,3,Summer
EUR/JPY,2017-08-15,129.479996,130.024002,129.417999,129.447998,JPY,133.33143794000003,133589.03945602002,3.8834399400000166,129.447998,130095.23799000001,0.0,0.0,129.447998,129447.998,0.0,2017,8,1,Tuesday,3,Summer
EUR/USD,2017-08-16,1.173985,1.175751,1.168361,1.174122,USD,1.20934566,1211.6821627800002,0.03522365999999999,1.174122,1179.99261,0.0,0.0,1.174122,1174.122,0.0,2017,8,2,Wednesday,3,Summer
EUR/GBP,2017-08-16,0.91228,0.91414,0.90851,0.91244,GBP,0.9398132,941.6289556,0.027373199999999986,0.91244,917.0022,0.0,0.0,0.91244,912.44,0.0,2017,8,2,Wednesday,3,Summer
EUR/JPY,2017-08-16,129.804001,130.382996,129.529999,129.843994,JPY,133.73931382,133997.70336806,3.8953198199999974,129.843994,130493.21397000001,0.0,0.0,129.843994,129843.994,0.0,2017,8,2,Wednesday,3,Summer
EUR/USD,2017-08-17,1.177426,1.179023,1.166698,1.177426,USD,1.21274878,1215.09185774,0.03532278,1.177426,1183.3131300000002,0.0,0.0,1.177426,1177.4260000000002,0.0,2017,8,3,Thursday,3,Summer
EUR/GBP,2017-08-17,0.91337,0.91348,0.90656,0.91328,GBP,0.9406784,942.4958272,0.027398400000000045,0.91328,917.8464,0.0,0.0,0.91328,913.28,0.0,2017,8,3,Thursday,3,Summer
EUR/JPY,2017-08-17,129.490997,129.535995,128.576004,129.507996,JPY,133.39323588,133650.95679204,3.8852398800000003,129.507996,130155.53597999999,0.0,0.0,129.507996,129507.99599999998,0.0,2017,8,3,Thursday,3,Summer
EUR/USD,2017-08-18,1.171729,1.176817,1.171221,1.17155,USD,1.2066965,1209.0278845,0.03514649999999997,1.17155,1177.40775,0.0,0.0,1.17155,1171.5500000000002,0.0,2017,8,4,Friday,3,Summer
EUR/GBP,2017-08-18,0.91068,0.91486,0.90924,0.91038,GBP,0.9376914,939.5030562,0.027311399999999986,0.91038,914.9319,0.0,0.0,0.91038,910.38,0.0,2017,8,4,Friday,3,Summer
EUR/JPY,2017-08-18,128.108994,128.462997,127.566002,128.070007,JPY,131.91210721000002,132166.96652393002,3.8421002100000123,128.070007,128710.357035,0.0,0.0,128.070007,128070.007,0.0,2017,8,4,Friday,3,Summer
EUR/JPY,2017-08-21,128.526001,128.660995,127.862999,128.514008,JPY,132.36942824,132625.17111591998,3.855420240000001,128.514008,129156.57804,0.0,0.0,128.514008,128514.00799999999,0.0,2017,8,0,Monday,3,Summer
EUR/USD,2017-08-21,1.175724,1.182466,1.173186,1.175627,USD,1.21089581,1213.23530773,0.03526881000000004,1.175627,1181.5051349999999,0.0,0.0,1.175627,1175.627,0.0,2017,8,0,Monday,3,Summer
EUR/GBP,2017-08-21,0.91331,0.91613,0.91114,0.91313,GBP,0.9405239,942.3410286999999,0.02739389999999997,0.91313,917.69565,0.0,0.0,0.91313,913.13,0.0,2017,8,0,Monday,3,Summer
EUR/JPY,2017-08-22,128.820999,129.164993,128.326004,128.710999,JPY,132.57232897,132828.46385801,3.861329970000014,128.710999,129354.55399499998,0.0,0.0,128.710999,128710.99899999998,0.0,2017,8,1,Tuesday,3,Summer
EUR/USD,2017-08-22,1.181181,1.182592,1.174646,1.181195,USD,1.21663085,1218.98142805,0.035435850000000046,1.181195,1187.1009749999998,0.0,0.0,1.181195,1181.195,0.0,2017,8,1,Tuesday,3,Summer
EUR/GBP,2017-08-22,0.91571,0.91746,0.91545,0.91573,GBP,0.9432019,945.0242027,0.027471899999999994,0.91573,920.3086500000001,0.0,0.0,0.91573,915.73,0.0,2017,8,1,Tuesday,3,Summer
EUR/JPY,2017-08-23,129.074005,129.119003,128.492004,129.070999,JPY,132.94312897,133199.98025800998,3.872129970000003,129.070999,129716.353995,0.0,0.0,129.070999,129070.999,0.0,2017,8,2,Wednesday,3,Summer
EUR/USD,2017-08-23,1.176083,1.181865,1.174357,1.176221,USD,1.21150763,1213.84830979,0.035286630000000097,1.176221,1182.102105,0.0,0.0,1.176221,1176.221,0.0,2017,8,2,Wednesday,3,Summer
EUR/GBP,2017-08-23,0.91703,0.92358,0.91608,0.91719,GBP,0.9447057,946.5309081,0.027515700000000032,0.91719,921.77595,0.0,0.0,0.91719,917.1899999999999,0.0,2017,8,2,Wednesday,3,Summer
EUR/USD,2017-08-24,1.181642,1.181893,1.178523,1.181656,USD,1.21710568,1219.45717544,0.03544967999999993,1.181656,1187.56428,0.0,0.0,1.181656,1181.656,0.0,2017,8,3,Thursday,3,Summer
EUR/GBP,2017-08-24,0.92289,0.92335,0.91902,0.92291,GBP,0.9505973,952.4338909,0.02768729999999997,0.92291,927.52455,0.0,0.0,0.92291,922.91,0.0,2017,8,3,Thursday,3,Summer
EUR/JPY,2017-08-24,128.699005,129.171005,128.699005,128.694,JPY,132.55481999999998,132810.92105999996,3.8608199999999897,128.694,129337.46999999999,0.0,0.0,128.694,128693.99999999999,0.0,2017,8,3,Thursday,3,Summer
EUR/GBP,2017-08-25,0.92167,0.92293,0.91958,0.92154,GBP,0.9491862000000001,951.0200646000001,0.027646200000000065,0.92154,926.1477000000001,0.0,0.0,0.92154,921.5400000000001,0.0,2017,8,4,Friday,3,Summer
EUR/USD,2017-08-25,1.17983,1.188425,1.177482,1.18022,USD,1.2156266,1217.9752378,0.035406599999999955,1.18022,1186.1211,0.0,0.0,1.18022,1180.22,0.0,2017,8,4,Friday,3,Summer
EUR/JPY,2017-08-25,129.181,129.753006,129.108002,129.179993,JPY,133.05539279,133312.46097607003,3.875399790000017,129.179993,129825.892965,0.0,0.0,129.179993,129179.993,0.0,2017,8,4,Friday,3,Summer
EUR/GBP,2017-08-28,0.92601,0.92675,0.923,0.92607,GBP,0.9538521,955.6949793,0.027782100000000032,0.92607,930.70035,0.0,0.0,0.92607,926.0699999999999,0.0,2017,8,0,Monday,3,Summer
EUR/USD,2017-08-28,1.195143,1.197605,1.191782,1.195186,USD,1.23104158,1233.42000014,0.03585558,1.195186,1201.1619300000002,0.0,0.0,1.195186,1195.1860000000001,0.0,2017,8,0,Monday,3,Summer
EUR/JPY,2017-08-28,130.699997,130.778,130.005997,130.679001,JPY,134.59937103000001,134859.42224199002,3.920370030000015,130.679001,131332.39600500002,0.0,0.0,130.679001,130679.001,0.0,2017,8,0,Monday,3,Summer
EUR/USD,2017-08-29,1.196516,1.206695,1.196301,1.196387,USD,1.23227861,1234.6594201300002,0.03589160999999996,1.196387,1202.3689350000002,0.0,0.0,1.196387,1196.3870000000002,0.0,2017,8,1,Tuesday,3,Summer
EUR/GBP,2017-08-29,0.9255,0.9306,0.9247,0.92541,GBP,0.9531723,955.0138658999999,0.027762300000000018,0.92541,930.03705,0.0,0.0,0.92541,925.41,0.0,2017,8,1,Tuesday,3,Summer
EUR/JPY,2017-08-29,130.085999,131.123993,130.003998,130.085007,JPY,133.98755721,134246.42637393,3.9025502100000153,130.085007,130735.43203499998,0.0,0.0,130.085007,130085.00699999998,0.0,2017,8,1,Tuesday,3,Summer
EUR/GBP,2017-08-30,0.92624,0.9269,0.92158,0.92626,GBP,0.9540478,955.8910574,0.02778780000000003,0.92626,930.8913,0.0,0.0,0.92626,926.26,0.0,2017,8,2,Wednesday,3,Summer
EUR/USD,2017-08-30,1.197031,1.19861,1.189669,1.197046,USD,1.23295738,1235.3395015400001,0.03591137999999994,1.197046,1203.03123,0.0,0.0,1.197046,1197.046,0.0,2017,8,2,Wednesday,3,Summer
EUR/JPY,2017-08-30,131.386993,131.682999,131.130005,131.401001,JPY,135.34303103000002,135604.51902199,3.942030030000012,131.401001,132058.00600500003,0.0,0.0,131.401001,131401.00100000002,0.0,2017,8,2,Wednesday,3,Summer
EUR/JPY,2017-08-31,131.354004,131.565002,130.720001,131.309998,JPY,135.24929794000002,135510.60483602,3.939299940000012,131.309998,131966.54799000002,0.0,0.0,131.309998,131309.99800000002,0.0,2017,8,3,Thursday,3,Summer
EUR/GBP,2017-08-31,0.92034,0.92368,0.91859,0.9201,GBP,0.9477030000000001,949.5339990000001,0.027603000000000044,0.9201,924.7005,0.0,0.0,0.9201,920.1,0.0,2017,8,3,Thursday,3,Summer
EUR/USD,2017-08-31,1.189004,1.190816,1.182438,1.189343,USD,1.22502329,1227.39008257,0.03568028999999995,1.189343,1195.2897150000001,0.0,0.0,1.189343,1189.343,0.0,2017,8,3,Thursday,3,Summer
EUR/JPY,2017-09-01,131.149002,131.332001,130.682999,131.160995,JPY,135.09582485,135356.83523005,3.93482985,131.160995,131816.79997500003,0.0,0.0,131.160995,131160.99500000002,0.0,2017,9,4,Friday,3,Autumn
EUR/GBP,2017-09-01,0.92039,0.92197,0.91514,0.9203,GBP,0.947909,949.740397,0.027608999999999995,0.9203,924.9014999999999,0.0,0.0,0.9203,920.3,0.0,2017,9,4,Friday,3,Autumn
EUR/USD,2017-09-01,1.191086,1.197863,1.185115,1.191043,USD,1.22677429,1229.14446557,0.03573128999999997,1.191043,1196.998215,0.0,0.0,1.191043,1191.0430000000001,0.0,2017,9,4,Friday,3,Autumn
EUR/JPY,2017-09-04,130.436005,130.694,130.117996,130.459,JPY,134.37277,134632.38340999998,3.9137699999999995,130.459,131111.295,0.0,0.0,130.459,130459.0,0.0,2017,9,0,Monday,3,Autumn
EUR/USD,2017-09-04,1.188255,1.192321,1.187945,1.188284,USD,1.22393252,1226.29720516,0.03564852000000007,1.188284,1194.22542,0.0,0.0,1.188284,1188.2839999999999,0.0,2017,9,0,Monday,3,Autumn
EUR/GBP,2017-09-04,0.91642,0.92162,0.91628,0.91644,GBP,0.9439332,945.7569156000001,0.027493199999999995,0.91644,921.0222000000001,0.0,0.0,0.91644,916.44,0.0,2017,9,0,Monday,3,Autumn
EUR/USD,2017-09-05,1.189443,1.193816,1.187042,1.189343,USD,1.22502329,1227.39008257,0.03568028999999995,1.189343,1195.2897150000001,0.0,0.0,1.189343,1189.343,0.0,2017,9,1,Tuesday,3,Autumn
EUR/JPY,2017-09-05,130.567993,130.570007,129.662994,130.598999,JPY,134.51696897,134776.86097801,3.9179699700000015,130.598999,131251.993995,0.0,0.0,130.598999,130598.999,0.0,2017,9,1,Tuesday,3,Autumn
EUR/GBP,2017-09-05,0.9202,0.92125,0.91424,0.9202,GBP,0.947806,949.637198,0.02760600000000002,0.9202,924.801,0.0,0.0,0.9202,920.2,0.0,2017,9,1,Tuesday,3,Autumn
EUR/USD,2017-09-06,1.192364,1.194929,1.190377,1.192407,USD,1.22817921,1230.55209993,0.03577220999999997,1.192407,1198.369035,0.0,0.0,1.192407,1192.407,0.0,2017,9,2,Wednesday,3,Autumn
EUR/JPY,2017-09-06,129.483994,130.078003,129.350006,129.490005,JPY,133.37470515,133632.39025995,3.8847001500000147,129.490005,130137.45502499999,0.0,0.0,129.490005,129490.00499999999,0.0,2017,9,2,Wednesday,3,Autumn
EUR/GBP,2017-09-06,0.91425,0.91633,0.91292,0.9143,GBP,0.941729,943.5484570000001,0.027429000000000037,0.9143,918.8715,0.0,0.0,0.9143,914.3,0.0,2017,9,2,Wednesday,3,Autumn
EUR/USD,2017-09-07,1.192748,1.205691,1.191568,1.192777,USD,1.22856031,1230.93393623,0.03578331000000001,1.192777,1198.740885,0.0,0.0,1.192777,1192.777,0.0,2017,9,3,Thursday,3,Autumn
EUR/JPY,2017-09-07,130.182999,131.061005,129.959,130.149994,JPY,134.05449382,134313.49230806,3.9044998200000123,130.149994,130800.74397,0.0,0.0,130.149994,130149.99399999999,0.0,2017,9,3,Thursday,3,Autumn
EUR/GBP,2017-09-07,0.91412,0.92009,0.9135,0.9141,GBP,0.941523,943.3420590000001,0.027422999999999975,0.9141,918.6705000000001,0.0,0.0,0.9141,914.1,0.0,2017,9,3,Thursday,3,Autumn
EUR/JPY,2017-09-08,130.261993,130.636002,129.466003,130.227997,JPY,134.13483691,134393.99062402998,3.906839910000002,130.227997,130879.13698499999,0.0,0.0,130.227997,130227.99699999999,0.0,2017,9,4,Friday,3,Autumn
EUR/USD,2017-09-08,1.202863,1.209336,1.201894,1.202906,USD,1.23899318,1241.3869629399999,0.036087179999999996,1.202906,1208.9205299999999,0.0,0.0,1.202906,1202.906,0.0,2017,9,4,Friday,3,Autumn
EUR/GBP,2017-09-08,0.9179,0.92016,0.91118,0.91787,GBP,0.9454061,947.2326613,0.027536100000000063,0.91787,922.45935,0.0,0.0,0.91787,917.87,0.0,2017,9,4,Friday,3,Autumn
EUR/JPY,2017-09-11,130.100998,130.565002,130.046005,130.059006,JPY,133.96077618,134219.59360194003,3.9017701799999998,130.059006,130709.30103,0.0,0.0,130.059006,130059.00600000001,0.0,2017,9,0,Monday,3,Autumn
EUR/USD,2017-09-11,1.201533,1.202935,1.196244,1.201764,USD,1.23781692,1240.20843036,0.03605291999999993,1.201764,1207.7728200000001,0.0,0.0,1.201764,1201.7640000000001,0.0,2017,9,0,Monday,3,Autumn
EUR/GBP,2017-09-11,0.91055,0.91215,0.90753,0.91058,GBP,0.9378974,939.7094542,0.027317400000000047,0.91058,915.1329,0.0,0.0,0.91058,910.5799999999999,0.0,2017,9,0,Monday,3,Autumn
EUR/USD,2017-09-12,1.195858,1.197748,1.192748,1.195943,USD,1.23182129,1234.20121657,0.03587829000000009,1.195943,1201.922715,0.0,0.0,1.195943,1195.943,0.0,2017,9,1,Tuesday,3,Autumn
EUR/JPY,2017-09-12,130.843002,131.707001,130.669998,130.826996,JPY,134.75180588,135012.15160204,3.924809879999998,130.826996,131481.13098000002,0.0,0.0,130.826996,130826.99600000001,0.0,2017,9,1,Tuesday,3,Autumn
EUR/GBP,2017-09-12,0.90801,0.9082,0.89856,0.90805,GBP,0.9352915,937.0985195000001,0.02724150000000003,0.90805,912.5902500000001,0.0,0.0,0.90805,908.0500000000001,0.0,2017,9,1,Tuesday,3,Autumn
EUR/USD,2017-09-13,1.19716,1.1996,1.188566,1.197461,USD,1.23338483,1235.7677773900002,0.03592382999999999,1.197461,1203.4483050000001,0.0,0.0,1.197461,1197.461,0.0,2017,9,2,Wednesday,3,Autumn
EUR/GBP,2017-09-13,0.9008,0.90379,0.89834,0.90079,GBP,0.9278137,929.6062721,0.027023699999999984,0.90079,905.29395,0.0,0.0,0.90079,900.79,0.0,2017,9,2,Wednesday,3,Autumn
EUR/JPY,2017-09-13,131.929993,131.983994,131.513,131.955002,JPY,135.91365206,136176.24251398,3.9586500599999965,131.955002,132614.77701000002,0.0,0.0,131.955002,131955.002,0.0,2017,9,2,Wednesday,3,Autumn
EUR/USD,2017-09-14,1.189047,1.191001,1.184567,1.189061,USD,1.22473283,1227.0990613899999,0.03567183000000007,1.189061,1195.0063049999999,0.0,0.0,1.189061,1189.061,0.0,2017,9,3,Thursday,3,Autumn
EUR/GBP,2017-09-14,0.90015,0.90229,0.88699,0.90005,GBP,0.9270515,928.8425995,0.02700150000000001,0.90005,904.5502500000001,0.0,0.0,0.90005,900.0500000000001,0.0,2017,9,3,Thursday,3,Autumn
EUR/JPY,2017-09-14,131.354004,131.681,131.136002,131.369995,JPY,135.31109485,135572.52114005,3.9410998500000005,131.369995,132026.84497499999,0.0,0.0,131.369995,131369.995,0.0,2017,9,3,Thursday,3,Autumn
EUR/GBP,2017-09-15,0.88985,0.88997,0.87756,0.88968,GBP,0.9163704,918.1408632,0.026690400000000003,0.88968,894.1284,0.0,0.0,0.88968,889.6800000000001,0.0,2017,9,4,Friday,3,Autumn
EUR/JPY,2017-09-15,131.048004,133.076004,131.048004,131.031998,JPY,134.96295794,135223.71161601998,3.930959940000008,131.031998,131687.15798999998,0.0,0.0,131.031998,131031.99799999999,0.0,2017,9,4,Friday,3,Autumn
EUR/USD,2017-09-15,1.192279,1.198552,1.190235,1.192165,USD,1.22792995,1230.3023583499998,0.03576495000000013,1.192165,1198.125825,0.0,0.0,1.192165,1192.165,0.0,2017,9,4,Friday,3,Autumn
EUR/JPY,2017-09-18,132.679001,133.404007,132.641006,132.723007,JPY,136.70469721,136968.81599393,3.9816902100000107,132.723007,133386.62203499998,0.0,0.0,132.723007,132723.00699999998,0.0,2017,9,0,Monday,3,Autumn
EUR/USD,2017-09-18,1.193745,1.196888,1.191682,1.193716,USD,1.22952748,1231.90297484,0.03581148000000001,1.193716,1199.6845799999999,0.0,0.0,1.193716,1193.716,0.0,2017,9,0,Monday,3,Autumn
EUR/GBP,2017-09-18,0.87909,0.88542,0.8779,0.87929,GBP,0.9056687,907.4184871,0.026378699999999977,0.87929,883.6864499999999,0.0,0.0,0.87929,879.29,0.0,2017,9,0,Monday,3,Autumn
EUR/GBP,2017-09-19,0.8848,0.88977,0.8842,0.8848,GBP,0.911344,913.1047520000001,0.026544000000000012,0.8848,889.224,0.0,0.0,0.8848,884.8000000000001,0.0,2017,9,1,Tuesday,3,Autumn
EUR/JPY,2017-09-19,133.330002,134.132996,133.276001,133.332993,JPY,137.33298279,137598.31544607,3.9999897900000008,133.332993,133999.657965,0.0,0.0,133.332993,133332.993,0.0,2017,9,1,Tuesday,3,Autumn
EUR/USD,2017-09-19,1.196172,1.200538,1.196001,1.195929,USD,1.23180687,1234.1867687099998,0.03587786999999998,1.195929,1201.908645,0.0,0.0,1.195929,1195.929,0.0,2017,9,1,Tuesday,3,Autumn
EUR/USD,2017-09-20,1.199285,1.201923,1.198667,1.199256,USD,1.2352336800000001,1237.62019944,0.03597768000000001,1.199256,1205.2522800000002,0.0,0.0,1.199256,1199.256,0.0,2017,9,2,Wednesday,3,Autumn
EUR/GBP,2017-09-20,0.8873,0.8888,0.883,0.88734,GBP,0.9139602,915.7260066,0.026620199999999983,0.88734,891.7767,0.0,0.0,0.88734,887.34,0.0,2017,9,2,Wednesday,3,Autumn
EUR/JPY,2017-09-20,133.800995,134.014008,133.5,133.815002,JPY,137.82945206,138095.74391397997,4.0144500600000015,133.815002,134484.07700999998,0.0,0.0,133.815002,133815.00199999998,0.0,2017,9,2,Wednesday,3,Autumn
EUR/GBP,2017-09-21,0.88019,0.88332,0.87974,0.87994,GBP,0.9063382000000001,908.0892806000002,0.02639820000000004,0.87994,884.3397000000001,0.0,0.0,0.87994,879.94,0.0,2017,9,3,Thursday,3,Autumn
EUR/USD,2017-09-21,1.187296,1.195357,1.18662,1.187211,USD,1.22282733,1225.1898798900002,0.035616330000000085,1.187211,1193.147055,0.0,0.0,1.187211,1187.211,0.0,2017,9,3,Thursday,3,Autumn
EUR/JPY,2017-09-21,133.653,134.238998,133.511002,133.576004,JPY,137.58328412,137849.10036796,4.00728011999999,133.576004,134243.88402000003,0.0,0.0,133.576004,133576.00400000002,0.0,2017,9,3,Thursday,3,Autumn
EUR/JPY,2017-09-22,134.309998,134.391998,133.514999,134.322998,JPY,138.35268794,138619.99070602,4.029689939999997,134.322998,134994.61299000002,0.0,0.0,134.322998,134322.99800000002,0.0,2017,9,4,Friday,3,Autumn
EUR/USD,2017-09-22,1.194486,1.20025,1.194058,1.194558,USD,1.23039474,1232.77191042,0.03583673999999992,1.194558,1200.53079,0.0,0.0,1.194558,1194.558,0.0,2017,9,4,Friday,3,Autumn
EUR/GBP,2017-09-22,0.87959,0.88732,0.8794,0.87961,GBP,0.9059983,907.7487239000001,0.02638830000000003,0.87961,884.00805,0.0,0.0,0.87961,879.61,0.0,2017,9,4,Friday,3,Autumn
EUR/GBP,2017-09-25,0.8829,0.88305,0.87754,0.88298,GBP,0.9094694,911.2265302,0.026489399999999996,0.88298,887.3949,0.0,0.0,0.88298,882.98,0.0,2017,9,0,Monday,3,Autumn
EUR/USD,2017-09-25,1.192677,1.193887,1.185185,1.19272,USD,1.2285016,1230.8751128000001,0.03578159999999997,1.19272,1198.6836,0.0,0.0,1.19272,1192.72,0.0,2017,9,0,Monday,3,Autumn
EUR/JPY,2017-09-25,134.104996,134.225998,132.255005,134.102997,JPY,138.12608691,138392.95187403,4.02308991000001,134.102997,134773.51198499996,0.0,0.0,134.102997,134102.99699999997,0.0,2017,9,0,Monday,3,Autumn
EUR/JPY,2017-09-26,132.481003,132.481003,131.748993,132.492996,JPY,136.46778588,136731.44694204,3.974789880000003,132.492996,133155.46098,0.0,0.0,132.492996,132492.996,0.0,2017,9,1,Tuesday,3,Autumn
EUR/GBP,2017-09-26,0.8797,0.87993,0.87553,0.87959,GBP,0.9059777,907.7280841,0.026387700000000014,0.87959,883.9879500000001,0.0,0.0,0.87959,879.59,0.0,2017,9,1,Tuesday,3,Autumn
EUR/USD,2017-09-26,1.185565,1.18638,1.176526,1.185565,USD,1.22113195,1223.49122435,0.035566949999999986,1.185565,1191.492825,0.0,0.0,1.185565,1185.565,0.0,2017,9,1,Tuesday,3,Autumn
EUR/JPY,2017-09-27,132.455002,132.718994,132.098999,132.442993,JPY,136.41628279,136679.84434607,3.9732897899999955,132.442993,133105.20796499998,0.0,0.0,132.442993,132442.993,0.0,2017,9,2,Wednesday,3,Autumn
EUR/USD,2017-09-27,1.178134,1.179523,1.171921,1.178606,USD,1.21396418,1216.3096059400002,0.03535818000000002,1.178606,1184.49903,0.0,0.0,1.178606,1178.606,0.0,2017,9,2,Wednesday,3,Autumn
EUR/GBP,2017-09-27,0.87645,0.87949,0.87469,0.87662,GBP,0.9029186,904.6630738,0.02629860000000006,0.87662,881.0031,0.0,0.0,0.87662,876.62,0.0,2017,9,2,Wednesday,3,Autumn
EUR/JPY,2017-09-28,132.602997,132.867996,132.332001,132.602005,JPY,136.58006515,136843.94313995002,3.9780601500000046,132.602005,133265.015025,0.0,0.0,132.602005,132602.005,0.0,2017,9,3,Thursday,3,Autumn
EUR/USD,2017-09-28,1.175047,1.180275,1.172196,1.174964,USD,1.21021292,1212.55109836,0.03524892000000013,1.174964,1180.83882,0.0,0.0,1.174964,1174.964,0.0,2017,9,3,Thursday,3,Autumn
EUR/GBP,2017-09-28,0.87695,0.88084,0.8759,0.87686,GBP,0.9031658,904.9107514,0.026305800000000046,0.87686,881.2443000000001,0.0,0.0,0.87686,876.86,0.0,2017,9,3,Thursday,3,Autumn
EUR/JPY,2017-09-29,132.539001,133.098007,132.511993,132.496994,JPY,136.47190382,136735.57283806,3.9749098199999935,132.496994,133159.47897,0.0,0.0,132.496994,132496.994,0.0,2017,9,4,Friday,3,Autumn
EUR/USD,2017-09-29,1.178064,1.183194,1.177329,1.178175,USD,1.21352025,1215.86481825,0.035345249999999995,1.178175,1184.065875,0.0,0.0,1.178175,1178.175,0.0,2017,9,4,Friday,3,Autumn
EUR/GBP,2017-09-29,0.87718,0.88402,0.87645,0.8772,GBP,0.903516,905.261628,0.026316000000000006,0.8772,881.5859999999999,0.0,0.0,0.8772,877.1999999999999,0.0,2017,9,4,Friday,3,Autumn
EUR/JPY,2017-10-02,133.044006,133.044006,132.240005,132.979996,JPY,136.96939588,137234.02607204,3.9893998800000077,132.979996,133644.89598,0.0,0.0,132.979996,132979.996,0.0,2017,10,0,Monday,4,Autumn
EUR/GBP,2017-10-02,0.88152,0.88679,0.87645,0.8817,GBP,0.908151,909.9055830000001,0.026451000000000002,0.8817,886.1085,0.0,0.0,0.8817,881.7,0.0,2017,10,0,Monday,4,Autumn
EUR/USD,2017-10-02,1.180763,1.180763,1.173117,1.180735,USD,1.21615705,1218.50671265,0.03542204999999998,1.180735,1186.6386750000001,0.0,0.0,1.180735,1180.7350000000001,0.0,2017,10,0,Monday,4,Autumn
EUR/JPY,2017-10-03,132.315002,132.871994,132.192993,132.315994,JPY,136.28547382,136548.78264805998,3.9694798200000037,132.315994,132977.57396999997,0.0,0.0,132.315994,132315.99399999998,0.0,2017,10,1,Tuesday,4,Autumn
EUR/GBP,2017-10-03,0.88384,0.88801,0.88221,0.8838,GBP,0.9103140000000001,912.0727620000001,0.026514000000000038,0.8838,888.219,0.0,0.0,0.8838,883.8000000000001,0.0,2017,10,1,Tuesday,4,Autumn
EUR/USD,2017-10-03,1.173323,1.177163,1.169741,1.173378,USD,1.20857934,1210.91436222,0.03520133999999997,1.173378,1179.24489,0.0,0.0,1.173378,1173.378,0.0,2017,10,1,Tuesday,4,Autumn
EUR/JPY,2017-10-04,132.559998,132.727997,132.25,132.563995,JPY,136.54091485,136804.71720005,3.9769198500000016,132.563995,133226.814975,0.0,0.0,132.563995,132563.995,0.0,2017,10,2,Wednesday,4,Autumn
EUR/GBP,2017-10-04,0.88708,0.88782,0.88515,0.88715,GBP,0.9137645,915.5299285,0.026614499999999985,0.88715,891.58575,0.0,0.0,0.88715,887.15,0.0,2017,10,2,Wednesday,4,Autumn
EUR/USD,2017-10-04,1.174784,1.178675,1.174743,1.174757,USD,1.2099997100000002,1212.3374764300004,0.03524271000000012,1.174757,1180.630785,0.0,0.0,1.174757,1174.757,0.0,2017,10,2,Wednesday,4,Autumn
EUR/JPY,2017-10-05,132.641998,132.755005,131.850006,132.638,JPY,136.61714,136881.08962,3.979140000000001,132.638,133301.19,0.0,0.0,132.638,132638.0,0.0,2017,10,3,Thursday,4,Autumn
EUR/GBP,2017-10-05,0.88841,0.89307,0.8875,0.88833,GBP,0.9149799,916.7476766999999,0.026649900000000004,0.88833,892.7716499999999,0.0,0.0,0.88833,888.3299999999999,0.0,2017,10,3,Thursday,4,Autumn
EUR/USD,2017-10-05,1.175696,1.177995,1.170385,1.175724,USD,1.21099572,1213.33541076,0.03527172000000012,1.175724,1181.60262,0.0,0.0,1.175724,1175.724,0.0,2017,10,3,Thursday,4,Autumn
EUR/USD,2017-10-06,1.171399,1.173874,1.167133,1.171234,USD,1.2063710200000002,1208.7017756600003,0.035137020000000074,1.171234,1177.0901700000002,0.0,0.0,1.171234,1171.2340000000002,0.0,2017,10,4,Friday,4,Autumn
EUR/GBP,2017-10-06,0.89322,0.89916,0.89309,0.8932,GBP,0.919996,921.773468,0.026796000000000042,0.8932,897.666,0.0,0.0,0.8932,893.2,0.0,2017,10,4,Friday,4,Autumn
EUR/JPY,2017-10-06,132.100006,132.748001,131.977997,132.076004,JPY,136.03828412000001,136301.11536796004,3.9622801200000026,132.076004,132736.38402000003,0.0,0.0,132.076004,132076.00400000002,0.0,2017,10,4,Friday,4,Autumn
EUR/USD,2017-10-09,1.174288,1.175088,1.172099,1.174246,USD,1.20947338,1211.81012954,0.03522738000000003,1.174246,1180.1172299999998,0.0,0.0,1.174246,1174.2459999999999,0.0,2017,10,0,Monday,4,Autumn
EUR/GBP,2017-10-09,0.89747,0.89757,0.8906,0.89744,GBP,0.9243632,926.1491056,0.026923200000000036,0.89744,901.9272000000001,0.0,0.0,0.89744,897.44,0.0,2017,10,0,Monday,4,Autumn
EUR/JPY,2017-10-09,132.147995,132.404999,131.960007,132.156006,JPY,136.12068618,136383.67663194,3.964680180000016,132.156006,132816.78603,0.0,0.0,132.156006,132156.006,0.0,2017,10,0,Monday,4,Autumn
EUR/GBP,2017-10-10,0.89348,0.8952,0.8925,0.89334,GBP,0.9201402000000001,921.9179466,0.026800200000000052,0.89334,897.8067,0.0,0.0,0.89334,893.34,0.0,2017,10,1,Tuesday,4,Autumn
EUR/JPY,2017-10-10,132.304993,132.723007,132.272995,132.270996,JPY,136.23912588,136502.34516203997,3.9681298799999922,132.270996,132932.35098,0.0,0.0,132.270996,132270.99599999998,0.0,2017,10,1,Tuesday,4,Autumn
EUR/USD,2017-10-10,1.174191,1.181768,1.174191,1.174164,USD,1.20938892,1211.72550636,0.035224920000000104,1.174164,1180.03482,0.0,0.0,1.174164,1174.164,0.0,2017,10,1,Tuesday,4,Autumn
EUR/JPY,2017-10-11,132.718994,133.203003,132.460007,132.729996,JPY,136.71189588000001,136976.02857204003,3.9818998800000145,132.729996,133393.64598,0.0,0.0,132.729996,132729.996,0.0,2017,10,2,Wednesday,4,Autumn
EUR/GBP,2017-10-11,0.89426,0.8987,0.89399,0.89429,GBP,0.9211187000000001,922.8983371,0.02682870000000004,0.89429,898.7614500000001,0.0,0.0,0.89429,894.2900000000001,0.0,2017,10,2,Wednesday,4,Autumn
EUR/USD,2017-10-11,1.181405,1.185804,1.179635,1.181488,USD,1.2169326400000002,1219.2838011200001,0.03544464000000014,1.181488,1187.39544,0.0,0.0,1.181488,1181.488,0.0,2017,10,2,Wednesday,4,Autumn
EUR/USD,2017-10-12,1.186535,1.188072,1.18318,1.186549,USD,1.22214547,1224.5067025100002,0.03559646999999999,1.186549,1192.481745,0.0,0.0,1.186549,1186.549,0.0,2017,10,3,Thursday,4,Autumn
EUR/JPY,2017-10-12,133.365005,133.477005,132.940002,133.403,JPY,137.40509,137670.56197,4.00209000000001,133.403,134070.015,0.0,0.0,133.403,133403.0,0.0,2017,10,3,Thursday,4,Autumn
EUR/GBP,2017-10-12,0.89622,0.903,0.895,0.89614,GBP,0.9230242000000001,924.8075186000001,0.026884200000000025,0.89614,900.6207,0.0,0.0,0.89614,896.1400000000001,0.0,2017,10,3,Thursday,4,Autumn
EUR/USD,2017-10-13,1.183138,1.187437,1.180624,1.18318,USD,1.2186754,1221.0299281999999,0.035495400000000066,1.18318,1189.0958999999998,0.0,0.0,1.18318,1183.1799999999998,0.0,2017,10,4,Friday,4,Autumn
EUR/GBP,2017-10-13,0.89193,0.8928,0.88758,0.89197,GBP,0.9187291000000001,920.5041203000002,0.026759100000000036,0.89197,896.42985,0.0,0.0,0.89197,891.97,0.0,2017,10,4,Friday,4,Autumn
EUR/JPY,2017-10-13,132.785995,132.923004,132.207001,132.779999,JPY,136.76339897,137027.63116801,3.9833999699999936,132.779999,133443.89899500003,0.0,0.0,132.779999,132779.999,0.0,2017,10,4,Friday,4,Autumn
EUR/USD,2017-10-16,1.181502,1.182103,1.178106,1.181405,USD,1.21684715,1219.19814595,0.03544214999999995,1.181405,1187.312025,0.0,0.0,1.181405,1181.405,0.0,2017,10,0,Monday,4,Autumn
EUR/GBP,2017-10-16,0.88904,0.89049,0.88558,0.8889,GBP,0.915567,917.335911,0.026666999999999996,0.8889,893.3444999999999,0.0,0.0,0.8889,888.9,0.0,2017,10,0,Monday,4,Autumn
EUR/JPY,2017-10-16,132.175995,132.371994,131.679993,132.169998,JPY,136.13509794,136398.11623602,3.965099940000016,132.169998,132830.84798999998,0.0,0.0,132.169998,132169.998,0.0,2017,10,0,Monday,4,Autumn
EUR/USD,2017-10-17,1.17951,1.17951,1.17386,1.179454,USD,1.21483762,1217.18473346,0.03538361999999995,1.179454,1185.3512699999999,0.0,0.0,1.179454,1179.454,0.0,2017,10,1,Tuesday,4,Autumn
EUR/JPY,2017-10-17,132.300003,132.363007,131.839996,132.320007,JPY,136.28960721,136552.92402393,3.96960021000001,132.320007,132981.60703500002,0.0,0.0,132.320007,132320.007,0.0,2017,10,1,Tuesday,4,Autumn
EUR/GBP,2017-10-17,0.88977,0.89259,0.88585,0.88994,GBP,0.9166382,918.4091806,0.026698200000000005,0.88994,894.3897,0.0,0.0,0.88994,889.9399999999999,0.0,2017,10,1,Tuesday,4,Autumn
EUR/USD,2017-10-18,1.177288,1.177981,1.173227,1.177191,USD,1.21250673,1214.8493400900002,0.03531572999999999,1.177191,1183.076955,0.0,0.0,1.177191,1177.191,0.0,2017,10,2,Wednesday,4,Autumn
EUR/GBP,2017-10-18,0.89225,0.89465,0.89097,0.8922,GBP,0.9189660000000001,920.741478,0.026766000000000068,0.8922,896.6610000000001,0.0,0.0,0.8922,892.2,0.0,2017,10,2,Wednesday,4,Autumn
EUR/JPY,2017-10-18,132.085999,133.063004,131.990005,132.084,JPY,136.04652000000002,136309.36716000002,3.962520000000012,132.084,132744.42,0.0,0.0,132.084,132084.0,0.0,2017,10,2,Wednesday,4,Autumn
EUR/USD,2017-10-19,1.179357,1.185719,1.176997,1.179523,USD,1.2149086900000001,1217.2559407700003,0.035385690000000025,1.179523,1185.4206150000002,0.0,0.0,1.179523,1179.5230000000001,0.0,2017,10,3,Thursday,4,Autumn
EUR/JPY,2017-10-19,133.264999,133.613007,132.496994,133.292007,JPY,137.29076721,137556.01830393003,3.9987602100000004,133.292007,133958.467035,0.0,0.0,133.292007,133292.007,0.0,2017,10,3,Thursday,4,Autumn
EUR/GBP,2017-10-19,0.89259,0.89895,0.89259,0.89262,GBP,0.9193986,921.1749138,0.026778599999999986,0.89262,897.0831000000001,0.0,0.0,0.89262,892.62,0.0,2017,10,3,Thursday,4,Autumn
EUR/JPY,2017-10-20,133.498001,133.944,133.419998,133.492996,JPY,137.49778588,137763.43694204002,4.004789880000004,133.492996,134160.46098,0.0,0.0,133.492996,133492.996,0.0,2017,10,4,Friday,4,Autumn
EUR/USD,2017-10-20,1.185199,1.185804,1.1765,1.184806,USD,1.22035018,1222.7079439400002,0.035544180000000036,1.184806,1190.73003,0.0,0.0,1.184806,1184.806,0.0,2017,10,4,Friday,4,Autumn
EUR/GBP,2017-10-20,0.90093,0.90214,0.89273,0.90086,GBP,0.9278858,929.6785114,0.02702579999999999,0.90086,905.3643,0.0,0.0,0.90086,900.86,0.0,2017,10,4,Friday,4,Autumn
EUR/USD,2017-10-23,1.175475,1.177899,1.173406,1.175364,USD,1.21062492,1212.9638943600003,0.03526092000000003,1.175364,1181.24082,0.0,0.0,1.175364,1175.364,0.0,2017,10,0,Monday,4,Autumn
EUR/GBP,2017-10-23,0.89101,0.89269,0.8898,0.89106,GBP,0.9177917999999999,919.5650094,0.026731799999999972,0.89106,895.5152999999999,0.0,0.0,0.89106,891.06,0.0,2017,10,0,Monday,4,Autumn
EUR/JPY,2017-10-23,134.057007,134.078995,133.501999,134.041,JPY,138.06223,138328.97159,4.021230000000003,134.041,134711.205,0.0,0.0,134.041,134041.0,0.0,2017,10,0,Monday,4,Autumn
EUR/GBP,2017-10-24,0.89032,0.89679,0.88939,0.89,GBP,0.9167000000000001,918.4711000000001,0.026700000000000057,0.89,894.45,0.0,0.0,0.89,890.0,0.0,2017,10,1,Tuesday,4,Autumn
EUR/JPY,2017-10-24,133.203995,134.166,133.203995,133.231995,JPY,137.22895485,137494.08652005,3.996959849999996,133.231995,133898.154975,0.0,0.0,133.231995,133231.99500000002,0.0,2017,10,1,Tuesday,4,Autumn
EUR/USD,2017-10-24,1.17553,1.177718,1.174384,1.175917,USD,1.2111945100000001,1213.53458483,0.03527751000000001,1.175917,1181.796585,0.0,0.0,1.175917,1175.9170000000001,0.0,2017,10,1,Tuesday,4,Autumn
EUR/JPY,2017-10-25,133.979004,134.483002,133.759995,133.981003,JPY,138.00043309,138267.05528597,4.019430090000014,133.981003,134650.908015,0.0,0.0,133.981003,133981.003,0.0,2017,10,2,Wednesday,4,Autumn
EUR/GBP,2017-10-25,0.89563,0.89722,0.88806,0.8954,GBP,0.922262,924.043846,0.026862000000000053,0.8954,899.877,0.0,0.0,0.8954,895.4,0.0,2017,10,2,Wednesday,4,Autumn
EUR/USD,2017-10-25,1.175986,1.181754,1.175378,1.175903,USD,1.21118009,1213.52013697,0.03527709000000012,1.175903,1181.782515,0.0,0.0,1.175903,1175.903,0.0,2017,10,2,Wednesday,4,Autumn
EUR/GBP,2017-10-26,0.89065,0.89554,0.88736,0.8905,GBP,0.917215,918.9870950000001,0.026715000000000044,0.8905,894.9525,0.0,0.0,0.8905,890.5,0.0,2017,10,3,Thursday,4,Autumn
EUR/USD,2017-10-26,1.182215,1.183558,1.169221,1.182075,USD,1.2175372500000001,1219.88957925,0.03546225000000014,1.182075,1187.985375,0.0,0.0,1.182075,1182.075,0.0,2017,10,3,Thursday,4,Autumn
EUR/JPY,2017-10-26,134.222,134.473999,132.996002,134.223999,JPY,138.25071897,138517.82472801002,4.026719970000016,134.223999,134895.11899499997,0.0,0.0,134.223999,134223.99899999998,0.0,2017,10,3,Thursday,4,Autumn
EUR/GBP,2017-10-27,0.8865,0.89008,0.88253,0.88632,GBP,0.9129096,914.6733767999999,0.02658959999999999,0.88632,890.7516,0.0,0.0,0.88632,886.32,0.0,2017,10,4,Friday,4,Autumn
EUR/JPY,2017-10-27,132.820007,132.942001,131.749298,132.802994,JPY,136.78708382000002,137051.36177806003,3.9840898200000083,132.802994,133467.00897,0.0,0.0,132.802994,132802.994,0.0,2017,10,4,Friday,4,Autumn
EUR/USD,2017-10-27,1.1639,1.164415,1.157595,1.163724,USD,1.19863572,1200.95153076,0.03491171999999998,1.163724,1169.54262,0.0,0.0,1.163724,1163.724,0.0,2017,10,4,Friday,4,Autumn
EUR/GBP,2017-10-30,0.8836,0.88481,0.87931,0.88356,GBP,0.9100668000000001,911.8250844,0.026506800000000053,0.88356,887.9778000000001,0.0,0.0,0.88356,883.5600000000001,0.0,2017,10,0,Monday,4,Autumn
EUR/JPY,2017-10-30,131.945007,132.268005,131.539993,131.985001,JPY,135.94455103,136207.20118199,3.9595500300000026,131.985001,132644.92600500002,0.0,0.0,131.985001,131985.00100000002,0.0,2017,10,0,Monday,4,Autumn
EUR/USD,2017-10-30,1.160726,1.16428,1.15981,1.160456,USD,1.19526968,1197.5789874400002,0.03481368000000007,1.160456,1166.25828,0.0,0.0,1.160456,1160.456,0.0,2017,10,0,Monday,4,Autumn
EUR/GBP,2017-10-31,0.88181,0.88229,0.87684,0.88192,GBP,0.9083776,910.1326208,0.02645759999999997,0.88192,886.3296,0.0,0.0,0.88192,881.9200000000001,0.0,2017,10,1,Tuesday,4,Autumn
EUR/JPY,2017-10-31,131.682999,132.378998,131.509995,131.667007,JPY,135.61701721000003,135879.03455393002,3.9500102100000163,131.667007,132325.342035,0.0,0.0,131.667007,131667.007,0.0,2017,10,1,Tuesday,4,Autumn
EUR/USD,2017-10-31,1.164985,1.165895,1.162561,1.16527,USD,1.2002281000000001,1202.5469873,0.0349581000000001,1.16527,1171.09635,0.0,0.0,1.16527,1165.27,0.0,2017,10,1,Tuesday,4,Autumn
EUR/JPY,2017-11-01,132.427994,132.828003,132.369995,132.419998,JPY,136.39259794,136656.11373602,3.972599940000009,132.419998,133082.09798999998,0.0,0.0,132.419998,132419.998,0.0,2017,11,2,Wednesday,4,Autumn
EUR/GBP,2017-11-01,0.87661,0.87761,0.8734,0.87653,GBP,0.9028259000000001,904.5701947,0.02629590000000004,0.87653,880.9126500000001,0.0,0.0,0.87653,876.5300000000001,0.0,2017,11,2,Wednesday,4,Autumn
EUR/USD,2017-11-01,1.165162,1.165746,1.160833,1.165175,USD,1.2001302500000002,1202.44894825,0.034955250000000104,1.165175,1171.0008750000002,0.0,0.0,1.165175,1165.1750000000002,0.0,2017,11,2,Wednesday,4,Autumn
EUR/GBP,2017-11-02,0.8772,0.89362,0.8767,0.87723,GBP,0.9035468999999999,905.2925876999999,0.026316899999999976,0.87723,881.61615,0.0,0.0,0.87723,877.2299999999999,0.0,2017,11,3,Thursday,4,Autumn
EUR/JPY,2017-11-02,132.770004,133.113007,132.591003,132.742996,JPY,136.72528588,136989.44444204,3.982289879999996,132.742996,133406.71098,0.0,0.0,132.742996,132742.996,0.0,2017,11,3,Thursday,4,Autumn
EUR/USD,2017-11-02,1.162912,1.16873,1.162885,1.162872,USD,1.19775816,1200.07227528,0.03488616000000011,1.162872,1168.68636,0.0,0.0,1.162872,1162.8719999999998,0.0,2017,11,3,Thursday,4,Autumn
EUR/USD,2017-11-03,1.166317,1.168675,1.160524,1.166181,USD,1.20116643,1203.48713019,0.034985430000000095,1.166181,1172.0119049999998,0.0,0.0,1.166181,1166.1809999999998,0.0,2017,11,4,Friday,4,Autumn
EUR/GBP,2017-11-03,0.8932,0.89336,0.88785,0.8929,GBP,0.919687,921.463871,0.026787000000000005,0.8929,897.3645,0.0,0.0,0.8929,892.9,0.0,2017,11,4,Friday,4,Autumn
EUR/JPY,2017-11-03,132.936005,132.985001,132.537994,132.910004,JPY,136.89730412,137161.79502796,3.9873001200000147,132.910004,133574.55401999998,0.0,0.0,132.910004,132910.004,0.0,2017,11,4,Friday,4,Autumn
EUR/USD,2017-11-06,1.161535,1.162656,1.158279,1.161494,USD,1.19633882,1198.65019306,0.03484482,1.161494,1167.3014699999999,0.0,0.0,1.161494,1161.494,0.0,2017,11,0,Monday,4,Autumn
EUR/GBP,2017-11-06,0.88799,0.88883,0.88213,0.8878,GBP,0.9144340000000001,916.200722,0.026634000000000047,0.8878,892.239,0.0,0.0,0.8878,887.8000000000001,0.0,2017,11,0,Monday,4,Autumn
EUR/JPY,2017-11-06,132.630005,133.115005,132.024002,132.589996,JPY,136.56769588000003,136831.54997204005,3.977699880000017,132.589996,133252.94598000002,0.0,0.0,132.589996,132589.996,0.0,2017,11,0,Monday,4,Autumn
EUR/JPY,2017-11-07,132.106003,132.403,131.850006,132.112,JPY,136.07536,136338.26288,3.9633599999999944,132.112,132772.56,0.0,0.0,132.112,132112.0,0.0,2017,11,1,Tuesday,4,Autumn
EUR/GBP,2017-11-07,0.8814,0.88325,0.87922,0.8813,GBP,0.907739,909.4927869999999,0.02643899999999999,0.8813,885.7065,0.0,0.0,0.8813,881.3,0.0,2017,11,1,Tuesday,4,Autumn
EUR/USD,2017-11-07,1.161184,1.16171,1.155588,1.161265,USD,1.19610295,1198.41386735,0.034837950000000006,1.161265,1167.0713250000001,0.0,0.0,1.161265,1161.265,0.0,2017,11,1,Tuesday,4,Autumn
EUR/JPY,2017-11-08,131.953003,132.164001,131.401993,131.968994,JPY,135.92806382,136190.68211806,3.9590698199999963,131.968994,132628.83897,0.0,0.0,131.968994,131968.994,0.0,2017,11,2,Wednesday,4,Autumn
EUR/USD,2017-11-08,1.160254,1.160955,1.158118,1.160106,USD,1.19490918,1197.2177909400002,0.034803179999999934,1.160106,1165.90653,0.0,0.0,1.160106,1160.106,0.0,2017,11,2,Wednesday,4,Autumn
EUR/GBP,2017-11-08,0.88072,0.88619,0.8799,0.8806,GBP,0.9070180000000001,908.7703940000001,0.026418000000000053,0.8806,885.003,0.0,0.0,0.8806,880.6,0.0,2017,11,2,Wednesday,4,Autumn
EUR/JPY,2017-11-09,132.095993,132.244995,131.522995,132.076004,JPY,136.03828412000001,136301.11536796004,3.9622801200000026,132.076004,132736.38402000003,0.0,0.0,132.076004,132076.00400000002,0.0,2017,11,3,Thursday,4,Autumn
EUR/GBP,2017-11-09,0.884,0.88763,0.8824,0.88408,GBP,0.9106024,912.3617192,0.026522400000000057,0.88408,888.5003999999999,0.0,0.0,0.88408,884.0799999999999,0.0,2017,11,3,Thursday,4,Autumn
EUR/USD,2017-11-09,1.159555,1.165257,1.158641,1.159689,USD,1.19447967,1196.78745111,0.034790670000000024,1.159689,1165.487445,0.0,0.0,1.159689,1159.689,0.0,2017,11,3,Thursday,4,Autumn
EUR/GBP,2017-11-10,0.886,0.8871,0.88125,0.88606,GBP,0.9126418,914.4050594,0.02658179999999999,0.88606,890.4902999999999,0.0,0.0,0.88606,886.06,0.0,2017,11,4,Friday,4,Autumn
EUR/JPY,2017-11-10,132.014008,132.311996,131.960007,132.039993,JPY,136.00119279,136263.95237607,3.961199789999995,132.039993,132700.19296500002,0.0,0.0,132.039993,132039.99300000002,0.0,2017,11,4,Friday,4,Autumn
EUR/USD,2017-11-10,1.164524,1.167515,1.162399,1.164687,USD,1.19962761,1201.94533713,0.03494061000000004,1.164687,1170.5104350000001,0.0,0.0,1.164687,1164.6870000000001,0.0,2017,11,4,Friday,4,Autumn
EUR/USD,2017-11-13,1.166113,1.167515,1.163873,1.166113,USD,1.20109639,1203.41695487,0.03498339000000006,1.166113,1171.943565,0.0,0.0,1.166113,1166.113,0.0,2017,11,0,Monday,4,Autumn
EUR/JPY,2017-11-13,132.567001,132.567001,131.910004,132.563995,JPY,136.54091485,136804.71720005,3.9769198500000016,132.563995,133226.814975,0.0,0.0,132.563995,132563.995,0.0,2017,11,0,Monday,4,Autumn
EUR/GBP,2017-11-13,0.88881,0.89226,0.88725,0.8888,GBP,0.915464,917.2327120000001,0.02666400000000002,0.8888,893.244,0.0,0.0,0.8888,888.8000000000001,0.0,2017,11,0,Monday,4,Autumn
EUR/USD,2017-11-14,1.166494,1.177413,1.16633,1.166494,USD,1.20148882,1203.81014306,0.03499482000000009,1.166494,1172.32647,0.0,0.0,1.166494,1166.494,0.0,2017,11,1,Tuesday,4,Autumn
EUR/GBP,2017-11-14,0.88906,0.89738,0.88896,0.8891,GBP,0.9157730000000001,917.542309,0.026673000000000058,0.8891,893.5455000000001,0.0,0.0,0.8891,889.1,0.0,2017,11,1,Tuesday,4,Autumn
EUR/JPY,2017-11-14,132.509003,133.524994,132.479996,132.470001,JPY,136.44410103,136707.71633199003,3.9741000300000167,132.470001,133132.35100499997,0.0,0.0,132.470001,132470.001,0.0,2017,11,1,Tuesday,4,Autumn
EUR/GBP,2017-11-15,0.89604,0.90106,0.8957,0.8961,GBP,0.922983,924.7662389999999,0.02688299999999999,0.8961,900.5805,0.0,0.0,0.8961,896.1,0.0,2017,11,2,Wednesday,4,Autumn
EUR/USD,2017-11-15,1.179176,1.185944,1.178606,1.179287,USD,1.21466561,1217.01239113,0.03537860999999998,1.179287,1185.1834350000001,0.0,0.0,1.179287,1179.287,0.0,2017,11,2,Wednesday,4,Autumn
EUR/JPY,2017-11-15,133.714005,133.828995,133.160995,133.735001,JPY,137.74705103000002,138013.18368199002,4.012050030000012,133.735001,134403.67600500002,0.0,0.0,133.735001,133735.00100000002,0.0,2017,11,2,Wednesday,4,Autumn
EUR/JPY,2017-11-17,133.134995,133.139999,132.059998,133.113998,JPY,137.10741794,137372.31479602001,3.9934199399999954,133.113998,133779.56799,0.0,0.0,133.113998,133113.99800000002,0.0,2017,11,4,Friday,4,Autumn
EUR/GBP,2017-11-17,0.89223,0.89529,0.8898,0.89217,GBP,0.9189351,920.7105183,0.026765099999999986,0.89217,896.6308500000001,0.0,0.0,0.89217,892.1700000000001,0.0,2017,11,4,Friday,4,Autumn
EUR/USD,2017-11-17,1.177732,1.182173,1.177468,1.177745,USD,1.21307735,1215.42106255,0.03533235000000001,1.177745,1183.6337250000001,0.0,0.0,1.177745,1177.7450000000001,0.0,2017,11,4,Friday,4,Autumn
EUR/GBP,2017-11-20,0.88875,0.89033,0.8856,0.8886,GBP,0.915258,917.0263140000001,0.02665800000000007,0.8886,893.0429999999999,0.0,0.0,0.8886,888.5999999999999,0.0,2017,11,0,Monday,4,Autumn
EUR/USD,2017-11-20,1.173213,1.180749,1.172594,1.173186,USD,1.2083815800000002,1210.7162201400001,0.035195580000000115,1.173186,1179.05193,0.0,0.0,1.173186,1173.1860000000001,0.0,2017,11,0,Monday,4,Autumn
EUR/JPY,2017-11-20,131.414993,132.455994,131.292007,131.434006,JPY,135.37702618,135638.57985194,3.9430201799999907,131.434006,132091.17603000003,0.0,0.0,131.434006,131434.00600000002,0.0,2017,11,0,Monday,4,Autumn
EUR/JPY,2017-11-21,132.117004,132.255005,131.574997,132.102997,JPY,136.06608691,136328.97187403,3.963089910000008,132.102997,132763.51198499996,0.0,0.0,132.102997,132102.99699999997,0.0,2017,11,1,Tuesday,4,Autumn
EUR/GBP,2017-11-21,0.88635,0.88772,0.88425,0.88632,GBP,0.9129096,914.6733767999999,0.02658959999999999,0.88632,890.7516,0.0,0.0,0.88632,886.32,0.0,2017,11,1,Tuesday,4,Autumn
EUR/USD,2017-11-21,1.173874,1.175668,1.17155,1.174122,USD,1.20934566,1211.6821627800002,0.03522365999999999,1.174122,1179.99261,0.0,0.0,1.174122,1174.122,0.0,2017,11,1,Tuesday,4,Autumn
EUR/JPY,2017-11-22,131.893997,131.897995,131.466507,131.845993,JPY,135.80137279,136063.74631607,3.955379789999995,131.845993,132505.222965,0.0,0.0,131.845993,131845.993,0.0,2017,11,2,Wednesday,4,Autumn
EUR/USD,2017-11-22,1.174095,1.179816,1.173557,1.173723,USD,1.2089346900000002,1211.2703987700004,0.03521169000000013,1.173723,1179.5916150000003,0.0,0.0,1.173723,1173.7230000000002,0.0,2017,11,2,Wednesday,4,Autumn
EUR/GBP,2017-11-22,0.88627,0.88905,0.8854,0.88605,GBP,0.9126315,914.3947395000001,0.026581500000000036,0.88605,890.48025,0.0,0.0,0.88605,886.05,0.0,2017,11,2,Wednesday,4,Autumn
EUR/USD,2017-11-23,1.181516,1.1855,1.181447,1.181474,USD,1.21691822,1219.2693532600001,0.035444220000000026,1.181474,1187.3813699999998,0.0,0.0,1.181474,1181.474,0.0,2017,11,3,Thursday,4,Autumn
EUR/JPY,2017-11-23,131.460007,131.869003,131.231003,131.479996,JPY,135.42439588,135686.04107204,3.9443998799999918,131.479996,132137.39598,0.0,0.0,131.479996,131479.996,0.0,2017,11,3,Thursday,4,Autumn
EUR/GBP,2017-11-23,0.88729,0.89099,0.88681,0.8871,GBP,0.913713,915.4783289999999,0.026612999999999998,0.8871,891.5355000000001,0.0,0.0,0.8871,887.1,0.0,2017,11,3,Thursday,4,Autumn
EUR/JPY,2017-11-24,131.845001,133.212997,131.839996,131.839996,JPY,135.79519588000002,136057.55747204,3.955199880000009,131.839996,132499.19598000002,0.0,0.0,131.839996,131839.996,0.0,2017,11,4,Friday,4,Autumn
EUR/USD,2017-11-24,1.185087,1.194372,1.183726,1.185396,USD,1.2209578799999998,1223.31681804,0.035561879999999935,1.185396,1191.32298,0.0,0.0,1.185396,1185.396,0.0,2017,11,4,Friday,4,Autumn
EUR/GBP,2017-11-24,0.89057,0.8951,0.88935,0.8906,GBP,0.917318,919.090294,0.02671800000000002,0.8906,895.0529999999999,0.0,0.0,0.8906,890.5999999999999,0.0,2017,11,4,Friday,4,Autumn
EUR/JPY,2017-11-27,133.173996,133.173996,132.129593,133.179001,JPY,137.17437103,137439.39724199002,3.9953700300000037,133.179001,133844.896005,0.0,0.0,133.179001,133179.001,0.0,2017,11,0,Monday,4,Autumn
EUR/USD,2017-11-27,1.192876,1.196043,1.190816,1.192649,USD,1.22842847,1230.80184151,0.035779470000000035,1.192649,1198.612245,0.0,0.0,1.192649,1192.6490000000001,0.0,2017,11,0,Monday,4,Autumn
EUR/GBP,2017-11-27,0.8952,0.89653,0.89293,0.89507,GBP,0.9219221000000001,923.7032893000002,0.026852100000000045,0.89507,899.5453500000001,0.0,0.0,0.89507,895.07,0.0,2017,11,0,Monday,4,Autumn
EUR/JPY,2017-11-28,132.320999,132.548996,131.970001,132.341995,JPY,136.31225485,136575.61542005,3.970259849999991,132.341995,133003.704975,0.0,0.0,132.341995,132341.995,0.0,2017,11,1,Tuesday,4,Autumn
EUR/USD,2017-11-28,1.190405,1.1921,1.186746,1.19049,USD,1.2262047,1228.5737751,0.03571469999999999,1.19049,1196.44245,0.0,0.0,1.19049,1190.49,0.0,2017,11,1,Tuesday,4,Autumn
EUR/GBP,2017-11-28,0.89356,0.89801,0.8922,0.8935,GBP,0.9203049999999999,922.0830649999999,0.026804999999999968,0.8935,897.9675,0.0,0.0,0.8935,893.5,0.0,2017,11,1,Tuesday,4,Autumn
EUR/GBP,2017-11-29,0.8865,0.88728,0.88185,0.88646,GBP,0.9130538,914.8178554,0.0265938,0.88646,890.8923000000001,0.0,0.0,0.88646,886.46,0.0,2017,11,2,Wednesday,4,Autumn
EUR/JPY,2017-11-29,132.248001,132.731003,132.0,132.274002,JPY,136.24222206,136505.44732398,3.968220059999993,132.274002,132935.37201000002,0.0,0.0,132.274002,132274.002,0.0,2017,11,2,Wednesday,4,Autumn
EUR/USD,2017-11-29,1.184974,1.188495,1.182005,1.184806,USD,1.22035018,1222.7079439400002,0.035544180000000036,1.184806,1190.73003,0.0,0.0,1.184806,1184.806,0.0,2017,11,2,Wednesday,4,Autumn
EUR/JPY,2017-11-30,132.744995,133.690002,132.667999,132.733994,JPY,136.71601382,136980.15446806,3.982019820000005,132.733994,133397.66397,0.0,0.0,132.733994,132733.994,0.0,2017,11,3,Thursday,4,Autumn
EUR/USD,2017-11-30,1.185003,1.192976,1.181502,1.185199,USD,1.22075497,1223.11351601,0.0355559700000001,1.185199,1191.124995,0.0,0.0,1.185199,1185.1989999999998,0.0,2017,11,3,Thursday,4,Autumn
EUR/GBP,2017-11-30,0.88331,0.8839,0.87769,0.8833,GBP,0.909799,911.5567669999999,0.02649900000000005,0.8833,887.7165,0.0,0.0,0.8833,883.3,0.0,2017,11,3,Thursday,4,Autumn
EUR/USD,2017-12-01,1.18991,1.193987,1.185213,1.189825,USD,1.22551975,1227.88750175,0.03569475,1.189825,1195.774125,0.0,0.0,1.189825,1189.8249999999998,0.0,2017,12,4,Friday,4,Winter
EUR/JPY,2017-12-01,133.923004,134.343002,132.973007,133.917007,JPY,137.93451721000002,138201.01205393003,4.017510210000012,133.917007,134586.592035,0.0,0.0,133.917007,133917.007,0.0,2017,12,4,Friday,4,Winter
EUR/GBP,2017-12-01,0.87929,0.88405,0.87885,0.87935,GBP,0.9057305,907.4804065,0.02638050000000003,0.87935,883.7467499999999,0.0,0.0,0.87935,879.3499999999999,0.0,2017,12,4,Friday,4,Winter
EUR/USD,2017-12-04,1.185705,1.187874,1.183124,1.185986,USD,1.22156558,1223.92569214,0.035579580000000055,1.185986,1191.91593,0.0,0.0,1.185986,1185.9859999999999,0.0,2017,12,0,Monday,4,Winter
EUR/GBP,2017-12-04,0.87883,0.88315,0.87558,0.87882,GBP,0.9051846000000001,906.9334518000002,0.02636460000000007,0.87882,883.2141,0.0,0.0,0.87882,878.82,0.0,2017,12,0,Monday,4,Winter
EUR/JPY,2017-12-04,133.783997,134.033005,133.507996,133.843002,JPY,137.85829206000003,138124.63963398003,4.015290060000012,133.843002,134512.21701000002,0.0,0.0,133.843002,133843.002,0.0,2017,12,0,Monday,4,Winter
EUR/GBP,2017-12-05,0.88086,0.88633,0.87794,0.88076,GBP,0.9071828,908.9355123999999,0.02642279999999997,0.88076,885.1638,0.0,0.0,0.88076,880.76,0.0,2017,12,1,Tuesday,4,Winter
EUR/USD,2017-12-05,1.186859,1.187931,1.180889,1.186775,USD,1.22237825,1224.73993225,0.035603250000000086,1.186775,1192.7088749999998,0.0,0.0,1.186775,1186.7749999999999,0.0,2017,12,1,Tuesday,4,Winter
EUR/JPY,2017-12-05,133.524002,133.738007,133.209,133.505997,JPY,137.51117691000002,137776.85384403,4.00517991000001,133.505997,134173.526985,0.0,0.0,133.505997,133505.997,0.0,2017,12,1,Tuesday,4,Winter
EUR/JPY,2017-12-06,133.052002,133.056,132.253998,133.054993,JPY,137.04664279,137311.42222607,3.9916497899999968,133.054993,133720.26796499998,0.0,0.0,133.054993,133054.993,0.0,2017,12,2,Wednesday,4,Winter
EUR/USD,2017-12-06,1.183054,1.184834,1.178134,1.183292,USD,1.21879076,1221.14551108,0.035498760000000074,1.183292,1189.2084599999998,0.0,0.0,1.183292,1183.292,0.0,2017,12,2,Wednesday,4,Winter
EUR/GBP,2017-12-06,0.882,0.8852,0.8801,0.88188,GBP,0.9083364,910.0913412,0.026456400000000047,0.88188,886.2894,0.0,0.0,0.88188,881.88,0.0,2017,12,2,Wednesday,4,Winter
EUR/JPY,2017-12-07,132.585007,132.947006,132.570007,132.546997,JPY,136.52340691,136787.17543403,3.976409910000001,132.546997,133209.731985,0.0,0.0,132.546997,132546.997,0.0,2017,12,3,Thursday,4,Winter
EUR/GBP,2017-12-07,0.8815,0.8848,0.87782,0.8814,GBP,0.907842,909.595986,0.026442000000000077,0.8814,885.807,0.0,0.0,0.8814,881.4,0.0,2017,12,3,Thursday,4,Winter
EUR/USD,2017-12-07,1.180498,1.180916,1.177718,1.180429,USD,1.21584187,1218.1909237099999,0.03541287000000004,1.180429,1186.3311449999999,0.0,0.0,1.180429,1180.4289999999999,0.0,2017,12,3,Thursday,4,Winter
EUR/JPY,2017-12-08,133.253006,133.595001,133.113007,133.229996,JPY,137.22689588,137492.02357204,3.996899880000001,133.229996,133896.14598,0.0,0.0,133.229996,133229.996,0.0,2017,12,4,Friday,4,Winter
EUR/GBP,2017-12-08,0.8729,0.8805,0.86911,0.87309,GBP,0.8992827000000001,901.0201491000001,0.02619270000000007,0.87309,877.45545,0.0,0.0,0.87309,873.09,0.0,2017,12,4,Friday,4,Winter
EUR/USD,2017-12-08,1.17744,1.177718,1.173186,1.177218,USD,1.21253454,1214.8772038200002,0.03531653999999995,1.177218,1183.10409,0.0,0.0,1.177218,1177.218,0.0,2017,12,4,Friday,4,Winter
EUR/USD,2017-12-11,1.176928,1.181042,1.176886,1.176997,USD,1.2123069100000001,1214.64913403,0.035309910000000055,1.176997,1182.881985,0.0,0.0,1.176997,1176.997,0.0,2017,12,0,Monday,4,Winter
EUR/GBP,2017-12-11,0.8788,0.8838,0.87756,0.8786,GBP,0.904958,906.7064140000001,0.026357999999999993,0.8786,882.993,0.0,0.0,0.8786,878.6,0.0,2017,12,0,Monday,4,Winter
EUR/JPY,2017-12-11,133.598007,133.873993,133.520004,133.608994,JPY,137.61726382,137883.14571806,4.0082698200000095,133.608994,134277.03897,0.0,0.0,133.608994,133608.994,0.0,2017,12,0,Monday,4,Winter
EUR/JPY,2017-12-12,133.722,133.746994,133.171005,133.697006,JPY,137.70791617999998,137973.97322193996,4.010910179999996,133.697006,134365.49103,0.0,0.0,133.697006,133697.006,0.0,2017,12,1,Tuesday,4,Winter
EUR/GBP,2017-12-12,0.88235,0.88423,0.87925,0.88219,GBP,0.9086557000000001,910.4112581,0.026465700000000036,0.88219,886.60095,0.0,0.0,0.88219,882.19,0.0,2017,12,1,Tuesday,4,Winter
EUR/USD,2017-12-12,1.177718,1.179299,1.171893,1.177759,USD,1.2130917700000001,1215.4355104100002,0.035332770000000124,1.177759,1183.647795,0.0,0.0,1.177759,1177.759,0.0,2017,12,1,Tuesday,4,Winter
EUR/USD,2017-12-13,1.174357,1.177024,1.173048,1.17426,USD,1.2094878000000002,1211.8245774000004,0.03522780000000014,1.17426,1180.1313,0.0,0.0,1.17426,1174.26,0.0,2017,12,2,Wednesday,4,Winter
EUR/JPY,2017-12-13,133.300003,133.328995,132.880005,133.322998,JPY,137.32268794,137588.00070602002,3.999689939999996,133.322998,133989.61299000002,0.0,0.0,133.322998,133322.99800000002,0.0,2017,12,2,Wednesday,4,Winter
EUR/GBP,2017-12-13,0.88157,0.8825,0.87824,0.88155,GBP,0.9079965,909.7507845,0.02644650000000004,0.88155,885.9577499999999,0.0,0.0,0.88155,881.55,0.0,2017,12,2,Wednesday,4,Winter
EUR/USD,2017-12-14,1.183992,1.185986,1.177163,1.183586,USD,1.21909358,1221.44891614,0.03550757999999998,1.183586,1189.50393,0.0,0.0,1.183586,1183.586,0.0,2017,12,3,Thursday,4,Winter
EUR/JPY,2017-12-14,133.449005,133.705994,132.455002,133.479996,JPY,137.48439588,137750.02107204,4.004399879999994,133.479996,134147.39598,0.0,0.0,133.479996,133479.996,0.0,2017,12,3,Thursday,4,Winter
EUR/GBP,2017-12-14,0.88258,0.88319,0.8762,0.88263,GBP,0.9091089,910.8653337,0.026478899999999972,0.88263,887.04315,0.0,0.0,0.88263,882.63,0.0,2017,12,3,Thursday,4,Winter
EUR/USD,2017-12-15,1.177523,1.181401,1.176166,1.177496,USD,1.2128208800000002,1215.1640970400001,0.035324880000000114,1.177496,1183.3834800000002,0.0,0.0,1.177496,1177.496,0.0,2017,12,4,Friday,4,Winter
EUR/JPY,2017-12-15,132.330002,132.714996,132.050003,132.339996,JPY,136.31019588,136573.55247204003,3.9701998799999956,132.339996,133001.69598000002,0.0,0.0,132.339996,132339.996,0.0,2017,12,4,Friday,4,Winter
EUR/GBP,2017-12-15,0.87656,0.88591,0.87623,0.87653,GBP,0.9028259000000001,904.5701947,0.02629590000000004,0.87653,880.9126500000001,0.0,0.0,0.87653,876.5300000000001,0.0,2017,12,4,Friday,4,Winter
EUR/GBP,2017-12-18,0.88175,0.88386,0.87925,0.88178,GBP,0.9082334000000001,909.9881422000001,0.02645340000000007,0.88178,886.1889,0.0,0.0,0.88178,881.78,0.0,2017,12,0,Monday,4,Winter
EUR/JPY,2017-12-18,132.380005,132.994003,132.350006,132.365005,JPY,136.33595515,136599.36150995,3.970950149999993,132.365005,133026.830025,0.0,0.0,132.365005,132365.005,0.0,2017,12,0,Monday,4,Winter
EUR/USD,2017-12-18,1.174674,1.183432,1.174315,1.174357,USD,1.20958771,1211.92468043,0.03523071,1.174357,1180.2287850000002,0.0,0.0,1.174357,1174.3570000000002,0.0,2017,12,0,Monday,4,Winter
EUR/JPY,2017-12-19,132.660004,133.574997,132.600006,132.651001,JPY,136.63053103000001,136894.50652199,3.9795300300000065,132.651001,133314.25600500003,0.0,0.0,132.651001,132651.00100000002,0.0,2017,12,1,Tuesday,4,Winter
EUR/USD,2017-12-19,1.178287,1.183292,1.177704,1.178425,USD,1.21377775,1216.12281575,0.03535274999999993,1.178425,1184.317125,0.0,0.0,1.178425,1178.425,0.0,2017,12,1,Tuesday,4,Winter
EUR/GBP,2017-12-19,0.88064,0.88633,0.88049,0.8806,GBP,0.9070180000000001,908.7703940000001,0.026418000000000053,0.8806,885.003,0.0,0.0,0.8806,880.6,0.0,2017,12,1,Tuesday,4,Winter
EUR/USD,2017-12-20,1.183712,1.190122,1.183012,1.184133,USD,1.21965699,1222.01341467,0.03552398999999995,1.184133,1190.0536650000001,0.0,0.0,1.184133,1184.133,0.0,2017,12,2,Wednesday,4,Winter
EUR/JPY,2017-12-20,133.753006,134.731003,133.658997,133.744003,JPY,137.75632309,138022.47365596998,4.012320090000003,133.744003,134412.723015,0.0,0.0,133.744003,133744.003,0.0,2017,12,2,Wednesday,4,Winter
EUR/GBP,2017-12-20,0.88424,0.8878,0.88285,0.88429,GBP,0.9108187000000001,912.5784371000001,0.02652870000000007,0.88429,888.71145,0.0,0.0,0.88429,884.29,0.0,2017,12,2,Wednesday,4,Winter
EUR/GBP,2017-12-21,0.88834,0.88895,0.8873,0.88822,GBP,0.9148666000000001,916.6341578,0.026646600000000076,0.88822,892.6611,0.0,0.0,0.88822,888.22,0.0,2017,12,3,Thursday,4,Winter
EUR/USD,2017-12-21,1.187775,1.189202,1.185017,1.187818,USD,1.22345254,1225.81629782,0.03563453999999999,1.187818,1193.75709,0.0,0.0,1.187818,1187.818,0.0,2017,12,3,Thursday,4,Winter
EUR/JPY,2017-12-21,134.492996,134.889999,134.451996,134.501999,JPY,138.53705897,138804.71794801002,4.035059969999992,134.501999,135174.508995,0.0,0.0,134.501999,134501.999,0.0,2017,12,3,Thursday,4,Winter
EUR/USD,2017-12-22,1.185157,1.186197,1.181754,1.185733,USD,1.22130499,1223.6645986699998,0.03557199,1.185733,1191.6616649999999,0.0,0.0,1.185733,1185.733,0.0,2017,12,4,Friday,4,Winter
EUR/JPY,2017-12-22,134.244003,134.481003,133.901001,134.360001,JPY,138.39080103,138658.17743199,4.030800029999995,134.360001,135031.80100500002,0.0,0.0,134.360001,134360.00100000002,0.0,2017,12,4,Friday,4,Winter
EUR/GBP,2017-12-22,0.88585,0.88709,0.88353,0.88612,GBP,0.9127036000000001,914.4669788000001,0.02658360000000004,0.88612,890.5506,0.0,0.0,0.88612,886.12,0.0,2017,12,4,Friday,4,Winter
EUR/JPY,2017-12-25,134.225998,134.580002,134.132004,134.300003,JPY,138.32900309000001,138596.26009597,4.029000090000011,134.300003,134971.503015,0.0,0.0,134.300003,134300.003,0.0,2017,12,0,Monday,4,Winter
EUR/USD,2017-12-25,1.185677,1.188495,1.184904,1.185607,USD,1.2211752100000002,1223.53456793,0.0355682100000001,1.185607,1191.5350349999999,0.0,0.0,1.185607,1185.607,0.0,2017,12,0,Monday,4,Winter
EUR/GBP,2017-12-25,0.88508,0.8889,0.88143,0.88508,GBP,0.9116324,913.3937092,0.02655240000000003,0.88508,889.5053999999999,0.0,0.0,0.88508,885.0799999999999,0.0,2017,12,0,Monday,4,Winter
EUR/USD,2017-12-26,1.187127,1.18779,1.18475,1.187254,USD,1.22287162,1225.2342554600002,0.035617620000000016,1.187254,1193.19027,0.0,0.0,1.187254,1187.2540000000001,0.0,2017,12,1,Tuesday,4,Winter
EUR/GBP,2017-12-26,0.88754,0.88901,0.88674,0.8874,GBP,0.914022,915.7879260000001,0.026622000000000035,0.8874,891.837,0.0,0.0,0.8874,887.4,0.0,2017,12,1,Tuesday,4,Winter
EUR/JPY,2017-12-26,134.503998,134.546005,134.223007,134.511002,JPY,138.54633206,138814.00895398,4.035330060000007,134.511002,135183.55701,0.0,0.0,134.511002,134511.00199999998,0.0,2017,12,1,Tuesday,4,Winter
EUR/JPY,2017-12-27,134.227005,134.960007,134.190002,134.229996,JPY,138.25689588,138524.01357203998,4.026899880000002,134.229996,134901.14598,0.0,0.0,134.229996,134229.996,0.0,2017,12,2,Wednesday,4,Winter
EUR/USD,2017-12-27,1.186099,1.191043,1.185565,1.185789,USD,1.22136267,1223.7223901099999,0.03557367,1.185789,1191.717945,0.0,0.0,1.185789,1185.789,0.0,2017,12,2,Wednesday,4,Winter
EUR/GBP,2017-12-27,0.8867,0.8882,0.88551,0.88653,GBP,0.9131259,914.8900947,0.026595900000000006,0.88653,890.96265,0.0,0.0,0.88653,886.5300000000001,0.0,2017,12,2,Wednesday,4,Winter
EUR/USD,2017-12-28,1.190023,1.1955,1.189825,1.190079,USD,1.2257813700000002,1228.14962721,0.035702370000000094,1.190079,1196.0293950000002,0.0,0.0,1.190079,1190.0790000000002,0.0,2017,12,3,Thursday,4,Winter
EUR/GBP,2017-12-28,0.88786,0.88912,0.8866,0.8878,GBP,0.9144340000000001,916.200722,0.026634000000000047,0.8878,892.239,0.0,0.0,0.8878,887.8000000000001,0.0,2017,12,3,Thursday,4,Winter
EUR/JPY,2017-12-28,134.748001,134.951996,134.460999,134.727005,JPY,138.76881515,139036.92188994997,4.041810150000003,134.727005,135400.640025,0.0,0.0,134.727005,134727.005,0.0,2017,12,3,Thursday,4,Winter
EUR/GBP,2017-12-29,0.8882,0.88913,0.88588,0.88832,GBP,0.9149696,916.7373568,0.02664960000000005,0.88832,892.7616,0.0,0.0,0.88832,888.32,0.0,2017,12,4,Friday,4,Winter
EUR/USD,2017-12-29,1.193987,1.202284,1.193802,1.194172,USD,1.2299971600000001,1232.3735622800002,0.035825160000000134,1.194172,1200.14286,0.0,0.0,1.194172,1194.172,0.0,2017,12,4,Friday,4,Winter
EUR/JPY,2017-12-29,134.779999,135.481995,134.572998,134.778,JPY,138.82134,139089.54822,4.043340000000001,134.778,135451.89,0.0,0.0,134.778,134778.0,0.0,2017,12,4,Friday,4,Winter
EUR/JPY,2018-01-01,135.240005,135.369995,135.165497,135.240005,JPY,139.29720515,139566.33275995,4.05720015,135.240005,135916.205025,0.0,0.0,135.240005,135240.005,0.0,2018,1,0,Monday,1,Winter
EUR/USD,2018-01-01,1.200495,1.201504,1.199904,1.200495,USD,1.23650985,1238.89883505,0.03601484999999993,1.200495,1206.4974750000001,0.0,0.0,1.200495,1200.4950000000001,0.0,2018,1,0,Monday,1,Winter
EUR/GBP,2018-01-01,0.8883,0.8909,0.8876,0.8881,GBP,0.914743,916.510319,0.026642999999999972,0.8881,892.5405000000001,0.0,0.0,0.8881,888.1,0.0,2018,1,0,Monday,1,Winter
EUR/JPY,2018-01-02,135.445007,135.598007,134.940002,135.440002,JPY,139.50320206,139772.72766398,4.063200060000014,135.440002,136117.20200999998,0.0,0.0,135.440002,135440.00199999998,0.0,2018,1,1,Tuesday,1,Winter
EUR/GBP,2018-01-02,0.88887,0.89155,0.88617,0.88892,GBP,0.9155876000000001,917.3565508,0.026667600000000014,0.88892,893.3646000000001,0.0,0.0,0.88892,888.9200000000001,0.0,2018,1,1,Tuesday,1,Winter
EUR/USD,2018-01-02,1.201086,1.208094,1.200855,1.201158,USD,1.23719274,1239.5830444199999,0.036034740000000065,1.201158,1207.1637899999998,0.0,0.0,1.201158,1201.158,0.0,2018,1,1,Tuesday,1,Winter
EUR/JPY,2018-01-03,135.406998,135.496002,134.809998,135.401001,JPY,139.46303103000002,139732.47902199,4.062030030000017,135.401001,136078.00600500003,0.0,0.0,135.401001,135401.00100000002,0.0,2018,1,2,Wednesday,1,Winter
EUR/USD,2018-01-03,1.2062,1.206709,1.200495,1.206345,USD,1.24253535,1244.93597655,0.03619035000000004,1.206345,1212.376725,0.0,0.0,1.206345,1206.345,0.0,2018,1,2,Wednesday,1,Winter
EUR/GBP,2018-01-03,0.88723,0.88993,0.88489,0.8872,GBP,0.913816,915.5815279999999,0.026615999999999973,0.8872,891.6360000000001,0.0,0.0,0.8872,887.2,0.0,2018,1,2,Wednesday,1,Winter
EUR/JPY,2018-01-04,135.253998,136.352997,135.244003,135.233994,JPY,139.29101382,139560.12946805998,4.057019819999994,135.233994,135910.16397,0.0,0.0,135.233994,135233.994,0.0,2018,1,3,Thursday,1,Winter
EUR/GBP,2018-01-04,0.8889,0.89222,0.888,0.88884,GBP,0.9155052,917.2739916,0.026665200000000056,0.88884,893.2841999999999,0.0,0.0,0.88884,888.8399999999999,0.0,2018,1,3,Thursday,1,Winter
EUR/USD,2018-01-04,1.201129,1.20919,1.200495,1.201043,USD,1.23707429,1239.46436557,0.03603128999999994,1.201043,1207.048215,0.0,0.0,1.201043,1201.0430000000001,0.0,2018,1,3,Thursday,1,Winter
EUR/GBP,2018-01-05,0.89039,0.89071,0.8868,0.8903,GBP,0.917009,918.780697,0.026708999999999983,0.8903,894.7515,0.0,0.0,0.8903,890.3,0.0,2018,1,4,Friday,1,Winter
EUR/JPY,2018-01-05,136.093002,136.626007,136.089996,136.121994,JPY,140.20565382,140476.53658806,4.083659820000008,136.121994,136802.60397,0.0,0.0,136.121994,136121.994,0.0,2018,1,4,Friday,1,Winter
EUR/USD,2018-01-05,1.206622,1.208459,1.202154,1.206884,USD,1.2430905200000002,1245.49221916,0.03620652000000013,1.206884,1212.91842,0.0,0.0,1.206884,1206.884,0.0,2018,1,4,Friday,1,Winter
EUR/JPY,2018-01-08,136.188995,136.313995,135.130005,136.203003,JPY,140.28909309,140560.13706597,4.086090089999999,136.203003,136884.018015,0.0,0.0,136.203003,136203.003,0.0,2018,1,0,Monday,1,Winter
EUR/GBP,2018-01-08,0.88657,0.88752,0.88161,0.88662,GBP,0.9132186,914.9829738000001,0.026598600000000028,0.88662,891.0531,0.0,0.0,0.88662,886.62,0.0,2018,1,0,Monday,1,Winter
EUR/USD,2018-01-08,1.203949,1.2054,1.195972,1.203746,USD,1.23985838,1242.25383454,0.036112380000000055,1.203746,1209.76473,0.0,0.0,1.203746,1203.746,0.0,2018,1,0,Monday,1,Winter
EUR/JPY,2018-01-09,135.460999,135.468002,134.056,135.434006,JPY,139.49702618,139766.53985194,4.063020179999995,135.434006,136111.17603000003,0.0,0.0,135.434006,135434.00600000002,0.0,2018,1,1,Tuesday,1,Winter
EUR/GBP,2018-01-09,0.88203,0.88328,0.8807,0.88205,GBP,0.9085115,910.2667795000001,0.026461500000000027,0.88205,886.46025,0.0,0.0,0.88205,882.05,0.0,2018,1,1,Tuesday,1,Winter
EUR/USD,2018-01-09,1.19696,1.197576,1.191796,1.197046,USD,1.23295738,1235.3395015400001,0.03591137999999994,1.197046,1203.03123,0.0,0.0,1.197046,1197.046,0.0,2018,1,1,Tuesday,1,Winter
EUR/JPY,2018-01-10,134.518997,134.522003,133.289993,134.501999,JPY,138.53705897,138804.71794801002,4.035059969999992,134.501999,135174.508995,0.0,0.0,134.501999,134501.999,0.0,2018,1,2,Wednesday,1,Winter
EUR/USD,2018-01-10,1.192933,1.201634,1.192449,1.192933,USD,1.22872099,1231.09492667,0.03578798999999999,1.192933,1198.897665,0.0,0.0,1.192933,1192.933,0.0,2018,1,2,Wednesday,1,Winter
EUR/GBP,2018-01-10,0.8816,0.88722,0.8813,0.88155,GBP,0.9079965,909.7507845,0.02644650000000004,0.88155,885.9577499999999,0.0,0.0,0.88155,881.55,0.0,2018,1,2,Wednesday,1,Winter
EUR/USD,2018-01-11,1.195486,1.205923,1.193118,1.195614,USD,1.23148242,1233.86169186,0.03586842000000012,1.195614,1201.59207,0.0,0.0,1.195614,1195.614,0.0,2018,1,3,Thursday,1,Winter
EUR/JPY,2018-01-11,133.201004,134.341003,133.110001,133.237,JPY,137.23411,137499.25162999998,3.997109999999992,133.237,133903.185,0.0,0.0,133.237,133237.0,0.0,2018,1,3,Thursday,1,Winter
EUR/GBP,2018-01-11,0.8847,0.89118,0.88466,0.88477,GBP,0.9113131,913.0737922999999,0.02654310000000004,0.88477,889.19385,0.0,0.0,0.88477,884.77,0.0,2018,1,3,Thursday,1,Winter
EUR/JPY,2018-01-12,134.007996,135.348007,133.929993,134.014008,JPY,138.03442823999998,138301.11611591998,4.020420239999993,134.014008,134684.07804,0.0,0.0,134.014008,134014.008,0.0,2018,1,4,Friday,1,Winter
EUR/USD,2018-01-12,1.20421,1.215613,1.204137,1.20421,USD,1.2403363,1242.7326779000002,0.036126300000000056,1.20421,1210.23105,0.0,0.0,1.20421,1204.21,0.0,2018,1,4,Friday,1,Winter
EUR/GBP,2018-01-12,0.8892,0.89233,0.88602,0.88919,GBP,0.9158657000000001,917.6351881,0.02667570000000008,0.88919,893.6359500000001,0.0,0.0,0.88919,889.19,0.0,2018,1,4,Friday,1,Winter
EUR/GBP,2018-01-15,0.88791,0.89091,0.88727,0.88779,GBP,0.9144237,916.1904020999999,0.026633699999999982,0.88779,892.2289499999999,0.0,0.0,0.88779,887.79,0.0,2018,1,0,Monday,1,Winter
EUR/USD,2018-01-15,1.219304,1.2299,1.218814,1.21923,USD,1.2558069,1258.2331677,0.03657690000000002,1.21923,1225.32615,0.0,0.0,1.21923,1219.23,0.0,2018,1,0,Monday,1,Winter
EUR/JPY,2018-01-15,135.542999,135.970001,135.009995,135.449997,JPY,139.51349691,139783.04240402998,4.06349990999999,135.449997,136127.246985,0.0,0.0,135.449997,135449.997,0.0,2018,1,0,Monday,1,Winter
EUR/USD,2018-01-16,1.226994,1.228124,1.219676,1.226843,USD,1.26364829,1266.08970757,0.03680528999999999,1.226843,1232.977215,0.0,0.0,1.226843,1226.8429999999998,0.0,2018,1,1,Tuesday,1,Winter
EUR/GBP,2018-01-16,0.8893,0.88981,0.88625,0.88906,GBP,0.9157318,917.5010294,0.026671800000000023,0.88906,893.5052999999999,0.0,0.0,0.88906,889.06,0.0,2018,1,1,Tuesday,1,Winter
EUR/JPY,2018-01-16,135.697998,136.091995,134.990005,135.656998,JPY,139.72670793999998,139996.66536602,4.069709939999996,135.656998,136335.28298999998,0.0,0.0,135.656998,135656.998,0.0,2018,1,1,Tuesday,1,Winter
EUR/USD,2018-01-17,1.227144,1.232149,1.219914,1.227129,USD,1.26394287,1266.38485671,0.036813870000000026,1.227129,1233.264645,0.0,0.0,1.227129,1227.129,0.0,2018,1,2,Wednesday,1,Winter
EUR/GBP,2018-01-17,0.8893,0.89057,0.88407,0.88928,GBP,0.9159584,917.7280671999999,0.02667839999999999,0.88928,893.7264,0.0,0.0,0.88928,889.28,0.0,2018,1,2,Wednesday,1,Winter
EUR/JPY,2018-01-17,135.360001,135.880997,135.139999,135.451996,JPY,139.51555588000002,139785.10535204003,4.063559880000014,135.451996,136129.25598000002,0.0,0.0,135.451996,135451.996,0.0,2018,1,2,Wednesday,1,Winter
EUR/USD,2018-01-18,1.218145,1.226257,1.217508,1.218398,USD,1.2549499400000002,1257.3745520200002,0.03655194000000006,1.218398,1224.48999,0.0,0.0,1.218398,1218.3980000000001,0.0,2018,1,3,Thursday,1,Winter
EUR/JPY,2018-01-18,135.623993,136.287201,135.559998,135.694,JPY,139.76482,140034.85106,4.070819999999998,135.694,136372.47,0.0,0.0,135.694,135694.0,0.0,2018,1,3,Thursday,1,Winter
EUR/GBP,2018-01-18,0.88104,0.88362,0.88027,0.88109,GBP,0.9075227,909.2760691,0.026432699999999976,0.88109,885.49545,0.0,0.0,0.88109,881.09,0.0,2018,1,3,Thursday,1,Winter
EUR/USD,2018-01-19,1.223586,1.229483,1.222031,1.223661,USD,1.26037083,1262.80591539,0.03670982999999994,1.223661,1229.779305,0.0,0.0,1.223661,1223.661,0.0,2018,1,4,Friday,1,Winter
EUR/JPY,2018-01-19,135.817001,136.029007,135.192993,135.850006,JPY,139.92550618,140195.84769194003,4.075500180000006,135.850006,136529.25603,0.0,0.0,135.850006,135850.006,0.0,2018,1,4,Friday,1,Winter
EUR/GBP,2018-01-19,0.88059,0.8846,0.8805,0.88073,GBP,0.9071519,908.9045527,0.026421899999999998,0.88073,885.13365,0.0,0.0,0.88073,880.73,0.0,2018,1,4,Friday,1,Winter
EUR/USD,2018-01-22,1.225595,1.226663,1.221464,1.22555,USD,1.2623164999999998,1264.7553444999999,0.036766499999999924,1.22555,1231.67775,0.0,0.0,1.22555,1225.55,0.0,2018,1,0,Monday,1,Winter
EUR/JPY,2018-01-22,135.662994,135.932999,135.348999,135.641006,JPY,139.71023618,139980.16178194,4.069230180000005,135.641006,136319.21103,0.0,0.0,135.641006,135641.006,0.0,2018,1,0,Monday,1,Winter
EUR/GBP,2018-01-22,0.88238,0.88253,0.87697,0.88219,GBP,0.9086557000000001,910.4112581,0.026465700000000036,0.88219,886.60095,0.0,0.0,0.88219,882.19,0.0,2018,1,0,Monday,1,Winter
EUR/GBP,2018-01-23,0.87642,0.8795,0.8761,0.8765,GBP,0.902795,904.539235,0.02629500000000007,0.8765,880.8825,0.0,0.0,0.8765,876.5,0.0,2018,1,1,Tuesday,1,Winter
EUR/JPY,2018-01-23,136.018997,136.184006,135.190002,136.001007,JPY,140.08103720999998,140351.67921392998,4.08003020999999,136.001007,136681.012035,0.0,0.0,136.001007,136001.00699999998,0.0,2018,1,1,Tuesday,1,Winter
EUR/USD,2018-01-23,1.225731,1.2307,1.222359,1.225625,USD,1.26239375,1264.83274375,0.03676875000000002,1.225625,1231.753125,0.0,0.0,1.225625,1225.625,0.0,2018,1,1,Tuesday,1,Winter
EUR/USD,2018-01-24,1.230966,1.240199,1.229513,1.231027,USD,1.2679578100000002,1270.40755373,0.03693081000000009,1.231027,1237.182135,0.0,0.0,1.231027,1231.027,0.0,2018,1,2,Wednesday,1,Winter
EUR/GBP,2018-01-24,0.87843,0.87868,0.87001,0.87837,GBP,0.9047211000000001,906.4690563000001,0.02635110000000007,0.87837,882.76185,0.0,0.0,0.87837,878.37,0.0,2018,1,2,Wednesday,1,Winter
EUR/JPY,2018-01-24,135.552994,135.638,134.947998,135.537994,JPY,139.60413382,139873.85442805997,4.066139819999989,135.537994,136215.68397,0.0,0.0,135.537994,135537.994,0.0,2018,1,2,Wednesday,1,Winter
EUR/JPY,2018-01-25,135.490997,136.255997,135.039993,135.459,JPY,139.52277,139792.33341000002,4.063770000000005,135.459,136136.295,0.0,0.0,135.459,135459.0,0.0,2018,1,3,Thursday,1,Winter
EUR/USD,2018-01-25,1.239603,1.252992,1.238651,1.239111,USD,1.2762843300000002,1278.7501608900002,0.037173330000000115,1.239111,1245.3065550000001,0.0,0.0,1.239111,1239.111,0.0,2018,1,3,Thursday,1,Winter
EUR/GBP,2018-01-25,0.87145,0.87609,0.86893,0.8714,GBP,0.897542,899.276086,0.026142,0.8714,875.757,0.0,0.0,0.8714,871.4,0.0,2018,1,3,Thursday,1,Winter
EUR/GBP,2018-01-26,0.8756,0.87775,0.87271,0.87572,GBP,0.9019916000000001,903.7342828000001,0.02627160000000006,0.87572,880.0986,0.0,0.0,0.87572,875.72,0.0,2018,1,4,Friday,1,Winter
EUR/USD,2018-01-26,1.239234,1.249016,1.238743,1.239234,USD,1.27641102,1278.87709566,0.037177020000000116,1.239234,1245.4301699999999,0.0,0.0,1.239234,1239.234,0.0,2018,1,4,Friday,1,Winter
EUR/JPY,2018-01-26,135.869995,136.128998,134.584,135.945999,JPY,140.02437897000001,140294.91150801003,4.0783799700000145,135.945999,136625.728995,0.0,0.0,135.945999,135945.999,0.0,2018,1,4,Friday,1,Winter
EUR/GBP,2018-01-29,0.87831,0.88141,0.87676,0.87831,GBP,0.9046593,906.4071369000001,0.02634930000000002,0.87831,882.7015500000001,0.0,0.0,0.87831,878.3100000000001,0.0,2018,1,0,Monday,1,Winter
EUR/USD,2018-01-29,1.242823,1.243194,1.233806,1.242807,USD,1.28009121,1282.5643959299998,0.03728420999999993,1.242807,1249.021035,0.0,0.0,1.242807,1242.807,0.0,2018,1,0,Monday,1,Winter
EUR/JPY,2018-01-29,135.028,135.320999,134.328995,135.014008,JPY,139.06442823999998,139333.10611591997,4.050420239999994,135.014008,135689.07804,0.0,0.0,135.014008,135014.008,0.0,2018,1,0,Monday,1,Winter
EUR/GBP,2018-01-30,0.8798,0.8832,0.87723,0.87962,GBP,0.9060085999999999,907.7590437999999,0.026388599999999984,0.87962,884.0181,0.0,0.0,0.87962,879.62,0.0,2018,1,1,Tuesday,1,Winter
EUR/USD,2018-01-30,1.238175,1.245221,1.233685,1.238114,USD,1.27525742,1277.72126686,0.03714342000000004,1.238114,1244.30457,0.0,0.0,1.238114,1238.114,0.0,2018,1,1,Tuesday,1,Winter
EUR/JPY,2018-01-30,134.901993,135.190002,134.145004,134.856995,JPY,138.90270485000002,139171.07027005,4.045709850000009,134.856995,135531.279975,0.0,0.0,134.856995,134856.99500000002,0.0,2018,1,1,Tuesday,1,Winter
EUR/USD,2018-01-31,1.240833,1.247661,1.240064,1.240957,USD,1.27818571,1280.65521443,0.03722870999999994,1.240957,1247.161785,0.0,0.0,1.240957,1240.957,0.0,2018,1,2,Wednesday,1,Winter
EUR/JPY,2018-01-31,134.940002,136.028,134.940002,134.925995,JPY,138.97377485,139242.27758005002,4.047779850000012,134.925995,135600.62497499998,0.0,0.0,134.925995,134925.995,0.0,2018,1,2,Wednesday,1,Winter
EUR/GBP,2018-01-31,0.87669,0.88144,0.8751,0.87658,GBP,0.9028774,904.6217942000001,0.026297400000000026,0.87658,880.9629,0.0,0.0,0.87658,876.58,0.0,2018,1,2,Wednesday,1,Winter
EUR/JPY,2018-02-01,135.563004,136.723999,135.520004,135.600006,JPY,139.66800618000002,139937.85019194003,4.068000180000013,135.600006,136278.00603,0.0,0.0,135.600006,135600.006,0.0,2018,2,3,Thursday,1,Winter
EUR/GBP,2018-02-01,0.8744,0.8771,0.87185,0.8743,GBP,0.900529,902.268857,0.026229000000000058,0.8743,878.6714999999999,0.0,0.0,0.8743,874.3,0.0,2018,2,3,Thursday,1,Winter
EUR/USD,2018-02-01,1.241742,1.248782,1.238651,1.241866,USD,1.27912198,1281.59329334,0.03725598000000008,1.241866,1248.07533,0.0,0.0,1.241866,1241.866,0.0,2018,2,3,Thursday,1,Winter
EUR/JPY,2018-02-02,136.865005,137.477997,136.671997,136.862,JPY,140.96786,141240.21538,4.105860000000007,136.862,137546.31,0.0,0.0,136.862,136862.0,0.0,2018,2,4,Friday,1,Winter
EUR/GBP,2018-02-02,0.87699,0.88185,0.87569,0.87681,GBP,0.9031143,904.8591519,0.026304300000000058,0.87681,881.19405,0.0,0.0,0.87681,876.81,0.0,2018,2,4,Friday,1,Winter
EUR/USD,2018-02-02,1.251267,1.251799,1.241188,1.251001,USD,1.2885310300000001,1291.0205219900001,0.0375300300000001,1.251001,1257.256005,0.0,0.0,1.251001,1251.001,0.0,2018,2,4,Friday,1,Winter
EUR/JPY,2018-02-05,136.938004,137.087006,136.335007,136.955002,JPY,141.06365206,141336.19251398003,4.108650060000002,136.955002,137639.77701000002,0.0,0.0,136.955002,136955.002,0.0,2018,2,0,Monday,1,Winter
EUR/GBP,2018-02-05,0.882,0.88698,0.88136,0.88202,GBP,0.9084806000000001,910.2358198000001,0.026460600000000056,0.88202,886.4301,0.0,0.0,0.88202,882.02,0.0,2018,2,0,Monday,1,Winter
EUR/USD,2018-02-05,1.24471,1.247816,1.240156,1.244694,USD,1.28203482,1284.51176106,0.03734082000000005,1.244694,1250.9174699999999,0.0,0.0,1.244694,1244.694,0.0,2018,2,0,Monday,1,Winter
EUR/GBP,2018-02-06,0.88721,0.89081,0.88554,0.88693,GBP,0.9135379,915.3028907,0.026607900000000018,0.88693,891.36465,0.0,0.0,0.88693,886.93,0.0,2018,2,1,Tuesday,1,Winter
EUR/USD,2018-02-06,1.236828,1.242854,1.231618,1.236782,USD,1.27388546,1276.3466561799999,0.03710345999999998,1.236782,1242.9659100000001,0.0,0.0,1.236782,1236.7820000000002,0.0,2018,2,1,Tuesday,1,Winter
EUR/JPY,2018-02-06,134.820999,135.755997,133.996002,134.919006,JPY,138.96657618,139235.06500194,4.047570180000008,134.919006,135593.60103,0.0,0.0,134.919006,134919.006,0.0,2018,2,1,Tuesday,1,Winter
EUR/USD,2018-02-07,1.238145,1.240325,1.227853,1.238129,USD,1.27527287,1277.73674671,0.03714386999999997,1.238129,1244.319645,0.0,0.0,1.238129,1238.1290000000001,0.0,2018,2,2,Wednesday,1,Winter
EUR/JPY,2018-02-07,135.716995,135.759995,134.315002,135.720001,JPY,139.79160103,140061.68383199003,4.071600030000013,135.720001,136398.60100499997,0.0,0.0,135.720001,135720.001,0.0,2018,2,2,Wednesday,1,Winter
EUR/GBP,2018-02-07,0.88694,0.88973,0.8839,0.88703,GBP,0.9136409,915.4060896999999,0.026610899999999993,0.88703,891.46515,0.0,0.0,0.88703,887.03,0.0,2018,2,2,Wednesday,1,Winter
EUR/USD,2018-02-08,1.226843,1.229453,1.221658,1.226813,USD,1.26361739,1266.0587478700002,0.03680439000000013,1.226813,1232.9470649999998,0.0,0.0,1.226813,1226.8129999999999,0.0,2018,2,3,Thursday,1,Winter
EUR/JPY,2018-02-08,133.889999,134.776993,133.276001,133.955994,JPY,137.97467382000002,138241.24624806002,4.018679820000017,133.955994,134625.77397,0.0,0.0,133.955994,133955.994,0.0,2018,2,3,Thursday,1,Winter
EUR/GBP,2018-02-08,0.88388,0.8841,0.87347,0.88395,GBP,0.9104685,912.2275605000001,0.0265185,0.88395,888.3697500000001,0.0,0.0,0.88395,883.95,0.0,2018,2,3,Thursday,1,Winter
EUR/GBP,2018-02-09,0.87989,0.88785,0.8778,0.87978,GBP,0.9061734,907.9241622000001,0.02639340000000001,0.87978,884.1789,0.0,0.0,0.87978,879.78,0.0,2018,2,4,Friday,1,Winter
EUR/USD,2018-02-09,1.226076,1.228547,1.222643,1.226076,USD,1.2628582799999999,1265.2981712399999,0.036782279999999945,1.226076,1232.20638,0.0,0.0,1.226076,1226.076,0.0,2018,2,4,Friday,1,Winter
EUR/JPY,2018-02-09,133.119003,134.138,132.613998,133.063995,JPY,137.05591485000002,137320.71220005004,3.9919198500000164,133.063995,133729.314975,0.0,0.0,133.063995,133063.995,0.0,2018,2,4,Friday,1,Winter
EUR/USD,2018-02-12,1.22534,1.22971,1.223631,1.22528,USD,1.2620384,1264.4767072,0.03675840000000008,1.22528,1231.4064,0.0,0.0,1.22528,1225.28,0.0,2018,2,0,Monday,1,Winter
EUR/JPY,2018-02-12,133.291,133.638,132.927002,133.302994,JPY,137.30208382,137567.35677806,3.9990898199999947,133.302994,133969.50897,0.0,0.0,133.302994,133302.994,0.0,2018,2,0,Monday,1,Winter
EUR/GBP,2018-02-12,0.88618,0.88898,0.8845,0.88616,GBP,0.9127448,914.5082584,0.026584800000000075,0.88616,890.5908,0.0,0.0,0.88616,886.16,0.0,2018,2,0,Monday,1,Winter
EUR/GBP,2018-02-13,0.8882,0.89032,0.88581,0.8881,GBP,0.914743,916.510319,0.026642999999999972,0.8881,892.5405000000001,0.0,0.0,0.8881,888.1,0.0,2018,2,1,Tuesday,1,Winter
EUR/USD,2018-02-13,1.230118,1.2372,1.228607,1.230376,USD,1.26728728,1269.73572824,0.03691127999999999,1.230376,1236.5278799999999,0.0,0.0,1.230376,1230.376,0.0,2018,2,1,Tuesday,1,Winter
EUR/JPY,2018-02-13,133.671997,133.718002,132.533005,133.718002,JPY,137.72954206000003,137995.64088398003,4.011540060000016,133.718002,134386.59201000002,0.0,0.0,133.718002,133718.002,0.0,2018,2,1,Tuesday,1,Winter
EUR/GBP,2018-02-14,0.88961,0.89177,0.88754,0.8897,GBP,0.9163910000000001,918.161503,0.02669100000000002,0.8897,894.1485,0.0,0.0,0.8897,889.7,0.0,2018,2,2,Wednesday,1,Winter
EUR/JPY,2018-02-14,133.110001,133.322006,131.613998,133.119995,JPY,137.11359485,137378.50364004998,3.9935998500000096,133.119995,133785.59497499999,0.0,0.0,133.119995,133119.995,0.0,2018,2,2,Wednesday,1,Winter
EUR/USD,2018-02-14,1.2353,1.241619,1.227853,1.235376,USD,1.2724372800000001,1274.89567824,0.037061280000000085,1.235376,1241.55288,0.0,0.0,1.235376,1235.376,0.0,2018,2,2,Wednesday,1,Winter
EUR/JPY,2018-02-15,132.886993,133.235992,132.529999,132.871002,JPY,136.85713206,137121.54535398,3.9861300599999936,132.871002,133535.35701,0.0,0.0,132.871002,132871.002,0.0,2018,2,3,Thursday,1,Winter
EUR/USD,2018-02-15,1.246712,1.2512,1.245051,1.246727,USD,1.28412881,1286.60979673,0.03740180999999998,1.246727,1252.960635,0.0,0.0,1.246727,1246.7269999999999,0.0,2018,2,3,Thursday,1,Winter
EUR/GBP,2018-02-15,0.88951,0.89013,0.8859,0.88948,GBP,0.9161644000000001,917.9344652000001,0.026684400000000053,0.88948,893.9274,0.0,0.0,0.88948,889.48,0.0,2018,2,3,Thursday,1,Winter
EUR/USD,2018-02-16,1.250735,1.255808,1.243054,1.25036,USD,1.2878707999999999,1290.3590164,0.037510799999999955,1.25036,1256.6118,0.0,0.0,1.25036,1250.36,0.0,2018,2,4,Friday,1,Winter
EUR/JPY,2018-02-16,132.645004,133.095001,131.910004,132.673004,JPY,136.65319412,136917.21339796,3.980190120000003,132.673004,133336.36901999998,0.0,0.0,132.673004,132673.004,0.0,2018,2,4,Friday,1,Winter
EUR/GBP,2018-02-16,0.88665,0.88881,0.885,0.88649,GBP,0.9130847,914.8488151,0.02659469999999997,0.88649,890.92245,0.0,0.0,0.88649,886.49,0.0,2018,2,4,Friday,1,Winter
EUR/JPY,2018-02-19,131.891998,132.367004,131.891998,131.880997,JPY,135.83742691,136099.87009403002,3.956429909999997,131.880997,132540.401985,0.0,0.0,131.880997,131880.997,0.0,2018,2,0,Monday,1,Winter
EUR/USD,2018-02-19,1.241188,1.2438,1.237103,1.241188,USD,1.27842364,1280.89360412,0.037235640000000014,1.241188,1247.39394,0.0,0.0,1.241188,1241.1879999999999,0.0,2018,2,0,Monday,1,Winter
EUR/GBP,2018-02-19,0.8845,0.88671,0.8844,0.88451,GBP,0.9110453000000001,912.8054749000001,0.02653530000000004,0.88451,888.93255,0.0,0.0,0.88451,884.51,0.0,2018,2,0,Monday,1,Winter
EUR/JPY,2018-02-20,132.324005,132.490005,132.110001,132.300995,JPY,136.27002485,136533.30383005,3.9690298499999983,132.300995,132962.49997499998,0.0,0.0,132.300995,132300.995,0.0,2018,2,1,Tuesday,1,Winter
EUR/USD,2018-02-20,1.23991,1.24091,1.232195,1.239864,USD,1.2770599200000001,1279.52724936,0.03719592000000005,1.239864,1246.06332,0.0,0.0,1.239864,1239.864,0.0,2018,2,1,Tuesday,1,Winter
EUR/GBP,2018-02-20,0.88607,0.88674,0.88061,0.88606,GBP,0.9126418,914.4050594,0.02658179999999999,0.88606,890.4902999999999,0.0,0.0,0.88606,886.06,0.0,2018,2,1,Tuesday,1,Winter
EUR/USD,2018-02-21,1.233548,1.234701,1.230073,1.233532,USD,1.2705379600000002,1272.9926886800001,0.037005960000000115,1.233532,1239.6996600000002,0.0,0.0,1.233532,1233.5320000000002,0.0,2018,2,2,Wednesday,1,Winter
EUR/JPY,2018-02-21,132.442993,133.041,132.281998,132.453995,JPY,136.42761485,136691.19830005,3.9736198500000057,132.453995,133116.264975,0.0,0.0,132.453995,132453.995,0.0,2018,2,2,Wednesday,1,Winter
EUR/GBP,2018-02-21,0.8811,0.88544,0.88063,0.88097,GBP,0.9073991,909.1522302999999,0.026429099999999983,0.88097,885.37485,0.0,0.0,0.88097,880.97,0.0,2018,2,2,Wednesday,1,Winter
EUR/USD,2018-02-22,1.228034,1.23533,1.226166,1.228184,USD,1.26502952,1267.47360616,0.036845519999999965,1.228184,1234.32492,0.0,0.0,1.228184,1228.184,0.0,2018,2,3,Thursday,1,Winter
EUR/JPY,2018-02-22,132.164993,132.199997,131.287994,132.089996,JPY,136.05269588000002,136315.55497204,3.9626998800000024,132.089996,132750.44598000002,0.0,0.0,132.089996,132089.996,0.0,2018,2,3,Thursday,1,Winter
EUR/GBP,2018-02-22,0.88279,0.88627,0.8822,0.88286,GBP,0.9093458,911.1026913999999,0.026485800000000004,0.88286,887.2743,0.0,0.0,0.88286,882.86,0.0,2018,2,3,Thursday,1,Winter
EUR/USD,2018-02-23,1.232605,1.2335,1.228049,1.232666,USD,1.2696459800000002,1272.0989853400001,0.036979980000000134,1.232666,1238.82933,0.0,0.0,1.232666,1232.666,0.0,2018,2,4,Friday,1,Winter
EUR/GBP,2018-02-23,0.88346,0.88359,0.87869,0.8834,GBP,0.909902,911.659966,0.026502000000000026,0.8834,887.817,0.0,0.0,0.8834,883.4,0.0,2018,2,4,Friday,1,Winter
EUR/JPY,2018-02-23,131.692001,131.830002,130.940002,131.660995,JPY,135.61082485000003,135872.83023005002,3.9498298500000146,131.660995,132319.29997500003,0.0,0.0,131.660995,131660.99500000002,0.0,2018,2,4,Friday,1,Winter
EUR/JPY,2018-02-26,131.541,131.738998,131.080002,131.559006,JPY,135.50577618000003,135767.57860194,3.9467701800000157,131.559006,132216.80103000003,0.0,0.0,131.559006,131559.00600000002,0.0,2018,2,0,Monday,1,Winter
EUR/USD,2018-02-26,1.228833,1.235483,1.228245,1.228713,USD,1.26557439,1268.01952887,0.036861390000000105,1.228713,1234.856565,0.0,0.0,1.228713,1228.713,0.0,2018,2,0,Monday,1,Winter
EUR/GBP,2018-02-26,0.87961,0.88223,0.87708,0.87961,GBP,0.9059983,907.7487239000001,0.02638830000000003,0.87961,884.00805,0.0,0.0,0.87961,879.61,0.0,2018,2,0,Monday,1,Winter
EUR/JPY,2018-02-27,131.886002,132.173996,131.354004,131.860992,JPY,135.81682176,136079.22513408,3.9558297600000003,131.860992,132520.29696,0.0,0.0,131.860992,131860.992,0.0,2018,2,1,Tuesday,1,Winter
EUR/USD,2018-02-27,1.231603,1.234568,1.222315,1.231557,USD,1.26850371,1270.95450843,0.03694671000000005,1.231557,1237.7147850000001,0.0,0.0,1.231557,1231.557,0.0,2018,2,1,Tuesday,1,Winter
EUR/GBP,2018-02-27,0.88197,0.88423,0.88011,0.88174,GBP,0.9081922,909.9468625999999,0.026452200000000037,0.88174,886.1487,0.0,0.0,0.88174,881.74,0.0,2018,2,1,Tuesday,1,Winter
EUR/JPY,2018-02-28,131.337006,131.513,130.098007,131.378006,JPY,135.31934618,135580.78841193998,3.9413401799999974,131.378006,132034.89603,0.0,0.0,131.378006,131378.006,0.0,2018,2,2,Wednesday,1,Winter
EUR/USD,2018-02-28,1.22221,1.22429,1.218918,1.223032,USD,1.25972296,1262.15679368,0.03669096000000005,1.223032,1229.14716,0.0,0.0,1.223032,1223.032,0.0,2018,2,2,Wednesday,1,Winter
EUR/GBP,2018-02-28,0.87903,0.88562,0.87794,0.87939,GBP,0.9057717000000001,907.5216861000001,0.026381700000000063,0.87939,883.7869499999999,0.0,0.0,0.87939,879.39,0.0,2018,2,2,Wednesday,1,Winter
EUR/USD,2018-03-01,1.219096,1.22218,1.2158,1.219126,USD,1.25569978,1258.12584074,0.03657378000000011,1.219126,1225.22163,0.0,0.0,1.219126,1219.126,0.0,2018,3,3,Thursday,1,Spring
EUR/JPY,2018-03-01,130.005005,130.740997,129.860001,130.003006,JPY,133.90309618,134161.80216194,3.9000901800000065,130.003006,130653.02102999999,0.0,0.0,130.003006,130003.006,0.0,2018,3,3,Thursday,1,Spring
EUR/GBP,2018-03-01,0.88637,0.88863,0.88376,0.8863,GBP,0.912889,914.6527369999999,0.026588999999999974,0.8863,890.7315,0.0,0.0,0.8863,886.3,0.0,2018,3,3,Thursday,1,Spring
EUR/USD,2018-03-02,1.227129,1.233046,1.22528,1.227084,USD,1.26389652,1266.33841716,0.036812520000000015,1.227084,1233.2194200000001,0.0,0.0,1.227084,1227.084,0.0,2018,3,4,Friday,1,Spring
EUR/GBP,2018-03-02,0.89075,0.89497,0.8896,0.89071,GBP,0.9174313000000001,919.2038129000001,0.02672130000000006,0.89071,895.16355,0.0,0.0,0.89071,890.71,0.0,2018,3,4,Friday,1,Spring
EUR/JPY,2018-03-02,130.296005,130.431,129.580994,130.272995,JPY,134.18118485000002,134440.42811005,3.9081898500000136,130.272995,130924.35997500001,0.0,0.0,130.272995,130272.99500000001,0.0,2018,3,4,Friday,1,Spring
EUR/JPY,2018-03-05,130.024994,130.755005,129.356003,129.979996,JPY,133.87939588,134138.05607204,3.8993998800000043,129.979996,130629.89598,0.0,0.0,129.979996,129979.996,0.0,2018,3,0,Monday,1,Spring
EUR/GBP,2018-03-05,0.8929,0.8939,0.88864,0.8928,GBP,0.9195840000000001,921.360672,0.02678400000000003,0.8928,897.2640000000001,0.0,0.0,0.8928,892.8000000000001,0.0,2018,3,0,Monday,1,Spring
EUR/USD,2018-03-05,1.231846,1.234827,1.227551,1.231542,USD,1.26848826,1270.93902858,0.03694626000000012,1.231542,1237.6997099999999,0.0,0.0,1.231542,1231.542,0.0,2018,3,0,Monday,1,Spring
EUR/GBP,2018-03-06,0.89077,0.89433,0.8906,0.8906,GBP,0.917318,919.090294,0.02671800000000002,0.8906,895.0529999999999,0.0,0.0,0.8906,890.5999999999999,0.0,2018,3,1,Tuesday,1,Spring
EUR/USD,2018-03-06,1.233776,1.241989,1.233122,1.233654,USD,1.27066362,1273.11859146,0.037009620000000076,1.233654,1239.82227,0.0,0.0,1.233654,1233.654,0.0,2018,3,1,Tuesday,1,Spring
EUR/JPY,2018-03-06,131.115997,132.011002,130.600006,131.069,JPY,135.00107,135261.89731,3.93207000000001,131.069,131724.34499999997,0.0,0.0,131.069,131068.99999999999,0.0,2018,3,1,Tuesday,1,Spring
EUR/USD,2018-03-07,1.241928,1.24406,1.238605,1.241665,USD,1.27891495,1281.3858633500001,0.03724995000000009,1.241665,1247.873325,0.0,0.0,1.241665,1241.665,0.0,2018,3,2,Wednesday,1,Spring
EUR/JPY,2018-03-07,131.160995,131.589996,131.0,131.039001,JPY,134.97017103000002,135230.93864199004,3.931170030000004,131.039001,131694.196005,0.0,0.0,131.039001,131039.00100000002,0.0,2018,3,2,Wednesday,1,Spring
EUR/GBP,2018-03-07,0.89342,0.8967,0.89192,0.89325,GBP,0.9200475,921.8250675,0.02679750000000003,0.89325,897.71625,0.0,0.0,0.89325,893.25,0.0,2018,3,2,Wednesday,1,Spring
EUR/USD,2018-03-08,1.241619,1.244478,1.230633,1.241465,USD,1.2787089500000002,1281.17946535,0.03724395000000014,1.241465,1247.6723250000002,0.0,0.0,1.241465,1241.4650000000001,0.0,2018,3,3,Thursday,1,Spring
EUR/GBP,2018-03-08,0.89264,0.8956,0.8905,0.8927,GBP,0.9194810000000001,921.2574730000001,0.026781000000000055,0.8927,897.1635,0.0,0.0,0.8927,892.7,0.0,2018,3,3,Thursday,1,Spring
EUR/JPY,2018-03-08,131.776001,131.966995,130.516998,131.798996,JPY,135.75296588,136015.24588204,3.9539698800000167,131.798996,132457.99097999997,0.0,0.0,131.798996,131798.99599999998,0.0,2018,3,3,Thursday,1,Spring
EUR/GBP,2018-03-09,0.89163,0.89251,0.88774,0.89143,GBP,0.9181729,919.9468456999999,0.026742900000000014,0.89143,895.8871499999999,0.0,0.0,0.89143,891.43,0.0,2018,3,4,Friday,1,Spring
EUR/JPY,2018-03-09,130.957001,131.884003,130.884995,130.947998,JPY,134.87643794000002,135137.02445602,3.928439940000004,130.947998,131602.73799,0.0,0.0,130.947998,130947.998,0.0,2018,3,4,Friday,1,Spring
EUR/USD,2018-03-09,1.230784,1.23338,1.227551,1.230663,USD,1.2675828900000001,1270.0319093700002,0.036919890000000066,1.230663,1236.816315,0.0,0.0,1.230663,1230.663,0.0,2018,3,4,Friday,1,Spring
EUR/USD,2018-03-12,1.23086,1.234201,1.229136,1.230875,USD,1.26780125,1270.25069125,0.03692625000000005,1.230875,1237.029375,0.0,0.0,1.230875,1230.875,0.0,2018,3,0,Monday,1,Spring
EUR/JPY,2018-03-12,131.559998,131.658005,130.966003,131.561005,JPY,135.50783515,135769.64154995,3.946830150000011,131.561005,132218.810025,0.0,0.0,131.561005,131561.005,0.0,2018,3,0,Monday,1,Spring
EUR/GBP,2018-03-12,0.88829,0.88955,0.88493,0.88835,GBP,0.9150005,916.7683165,0.02665050000000002,0.88835,892.79175,0.0,0.0,0.88835,888.35,0.0,2018,3,0,Monday,1,Spring
EUR/USD,2018-03-13,1.233867,1.239895,1.231497,1.233958,USD,1.27097674,1273.43231642,0.03701873999999994,1.233958,1240.12779,0.0,0.0,1.233958,1233.958,0.0,2018,3,1,Tuesday,1,Spring
EUR/JPY,2018-03-13,131.177002,132.417999,131.119995,131.115997,JPY,135.04947691,135310.39774403,3.933479910000017,131.115997,131771.576985,0.0,0.0,131.115997,131115.997,0.0,2018,3,1,Tuesday,1,Spring
EUR/GBP,2018-03-13,0.88725,0.8886,0.88524,0.8872,GBP,0.913816,915.5815279999999,0.026615999999999973,0.8872,891.6360000000001,0.0,0.0,0.8872,887.2,0.0,2018,3,1,Tuesday,1,Spring
EUR/JPY,2018-03-14,132.039001,132.253006,131.063995,131.983994,JPY,135.94351382,136206.16196805998,3.959519819999997,131.983994,132643.91397,0.0,0.0,131.983994,131983.994,0.0,2018,3,2,Wednesday,1,Spring
EUR/GBP,2018-03-14,0.88688,0.88783,0.8845,0.88704,GBP,0.9136512000000001,915.4164096000002,0.026611200000000057,0.88704,891.4752000000001,0.0,0.0,0.88704,887.0400000000001,0.0,2018,3,2,Wednesday,1,Spring
EUR/USD,2018-03-14,1.239296,1.241619,1.23501,1.239234,USD,1.27641102,1278.87709566,0.037177020000000116,1.239234,1245.4301699999999,0.0,0.0,1.239234,1239.234,0.0,2018,3,2,Wednesday,1,Spring
EUR/GBP,2018-03-15,0.88577,0.88729,0.8823,0.88574,GBP,0.9123122,914.0748226,0.026572200000000046,0.88574,890.1687000000001,0.0,0.0,0.88574,885.74,0.0,2018,3,3,Thursday,1,Spring
EUR/USD,2018-03-15,1.237532,1.238697,1.232073,1.237562,USD,1.2746888600000001,1277.1516083800002,0.037126860000000095,1.237562,1243.74981,0.0,0.0,1.237562,1237.5620000000001,0.0,2018,3,3,Thursday,1,Spring
EUR/JPY,2018-03-15,131.363998,131.449997,130.565002,131.369995,JPY,135.31109485,135572.52114005,3.9410998500000005,131.369995,132026.84497499999,0.0,0.0,131.369995,131369.995,0.0,2018,3,3,Thursday,1,Spring
EUR/JPY,2018-03-16,130.809998,130.839996,130.085999,130.828995,JPY,134.75386484999999,135014.21455004998,3.924869849999993,130.828995,131483.139975,0.0,0.0,130.828995,130828.995,0.0,2018,3,4,Friday,1,Spring
EUR/USD,2018-03-16,1.230769,1.233502,1.226151,1.230921,USD,1.26784863,1270.2981627899999,0.0369276300000001,1.230921,1237.0756049999998,0.0,0.0,1.230921,1230.9209999999998,0.0,2018,3,4,Friday,1,Spring
EUR/GBP,2018-03-16,0.8829,0.88386,0.88129,0.8828,GBP,0.9092840000000001,911.0407720000001,0.026484000000000063,0.8828,887.214,0.0,0.0,0.8828,882.8000000000001,0.0,2018,3,4,Friday,1,Spring
EUR/GBP,2018-03-19,0.8807,0.88154,0.8745,0.8807,GBP,0.9071210000000001,908.8735930000001,0.026421000000000028,0.8807,885.1035,0.0,0.0,0.8807,880.7,0.0,2018,3,0,Monday,1,Spring
EUR/JPY,2018-03-19,130.130005,130.949005,129.589996,130.139999,JPY,134.04419897,134303.17756801,3.9041999700000076,130.139999,130790.69899499998,0.0,0.0,130.139999,130139.99899999998,0.0,2018,3,0,Monday,1,Spring
EUR/USD,2018-03-19,1.228079,1.233243,1.226046,1.228079,USD,1.26492137,1267.36524721,0.03684237000000001,1.228079,1234.2193949999998,0.0,0.0,1.228079,1228.079,0.0,2018,3,0,Monday,1,Spring
EUR/GBP,2018-03-20,0.87958,0.8799,0.87575,0.8796,GBP,0.9059880000000001,907.7384040000002,0.026388000000000078,0.8796,883.998,0.0,0.0,0.8796,879.6,0.0,2018,3,1,Tuesday,1,Spring
EUR/USD,2018-03-20,1.233806,1.235422,1.226497,1.233685,USD,1.27069555,1273.1505831499999,0.037010549999999975,1.233685,1239.853425,0.0,0.0,1.233685,1233.685,0.0,2018,3,1,Tuesday,1,Spring
EUR/JPY,2018-03-20,130.811996,131.667007,130.544006,130.770004,JPY,134.69310412000002,134953.33642796,3.923100120000015,130.770004,131423.85402,0.0,0.0,130.770004,130770.004,0.0,2018,3,1,Tuesday,1,Spring
EUR/GBP,2018-03-21,0.87459,0.87583,0.87217,0.8746,GBP,0.900838,902.5784540000001,0.026237999999999984,0.8746,878.9730000000001,0.0,0.0,0.8746,874.6,0.0,2018,3,2,Wednesday,1,Spring
EUR/JPY,2018-03-21,130.408005,130.630997,130.294006,130.410004,JPY,134.32230411999998,134581.82002796,3.9123001199999976,130.410004,131062.05401999998,0.0,0.0,130.410004,130410.00399999999,0.0,2018,3,2,Wednesday,1,Spring
EUR/USD,2018-03-21,1.224815,1.229619,1.224699,1.22519,USD,1.2619457,1264.3838281,0.03675570000000006,1.22519,1231.3159500000002,0.0,0.0,1.22519,1225.19,0.0,2018,3,2,Wednesday,1,Spring
EUR/JPY,2018-03-22,130.759995,131.009995,129.550003,130.789001,JPY,134.71267103000002,134972.94114199,3.923670030000011,130.789001,131442.946005,0.0,0.0,130.789001,130789.00100000002,0.0,2018,3,3,Thursday,1,Spring
EUR/GBP,2018-03-22,0.87291,0.87395,0.86786,0.87295,GBP,0.8991385000000001,900.8756705000001,0.02618850000000006,0.87295,877.31475,0.0,0.0,0.87295,872.95,0.0,2018,3,3,Thursday,1,Spring
EUR/USD,2018-03-22,1.234873,1.238682,1.230043,1.234766,USD,1.27180898,1274.26616434,0.03704298000000006,1.234766,1240.93983,0.0,0.0,1.234766,1234.766,0.0,2018,3,3,Thursday,1,Spring
EUR/JPY,2018-03-23,129.380997,129.955002,129.108994,129.369003,JPY,133.25007309,133507.51740597,3.8810700900000086,129.369003,130015.848015,0.0,0.0,129.369003,129369.003,0.0,2018,3,4,Friday,1,Spring
EUR/GBP,2018-03-23,0.87324,0.87524,0.87105,0.87321,GBP,0.8994063000000001,901.1439879000001,0.02619630000000006,0.87321,877.57605,0.0,0.0,0.87321,873.21,0.0,2018,3,4,Friday,1,Spring
EUR/USD,2018-03-23,1.232605,1.236017,1.231997,1.232499,USD,1.26947397,1271.92664301,0.03697496999999994,1.232499,1238.661495,0.0,0.0,1.232499,1232.499,0.0,2018,3,4,Friday,1,Spring
EUR/USD,2018-03-26,1.235391,1.244896,1.235239,1.235437,USD,1.27250011,1274.95862963,0.037063110000000066,1.235437,1241.614185,0.0,0.0,1.235437,1235.437,0.0,2018,3,0,Monday,1,Spring
EUR/JPY,2018-03-26,129.511002,130.875,129.473007,129.542999,JPY,133.42928897000002,133687.07953801003,3.886289970000007,129.542999,130190.71399500001,0.0,0.0,129.542999,129542.99900000001,0.0,2018,3,0,Monday,1,Spring
EUR/GBP,2018-03-26,0.873,0.87618,0.8717,0.87319,GBP,0.8993857000000001,901.1233481,0.026195700000000044,0.87319,877.55595,0.0,0.0,0.87319,873.19,0.0,2018,3,0,Monday,1,Spring
EUR/USD,2018-03-27,1.245501,1.247816,1.237333,1.245749,USD,1.28312147,1285.60051051,0.03737246999999999,1.245749,1251.977745,0.0,0.0,1.245749,1245.749,0.0,2018,3,1,Tuesday,1,Spring
EUR/GBP,2018-03-27,0.87479,0.87964,0.8745,0.8749,GBP,0.901147,902.888051,0.02624700000000002,0.8749,879.2745,0.0,0.0,0.8749,874.9,0.0,2018,3,1,Tuesday,1,Spring
EUR/JPY,2018-03-27,131.449997,131.798996,130.897202,131.421005,JPY,135.36363515000002,135625.16294995003,3.9426301500000136,131.421005,132078.110025,0.0,0.0,131.421005,131421.005,0.0,2018,3,1,Tuesday,1,Spring
EUR/GBP,2018-03-28,0.8753,0.87672,0.87342,0.8752,GBP,0.901456,903.1976480000001,0.026256000000000057,0.8752,879.5759999999999,0.0,0.0,0.8752,875.1999999999999,0.0,2018,3,2,Wednesday,1,Spring
EUR/USD,2018-03-28,1.240803,1.242236,1.233715,1.240787,USD,1.2780106100000002,1280.4797761300003,0.037223610000000074,1.240787,1246.990935,0.0,0.0,1.240787,1240.787,0.0,2018,3,2,Wednesday,1,Spring
EUR/JPY,2018-03-28,130.882996,131.688004,130.615005,130.839996,JPY,134.76519588000002,135025.56747204,3.925199880000008,130.839996,131494.19598000002,0.0,0.0,130.839996,130839.99600000001,0.0,2018,3,2,Wednesday,1,Spring
EUR/USD,2018-03-29,1.231284,1.233806,1.228516,1.231027,USD,1.2679578100000002,1270.40755373,0.03693081000000009,1.231027,1237.182135,0.0,0.0,1.231027,1231.027,0.0,2018,3,3,Thursday,1,Spring
EUR/JPY,2018-03-29,131.473007,131.582993,130.628998,131.466995,JPY,135.41100485,135672.62417005,3.9440098500000147,131.466995,132124.329975,0.0,0.0,131.466995,131466.995,0.0,2018,3,3,Thursday,1,Spring
EUR/GBP,2018-03-29,0.87427,0.87694,0.87406,0.87425,GBP,0.9004775,902.2172575000001,0.02622750000000007,0.87425,878.62125,0.0,0.0,0.87425,874.25,0.0,2018,3,3,Thursday,1,Spring
EUR/GBP,2018-03-30,0.877,0.87843,0.87666,0.87686,GBP,0.9031658,904.9107514,0.026305800000000046,0.87686,881.2443000000001,0.0,0.0,0.87686,876.86,0.0,2018,3,4,Friday,1,Spring
EUR/USD,2018-03-30,1.230254,1.23335,1.229801,1.230285,USD,1.26719355,1269.64181715,0.03690854999999993,1.230285,1236.436425,0.0,0.0,1.230285,1230.285,0.0,2018,3,4,Friday,1,Spring
EUR/JPY,2018-03-30,130.970001,130.996994,130.625,130.972,JPY,134.90116,135161.79428,3.929159999999996,130.972,131626.86000000002,0.0,0.0,130.972,130972.00000000001,0.0,2018,3,4,Friday,1,Spring
EUR/GBP,2018-04-02,0.87719,0.87763,0.8752,0.87715,GBP,0.9034645,905.2100285,0.02631450000000002,0.87715,881.53575,0.0,0.0,0.87715,877.15,0.0,2018,4,0,Monday,2,Spring
EUR/JPY,2018-04-02,130.897995,131.289001,130.173996,130.903,JPY,134.83008999999998,135090.58697,3.9270899999999926,130.903,131557.51499999998,0.0,0.0,130.903,130902.99999999999,0.0,2018,4,0,Monday,2,Spring
EUR/USD,2018-04-02,1.231284,1.234568,1.228381,1.231421,USD,1.26836363,1270.81415779,0.036942629999999976,1.231421,1237.578105,0.0,0.0,1.231421,1231.421,0.0,2018,4,0,Monday,2,Spring
EUR/JPY,2018-04-03,130.061996,130.897003,129.990005,130.050003,JPY,133.95150309000002,134210.30259597002,3.901500090000013,130.050003,130700.253015,0.0,0.0,130.050003,130050.003,0.0,2018,4,1,Tuesday,2,Spring
EUR/USD,2018-04-03,1.229332,1.2337,1.225505,1.229271,USD,1.26614913,1268.59537929,0.036878130000000064,1.229271,1235.417355,0.0,0.0,1.229271,1229.271,0.0,2018,4,1,Tuesday,2,Spring
EUR/GBP,2018-04-03,0.87512,0.8762,0.8714,0.87509,GBP,0.9013427,903.0841291,0.026252700000000018,0.87509,879.46545,0.0,0.0,0.87509,875.09,0.0,2018,4,1,Tuesday,2,Spring
EUR/USD,2018-04-04,1.227943,1.231057,1.225761,1.227853,USD,1.2646885900000002,1267.1320174700002,0.03683559000000014,1.227853,1233.992265,0.0,0.0,1.227853,1227.853,0.0,2018,4,2,Wednesday,2,Spring
EUR/JPY,2018-04-04,130.682999,131.141998,130.238007,130.677994,JPY,134.59833382000002,134858.38302806002,3.9203398200000095,130.677994,131331.38397,0.0,0.0,130.677994,130677.994,0.0,2018,4,2,Wednesday,2,Spring
EUR/GBP,2018-04-04,0.87263,0.87574,0.8714,0.87273,GBP,0.8989119,900.6486326999999,0.02618189999999998,0.87273,877.09365,0.0,0.0,0.87273,872.73,0.0,2018,4,2,Wednesday,2,Spring
EUR/JPY,2018-04-05,131.207001,131.460999,131.100006,131.190002,JPY,135.12570206,135386.77016398002,3.9357000600000163,131.190002,131845.95200999998,0.0,0.0,131.190002,131190.00199999998,0.0,2018,4,3,Thursday,2,Spring
EUR/GBP,2018-04-05,0.872,0.87489,0.87161,0.8721,GBP,0.898263,899.9984790000001,0.026163000000000047,0.8721,876.4605,0.0,0.0,0.8721,872.1,0.0,2018,4,3,Thursday,2,Spring
EUR/USD,2018-04-05,1.228788,1.229105,1.221941,1.228682,USD,1.26554246,1267.9875371800001,0.036860459999999984,1.228682,1234.82541,0.0,0.0,1.228682,1228.682,0.0,2018,4,3,Thursday,2,Spring
EUR/USD,2018-04-06,1.2251,1.228003,1.221807,1.22516,USD,1.2619148,1264.3528684,0.036754799999999976,1.22516,1231.2858,0.0,0.0,1.22516,1225.16,0.0,2018,4,4,Friday,2,Spring
EUR/JPY,2018-04-06,131.179993,131.602005,131.130997,131.149994,JPY,135.08449382,135345.48230806,3.9344998200000134,131.149994,131805.74397,0.0,0.0,131.149994,131149.994,0.0,2018,4,4,Friday,2,Spring
EUR/GBP,2018-04-06,0.87454,0.87489,0.87019,0.8745,GBP,0.9007350000000001,902.4752550000001,0.02623500000000001,0.8745,878.8725,0.0,0.0,0.8745,874.5,0.0,2018,4,4,Friday,2,Spring
EUR/USD,2018-04-09,1.227144,1.233046,1.226257,1.227144,USD,1.26395832,1266.40033656,0.036814319999999956,1.227144,1233.27972,0.0,0.0,1.227144,1227.144,0.0,2018,4,0,Monday,2,Spring
EUR/GBP,2018-04-09,0.87088,0.87194,0.8698,0.87078,GBP,0.8969034,898.6362522000001,0.02612340000000002,0.87078,875.1338999999999,0.0,0.0,0.87078,870.78,0.0,2018,4,0,Monday,2,Spring
EUR/JPY,2018-04-09,131.238007,131.988998,131.130005,131.259003,JPY,135.19677309000002,135457.97850597004,3.937770090000015,131.259003,131915.298015,0.0,0.0,131.259003,131259.003,0.0,2018,4,0,Monday,2,Spring
EUR/GBP,2018-04-10,0.87179,0.8727,0.86927,0.87173,GBP,0.8978819,899.6166426999999,0.026151900000000006,0.87173,876.08865,0.0,0.0,0.87173,871.73,0.0,2018,4,1,Tuesday,2,Spring
EUR/JPY,2018-04-10,131.501007,132.597,131.432007,131.533005,JPY,135.47899515,135740.74582995,3.94599015,131.533005,132190.670025,0.0,0.0,131.533005,131533.005,0.0,2018,4,1,Tuesday,2,Spring
EUR/USD,2018-04-10,1.232225,1.237777,1.230376,1.23224,USD,1.2692072,1271.6593576,0.03696720000000009,1.23224,1238.4012,0.0,0.0,1.23224,1232.24,0.0,2018,4,1,Tuesday,2,Spring
EUR/JPY,2018-04-11,132.427994,132.600998,132.059998,132.417007,JPY,136.38951721,136653.02705393,3.972510209999996,132.417007,133079.092035,0.0,0.0,132.417007,132417.007,0.0,2018,4,2,Wednesday,2,Spring
EUR/GBP,2018-04-11,0.8718,0.87392,0.8701,0.8717,GBP,0.8978510000000001,899.5856830000001,0.026151000000000035,0.8717,876.0585000000001,0.0,0.0,0.8717,871.7,0.0,2018,4,2,Wednesday,2,Spring
EUR/USD,2018-04-11,1.236384,1.239372,1.235407,1.236308,USD,1.27339724,1275.85749292,0.03708924000000002,1.236308,1242.48954,0.0,0.0,1.236308,1236.308,0.0,2018,4,2,Wednesday,2,Spring
EUR/GBP,2018-04-12,0.87202,0.87272,0.86462,0.87197,GBP,0.8981291,899.8643203,0.02615909999999999,0.87197,876.3298500000001,0.0,0.0,0.87197,871.97,0.0,2018,4,3,Thursday,2,Spring
EUR/JPY,2018-04-12,132.160004,132.307007,131.834,132.160995,JPY,136.12582485000001,136388.82523005002,3.964829850000001,132.160995,132821.79997500003,0.0,0.0,132.160995,132160.99500000002,0.0,2018,4,3,Thursday,2,Spring
EUR/USD,2018-04-12,1.237624,1.237976,1.230043,1.237164,USD,1.27427892,1276.74087636,0.03711492000000005,1.237164,1243.34982,0.0,0.0,1.237164,1237.164,0.0,2018,4,3,Thursday,2,Spring
EUR/USD,2018-04-13,1.23335,1.234873,1.230875,1.23297,USD,1.2699591,1272.4127102999998,0.0369891,1.23297,1239.1348499999997,0.0,0.0,1.23297,1232.9699999999998,0.0,2018,4,4,Friday,2,Spring
EUR/JPY,2018-04-13,132.272003,132.886002,132.238007,132.201004,JPY,136.16703412,136430.11411796,3.966030119999999,132.201004,132862.00902000003,0.0,0.0,132.201004,132201.00400000002,0.0,2018,4,4,Friday,2,Spring
EUR/GBP,2018-04-13,0.8658,0.86632,0.86281,0.86601,GBP,0.8919903,893.7136599,0.025980300000000067,0.86601,870.34005,0.0,0.0,0.86601,866.01,0.0,2018,4,4,Friday,2,Spring
EUR/GBP,2018-04-16,0.86565,0.86681,0.86276,0.86549,GBP,0.8914547,893.1770251,0.025964700000000063,0.86549,869.81745,0.0,0.0,0.86549,865.49,0.0,2018,4,0,Monday,2,Spring
EUR/USD,2018-04-16,1.233304,1.239403,1.232635,1.233259,USD,1.27025677,1272.71095541,0.03699776999999993,1.233259,1239.425295,0.0,0.0,1.233259,1233.259,0.0,2018,4,0,Monday,2,Spring
EUR/JPY,2018-04-16,132.557999,132.960999,132.119995,132.574005,JPY,136.55122515,136815.04741995,3.9772201499999937,132.574005,133236.87502500002,0.0,0.0,132.574005,132574.005,0.0,2018,4,0,Monday,2,Spring
EUR/GBP,2018-04-17,0.86351,0.86465,0.862,0.86353,GBP,0.8894359000000001,891.1543247000001,0.025905900000000037,0.86353,867.8476499999999,0.0,0.0,0.86353,863.53,0.0,2018,4,1,Tuesday,2,Spring
EUR/USD,2018-04-17,1.238467,1.2415,1.233837,1.238513,USD,1.27566839,1278.13303087,0.03715539000000012,1.238513,1244.705565,0.0,0.0,1.238513,1238.513,0.0,2018,4,1,Tuesday,2,Spring
EUR/JPY,2018-04-17,132.522003,132.764008,132.179993,132.574005,JPY,136.55122515,136815.04741995,3.9772201499999937,132.574005,133236.87502500002,0.0,0.0,132.574005,132574.005,0.0,2018,4,1,Tuesday,2,Spring
EUR/GBP,2018-04-18,0.86534,0.87207,0.86438,0.86543,GBP,0.8913929,893.1151057000001,0.02596290000000001,0.86543,869.75715,0.0,0.0,0.86543,865.4300000000001,0.0,2018,4,2,Wednesday,2,Spring
EUR/JPY,2018-04-18,132.417999,132.893005,132.360001,132.406006,JPY,136.37818618,136641.67413194,3.9721801800000094,132.406006,133068.03603,0.0,0.0,132.406006,132406.006,0.0,2018,4,2,Wednesday,2,Spring
EUR/USD,2018-04-18,1.237302,1.239695,1.234446,1.237317,USD,1.2744365100000001,1276.8987708300003,0.03711951000000013,1.237317,1243.503585,0.0,0.0,1.237317,1237.317,0.0,2018,4,2,Wednesday,2,Spring
EUR/GBP,2018-04-19,0.87152,0.8733,0.8689,0.87151,GBP,0.8976553,899.3896049,0.026145300000000038,0.87151,875.8675499999999,0.0,0.0,0.87151,871.51,0.0,2018,4,3,Thursday,2,Spring
EUR/USD,2018-04-19,1.237854,1.240199,1.233046,1.237915,USD,1.2750524500000002,1277.5159008500002,0.03713745000000013,1.237915,1244.1045750000003,0.0,0.0,1.237915,1237.9150000000002,0.0,2018,4,3,Thursday,2,Spring
EUR/JPY,2018-04-19,132.893005,133.056,132.494995,132.880005,JPY,136.86640515000002,137130.83635995002,3.9864001500000086,132.880005,133544.40502500001,0.0,0.0,132.880005,132880.005,0.0,2018,4,3,Thursday,2,Spring
EUR/JPY,2018-04-20,132.626007,132.960007,132.054001,132.623993,JPY,136.60271279000003,136866.63453607002,3.9787197900000137,132.623993,133287.112965,0.0,0.0,132.623993,132623.99300000002,0.0,2018,4,4,Friday,2,Spring
EUR/GBP,2018-04-20,0.8764,0.87892,0.8734,0.87642,GBP,0.9027126,904.4566758,0.0262926,0.87642,880.8021,0.0,0.0,0.87642,876.42,0.0,2018,4,4,Friday,2,Spring
EUR/USD,2018-04-20,1.234416,1.235269,1.225505,1.234553,USD,1.27158959,1274.04635047,0.037036590000000036,1.234553,1240.7257650000001,0.0,0.0,1.234553,1234.553,0.0,2018,4,4,Friday,2,Spring
EUR/USD,2018-04-23,1.227385,1.228969,1.221225,1.22734,USD,1.2641602,1266.6026066,0.03682019999999997,1.22734,1233.4767000000002,0.0,0.0,1.22734,1227.3400000000001,0.0,2018,4,0,Monday,2,Spring
EUR/JPY,2018-04-23,132.367996,132.709,132.119003,132.386002,JPY,136.35758206,136621.03020398,3.971580060000008,132.386002,133047.93201,0.0,0.0,132.386002,132386.00199999998,0.0,2018,4,0,Monday,2,Spring
EUR/GBP,2018-04-23,0.87643,0.87742,0.87449,0.87637,GBP,0.9026611,904.4050763,0.02629110000000001,0.87637,880.75185,0.0,0.0,0.87637,876.37,0.0,2018,4,0,Monday,2,Spring
EUR/USD,2018-04-24,1.22112,1.223466,1.218487,1.220897,USD,1.25752391,1259.9534950299999,0.03662691000000007,1.220897,1227.001485,0.0,0.0,1.220897,1220.897,0.0,2018,4,1,Tuesday,2,Spring
EUR/JPY,2018-04-24,132.789993,133.479004,132.639008,132.779007,JPY,136.76237721,137026.60743393,3.983370210000004,132.779007,133442.902035,0.0,0.0,132.779007,132779.007,0.0,2018,4,1,Tuesday,2,Spring
EUR/GBP,2018-04-24,0.87604,0.87661,0.8739,0.87589,GBP,0.9021667,903.9097211,0.02627670000000004,0.87589,880.26945,0.0,0.0,0.87589,875.89,0.0,2018,4,1,Tuesday,2,Spring
EUR/USD,2018-04-25,1.223616,1.223616,1.2169,1.22414,USD,1.2608642,1263.3002386000003,0.036724200000000096,1.22414,1230.2607,0.0,0.0,1.22414,1224.14,0.0,2018,4,2,Wednesday,2,Spring
EUR/JPY,2018-04-25,133.110001,133.328995,132.932007,133.149994,JPY,137.14449382,137409.46230806,3.9944998200000157,133.149994,133815.74397,0.0,0.0,133.149994,133149.994,0.0,2018,4,2,Wednesday,2,Spring
EUR/GBP,2018-04-25,0.8743,0.8751,0.873,0.8743,GBP,0.900529,902.268857,0.026229000000000058,0.8743,878.6714999999999,0.0,0.0,0.8743,874.3,0.0,2018,4,2,Wednesday,2,Spring
EUR/GBP,2018-04-26,0.87329,0.875,0.86816,0.8732,GBP,0.899396,901.133668,0.026195999999999997,0.8732,877.5659999999999,0.0,0.0,0.8732,873.1999999999999,0.0,2018,4,3,Thursday,2,Spring
EUR/USD,2018-04-26,1.217078,1.221001,1.20998,1.217167,USD,1.2536820100000001,1256.1041723300002,0.036515010000000014,1.217167,1223.2528350000002,0.0,0.0,1.217167,1217.1670000000001,0.0,2018,4,3,Thursday,2,Spring
EUR/JPY,2018-04-26,133.115997,133.25,132.289993,133.121002,JPY,137.11463206000002,137379.54285398003,3.993630060000015,133.121002,133786.60701,0.0,0.0,133.121002,133121.002,0.0,2018,4,3,Thursday,2,Spring
EUR/GBP,2018-04-27,0.86992,0.87863,0.86836,0.86993,GBP,0.8960279,897.7590607000001,0.026097900000000007,0.86993,874.27965,0.0,0.0,0.86993,869.93,0.0,2018,4,4,Friday,2,Spring
EUR/USD,2018-04-27,1.210756,1.2117,1.205604,1.210962,USD,1.2472908600000001,1249.70067438,0.03632886000000002,1.210962,1217.01681,0.0,0.0,1.210962,1210.962,0.0,2018,4,4,Friday,2,Spring
EUR/JPY,2018-04-27,132.339996,132.371994,131.889999,132.350006,JPY,136.32050618000002,136583.88269194003,3.970500180000016,132.350006,133011.75603,0.0,0.0,132.350006,132350.006,0.0,2018,4,4,Friday,2,Spring
EUR/GBP,2018-04-30,0.88032,0.88225,0.87673,0.8801,GBP,0.9065030000000001,908.254399,0.026403000000000065,0.8801,884.5005,0.0,0.0,0.8801,880.1,0.0,2018,4,0,Monday,2,Spring
EUR/JPY,2018-04-30,132.246002,132.529007,131.908997,132.248001,JPY,136.21544103,136478.61455198997,3.967440030000006,132.248001,132909.241005,0.0,0.0,132.248001,132248.001,0.0,2018,4,0,Monday,2,Spring
EUR/USD,2018-04-30,1.212856,1.213857,1.206636,1.212283,USD,1.24865149,1251.0639331700002,0.03636849000000009,1.212283,1218.3444149999998,0.0,0.0,1.212283,1212.283,0.0,2018,4,0,Monday,2,Spring
EUR/GBP,2018-05-01,0.8771,0.882,0.8761,0.87721,GBP,0.9035263000000001,905.2719479000001,0.02631630000000007,0.87721,881.59605,0.0,0.0,0.87721,877.21,0.0,2018,5,1,Tuesday,2,Spring
EUR/USD,2018-05-01,1.208313,1.208459,1.198351,1.208123,USD,1.24436669,1246.7708547700001,0.03624369000000005,1.208123,1214.163615,0.0,0.0,1.208123,1208.123,0.0,2018,5,1,Tuesday,2,Spring
EUR/JPY,2018-05-01,132.076996,132.123993,131.539001,132.108994,JPY,136.07226382,136335.16071805998,3.9632698199999936,132.108994,132769.53897,0.0,0.0,132.108994,132108.994,0.0,2018,5,1,Tuesday,2,Spring
EUR/JPY,2018-05-02,131.764008,132.100006,131.488007,131.785995,JPY,135.73957485000003,136001.82898005002,3.953579850000011,131.785995,132444.92497500003,0.0,0.0,131.785995,131785.99500000002,0.0,2018,5,2,Wednesday,2,Spring
EUR/GBP,2018-05-02,0.88108,0.88302,0.87838,0.88108,GBP,0.9075124,909.2657492,0.026432400000000023,0.88108,885.4853999999999,0.0,0.0,0.88108,881.0799999999999,0.0,2018,5,2,Wednesday,2,Spring
EUR/USD,2018-05-02,1.199213,1.203109,1.195414,1.199156,USD,1.2351306800000001,1237.5170004400002,0.03597468000000004,1.199156,1205.1517800000001,0.0,0.0,1.199156,1199.1560000000002,0.0,2018,5,2,Wednesday,2,Spring
EUR/USD,2018-05-03,1.195171,1.200913,1.195072,1.1951,USD,1.2309530000000002,1233.3312490000003,0.035853000000000135,1.1951,1201.0755000000001,0.0,0.0,1.1951,1195.1000000000001,0.0,2018,5,3,Thursday,2,Spring
EUR/JPY,2018-05-03,131.257004,131.638,130.278,131.246994,JPY,135.18440382,135445.58533806002,3.937409819999999,131.246994,131903.22897,0.0,0.0,131.246994,131246.994,0.0,2018,5,3,Thursday,2,Spring
EUR/GBP,2018-05-03,0.88053,0.88295,0.8804,0.8804,GBP,0.906812,908.5639959999999,0.02641199999999999,0.8804,884.802,0.0,0.0,0.8804,880.4,0.0,2018,5,3,Thursday,2,Spring
EUR/USD,2018-05-04,1.198926,1.19976,1.191483,1.198926,USD,1.23489378,1237.2796427399999,0.035967780000000005,1.198926,1204.9206299999998,0.0,0.0,1.198926,1198.926,0.0,2018,5,4,Friday,2,Spring
EUR/GBP,2018-05-04,0.88332,0.88383,0.88156,0.88332,GBP,0.9098196000000001,911.5774068000001,0.026499600000000068,0.88332,887.7366000000001,0.0,0.0,0.88332,883.32,0.0,2018,5,4,Friday,2,Spring
EUR/JPY,2018-05-04,130.800003,130.908997,129.9095,130.798996,JPY,134.72296588,134983.25588204002,3.9239698800000156,130.798996,131452.99097999997,0.0,0.0,130.798996,130798.99599999998,0.0,2018,5,4,Friday,2,Spring
EUR/JPY,2018-05-07,130.479004,130.518005,130.089996,130.475006,JPY,134.38925618000002,134648.90144194002,3.9142501800000105,130.475006,131127.38103000002,0.0,0.0,130.475006,130475.00600000001,0.0,2018,5,0,Monday,2,Spring
EUR/GBP,2018-05-07,0.88342,0.88372,0.87793,0.88341,GBP,0.9099123,911.6702859,0.02650229999999998,0.88341,887.8270500000001,0.0,0.0,0.88341,883.4100000000001,0.0,2018,5,0,Monday,2,Spring
EUR/USD,2018-05-07,1.195572,1.197892,1.189952,1.1955,USD,1.231365,1233.744045,0.035865000000000036,1.1955,1201.4775,0.0,0.0,1.1955,1195.5,0.0,2018,5,0,Monday,2,Spring
EUR/JPY,2018-05-08,129.987,130.089005,129.238998,130.003998,JPY,133.90411794,134162.82589602,3.900119939999996,130.003998,130654.01799,0.0,0.0,130.003998,130003.99799999999,0.0,2018,5,1,Tuesday,2,Spring
EUR/USD,2018-05-08,1.19326,1.193887,1.183936,1.193374,USD,1.22917522,1231.5500342599998,0.03580121999999997,1.193374,1199.34087,0.0,0.0,1.193374,1193.374,0.0,2018,5,1,Tuesday,2,Spring
EUR/GBP,2018-05-08,0.87935,0.88086,0.87678,0.87946,GBP,0.9058438000000001,907.5939254000001,0.02638380000000007,0.87946,883.8573,0.0,0.0,0.87946,879.46,0.0,2018,5,1,Tuesday,2,Spring
EUR/USD,2018-05-09,1.186676,1.189612,1.182355,1.186789,USD,1.22239267,1224.7543801100003,0.035603669999999976,1.186789,1192.722945,0.0,0.0,1.186789,1186.789,0.0,2018,5,2,Wednesday,2,Spring
EUR/GBP,2018-05-09,0.87552,0.8766,0.87284,0.8756,GBP,0.9018680000000001,903.6104440000001,0.02626800000000007,0.8756,879.9780000000001,0.0,0.0,0.8756,875.6,0.0,2018,5,2,Wednesday,2,Spring
EUR/JPY,2018-05-09,129.388,130.464005,129.339996,129.384003,JPY,133.26552309000002,133522.99725597,3.8815200900000093,129.384003,130030.92301500001,0.0,0.0,129.384003,129384.00300000001,0.0,2018,5,2,Wednesday,2,Spring
EUR/USD,2018-05-10,1.184764,1.194244,1.184469,1.184722,USD,1.22026366,1222.62125678,0.03554166000000003,1.184722,1190.64561,0.0,0.0,1.184722,1184.722,0.0,2018,5,3,Thursday,2,Spring
EUR/GBP,2018-05-10,0.87469,0.88356,0.87291,0.87462,GBP,0.9008586,902.5990937999999,0.0262386,0.87462,878.9931,0.0,0.0,0.87462,874.62,0.0,2018,5,3,Thursday,2,Spring
EUR/JPY,2018-05-10,130.110001,130.735001,130.011002,130.130005,JPY,134.03390515,134292.86385995,3.9039001499999983,130.130005,130780.655025,0.0,0.0,130.130005,130130.005,0.0,2018,5,3,Thursday,2,Spring
EUR/USD,2018-05-11,1.191526,1.196788,1.189343,1.191753,USD,1.22750559,1229.87717847,0.03575258999999997,1.191753,1197.7117650000002,0.0,0.0,1.191753,1191.7530000000002,0.0,2018,5,4,Friday,2,Spring
EUR/JPY,2018-05-11,130.421997,130.673996,130.005005,130.393997,JPY,134.30581691,134565.30096403,3.9118199099999913,130.393997,131045.96698500002,0.0,0.0,130.393997,130393.99700000002,0.0,2018,5,4,Friday,2,Spring
EUR/GBP,2018-05-11,0.8812,0.88203,0.87882,0.8811,GBP,0.907533,909.286389,0.02643300000000004,0.8811,885.5055,0.0,0.0,0.8811,881.1,0.0,2018,5,4,Friday,2,Spring
EUR/USD,2018-05-14,1.195157,1.1997,1.195157,1.195214,USD,1.23107042,1233.44889586,0.03585642,1.195214,1201.1900699999999,0.0,0.0,1.195214,1195.214,0.0,2018,5,0,Monday,2,Spring
EUR/JPY,2018-05-14,130.654999,131.367996,130.589996,130.675995,JPY,134.59627485000001,134856.32008005,3.920279850000014,130.675995,131329.37497499998,0.0,0.0,130.675995,130675.995,0.0,2018,5,0,Monday,2,Spring
EUR/GBP,2018-05-14,0.88197,0.88266,0.88012,0.8819,GBP,0.9083570000000001,910.1119810000001,0.026457000000000064,0.8819,886.3095,0.0,0.0,0.8819,881.9,0.0,2018,5,0,Monday,2,Spring
EUR/USD,2018-05-15,1.193204,1.19403,1.182396,1.193118,USD,1.22891154,1231.2858448199997,0.03579354000000001,1.193118,1199.08359,0.0,0.0,1.193118,1193.118,0.0,2018,5,1,Tuesday,2,Spring
EUR/JPY,2018-05-15,130.923996,131.130997,130.453995,130.912003,JPY,134.83936309,135099.87797597,3.9273600900000076,130.912003,131566.563015,0.0,0.0,130.912003,130912.003,0.0,2018,5,1,Tuesday,2,Spring
EUR/GBP,2018-05-15,0.8798,0.88171,0.8779,0.8797,GBP,0.9060910000000001,907.8416030000001,0.026391000000000053,0.8797,884.0985000000001,0.0,0.0,0.8797,879.7,0.0,2018,5,1,Tuesday,2,Spring
EUR/GBP,2018-05-16,0.87558,0.87814,0.87328,0.87559,GBP,0.9018577,903.6001241,0.026267700000000005,0.87559,879.9679500000001,0.0,0.0,0.87559,875.59,0.0,2018,5,2,Wednesday,2,Spring
EUR/USD,2018-05-16,1.182257,1.185396,1.176568,1.182089,USD,1.21755167,1219.90402711,0.03546267000000003,1.182089,1187.999445,0.0,0.0,1.182089,1182.089,0.0,2018,5,2,Wednesday,2,Spring
EUR/JPY,2018-05-16,130.380997,130.559006,129.533997,130.380005,JPY,134.29140515,134550.86135995,3.9114001499999915,130.380005,131031.905025,0.0,0.0,130.380005,130380.005,0.0,2018,5,2,Wednesday,2,Spring
EUR/USD,2018-05-17,1.181419,1.183684,1.177856,1.181698,USD,1.21714894,1219.50051902,0.03545094000000004,1.181698,1187.60649,0.0,0.0,1.181698,1181.6979999999999,0.0,2018,5,3,Thursday,2,Spring
EUR/GBP,2018-05-17,0.872,0.87519,0.87145,0.87211,GBP,0.8982733,900.0087989000001,0.0261633,0.87211,876.47055,0.0,0.0,0.87211,872.11,0.0,2018,5,3,Thursday,2,Spring
EUR/JPY,2018-05-17,130.406998,130.843994,130.25,130.384995,JPY,134.29654485,134556.01099005,3.91154985,130.384995,131036.91997500001,0.0,0.0,130.384995,130384.99500000001,0.0,2018,5,3,Thursday,2,Spring
EUR/GBP,2018-05-18,0.87259,0.87519,0.87251,0.8726,GBP,0.8987780000000001,900.5144740000001,0.026178000000000035,0.8726,876.9630000000001,0.0,0.0,0.8726,872.6,0.0,2018,5,4,Friday,2,Spring
EUR/JPY,2018-05-18,130.695007,131.102997,130.238007,130.688995,JPY,134.60966485,134869.73595005,3.920669849999996,130.688995,131342.43997500002,0.0,0.0,130.688995,130688.99500000001,0.0,2018,5,4,Friday,2,Spring
EUR/USD,2018-05-18,1.179204,1.182229,1.175047,1.179523,USD,1.2149086900000001,1217.2559407700003,0.035385690000000025,1.179523,1185.4206150000002,0.0,0.0,1.179523,1179.5230000000001,0.0,2018,5,4,Friday,2,Spring
EUR/GBP,2018-05-21,0.87289,0.87733,0.87256,0.8729,GBP,0.8990870000000001,900.8240710000001,0.02618700000000007,0.8729,877.2645,0.0,0.0,0.8729,872.9,0.0,2018,5,0,Monday,2,Spring
EUR/JPY,2018-05-21,130.473999,130.998001,130.376999,130.460007,JPY,134.37380721,134633.42262393,3.913800210000005,130.460007,131112.30703499998,0.0,0.0,130.460007,130460.00699999998,0.0,2018,5,0,Monday,2,Spring
EUR/USD,2018-05-21,1.176374,1.177898,1.171866,1.176664,USD,1.2119639199999999,1214.30548136,0.03529991999999993,1.176664,1182.54732,0.0,0.0,1.176664,1176.664,0.0,2018,5,0,Monday,2,Spring
EUR/GBP,2018-05-22,0.87769,0.87884,0.87587,0.8778,GBP,0.9041340000000001,905.8808220000001,0.02633400000000008,0.8778,882.1890000000001,0.0,0.0,0.8778,877.8000000000001,0.0,2018,5,1,Tuesday,2,Spring
EUR/JPY,2018-05-22,130.860001,131.315994,130.600006,130.841995,JPY,134.76725485,135027.63042005,3.9252598500000033,130.841995,131496.204975,0.0,0.0,130.841995,130841.995,0.0,2018,5,1,Tuesday,2,Spring
EUR/USD,2018-05-22,1.178884,1.182816,1.175945,1.179245,USD,1.2146223500000002,1216.9690475500001,0.035377350000000085,1.179245,1185.141225,0.0,0.0,1.179245,1179.2450000000001,0.0,2018,5,1,Tuesday,2,Spring
EUR/JPY,2018-05-23,130.537003,130.634995,128.253006,130.531006,JPY,134.44693618,134706.69288194,3.9159301800000037,130.531006,131183.66103,0.0,0.0,130.531006,130531.006,0.0,2018,5,2,Wednesday,2,Spring
EUR/USD,2018-05-23,1.178967,1.179101,1.16862,1.178856,USD,1.2142216799999999,1216.5676034399999,0.035365679999999955,1.178856,1184.75028,0.0,0.0,1.178856,1178.856,0.0,2018,5,2,Wednesday,2,Spring
EUR/GBP,2018-05-23,0.87698,0.87953,0.87417,0.8769,GBP,0.903207,904.952031,0.02630699999999997,0.8769,881.2845,0.0,0.0,0.8769,876.9,0.0,2018,5,2,Wednesday,2,Spring
EUR/USD,2018-05-24,1.170713,1.174936,1.169221,1.171015,USD,1.20614545,1208.47576985,0.035130450000000035,1.171015,1176.8700749999998,0.0,0.0,1.171015,1171.0149999999999,0.0,2018,5,3,Thursday,2,Spring
EUR/JPY,2018-05-24,128.664993,128.848007,127.740997,128.654999,JPY,132.51464897,132770.67241801,3.8596499699999924,128.654999,129298.27399500001,0.0,0.0,128.654999,128654.99900000001,0.0,2018,5,3,Thursday,2,Spring
EUR/GBP,2018-05-24,0.87549,0.87757,0.87383,0.8758,GBP,0.902074,903.8168420000001,0.02627400000000002,0.8758,880.1790000000001,0.0,0.0,0.8758,875.8000000000001,0.0,2018,5,3,Thursday,2,Spring
EUR/USD,2018-05-25,1.172319,1.173323,1.164836,1.172264,USD,1.20743192,1209.76472536,0.03516792000000013,1.172264,1178.1253199999999,0.0,0.0,1.172264,1172.264,0.0,2018,5,4,Friday,2,Spring
EUR/JPY,2018-05-25,128.160995,128.514008,127.160004,128.138,JPY,131.98214000000002,132237.13462000003,3.84414000000001,128.138,128778.69,0.0,0.0,128.138,128138.0,0.0,2018,5,4,Friday,2,Spring
EUR/GBP,2018-05-25,0.87587,0.87797,0.87418,0.876,GBP,0.90228,904.02324,0.02627999999999997,0.876,880.38,0.0,0.0,0.876,876.0,0.0,2018,5,4,Friday,2,Spring
EUR/USD,2018-05-28,1.168757,1.17302,1.160847,1.168893,USD,1.20395979,1206.2858870700002,0.035066790000000125,1.168893,1174.737465,0.0,0.0,1.168893,1168.893,0.0,2018,5,0,Monday,2,Spring
EUR/JPY,2018-05-28,128.134995,128.501007,126.874001,128.132004,JPY,131.97596412,132230.94680796,3.8439601199999913,128.132004,128772.66402,0.0,0.0,128.132004,128132.004,0.0,2018,5,0,Monday,2,Spring
EUR/GBP,2018-05-28,0.87819,0.87945,0.87252,0.87821,GBP,0.9045563000000001,906.3039379,0.026346300000000045,0.87821,882.60105,0.0,0.0,0.87821,878.21,0.0,2018,5,0,Monday,2,Spring
EUR/JPY,2018-05-29,127.181999,127.251999,125.105003,127.182999,JPY,130.99848897,131251.58313801,3.8154899700000158,127.182999,127818.913995,0.0,0.0,127.182999,127182.999,0.0,2018,5,1,Tuesday,2,Spring
EUR/GBP,2018-05-29,0.87339,0.87395,0.86983,0.87325,GBP,0.8994475,901.1852675,0.026197499999999985,0.87325,877.61625,0.0,0.0,0.87325,873.25,0.0,2018,5,1,Tuesday,2,Spring
EUR/USD,2018-05-29,1.16275,1.163982,1.151437,1.162696,USD,1.19757688,1199.8906450399998,0.03488088,1.162696,1168.50948,0.0,0.0,1.162696,1162.696,0.0,2018,5,1,Tuesday,2,Spring
EUR/GBP,2018-05-30,0.87035,0.87765,0.8696,0.87045,GBP,0.8965635,898.2956955,0.02611350000000001,0.87045,874.80225,0.0,0.0,0.87045,870.4499999999999,0.0,2018,5,2,Wednesday,2,Spring
EUR/USD,2018-05-30,1.153762,1.167099,1.152007,1.153935,USD,1.1885530499999999,1190.84938065,0.034618049999999956,1.153935,1159.704675,0.0,0.0,1.153935,1153.935,0.0,2018,5,2,Wednesday,2,Spring
EUR/JPY,2018-05-30,125.116997,127.253998,124.997002,125.045998,JPY,128.79737794,129046.21947602,3.7513799399999925,125.045998,125671.22799,0.0,0.0,125.045998,125045.99799999999,0.0,2018,5,2,Wednesday,2,Spring
EUR/GBP,2018-05-31,0.87802,0.8791,0.87574,0.87811,GBP,0.9044533,906.2007389,0.02634330000000007,0.87811,882.5005499999999,0.0,0.0,0.87811,878.1099999999999,0.0,2018,5,3,Thursday,2,Spring
EUR/USD,2018-05-31,1.166616,1.172402,1.164293,1.166725,USD,1.20172675,1204.04853275,0.03500174999999994,1.166725,1172.558625,0.0,0.0,1.166725,1166.725,0.0,2018,5,3,Thursday,2,Spring
EUR/JPY,2018-05-31,126.832001,127.656998,126.363998,126.809998,JPY,130.61429794,130866.64983602,3.804299940000007,126.809998,127444.04798999999,0.0,0.0,126.809998,126809.99799999999,0.0,2018,5,3,Thursday,2,Spring
EUR/GBP,2018-06-01,0.87978,0.8809,0.8729,0.8798,GBP,0.906194,907.9448020000001,0.02639400000000003,0.8798,884.1990000000001,0.0,0.0,0.8798,879.8000000000001,0.0,2018,6,4,Friday,2,Summer
EUR/USD,2018-06-01,1.169331,1.17155,1.162994,1.169317,USD,1.20439651,1206.72345083,0.03507951000000009,1.169317,1175.163585,0.0,0.0,1.169317,1169.317,0.0,2018,6,4,Friday,2,Summer
EUR/JPY,2018-06-01,127.169998,128.100006,127.137001,127.160004,JPY,130.97480412000002,131227.85252796003,3.8148001200000152,127.160004,127795.80402,0.0,0.0,127.160004,127160.004,0.0,2018,6,4,Friday,2,Summer
EUR/USD,2018-06-04,1.166997,1.174426,1.166875,1.166861,USD,1.20186683,1204.18888339,0.035005830000000016,1.166861,1172.695305,0.0,0.0,1.166861,1166.8609999999999,0.0,2018,6,0,Monday,2,Summer
EUR/JPY,2018-06-04,127.860001,128.639999,127.739998,127.877998,JPY,131.71433794,131968.81515602,3.836339940000002,127.877998,128517.38799,0.0,0.0,127.877998,127877.998,0.0,2018,6,0,Monday,2,Summer
EUR/GBP,2018-06-04,0.87369,0.87853,0.87322,0.8736,GBP,0.899808,901.5464640000001,0.02620800000000001,0.8736,877.9680000000001,0.0,0.0,0.8736,873.6,0.0,2018,6,0,Monday,2,Summer
EUR/USD,2018-06-05,1.170179,1.171385,1.165528,1.170056,USD,1.2051576800000001,1207.48609144,0.035101680000000135,1.170056,1175.9062800000002,0.0,0.0,1.170056,1170.056,0.0,2018,6,1,Tuesday,2,Summer
EUR/JPY,2018-06-05,128.679993,128.679993,127.82,128.660995,JPY,132.52082485000003,132776.86023005002,3.859829850000011,128.660995,129304.29997500002,0.0,0.0,128.660995,128660.99500000001,0.0,2018,6,1,Tuesday,2,Summer
EUR/GBP,2018-06-05,0.87859,0.8788,0.87243,0.87862,GBP,0.9049786,906.7270537999999,0.02635860000000001,0.87862,883.0131,0.0,0.0,0.87862,878.62,0.0,2018,6,1,Tuesday,2,Summer
EUR/GBP,2018-06-06,0.87461,0.87774,0.8739,0.8745,GBP,0.9007350000000001,902.4752550000001,0.02623500000000001,0.8745,878.8725,0.0,0.0,0.8745,874.5,0.0,2018,6,2,Wednesday,2,Summer
EUR/JPY,2018-06-06,128.839005,129.811996,128.699997,128.815994,JPY,132.68047382,132936.81764806,3.864479820000014,128.815994,129460.07397,0.0,0.0,128.815994,128815.99399999999,0.0,2018,6,2,Wednesday,2,Summer
EUR/USD,2018-06-06,1.172663,1.1797,1.171468,1.172622,USD,1.2078006600000002,1210.13417778,0.03517866000000014,1.172622,1178.48511,0.0,0.0,1.172622,1172.622,0.0,2018,6,2,Wednesday,2,Summer
EUR/GBP,2018-06-07,0.8778,0.88375,0.8776,0.87785,GBP,0.9041855000000001,905.9324215,0.026335500000000067,0.87785,882.23925,0.0,0.0,0.87785,877.85,0.0,2018,6,3,Thursday,2,Summer
EUR/USD,2018-06-07,1.178398,1.1841,1.178356,1.17855,USD,1.2139065,1216.2518145000001,0.03535650000000001,1.17855,1184.44275,0.0,0.0,1.17855,1178.55,0.0,2018,6,3,Thursday,2,Summer
EUR/JPY,2018-06-07,129.759995,130.246994,129.522995,129.75,JPY,133.6425,133900.7025,3.8925000000000125,129.75,130398.75,0.0,0.0,129.75,129750.0,0.0,2018,6,3,Thursday,2,Summer
EUR/GBP,2018-06-08,0.879,0.8799,0.8759,0.87893,GBP,0.9052979,907.0469707,0.0263679,0.87893,883.3246499999999,0.0,0.0,0.87893,878.93,0.0,2018,6,4,Friday,2,Summer
EUR/JPY,2018-06-08,129.380005,129.707993,128.100006,129.356995,JPY,133.23770485000003,133495.12527005005,3.8807098500000166,129.356995,130003.77997500001,0.0,0.0,129.356995,129356.99500000001,0.0,2018,6,4,Friday,2,Summer
EUR/USD,2018-06-08,1.179384,1.1812,1.172842,1.179523,USD,1.2149086900000001,1217.2559407700003,0.035385690000000025,1.179523,1185.4206150000002,0.0,0.0,1.179523,1179.5230000000001,0.0,2018,6,4,Friday,2,Summer
EUR/GBP,2018-06-11,0.87862,0.88309,0.87784,0.8785,GBP,0.904855,906.603215,0.026355000000000017,0.8785,882.8925,0.0,0.0,0.8785,878.5,0.0,2018,6,0,Monday,2,Summer
EUR/JPY,2018-06-11,129.041,130.042999,128.824997,128.960007,JPY,132.82880720999998,133085.43762392996,3.868800209999989,128.960007,129604.80703499998,0.0,0.0,128.960007,128960.00699999998,0.0,2018,6,0,Monday,2,Summer
EUR/USD,2018-06-11,1.178689,1.182033,1.177607,1.178398,USD,1.21374994,1216.09495202,0.03535193999999997,1.178398,1184.2899900000002,0.0,0.0,1.178398,1178.3980000000001,0.0,2018,6,0,Monday,2,Summer
EUR/GBP,2018-06-12,0.88045,0.88312,0.87863,0.88041,GBP,0.9068223000000001,908.5743159,0.026412300000000055,0.88041,884.8120500000001,0.0,0.0,0.88041,880.4100000000001,0.0,2018,6,1,Tuesday,2,Summer
EUR/USD,2018-06-12,1.177329,1.180847,1.174315,1.177413,USD,1.21273539,1215.07844187,0.035322389999999926,1.177413,1183.300065,0.0,0.0,1.177413,1177.413,0.0,2018,6,1,Tuesday,2,Summer
EUR/JPY,2018-06-12,129.929001,130.257996,129.501999,129.964005,JPY,133.86292515,134121.55351995,3.8989201500000092,129.964005,130613.82502499998,0.0,0.0,129.964005,129964.00499999999,0.0,2018,6,1,Tuesday,2,Summer
EUR/USD,2018-06-13,1.174757,1.178967,1.173365,1.174826,USD,1.21007078,1212.40868374,0.035244779999999976,1.174826,1180.70013,0.0,0.0,1.174826,1174.826,0.0,2018,6,2,Wednesday,2,Summer
EUR/GBP,2018-06-13,0.87834,0.88248,0.87825,0.87838,GBP,0.9047314000000001,906.4793762000002,0.026351400000000025,0.87838,882.7719,0.0,0.0,0.87838,878.38,0.0,2018,6,2,Wednesday,2,Summer
EUR/JPY,2018-06-13,129.740005,130.132996,129.669006,129.751007,JPY,133.64353720999998,133901.74171392998,3.8925302099999897,129.751007,130399.76203499998,0.0,0.0,129.751007,129751.00699999998,0.0,2018,6,2,Wednesday,2,Summer
EUR/GBP,2018-06-14,0.88196,0.88203,0.87239,0.882,GBP,0.90846,910.21518,0.02646000000000004,0.882,886.41,0.0,0.0,0.882,882.0,0.0,2018,6,3,Thursday,2,Summer
EUR/JPY,2018-06-14,130.126999,130.233002,128.358002,130.119995,JPY,134.02359485,134282.53364004998,3.903599850000006,130.119995,130770.594975,0.0,0.0,130.119995,130119.995,0.0,2018,6,3,Thursday,2,Summer
EUR/USD,2018-06-14,1.180638,1.184161,1.162885,1.180777,USD,1.21620031,1218.55005623,0.0354233100000001,1.180777,1186.680885,0.0,0.0,1.180777,1180.777,0.0,2018,6,3,Thursday,2,Summer
EUR/JPY,2018-06-15,127.942001,128.496002,127.727997,127.974998,JPY,131.81424794,132068.91818602,3.839249940000002,127.974998,128614.87298999999,0.0,0.0,127.974998,127974.99799999999,0.0,2018,6,4,Friday,2,Summer
EUR/USD,2018-06-15,1.156337,1.162656,1.154534,1.156658,USD,1.19135774,1193.65948942,0.03469973999999998,1.156658,1162.44129,0.0,0.0,1.156658,1156.658,0.0,2018,6,4,Friday,2,Summer
EUR/GBP,2018-06-15,0.87225,0.87556,0.87178,0.87247,GBP,0.8986441,900.3803153,0.026174099999999978,0.87247,876.8323499999999,0.0,0.0,0.87247,872.4699999999999,0.0,2018,6,4,Friday,2,Summer
EUR/USD,2018-06-18,1.159703,1.162372,1.156644,1.159595,USD,1.19438285,1196.69044405,0.034787850000000065,1.159595,1165.392975,0.0,0.0,1.159595,1159.595,0.0,2018,6,0,Monday,2,Summer
EUR/GBP,2018-06-18,0.8733,0.87775,0.8728,0.8734,GBP,0.899602,901.340066,0.02620200000000006,0.8734,877.7669999999999,0.0,0.0,0.8734,873.4,0.0,2018,6,0,Monday,2,Summer
EUR/JPY,2018-06-18,128.253006,128.399994,127.819,128.255005,JPY,132.10265515,132357.88260995,3.8476501499999927,128.255005,128896.280025,0.0,0.0,128.255005,128255.005,0.0,2018,6,0,Monday,2,Summer
EUR/JPY,2018-06-19,128.121994,128.473999,126.678001,128.087997,JPY,131.93063691,132185.53202403,3.8426399100000026,128.087997,128728.43698500001,0.0,0.0,128.087997,128087.997,0.0,2018,6,1,Tuesday,2,Summer
EUR/USD,2018-06-19,1.163007,1.164687,1.153323,1.163075,USD,1.19796725,1200.2817692500003,0.03489224999999996,1.163075,1168.890375,0.0,0.0,1.163075,1163.075,0.0,2018,6,1,Tuesday,2,Summer
EUR/GBP,2018-06-19,0.87734,0.87888,0.87539,0.87719,GBP,0.9035057000000001,905.2513081000001,0.026315700000000053,0.87719,881.57595,0.0,0.0,0.87719,877.19,0.0,2018,6,1,Tuesday,2,Summer
EUR/USD,2018-06-20,1.158937,1.160012,1.154601,1.158856,USD,1.1936216800000001,1195.9278034400002,0.03476568000000002,1.158856,1164.6502800000003,0.0,0.0,1.158856,1158.8560000000002,0.0,2018,6,2,Wednesday,2,Summer
EUR/GBP,2018-06-20,0.8795,0.88,0.8769,0.87965,GBP,0.9060395000000001,907.7900035000001,0.026389500000000066,0.87965,884.04825,0.0,0.0,0.87965,879.6500000000001,0.0,2018,6,2,Wednesday,2,Summer
EUR/JPY,2018-06-20,127.564003,127.718002,127.141998,127.555,JPY,131.38165,131635.48445,3.8266500000000008,127.555,128192.775,0.0,0.0,127.555,127555.0,0.0,2018,6,2,Wednesday,2,Summer
EUR/USD,2018-06-21,1.157702,1.162831,1.15141,1.157903,USD,1.19264009,1194.94431697,0.03473709000000014,1.157903,1163.6925149999997,0.0,0.0,1.157903,1157.9029999999998,0.0,2018,6,3,Thursday,2,Summer
EUR/GBP,2018-06-21,0.87882,0.87984,0.8727,0.87893,GBP,0.9052979,907.0469707,0.0263679,0.87893,883.3246499999999,0.0,0.0,0.87893,878.93,0.0,2018,6,3,Thursday,2,Summer
EUR/JPY,2018-06-21,127.740997,128.003006,127.018997,127.767998,JPY,131.60103794,131855.29625602,3.833039939999992,127.767998,128406.83799,0.0,0.0,127.767998,127767.998,0.0,2018,6,3,Thursday,2,Summer
EUR/JPY,2018-06-22,127.597,128.585999,127.572998,127.603996,JPY,131.43211588,131686.04783204,3.8281198800000027,127.603996,128242.01598,0.0,0.0,127.603996,127603.996,0.0,2018,6,4,Friday,2,Summer
EUR/USD,2018-06-22,1.160699,1.1676,1.160174,1.160578,USD,1.1953953400000001,1197.70489022,0.03481734000000003,1.160578,1166.3808900000001,0.0,0.0,1.160578,1160.5780000000002,0.0,2018,6,4,Friday,2,Summer
EUR/GBP,2018-06-22,0.8761,0.87828,0.875,0.876,GBP,0.90228,904.02324,0.02627999999999997,0.876,880.38,0.0,0.0,0.876,876.0,0.0,2018,6,4,Friday,2,Summer
EUR/JPY,2018-06-25,128.184998,128.266998,127.260002,128.195999,JPY,132.04187897,132296.98900801,3.8458799699999986,128.195999,128836.978995,0.0,0.0,128.195999,128195.999,0.0,2018,6,0,Monday,2,Summer
EUR/GBP,2018-06-25,0.8791,0.88139,0.87811,0.87922,GBP,0.9055966,907.3462478,0.026376599999999972,0.87922,883.6161000000001,0.0,0.0,0.87922,879.22,0.0,2018,6,0,Monday,2,Summer
EUR/USD,2018-06-25,1.166058,1.170001,1.162994,1.16614,USD,1.2011242,1203.4448186,0.03498420000000002,1.16614,1171.9706999999999,0.0,0.0,1.16614,1166.1399999999999,0.0,2018,6,0,Monday,2,Summer
EUR/GBP,2018-06-26,0.88118,0.88206,0.87996,0.8812,GBP,0.907636,909.389588,0.026436000000000015,0.8812,885.6059999999999,0.0,0.0,0.8812,881.1999999999999,0.0,2018,6,1,Tuesday,2,Summer
EUR/JPY,2018-06-26,128.287994,128.442001,127.779999,128.285995,JPY,132.13457485,132389.86398005,3.848579849999993,128.285995,128927.42497500002,0.0,0.0,128.285995,128285.99500000001,0.0,2018,6,1,Tuesday,2,Summer
EUR/USD,2018-06-26,1.170179,1.172058,1.165202,1.170275,USD,1.20538325,1207.71209725,0.03510824999999995,1.170275,1176.1263749999998,0.0,0.0,1.170275,1170.2749999999999,0.0,2018,6,1,Tuesday,2,Summer
EUR/JPY,2018-06-27,128.272003,128.311996,127.587997,128.261002,JPY,132.10883206,132364.07145398,3.847830060000007,128.261002,128902.30700999999,0.0,0.0,128.261002,128261.002,0.0,2018,6,2,Wednesday,2,Summer
EUR/GBP,2018-06-27,0.88105,0.88274,0.88034,0.88114,GBP,0.9075742000000001,909.3276686000002,0.026434200000000074,0.88114,885.5457,0.0,0.0,0.88114,881.14,0.0,2018,6,2,Wednesday,2,Summer
EUR/USD,2018-06-27,1.164809,1.167188,1.158359,1.165026,USD,1.1999767799999999,1202.2951817399999,0.03495077999999996,1.165026,1170.8511299999998,0.0,0.0,1.165026,1165.0259999999998,0.0,2018,6,2,Wednesday,2,Summer
EUR/JPY,2018-06-28,127.445999,127.905998,127.141998,127.446999,JPY,131.27040897,131524.02849801,3.82340997,127.446999,128084.23399500002,0.0,0.0,127.446999,127446.99900000001,0.0,2018,6,3,Thursday,2,Summer
EUR/GBP,2018-06-28,0.88127,0.88699,0.8812,0.8814,GBP,0.907842,909.595986,0.026442000000000077,0.8814,885.807,0.0,0.0,0.8814,881.4,0.0,2018,6,3,Thursday,2,Summer
EUR/USD,2018-06-28,1.156243,1.1597,1.152804,1.156363,USD,1.19105389,1193.35505237,0.03469089000000003,1.156363,1162.144815,0.0,0.0,1.156363,1156.363,0.0,2018,6,3,Thursday,2,Summer
EUR/USD,2018-06-29,1.156444,1.168238,1.156444,1.156297,USD,1.19098591,1193.28694103,0.03468891000000007,1.156297,1162.0784849999998,0.0,0.0,1.156297,1156.2969999999998,0.0,2018,6,4,Friday,2,Summer
EUR/GBP,2018-06-29,0.88424,0.88894,0.8836,0.88428,GBP,0.9108084,912.5681172,0.026528400000000008,0.88428,888.7013999999999,0.0,0.0,0.88428,884.28,0.0,2018,6,4,Friday,2,Summer
EUR/JPY,2018-06-29,127.718002,129.404999,127.711998,127.75,JPY,131.5825,131836.7225,3.8325000000000102,127.75,128388.75,0.0,0.0,127.75,127750.0,0.0,2018,6,4,Friday,2,Summer
EUR/GBP,2018-07-02,0.8841,0.88684,0.88347,0.8842,GBP,0.910726,912.485558,0.02652600000000005,0.8842,888.621,0.0,0.0,0.8842,884.1999999999999,0.0,2018,7,0,Monday,3,Summer
EUR/JPY,2018-07-02,129.328003,129.494003,128.419006,129.259995,JPY,133.13779485,133395.02224005,3.8777998500000024,129.259995,129906.29497500001,0.0,0.0,129.259995,129259.99500000001,0.0,2018,7,0,Monday,3,Summer
EUR/USD,2018-07-02,1.167842,1.167842,1.159259,1.167856,USD,1.20289168,1205.21571344,0.035035680000000013,1.167856,1173.69528,0.0,0.0,1.167856,1167.856,0.0,2018,7,0,Monday,3,Summer
EUR/GBP,2018-07-03,0.8857,0.88618,0.8828,0.8856,GBP,0.9121680000000001,913.9303440000001,0.026568000000000036,0.8856,890.028,0.0,0.0,0.8856,885.6,0.0,2018,7,1,Tuesday,3,Summer
EUR/JPY,2018-07-03,129.072998,129.516998,128.755005,129.067993,JPY,132.94003279,133196.87809607,3.8720397900000023,129.067993,129713.33296500001,0.0,0.0,129.067993,129067.993,0.0,2018,7,1,Tuesday,3,Summer
EUR/USD,2018-07-03,1.164077,1.167542,1.162264,1.164212,USD,1.19913836,1201.4551418800002,0.034926360000000045,1.164212,1170.03306,0.0,0.0,1.164212,1164.212,0.0,2018,7,1,Tuesday,3,Summer
EUR/GBP,2018-07-04,0.88362,0.88394,0.87993,0.88359,GBP,0.9100977,911.8560441000001,0.026507700000000023,0.88359,888.00795,0.0,0.0,0.88359,883.59,0.0,2018,7,2,Wednesday,3,Summer
EUR/JPY,2018-07-04,128.712006,128.934998,128.490601,128.718994,JPY,132.58056382,132836.71461806,3.8615698199999997,128.718994,129362.58897000001,0.0,0.0,128.718994,128718.994,0.0,2018,7,2,Wednesday,3,Summer
EUR/USD,2018-07-04,1.165936,1.168183,1.163142,1.165922,USD,1.20089966,1203.21984478,0.03497766000000002,1.165922,1171.7516099999998,0.0,0.0,1.165922,1165.9219999999998,0.0,2018,7,2,Wednesday,3,Summer
EUR/JPY,2018-07-05,128.834,129.600998,128.578003,128.865997,JPY,132.73197691,132988.42024402999,3.865979909999993,128.865997,129510.32698499999,0.0,0.0,128.865997,128865.99699999999,0.0,2018,7,3,Thursday,3,Summer
EUR/USD,2018-07-05,1.166181,1.171976,1.16508,1.166235,USD,1.20122205,1203.5428576499999,0.03498705000000002,1.166235,1172.066175,0.0,0.0,1.166235,1166.235,0.0,2018,7,3,Thursday,3,Summer
EUR/GBP,2018-07-05,0.8812,0.88571,0.8811,0.8815,GBP,0.907945,909.699185,0.026445000000000052,0.8815,885.9075,0.0,0.0,0.8815,881.5,0.0,2018,7,3,Thursday,3,Summer
EUR/GBP,2018-07-06,0.88429,0.88667,0.8835,0.88428,GBP,0.9108084,912.5681172,0.026528400000000008,0.88428,888.7013999999999,0.0,0.0,0.88428,884.28,0.0,2018,7,4,Friday,3,Summer
EUR/JPY,2018-07-06,129.270996,129.960007,129.263,129.289993,JPY,133.16869279000002,133425.97987607002,3.878699790000013,129.289993,129936.44296500002,0.0,0.0,129.289993,129289.99300000002,0.0,2018,7,4,Friday,3,Summer
EUR/USD,2018-07-06,1.169386,1.176734,1.168074,1.169591,USD,1.2046787300000001,1207.0062160900002,0.035087730000000095,1.169591,1175.438955,0.0,0.0,1.169591,1169.5910000000001,0.0,2018,7,4,Friday,3,Summer
EUR/GBP,2018-07-09,0.8839,0.88898,0.88144,0.88385,GBP,0.9103655,912.1243615,0.026515500000000025,0.88385,888.26925,0.0,0.0,0.88385,883.85,0.0,2018,7,0,Monday,3,Summer
EUR/USD,2018-07-09,1.175171,1.179078,1.174288,1.175226,USD,1.2104827800000002,1212.8214797400003,0.0352567800000001,1.175226,1181.1021300000002,0.0,0.0,1.175226,1175.226,0.0,2018,7,0,Monday,3,Summer
EUR/JPY,2018-07-09,129.757996,130.251007,129.707001,129.761002,JPY,133.65383205999998,133912.05645397998,3.8928300599999943,129.761002,130409.80700999999,0.0,0.0,129.761002,129761.002,0.0,2018,7,0,Monday,3,Summer
EUR/JPY,2018-07-10,130.432007,130.587006,130.098007,130.440002,JPY,134.35320206,134612.77766398,3.9132000600000083,130.440002,131092.20200999998,0.0,0.0,130.440002,130440.002,0.0,2018,7,1,Tuesday,3,Summer
EUR/USD,2018-07-10,1.175751,1.176291,1.169194,1.175696,USD,1.2109668800000002,1213.3065150400002,0.035270880000000115,1.175696,1181.5744800000002,0.0,0.0,1.175696,1175.6960000000001,0.0,2018,7,1,Tuesday,3,Summer
EUR/GBP,2018-07-10,0.88694,0.8875,0.8821,0.88687,GBP,0.9134761000000001,915.2409713000001,0.026606100000000077,0.88687,891.30435,0.0,0.0,0.88687,886.87,0.0,2018,7,1,Tuesday,3,Summer
EUR/USD,2018-07-11,1.173034,1.175516,1.169837,1.172704,USD,1.20788512,1210.2188009600002,0.035181120000000066,1.172704,1178.56752,0.0,0.0,1.172704,1172.704,0.0,2018,7,2,Wednesday,3,Summer
EUR/JPY,2018-07-11,130.056,130.764008,129.906998,129.966995,JPY,133.86600485,134124.63917005,3.899009849999999,129.966995,130616.829975,0.0,0.0,129.966995,129966.995,0.0,2018,7,2,Wednesday,3,Summer
EUR/GBP,2018-07-11,0.88463,0.88605,0.88298,0.8843,GBP,0.910829,912.588757,0.026529000000000025,0.8843,888.7215,0.0,0.0,0.8843,884.3,0.0,2018,7,2,Wednesday,3,Summer
EUR/USD,2018-07-12,1.16757,1.1697,1.165053,1.167679,USD,1.20270937,1205.03305121,0.03503037000000009,1.167679,1173.5173949999999,0.0,0.0,1.167679,1167.6789999999999,0.0,2018,7,3,Thursday,3,Summer
EUR/GBP,2018-07-12,0.88399,0.88495,0.88208,0.8839,GBP,0.910417,912.175961,0.026517000000000013,0.8839,888.3195,0.0,0.0,0.8839,883.9,0.0,2018,7,3,Thursday,3,Summer
EUR/JPY,2018-07-12,130.744003,131.464996,130.735992,130.714005,JPY,134.63542515,134895.54601995,3.921420150000017,130.714005,131367.575025,0.0,0.0,130.714005,130714.00499999999,0.0,2018,7,3,Thursday,3,Summer
EUR/GBP,2018-07-13,0.88503,0.88652,0.8825,0.8851,GBP,0.911653,913.414349,0.02655300000000005,0.8851,889.5255000000001,0.0,0.0,0.8851,885.1,0.0,2018,7,4,Friday,3,Summer
EUR/USD,2018-07-13,1.166371,1.167542,1.161454,1.166589,USD,1.2015866700000002,1203.90818211,0.03499767000000009,1.166589,1172.4219450000003,0.0,0.0,1.166589,1166.5890000000002,0.0,2018,7,4,Friday,3,Summer
EUR/JPY,2018-07-13,131.401993,131.511993,130.806,131.427002,JPY,135.36981206,135631.35179398,3.9428100599999993,131.427002,132084.13700999998,0.0,0.0,131.427002,131427.00199999998,0.0,2018,7,4,Friday,3,Summer
EUR/GBP,2018-07-16,0.88288,0.8852,0.88168,0.88289,GBP,0.9093766999999999,911.1336511,0.026486699999999974,0.88289,887.30445,0.0,0.0,0.88289,882.89,0.0,2018,7,0,Monday,3,Summer
EUR/USD,2018-07-16,1.167897,1.172608,1.167665,1.16791,USD,1.2029473,1205.2714409,0.03503729999999994,1.16791,1173.74955,0.0,0.0,1.16791,1167.91,0.0,2018,7,0,Monday,3,Summer
EUR/JPY,2018-07-16,131.270004,131.694,131.261993,131.25,JPY,135.1875,135448.6875,3.9375,131.25,131906.25,0.0,0.0,131.25,131250.0,0.0,2018,7,0,Monday,3,Summer
EUR/GBP,2018-07-17,0.88469,0.88975,0.8842,0.8846,GBP,0.9111380000000001,912.8983540000002,0.02653800000000006,0.8846,889.023,0.0,0.0,0.8846,884.6,0.0,2018,7,1,Tuesday,3,Summer
EUR/USD,2018-07-17,1.171056,1.174536,1.166453,1.170946,USD,1.20607438,1208.40456254,0.03512837999999996,1.170946,1176.8007300000002,0.0,0.0,1.170946,1170.9460000000001,0.0,2018,7,1,Tuesday,3,Summer
EUR/JPY,2018-07-17,131.576996,131.973999,131.550003,131.576996,JPY,135.52430588000001,135786.14410204,3.947309880000006,131.576996,132234.88098000002,0.0,0.0,131.576996,131576.996,0.0,2018,7,1,Tuesday,3,Summer
EUR/JPY,2018-07-18,131.703003,131.766998,130.897995,131.688004,JPY,135.63864412,135900.70324796002,3.9506401200000028,131.688004,132346.44402000002,0.0,0.0,131.688004,131688.00400000002,0.0,2018,7,2,Wednesday,3,Summer
EUR/USD,2018-07-18,1.165773,1.166534,1.160375,1.165325,USD,1.20028475,1202.60374675,0.03495975000000007,1.165325,1171.151625,0.0,0.0,1.165325,1165.325,0.0,2018,7,2,Wednesday,3,Summer
EUR/GBP,2018-07-18,0.88913,0.89299,0.88738,0.8892,GBP,0.915876,917.645508,0.026676000000000033,0.8892,893.6460000000001,0.0,0.0,0.8892,889.2,0.0,2018,7,2,Wednesday,3,Summer
EUR/JPY,2018-07-19,131.365005,131.408005,130.919998,131.343994,JPY,135.28431382000002,135545.68836806001,3.9403198200000134,131.343994,132000.71397,0.0,0.0,131.343994,131343.994,0.0,2018,7,3,Thursday,3,Summer
EUR/USD,2018-07-19,1.164619,1.165705,1.157595,1.164565,USD,1.1995019500000001,1201.8194343500002,0.03493695000000008,1.164565,1170.387825,0.0,0.0,1.164565,1164.565,0.0,2018,7,3,Thursday,3,Summer
EUR/GBP,2018-07-19,0.89045,0.89411,0.89032,0.89041,GBP,0.9171223000000001,918.8942159000001,0.026712300000000022,0.89041,894.8620500000001,0.0,0.0,0.89041,890.4100000000001,0.0,2018,7,3,Thursday,3,Summer
EUR/JPY,2018-07-20,130.964005,131.203995,130.608002,130.960999,JPY,134.88982897,135150.44135801,3.9288299700000096,130.960999,131615.803995,0.0,0.0,130.960999,130960.99899999998,0.0,2018,7,4,Friday,3,Summer
EUR/GBP,2018-07-20,0.89493,0.89571,0.89278,0.89493,GBP,0.9217779,923.5588107000001,0.026847900000000036,0.89493,899.40465,0.0,0.0,0.89493,894.93,0.0,2018,7,4,Friday,3,Summer
EUR/USD,2018-07-20,1.165474,1.172237,1.162804,1.165515,USD,1.2004804500000001,1202.7998248500003,0.034965450000000065,1.165515,1171.3425750000001,0.0,0.0,1.165515,1165.515,0.0,2018,7,4,Friday,3,Summer
EUR/USD,2018-07-23,1.174178,1.175088,1.168866,1.174191,USD,1.20941673,1211.75337009,0.035225730000000066,1.174191,1180.0619550000001,0.0,0.0,1.174191,1174.191,0.0,2018,7,0,Monday,3,Summer
EUR/GBP,2018-07-23,0.89297,0.89356,0.891,0.893,GBP,0.91979,921.56707,0.02678999999999998,0.893,897.465,0.0,0.0,0.893,893.0,0.0,2018,7,0,Monday,3,Summer
EUR/JPY,2018-07-23,130.391998,130.438004,129.873993,130.391998,JPY,134.30375794,134563.23801602,3.911759939999996,130.391998,131043.95799000001,0.0,0.0,130.391998,130391.998,0.0,2018,7,0,Monday,3,Summer
EUR/USD,2018-07-24,1.169864,1.17166,1.165719,1.169413,USD,1.2044953900000002,1206.8225218700002,0.03508239000000013,1.169413,1175.260065,0.0,0.0,1.169413,1169.413,0.0,2018,7,1,Tuesday,3,Summer
EUR/JPY,2018-07-24,130.324005,130.324005,129.764008,130.334,JPY,134.24402,134503.38466,3.910020000000003,130.334,130985.67,0.0,0.0,130.334,130334.0,0.0,2018,7,1,Tuesday,3,Summer
EUR/GBP,2018-07-24,0.8923,0.89262,0.88918,0.89242,GBP,0.9191926,920.9685158,0.026772600000000035,0.89242,896.8820999999999,0.0,0.0,0.89242,892.42,0.0,2018,7,1,Tuesday,3,Summer
EUR/USD,2018-07-25,1.16877,1.171372,1.166752,1.168552,USD,1.2036085600000002,1205.9339784800002,0.035056560000000125,1.168552,1174.3947600000001,0.0,0.0,1.168552,1168.5520000000001,0.0,2018,7,2,Wednesday,3,Summer
EUR/GBP,2018-07-25,0.8884,0.8901,0.88752,0.8884,GBP,0.915052,916.819916,0.02665200000000001,0.8884,892.842,0.0,0.0,0.8884,888.4,0.0,2018,7,2,Wednesday,3,Summer
EUR/JPY,2018-07-25,130.022995,130.167007,129.419998,129.985001,JPY,133.88455103,134143.22118199,3.8995500300000003,129.985001,130634.92600500002,0.0,0.0,129.985001,129985.00100000002,0.0,2018,7,2,Wednesday,3,Summer
EUR/GBP,2018-07-26,0.88923,0.88942,0.88656,0.88917,GBP,0.9158451000000001,917.6145483000001,0.026675100000000063,0.88917,893.61585,0.0,0.0,0.88917,889.1700000000001,0.0,2018,7,3,Thursday,3,Summer
EUR/JPY,2018-07-26,130.139999,130.139999,129.447998,130.095993,JPY,133.99887279,134257.76381607,3.9028797900000143,130.095993,130746.472965,0.0,0.0,130.095993,130095.99299999999,0.0,2018,7,3,Thursday,3,Summer
EUR/USD,2018-07-26,1.173985,1.174315,1.165094,1.17375,USD,1.2089625000000002,1211.2982625000002,0.03521250000000009,1.17375,1179.61875,0.0,0.0,1.17375,1173.75,0.0,2018,7,3,Thursday,3,Summer
EUR/GBP,2018-07-27,0.8882,0.88932,0.8874,0.88815,GBP,0.9147945000000001,916.5619185,0.02664450000000007,0.88815,892.59075,0.0,0.0,0.88815,888.15,0.0,2018,7,4,Friday,3,Summer
EUR/JPY,2018-07-27,129.410004,129.449005,129.134995,129.403,JPY,133.28509,133542.60197,3.882090000000005,129.403,130050.01499999998,0.0,0.0,129.403,129402.99999999999,0.0,2018,7,4,Friday,3,Summer
EUR/USD,2018-07-27,1.164456,1.166317,1.162372,1.164293,USD,1.19922179,1201.53873307,0.03492878999999993,1.164293,1170.114465,0.0,0.0,1.164293,1164.2930000000001,0.0,2018,7,4,Friday,3,Summer
EUR/GBP,2018-07-30,0.8892,0.89174,0.8881,0.88925,GBP,0.9159275,917.6971075,0.02667750000000002,0.88925,893.69625,0.0,0.0,0.88925,889.25,0.0,2018,7,0,Monday,3,Summer
EUR/JPY,2018-07-30,129.328003,130.057007,129.315002,129.348999,JPY,133.22946897,133486.87347800998,3.880469970000007,129.348999,129995.743995,0.0,0.0,129.348999,129348.999,0.0,2018,7,0,Monday,3,Summer
EUR/USD,2018-07-30,1.166317,1.171921,1.164945,1.166045,USD,1.20102635,1203.34677955,0.03498135000000002,1.166045,1171.875225,0.0,0.0,1.166045,1166.045,0.0,2018,7,0,Monday,3,Summer
EUR/JPY,2018-07-31,129.949997,131.112,129.802994,129.942993,JPY,133.84128279,134099.86934607,3.898289790000007,129.942993,130592.70796500001,0.0,0.0,129.942993,129942.993,0.0,2018,7,1,Tuesday,3,Summer
EUR/USD,2018-07-31,1.170864,1.174812,1.169276,1.170741,USD,1.20586323,1208.19300459,0.03512223000000003,1.170741,1176.594705,0.0,0.0,1.170741,1170.741,0.0,2018,7,1,Tuesday,3,Summer
EUR/GBP,2018-07-31,0.89126,0.89328,0.89075,0.89127,GBP,0.9180081,919.7817273000001,0.026738099999999987,0.89127,895.72635,0.0,0.0,0.89127,891.27,0.0,2018,7,1,Tuesday,3,Summer
EUR/USD,2018-08-01,1.168962,1.169864,1.166534,1.168962,USD,1.20403086,1206.35709438,0.03506885999999998,1.168962,1174.80681,0.0,0.0,1.168962,1168.962,0.0,2018,8,2,Wednesday,3,Summer
EUR/GBP,2018-08-01,0.89102,0.89164,0.88913,0.8911,GBP,0.917833,919.606289,0.026733000000000007,0.8911,895.5555,0.0,0.0,0.8911,891.1,0.0,2018,8,2,Wednesday,3,Summer
EUR/JPY,2018-08-01,130.690994,131.091003,130.309006,130.658005,JPY,134.57774515,134837.75457995,3.9197401499999955,130.658005,131311.295025,0.0,0.0,130.658005,130658.005,0.0,2018,8,2,Wednesday,3,Summer
EUR/GBP,2018-08-02,0.88859,0.89232,0.88556,0.88855,GBP,0.9152064999999999,916.9747144999999,0.026656499999999972,0.88855,892.99275,0.0,0.0,0.88855,888.55,0.0,2018,8,3,Thursday,3,Summer
EUR/JPY,2018-08-02,130.205002,130.279007,129.279999,130.192993,JPY,134.09878279,134357.86684606998,3.90578979,130.192993,130843.95796500001,0.0,0.0,130.192993,130192.993,0.0,2018,8,3,Thursday,3,Summer
EUR/USD,2018-08-02,1.166385,1.166997,1.160416,1.166589,USD,1.2015866700000002,1203.90818211,0.03499767000000009,1.166589,1172.4219450000003,0.0,0.0,1.166589,1166.5890000000002,0.0,2018,8,3,Thursday,3,Summer
EUR/GBP,2018-08-03,0.8899,0.89181,0.8895,0.8899,GBP,0.916597,918.367901,0.02669699999999997,0.8899,894.3494999999999,0.0,0.0,0.8899,889.9,0.0,2018,8,4,Friday,3,Summer
EUR/JPY,2018-08-03,129.393997,129.518005,128.679993,129.393997,JPY,133.27581691,133533.31096402998,3.88181990999999,129.393997,130040.96698500002,0.0,0.0,129.393997,129393.99700000002,0.0,2018,8,4,Friday,3,Summer
EUR/USD,2018-08-03,1.158561,1.1612,1.156216,1.158601,USD,1.19335903,1195.66464599,0.034758030000000106,1.158601,1164.3940049999999,0.0,0.0,1.158601,1158.6009999999999,0.0,2018,8,4,Friday,3,Summer
EUR/GBP,2018-08-06,0.88919,0.89353,0.8891,0.88912,GBP,0.9157936000000001,917.5629488000001,0.026673600000000075,0.88912,893.5656,0.0,0.0,0.88912,889.12,0.0,2018,8,0,Monday,3,Summer
EUR/JPY,2018-08-06,128.578995,128.863007,128.496002,128.606995,JPY,132.46520485000002,132721.13277005,3.8582098500000086,128.606995,129250.02997500001,0.0,0.0,128.606995,128606.99500000001,0.0,2018,8,0,Monday,3,Summer
EUR/USD,2018-08-06,1.156136,1.157006,1.153097,1.15623,USD,1.1909169000000002,1193.2177977000001,0.034686900000000076,1.15623,1162.01115,0.0,0.0,1.15623,1156.23,0.0,2018,8,0,Monday,3,Summer
EUR/GBP,2018-08-07,0.8929,0.89614,0.8923,0.89295,GBP,0.9197385,921.5154705,0.026788499999999993,0.89295,897.41475,0.0,0.0,0.89295,892.95,0.0,2018,8,1,Tuesday,3,Summer
EUR/JPY,2018-08-07,128.660004,128.990005,128.595001,128.660004,JPY,132.51980412,132775.83752796001,3.859800120000017,128.660004,129303.30401999998,0.0,0.0,128.660004,128660.00399999999,0.0,2018,8,1,Tuesday,3,Summer
EUR/USD,2018-08-07,1.155749,1.160901,1.155201,1.155802,USD,1.19047606,1192.77610598,0.03467405999999995,1.155802,1161.5810099999999,0.0,0.0,1.155802,1155.802,0.0,2018,8,1,Tuesday,3,Summer
EUR/USD,2018-08-08,1.160335,1.162926,1.157461,1.160295,USD,1.1951038500000002,1197.4128370500002,0.03480885000000011,1.160295,1166.096475,0.0,0.0,1.160295,1160.295,0.0,2018,8,2,Wednesday,3,Summer
EUR/JPY,2018-08-08,129.197998,129.449997,128.559006,129.182007,JPY,133.05746721,133314.53940393002,3.87546021,129.182007,129827.91703499999,0.0,0.0,129.182007,129182.007,0.0,2018,8,2,Wednesday,3,Summer
EUR/GBP,2018-08-08,0.89623,0.90157,0.89622,0.89624,GBP,0.9231272,924.9107176,0.0268872,0.89624,900.7212,0.0,0.0,0.89624,896.24,0.0,2018,8,2,Wednesday,3,Summer
EUR/GBP,2018-08-09,0.90147,0.90287,0.89839,0.90148,GBP,0.9285243999999999,930.3183452,0.02704439999999997,0.90148,905.9873999999999,0.0,0.0,0.90148,901.4799999999999,0.0,2018,8,3,Thursday,3,Summer
EUR/JPY,2018-08-09,128.723999,129.001007,128.210007,128.748001,JPY,132.61044103,132866.64955199,3.862440030000016,128.748001,129391.74100499999,0.0,0.0,128.748001,128748.00099999999,0.0,2018,8,3,Thursday,3,Summer
EUR/USD,2018-08-09,1.161009,1.162115,1.156176,1.161076,USD,1.19590828,1198.2188212400001,0.03483228000000005,1.161076,1166.88138,0.0,0.0,1.161076,1161.076,0.0,2018,8,3,Thursday,3,Summer
EUR/JPY,2018-08-10,128.007996,128.007996,126.100998,127.998001,JPY,131.83794103,132092.65705198998,3.839940029999994,127.998001,128637.991005,0.0,0.0,127.998001,127998.001,0.0,2018,8,4,Friday,3,Summer
EUR/USD,2018-08-10,1.152871,1.153935,1.139614,1.152392,USD,1.18696376,1189.25702008,0.03457175999999995,1.152392,1158.15396,0.0,0.0,1.152392,1152.392,0.0,2018,8,4,Friday,3,Summer
EUR/GBP,2018-08-10,0.89826,0.89908,0.89265,0.89827,GBP,0.9252181,927.0056573,0.02694810000000003,0.89827,902.76135,0.0,0.0,0.89827,898.27,0.0,2018,8,4,Friday,3,Summer
EUR/USD,2018-08-13,1.139588,1.14338,1.136596,1.139471,USD,1.17365513,1175.9226772900001,0.03418413000000009,1.139471,1145.168355,0.0,0.0,1.139471,1139.471,0.0,2018,8,0,Monday,3,Summer
EUR/GBP,2018-08-13,0.89312,0.89456,0.89126,0.89297,GBP,0.9197591,921.5361103000001,0.02678910000000001,0.89297,897.43485,0.0,0.0,0.89297,892.97,0.0,2018,8,0,Monday,3,Summer
EUR/JPY,2018-08-13,126.091003,126.760002,125.150002,126.038002,JPY,129.81914206000002,130069.95768398001,3.7811400600000127,126.038002,126668.19201000001,0.0,0.0,126.038002,126038.00200000001,0.0,2018,8,0,Monday,3,Summer
EUR/JPY,2018-08-14,126.056,126.973999,125.819,126.164001,JPY,129.94892103,130199.98739199001,3.784920030000009,126.164001,126794.821005,0.0,0.0,126.164001,126164.001,0.0,2018,8,1,Tuesday,3,Summer
EUR/GBP,2018-08-14,0.89336,0.89382,0.8904,0.89324,GBP,0.9200372000000001,921.8147476000001,0.026797200000000077,0.89324,897.7062,0.0,0.0,0.89324,893.24,0.0,2018,8,1,Tuesday,3,Summer
EUR/USD,2018-08-14,1.139848,1.1431,1.134752,1.140251,USD,1.17445853,1176.7276294899998,0.034207529999999986,1.140251,1145.952255,0.0,0.0,1.140251,1140.251,0.0,2018,8,1,Tuesday,3,Summer
EUR/USD,2018-08-15,1.134816,1.134945,1.130224,1.134572,USD,1.16860916,1170.86695828,0.03403716000000001,1.134572,1140.2448599999998,0.0,0.0,1.134572,1134.572,0.0,2018,8,2,Wednesday,3,Summer
EUR/GBP,2018-08-15,0.89214,0.89338,0.8901,0.89201,GBP,0.9187703,920.5453999,0.02676030000000007,0.89201,896.47005,0.0,0.0,0.89201,892.01,0.0,2018,8,2,Wednesday,3,Summer
EUR/JPY,2018-08-15,126.228996,126.364998,124.940002,126.209999,JPY,129.99629897,130247.45686801,3.7862999700000017,126.209999,126841.04899499999,0.0,0.0,126.209999,126209.999,0.0,2018,8,2,Wednesday,3,Summer
EUR/JPY,2018-08-16,125.442001,126.336998,125.301003,125.408997,JPY,129.17126691,129420.83081403002,3.7622699100000148,125.408997,126036.041985,0.0,0.0,125.408997,125408.997,0.0,2018,8,3,Thursday,3,Summer
EUR/USD,2018-08-16,1.13443,1.140836,1.133838,1.13443,USD,1.1684629,1170.7204157,0.03403289999999992,1.13443,1140.1021500000002,0.0,0.0,1.13443,1134.43,0.0,2018,8,3,Thursday,3,Summer
EUR/GBP,2018-08-16,0.89355,0.8959,0.8933,0.89349,GBP,0.9202947,922.0727451,0.026804700000000015,0.89349,897.95745,0.0,0.0,0.89349,893.49,0.0,2018,8,3,Thursday,3,Summer
EUR/USD,2018-08-17,1.13723,1.142204,1.136738,1.137139,USD,1.17125317,1173.51607661,0.034114170000000055,1.137139,1142.8246949999998,0.0,0.0,1.137139,1137.139,0.0,2018,8,4,Friday,3,Summer
EUR/JPY,2018-08-17,126.217003,126.389999,125.638,126.220001,JPY,130.00660103,130257.77883199001,3.7866000300000167,126.220001,126851.10100499999,0.0,0.0,126.220001,126220.00099999999,0.0,2018,8,4,Friday,3,Summer
EUR/GBP,2018-08-17,0.8945,0.89689,0.8936,0.89443,GBP,0.9212629,923.0428156999999,0.02683290000000005,0.89443,898.90215,0.0,0.0,0.89443,894.43,0.0,2018,8,4,Friday,3,Summer
EUR/USD,2018-08-20,1.143785,1.144938,1.139523,1.143772,USD,1.17808516,1180.3612662799999,0.034313159999999954,1.143772,1149.4908599999999,0.0,0.0,1.143772,1143.772,0.0,2018,8,0,Monday,3,Summer
EUR/GBP,2018-08-20,0.89732,0.89732,0.89407,0.89723,GBP,0.9241469,925.9323876999999,0.02691690000000002,0.89723,901.71615,0.0,0.0,0.89723,897.23,0.0,2018,8,0,Monday,3,Summer
EUR/JPY,2018-08-20,126.359001,126.442001,126.071999,126.339996,JPY,130.13019588,130381.61247204,3.790199880000003,126.339996,126971.69598,0.0,0.0,126.339996,126339.996,0.0,2018,8,0,Monday,3,Summer
EUR/USD,2018-08-21,1.14891,1.153908,1.148659,1.149135,USD,1.18360905,1185.89582865,0.034474050000000034,1.149135,1154.8806749999999,0.0,0.0,1.149135,1149.135,0.0,2018,8,1,Tuesday,3,Summer
EUR/JPY,2018-08-21,126.300003,127.436996,126.276001,126.337997,JPY,130.12813691,130379.54952403001,3.7901399099999935,126.337997,126969.68698500001,0.0,0.0,126.337997,126337.997,0.0,2018,8,1,Tuesday,3,Summer
EUR/GBP,2018-08-21,0.89734,0.89976,0.89508,0.89742,GBP,0.9243426,926.1284658000001,0.02692260000000002,0.89742,901.9071,0.0,0.0,0.89742,897.42,0.0,2018,8,1,Tuesday,3,Summer
EUR/GBP,2018-08-22,0.89689,0.90022,0.89624,0.89686,GBP,0.9237658,925.5505514,0.02690579999999998,0.89686,901.3443,0.0,0.0,0.89686,896.86,0.0,2018,8,2,Wednesday,3,Summer
EUR/JPY,2018-08-22,127.452003,128.253998,127.347,127.483002,JPY,131.30749206000002,131561.18323398003,3.8244900600000165,127.483002,128120.41700999999,0.0,0.0,127.483002,127483.002,0.0,2018,8,2,Wednesday,3,Summer
EUR/USD,2018-08-22,1.157635,1.16252,1.155442,1.157675,USD,1.19240525,1194.70902325,0.03473024999999996,1.157675,1163.463375,0.0,0.0,1.157675,1157.675,0.0,2018,8,2,Wednesday,3,Summer
EUR/GBP,2018-08-23,0.89771,0.90224,0.89709,0.8978,GBP,0.9247340000000001,926.520622,0.026934000000000013,0.8978,902.2890000000001,0.0,0.0,0.8978,897.8000000000001,0.0,2018,8,3,Thursday,3,Summer
EUR/USD,2018-08-23,1.158628,1.158963,1.154521,1.15848,USD,1.1932344,1195.5397752,0.03475439999999996,1.15848,1164.2724,0.0,0.0,1.15848,1158.48,0.0,2018,8,3,Thursday,3,Summer
EUR/JPY,2018-08-23,128.089996,128.757996,127.970001,128.100006,JPY,131.94300618,132197.92519193998,3.84300017999999,128.100006,128740.50603,0.0,0.0,128.100006,128100.00600000001,0.0,2018,8,3,Thursday,3,Summer
EUR/GBP,2018-08-24,0.90107,0.90464,0.9002,0.90097,GBP,0.9279991000000001,929.7920303000001,0.027029100000000028,0.90097,905.4748500000001,0.0,0.0,0.90097,900.97,0.0,2018,8,4,Friday,3,Summer
EUR/USD,2018-08-24,1.154281,1.163697,1.153935,1.154335,USD,1.1889650500000002,1191.2621766500004,0.03463005000000008,1.154335,1160.106675,0.0,0.0,1.154335,1154.335,0.0,2018,8,4,Friday,3,Summer
EUR/JPY,2018-08-24,128.511002,129.343994,128.485992,128.516006,JPY,132.37148618,132627.23303194,3.8554801800000007,128.516006,129158.58603,0.0,0.0,128.516006,128516.00600000001,0.0,2018,8,4,Friday,3,Summer
EUR/GBP,2018-08-27,0.9056,0.9061,0.9034,0.9057,GBP,0.932871,934.6733429999999,0.027171000000000056,0.9057,910.2284999999999,0.0,0.0,0.9057,905.6999999999999,0.0,2018,8,0,Monday,3,Summer
EUR/USD,2018-08-27,1.164443,1.168088,1.159716,1.16489,USD,1.1998367,1202.1548311000001,0.03494670000000011,1.16489,1170.71445,0.0,0.0,1.16489,1164.8899999999999,0.0,2018,8,0,Monday,3,Summer
EUR/JPY,2018-08-27,129.585007,129.723007,128.817993,129.623993,JPY,133.51271279000002,133770.66453607002,3.8887197900000103,129.623993,130272.11296500002,0.0,0.0,129.623993,129623.99300000002,0.0,2018,8,0,Monday,3,Summer
EUR/USD,2018-08-28,1.168347,1.1733,1.166344,1.168361,USD,1.20341183,1205.73686839,0.03505083000000009,1.168361,1174.202805,0.0,0.0,1.168361,1168.3609999999999,0.0,2018,8,1,Tuesday,3,Summer
EUR/JPY,2018-08-28,129.835007,130.261002,129.710007,129.845001,JPY,133.74035103,133998.74258199,3.895350030000003,129.845001,130494.22600499999,0.0,0.0,129.845001,129845.00099999999,0.0,2018,8,1,Tuesday,3,Summer
EUR/GBP,2018-08-28,0.9059,0.90979,0.9057,0.90591,GBP,0.9330873000000001,934.8900609,0.02717730000000007,0.90591,910.4395499999999,0.0,0.0,0.90591,905.91,0.0,2018,8,1,Tuesday,3,Summer
EUR/JPY,2018-08-29,129.973999,130.820999,129.580002,129.953995,JPY,133.85261485,134111.22330005,3.898619850000017,129.953995,130603.764975,0.0,0.0,129.953995,129953.995,0.0,2018,8,2,Wednesday,3,Summer
EUR/USD,2018-08-29,1.169303,1.170631,1.165401,1.169126,USD,1.2041997800000002,1206.5263407400003,0.035073780000000054,1.169126,1174.9716300000002,0.0,0.0,1.169126,1169.1260000000002,0.0,2018,8,2,Wednesday,3,Summer
EUR/GBP,2018-08-29,0.9086,0.90904,0.89879,0.90853,GBP,0.9357859,937.5938747,0.0272559,0.90853,913.07265,0.0,0.0,0.90853,908.53,0.0,2018,8,2,Wednesday,3,Summer
EUR/JPY,2018-08-30,130.774994,130.843994,129.414001,130.806,JPY,134.73018000000002,134990.48394000003,3.924180000000007,130.806,131460.03000000003,0.0,0.0,130.806,130806.00000000001,0.0,2018,8,3,Thursday,3,Summer
EUR/USD,2018-08-30,1.170933,1.171756,1.164415,1.170974,USD,1.20610322,1208.43345826,0.03512921999999996,1.170974,1176.8288699999998,0.0,0.0,1.170974,1170.974,0.0,2018,8,3,Thursday,3,Summer
EUR/GBP,2018-08-30,0.89825,0.89918,0.89539,0.89821,GBP,0.9251562999999999,926.9437379,0.02694629999999998,0.89821,902.7010499999999,0.0,0.0,0.89821,898.2099999999999,0.0,2018,8,3,Thursday,3,Summer
EUR/GBP,2018-08-31,0.89652,0.89865,0.89378,0.89651,GBP,0.9234053000000001,925.1893549000001,0.026895300000000066,0.89651,900.9925499999999,0.0,0.0,0.89651,896.51,0.0,2018,8,4,Friday,3,Summer
EUR/JPY,2018-08-31,129.481995,129.798996,128.647003,129.473007,JPY,133.35719721,133614.84849393,3.884190210000014,129.473007,130120.372035,0.0,0.0,129.473007,129473.007,0.0,2018,8,4,Friday,3,Summer
EUR/USD,2018-08-31,1.166589,1.168934,1.159649,1.166466,USD,1.20145998,1203.7812473400002,0.03499398000000009,1.166466,1172.2983299999999,0.0,0.0,1.166466,1166.466,0.0,2018,8,4,Friday,3,Summer
EUR/USD,2018-09-03,1.159851,1.162791,1.159098,1.160106,USD,1.19490918,1197.2177909400002,0.034803179999999934,1.160106,1165.90653,0.0,0.0,1.160106,1160.106,0.0,2018,9,0,Monday,3,Autumn
EUR/GBP,2018-09-03,0.8974,0.90324,0.897,0.89752,GBP,0.9244456,926.2316648,0.026925599999999994,0.89752,902.0076,0.0,0.0,0.89752,897.52,0.0,2018,9,0,Monday,3,Autumn
EUR/JPY,2018-09-03,128.899994,129.136993,128.580002,128.912003,JPY,132.77936309,133035.89797597,3.8673600900000054,128.912003,129556.56301499999,0.0,0.0,128.912003,128912.003,0.0,2018,9,0,Monday,3,Autumn
EUR/USD,2018-09-04,1.161305,1.161575,1.153323,1.161548,USD,1.19639444,1198.70592052,0.03484643999999992,1.161548,1167.35574,0.0,0.0,1.161548,1161.548,0.0,2018,9,1,Tuesday,3,Autumn
EUR/GBP,2018-09-04,0.90242,0.90262,0.89896,0.90254,GBP,0.9296162,931.4122546000001,0.027076199999999995,0.90254,907.0527,0.0,0.0,0.90254,902.54,0.0,2018,9,1,Tuesday,3,Autumn
EUR/JPY,2018-09-04,128.966995,129.134003,128.322998,129.028,JPY,132.89884,133155.60572,3.8708400000000154,129.028,129673.13999999998,0.0,0.0,129.028,129027.99999999999,0.0,2018,9,1,Tuesday,3,Autumn
EUR/JPY,2018-09-05,129.134995,129.949005,128.630005,129.139999,JPY,133.01419897,133271.18756801,3.8741999700000065,129.139999,129785.69899499998,0.0,0.0,129.139999,129139.99899999998,0.0,2018,9,2,Wednesday,3,Autumn
EUR/USD,2018-09-05,1.158802,1.163264,1.154681,1.158655,USD,1.19341465,1195.72037345,0.03475965000000003,1.158655,1164.448275,0.0,0.0,1.158655,1158.655,0.0,2018,9,2,Wednesday,3,Autumn
EUR/GBP,2018-09-05,0.90109,0.9048,0.89559,0.9011,GBP,0.928133,929.926189,0.027032999999999974,0.9011,905.6055,0.0,0.0,0.9011,901.1,0.0,2018,9,2,Wednesday,3,Autumn
EUR/JPY,2018-09-06,129.643005,129.785995,128.692001,129.667007,JPY,133.55701721000003,133815.05455393,3.890010210000014,129.667007,130315.34203500001,0.0,0.0,129.667007,129667.00700000001,0.0,2018,9,3,Thursday,3,Autumn
EUR/GBP,2018-09-06,0.9009,0.90179,0.89753,0.9009,GBP,0.9279270000000001,929.719791,0.027027000000000023,0.9009,905.4045000000001,0.0,0.0,0.9009,900.9000000000001,0.0,2018,9,3,Thursday,3,Autumn
EUR/USD,2018-09-06,1.163494,1.165623,1.160766,1.163521,USD,1.1984266300000002,1200.7420367900002,0.03490563000000013,1.163521,1169.338605,0.0,0.0,1.163521,1163.521,0.0,2018,9,3,Thursday,3,Autumn
EUR/USD,2018-09-07,1.162385,1.165094,1.15639,1.162007,USD,1.19686721,1199.17960393,0.03486020999999995,1.162007,1167.817035,0.0,0.0,1.162007,1162.007,0.0,2018,9,4,Friday,3,Autumn
EUR/JPY,2018-09-07,128.391998,129.087997,128.240005,128.391006,JPY,132.24273618,132498.23428194,3.851730180000004,128.391006,129032.96103,0.0,0.0,128.391006,128391.00600000001,0.0,2018,9,4,Friday,3,Autumn
EUR/GBP,2018-09-07,0.8989,0.90057,0.89138,0.89898,GBP,0.9259494,927.7383702000001,0.026969400000000032,0.89898,903.4749,0.0,0.0,0.89898,898.98,0.0,2018,9,4,Friday,3,Autumn
EUR/GBP,2018-09-10,0.8939,0.8956,0.88965,0.8939,GBP,0.920717,922.495861,0.02681699999999998,0.8939,898.3695,0.0,0.0,0.8939,893.9,0.0,2018,9,0,Monday,3,Autumn
EUR/JPY,2018-09-10,128.197006,129.056,127.860001,128.229996,JPY,132.07689588,132332.07357203998,3.846899879999995,128.229996,128871.14598,0.0,0.0,128.229996,128229.996,0.0,2018,9,0,Monday,3,Autumn
EUR/USD,2018-09-10,1.155896,1.16144,1.152764,1.156109,USD,1.19079227,1193.09292691,0.03468326999999993,1.156109,1161.8895450000002,0.0,0.0,1.156109,1156.1090000000002,0.0,2018,9,0,Monday,3,Autumn
EUR/JPY,2018-09-11,128.863007,129.792999,128.776993,128.856995,JPY,132.72270485,132979.13027005002,3.865709850000002,128.856995,129501.27997500001,0.0,0.0,128.856995,128856.99500000001,0.0,2018,9,1,Tuesday,3,Autumn
EUR/USD,2018-09-11,1.15934,1.16428,1.156685,1.159595,USD,1.19438285,1196.69044405,0.034787850000000065,1.159595,1165.392975,0.0,0.0,1.159595,1159.595,0.0,2018,9,1,Tuesday,3,Autumn
EUR/GBP,2018-09-11,0.88984,0.89243,0.88884,0.88998,GBP,0.9166794,918.4504602,0.02669940000000004,0.88998,894.4299,0.0,0.0,0.88998,889.98,0.0,2018,9,1,Tuesday,3,Autumn
EUR/USD,2018-09-12,1.159595,1.164822,1.157086,1.159608,USD,1.19439624,1196.70385992,0.03478824000000014,1.159608,1165.4060399999998,0.0,0.0,1.159608,1159.608,0.0,2018,9,2,Wednesday,3,Autumn
EUR/GBP,2018-09-12,0.8907,0.89346,0.88891,0.89089,GBP,0.9176167,919.3895710999999,0.026726699999999992,0.89089,895.3444499999999,0.0,0.0,0.89089,890.89,0.0,2018,9,2,Wednesday,3,Autumn
EUR/JPY,2018-09-12,129.403,129.794006,128.949005,129.401993,JPY,133.28405279,133541.56275607002,3.8820597899999996,129.401993,130049.002965,0.0,0.0,129.401993,129401.993,0.0,2018,9,2,Wednesday,3,Autumn
EUR/GBP,2018-09-13,0.8912,0.89288,0.88949,0.89116,GBP,0.9178948,919.6682084,0.02673480000000006,0.89116,895.6157999999999,0.0,0.0,0.89116,891.16,0.0,2018,9,3,Thursday,3,Autumn
EUR/JPY,2018-09-13,129.257004,130.783005,129.257004,129.311005,JPY,133.19033515,133447.66404995,3.8793301500000155,129.311005,129957.56002499998,0.0,0.0,129.311005,129311.00499999999,0.0,2018,9,3,Thursday,3,Autumn
EUR/USD,2018-09-13,1.162656,1.170083,1.160968,1.162926,USD,1.19781378,1200.12800274,0.034887780000000035,1.162926,1168.74063,0.0,0.0,1.162926,1162.926,0.0,2018,9,3,Thursday,3,Autumn
EUR/JPY,2018-09-14,130.988998,131.106003,130.589996,130.953995,JPY,134.88261484999998,135143.21330004997,3.92861984999999,130.953995,131608.764975,0.0,0.0,130.953995,130953.995,0.0,2018,9,4,Friday,3,Autumn
EUR/USD,2018-09-14,1.169044,1.172127,1.165569,1.16918,USD,1.2042554,1206.5820682,0.03507539999999998,1.16918,1175.0259,0.0,0.0,1.16918,1169.18,0.0,2018,9,4,Friday,3,Autumn
EUR/GBP,2018-09-14,0.89164,0.89314,0.88985,0.8918,GBP,0.9185540000000001,920.3286820000001,0.026754000000000056,0.8918,896.259,0.0,0.0,0.8918,891.8000000000001,0.0,2018,9,4,Friday,3,Autumn
EUR/JPY,2018-09-17,130.123001,130.988007,130.123001,130.164993,JPY,134.06994279000003,134328.97112607004,3.9049497900000176,130.164993,130815.81796500002,0.0,0.0,130.164993,130164.99300000002,0.0,2018,9,0,Monday,3,Autumn
EUR/USD,2018-09-17,1.162358,1.169591,1.162358,1.162899,USD,1.19778597,1200.1001390099998,0.03488697000000007,1.162899,1168.713495,0.0,0.0,1.162899,1162.899,0.0,2018,9,0,Monday,3,Autumn
EUR/GBP,2018-09-17,0.88921,0.89031,0.8884,0.8892,GBP,0.915876,917.645508,0.026676000000000033,0.8892,893.6460000000001,0.0,0.0,0.8892,889.2,0.0,2018,9,0,Monday,3,Autumn
EUR/JPY,2018-09-18,130.296005,131.487,130.296005,130.328003,JPY,134.23784309,134497.19581597002,3.909840090000017,130.328003,130979.643015,0.0,0.0,130.328003,130328.003,0.0,2018,9,1,Tuesday,3,Autumn
EUR/GBP,2018-09-18,0.88756,0.89084,0.88756,0.8874,GBP,0.914022,915.7879260000001,0.026622000000000035,0.8874,891.837,0.0,0.0,0.8874,887.4,0.0,2018,9,1,Tuesday,3,Autumn
EUR/USD,2018-09-18,1.166916,1.172044,1.166916,1.166916,USD,1.20192348,1204.24564284,0.03500747999999998,1.166916,1172.7505800000001,0.0,0.0,1.166916,1166.9160000000002,0.0,2018,9,1,Tuesday,3,Autumn
EUR/USD,2018-09-19,1.167883,1.171646,1.165338,1.167992,USD,1.20303176,1205.3560640800001,0.035039760000000086,1.167992,1173.83196,0.0,0.0,1.167992,1167.992,0.0,2018,9,2,Wednesday,3,Autumn
EUR/GBP,2018-09-19,0.88693,0.88999,0.88616,0.8869,GBP,0.9135070000000001,915.2719310000001,0.026607000000000047,0.8869,891.3344999999999,0.0,0.0,0.8869,886.9,0.0,2018,9,2,Wednesday,3,Autumn
EUR/JPY,2018-09-19,131.132004,131.656006,130.822998,131.130997,JPY,135.06492691000003,135325.87759403003,3.9339299100000176,131.130997,131786.651985,0.0,0.0,131.130997,131130.997,0.0,2018,9,2,Wednesday,3,Autumn
EUR/GBP,2018-09-20,0.88828,0.889,0.88476,0.88835,GBP,0.9150005,916.7683165,0.02665050000000002,0.88835,892.79175,0.0,0.0,0.88835,888.35,0.0,2018,9,3,Thursday,3,Autumn
EUR/JPY,2018-09-20,131.121994,132.324997,130.949997,131.117004,JPY,135.05051412,135311.43695796002,3.933510119999994,131.117004,131772.58902,0.0,0.0,131.117004,131117.00400000002,0.0,2018,9,3,Thursday,3,Autumn
EUR/USD,2018-09-20,1.167406,1.1777,1.167283,1.167461,USD,1.2024848300000002,1204.80807739,0.03502383000000009,1.167461,1173.298305,0.0,0.0,1.167461,1167.461,0.0,2018,9,3,Thursday,3,Autumn
EUR/USD,2018-09-21,1.177607,1.180164,1.173571,1.177593,USD,1.2129207899999999,1215.2642000699998,0.03532778999999997,1.177593,1183.4809649999997,0.0,0.0,1.177593,1177.5929999999998,0.0,2018,9,4,Friday,3,Autumn
EUR/JPY,2018-09-21,132.464005,133.106995,132.179001,132.475006,JPY,136.44925618000002,136712.88144194003,3.9742501800000127,132.475006,133137.38103,0.0,0.0,132.475006,132475.006,0.0,2018,9,4,Friday,3,Autumn
EUR/GBP,2018-09-21,0.88737,0.89941,0.88737,0.88734,GBP,0.9139602,915.7260066,0.026620199999999983,0.88734,891.7767,0.0,0.0,0.88734,887.34,0.0,2018,9,4,Friday,3,Autumn
EUR/JPY,2018-09-24,132.195999,133.042007,131.906998,132.190002,JPY,136.15570206,136418.76016398,3.9657000600000174,132.190002,132850.95200999998,0.0,0.0,132.190002,132190.00199999998,0.0,2018,9,0,Monday,3,Autumn
EUR/GBP,2018-09-24,0.89821,0.8983,0.89356,0.8982,GBP,0.925146,926.9334180000001,0.026946000000000025,0.8982,902.691,0.0,0.0,0.8982,898.2,0.0,2018,9,0,Monday,3,Autumn
EUR/USD,2018-09-24,1.175102,1.181502,1.172525,1.175102,USD,1.2103550600000001,1212.6935129800002,0.03525306000000006,1.175102,1180.9775100000002,0.0,0.0,1.175102,1175.102,0.0,2018,9,0,Monday,3,Autumn
EUR/GBP,2018-09-25,0.896,0.8975,0.89397,0.89595,GBP,0.9228285,924.6114405000001,0.026878500000000027,0.89595,900.42975,0.0,0.0,0.89595,895.95,0.0,2018,9,1,Tuesday,3,Autumn
EUR/USD,2018-09-25,1.175323,1.179245,1.173254,1.175295,USD,1.21055385,1212.89268705,0.03525884999999995,1.175295,1181.171475,0.0,0.0,1.175295,1175.295,0.0,2018,9,1,Tuesday,3,Autumn
EUR/JPY,2018-09-25,132.563995,133.087997,132.365997,132.550003,JPY,136.52650309,136790.27759597002,3.976500090000002,132.550003,133212.753015,0.0,0.0,132.550003,132550.003,0.0,2018,9,1,Tuesday,3,Autumn
EUR/USD,2018-09-26,1.176609,1.1777,1.172897,1.176318,USD,1.21160754,1213.94841282,0.03528953999999995,1.176318,1182.19959,0.0,0.0,1.176318,1176.318,0.0,2018,9,2,Wednesday,3,Autumn
EUR/JPY,2018-09-26,132.891998,132.921997,132.539993,132.889008,JPY,136.87567823999998,137140.12736591997,3.986670239999995,132.889008,133553.45304,0.0,0.0,132.889008,132889.008,0.0,2018,9,2,Wednesday,3,Autumn
EUR/GBP,2018-09-26,0.89249,0.8945,0.89022,0.8923,GBP,0.919069,920.844677,0.026769000000000043,0.8923,896.7615,0.0,0.0,0.8923,892.3,0.0,2018,9,2,Wednesday,3,Autumn
EUR/GBP,2018-09-27,0.89195,0.89362,0.88891,0.89189,GBP,0.9186467,920.4215611,0.026756700000000078,0.89189,896.3494499999999,0.0,0.0,0.89189,891.89,0.0,2018,9,3,Thursday,3,Autumn
EUR/USD,2018-09-27,1.174715,1.175917,1.166453,1.174853,USD,1.2100985899999999,1212.4365474699998,0.03524558999999994,1.174853,1180.7272649999998,0.0,0.0,1.174853,1174.8529999999998,0.0,2018,9,3,Thursday,3,Autumn
EUR/JPY,2018-09-27,132.380005,132.664001,131.582001,132.401001,JPY,136.37303103000002,136636.50902199,3.9720300300000133,132.401001,133063.00600500003,0.0,0.0,132.401001,132401.00100000002,0.0,2018,9,3,Thursday,3,Autumn
EUR/GBP,2018-09-28,0.88979,0.89125,0.88723,0.88996,GBP,0.9166588,918.4298204,0.026698800000000023,0.88996,894.4097999999999,0.0,0.0,0.88996,889.9599999999999,0.0,2018,9,4,Friday,3,Autumn
EUR/USD,2018-09-28,1.163684,1.1653,1.157059,1.163738,USD,1.19865014,1200.96597862,0.03491214000000009,1.163738,1169.55669,0.0,0.0,1.163738,1163.7379999999998,0.0,2018,9,4,Friday,3,Autumn
EUR/JPY,2018-09-28,131.951996,132.298004,131.182007,131.910995,JPY,135.86832485000002,136130.82773005002,3.957329850000008,131.910995,132570.54997500003,0.0,0.0,131.910995,131910.99500000002,0.0,2018,9,4,Friday,3,Autumn
EUR/GBP,2018-10-01,0.88993,0.89142,0.88632,0.89,GBP,0.9167000000000001,918.4711000000001,0.026700000000000057,0.89,894.45,0.0,0.0,0.89,890.0,0.0,2018,10,0,Monday,4,Autumn
EUR/USD,2018-10-01,1.160497,1.162129,1.156511,1.160537,USD,1.1953531099999999,1197.6625786299999,0.034816109999999956,1.160537,1166.3396850000001,0.0,0.0,1.160537,1160.537,0.0,2018,10,0,Monday,4,Autumn
EUR/JPY,2018-10-01,132.033005,132.449997,131.764999,132.057007,JPY,136.01871721,136281.51065393,3.961710210000007,132.057007,132717.29203500002,0.0,0.0,132.057007,132057.007,0.0,2018,10,0,Monday,4,Autumn
EUR/USD,2018-10-02,1.157756,1.158212,1.150669,1.157756,USD,1.19248868,1194.79261444,0.03473268000000007,1.157756,1163.5447800000002,0.0,0.0,1.157756,1157.756,0.0,2018,10,1,Tuesday,4,Autumn
EUR/GBP,2018-10-02,0.8876,0.89133,0.88672,0.8876,GBP,0.9142279999999999,915.994324,0.026627999999999985,0.8876,892.0379999999999,0.0,0.0,0.8876,887.5999999999999,0.0,2018,10,1,Tuesday,4,Autumn
EUR/JPY,2018-10-02,131.927002,131.945007,130.722,131.910004,JPY,135.86730412,136129.80502795998,3.9573001200000135,131.910004,132569.55401999998,0.0,0.0,131.910004,131910.004,0.0,2018,10,1,Tuesday,4,Autumn
EUR/USD,2018-10-03,1.155041,1.159326,1.151636,1.155175,USD,1.1898302500000002,1192.12904825,0.03465525000000014,1.155175,1160.950875,0.0,0.0,1.155175,1155.175,0.0,2018,10,2,Wednesday,4,Autumn
EUR/GBP,2018-10-03,0.88983,0.89174,0.88596,0.88993,GBP,0.9166279,918.3988607000001,0.026697900000000052,0.88993,894.37965,0.0,0.0,0.88993,889.93,0.0,2018,10,2,Wednesday,4,Autumn
EUR/JPY,2018-10-03,131.175995,131.953003,130.968994,131.194,JPY,135.12982,135390.89606,3.9358200000000068,131.194,131849.97,0.0,0.0,131.194,131194.0,0.0,2018,10,2,Wednesday,4,Autumn
EUR/GBP,2018-10-04,0.88683,0.88748,0.8839,0.88678,GBP,0.9133834000000001,915.1480922000001,0.026603400000000055,0.88678,891.2139,0.0,0.0,0.88678,886.78,0.0,2018,10,3,Thursday,4,Autumn
EUR/JPY,2018-10-04,131.397003,131.565002,130.899994,131.380997,JPY,135.32242691000002,135583.87509403002,3.9414299100000108,131.380997,132037.901985,0.0,0.0,131.380997,131380.997,0.0,2018,10,3,Thursday,4,Autumn
EUR/USD,2018-10-04,1.147737,1.1536,1.14646,1.147631,USD,1.18205993,1184.3437156900002,0.034428930000000024,1.147631,1153.369155,0.0,0.0,1.147631,1147.631,0.0,2018,10,3,Thursday,4,Autumn
EUR/GBP,2018-10-05,0.88441,0.8847,0.87776,0.8843,GBP,0.910829,912.588757,0.026529000000000025,0.8843,888.7215,0.0,0.0,0.8843,884.3,0.0,2018,10,4,Friday,4,Autumn
EUR/JPY,2018-10-05,131.182999,131.354004,130.606003,131.184998,JPY,135.12054794000002,135381.60608602,3.9355499400000156,131.184998,131840.92299000002,0.0,0.0,131.184998,131184.99800000002,0.0,2018,10,4,Friday,4,Autumn
EUR/USD,2018-10-05,1.151755,1.154255,1.148778,1.151808,USD,1.18636224,1188.65433792,0.03455424000000007,1.151808,1157.56704,0.0,0.0,1.151808,1151.808,0.0,2018,10,4,Friday,4,Autumn
EUR/GBP,2018-10-08,0.87791,0.88058,0.8776,0.87772,GBP,0.9040516,905.7982628,0.02633160000000001,0.87772,882.1085999999999,0.0,0.0,0.87772,877.7199999999999,0.0,2018,10,0,Monday,4,Autumn
EUR/USD,2018-10-08,1.152392,1.153136,1.146092,1.15226,USD,1.1868278,1189.1207974000001,0.03456780000000004,1.15226,1158.0212999999999,0.0,0.0,1.15226,1152.26,0.0,2018,10,0,Monday,4,Autumn
EUR/JPY,2018-10-08,131.014008,131.238007,129.610001,131.022003,JPY,134.95266309000002,135213.39687597,3.9306600900000035,131.022003,131677.113015,0.0,0.0,131.022003,131022.00300000001,0.0,2018,10,0,Monday,4,Autumn
EUR/USD,2018-10-09,1.149465,1.150483,1.143328,1.149412,USD,1.18389436,1186.18168988,0.034482359999999934,1.149412,1155.15906,0.0,0.0,1.149412,1149.412,0.0,2018,10,1,Tuesday,4,Autumn
EUR/GBP,2018-10-09,0.87786,0.87903,0.8737,0.8779,GBP,0.9042370000000001,905.9840210000001,0.026337000000000055,0.8779,882.2895,0.0,0.0,0.8779,877.9,0.0,2018,10,1,Tuesday,4,Autumn
EUR/JPY,2018-10-09,129.988998,130.179993,129.341003,129.988007,JPY,133.88764721,134146.32334393004,3.899640210000001,129.988007,130637.94703500002,0.0,0.0,129.988007,129988.00700000001,0.0,2018,10,1,Tuesday,4,Autumn
EUR/USD,2018-10-10,1.150404,1.1542,1.148066,1.150695,USD,1.18521585,1187.5057330500001,0.03452085000000005,1.150695,1156.448475,0.0,0.0,1.150695,1150.695,0.0,2018,10,2,Wednesday,4,Autumn
EUR/JPY,2018-10-10,129.985992,130.494995,129.766006,130.0,JPY,133.9,134158.7,3.9000000000000057,130.0,130650.0,0.0,0.0,130.0,130000.0,0.0,2018,10,2,Wednesday,4,Autumn
EUR/GBP,2018-10-10,0.87444,0.87493,0.8723,0.8744,GBP,0.900632,902.3720559999999,0.026232000000000033,0.8744,878.7719999999999,0.0,0.0,0.8744,874.4,0.0,2018,10,2,Wednesday,4,Autumn
EUR/USD,2018-10-11,1.153216,1.159757,1.153216,1.153336,USD,1.1879360799999998,1190.23121864,0.03460007999999992,1.153336,1159.10268,0.0,0.0,1.153336,1153.336,0.0,2018,10,3,Thursday,4,Autumn
EUR/GBP,2018-10-11,0.8732,0.87667,0.8729,0.87327,GBP,0.8994681,901.2059073,0.026198100000000002,0.87327,877.63635,0.0,0.0,0.87327,873.27,0.0,2018,10,3,Thursday,4,Autumn
EUR/JPY,2018-10-11,129.292999,130.166,129.292007,129.278,JPY,133.15634,133413.60322,3.8783400000000086,129.278,129924.38999999998,0.0,0.0,129.278,129277.99999999999,0.0,2018,10,3,Thursday,4,Autumn
EUR/GBP,2018-10-12,0.87593,0.87888,0.87461,0.8757,GBP,0.9019710000000001,903.7136430000002,0.026271000000000044,0.8757,880.0785000000001,0.0,0.0,0.8757,875.7,0.0,2018,10,4,Friday,4,Autumn
EUR/USD,2018-10-12,1.159044,1.160955,1.153695,1.159044,USD,1.19381532,1196.12181756,0.03477131999999994,1.159044,1164.8392199999998,0.0,0.0,1.159044,1159.0439999999999,0.0,2018,10,4,Friday,4,Autumn
EUR/JPY,2018-10-12,129.923004,130.470993,129.421997,129.901993,JPY,133.79905279000002,134057.55775607002,3.8970597900000143,129.901993,130551.502965,0.0,0.0,129.901993,129901.993,0.0,2018,10,4,Friday,4,Autumn
EUR/USD,2018-10-15,1.155095,1.160564,1.154361,1.155135,USD,1.1897890500000001,1192.08776865,0.0346540500000001,1.155135,1160.910675,0.0,0.0,1.155135,1155.135,0.0,2018,10,0,Monday,4,Autumn
EUR/JPY,2018-10-15,129.615997,129.776993,129.139008,129.591003,JPY,133.47873309,133736.61918597,3.887730089999991,129.591003,130238.958015,0.0,0.0,129.591003,129591.003,0.0,2018,10,0,Monday,4,Autumn
EUR/GBP,2018-10-15,0.88153,0.88249,0.87974,0.88146,GBP,0.9079038,909.6579054,0.026443800000000017,0.88146,885.8673,0.0,0.0,0.88146,881.46,0.0,2018,10,0,Monday,4,Autumn
EUR/USD,2018-10-16,1.158332,1.162007,1.156711,1.158346,USD,1.19309638,1195.40148854,0.03475037999999997,1.158346,1164.13773,0.0,0.0,1.158346,1158.346,0.0,2018,10,1,Tuesday,4,Autumn
EUR/JPY,2018-10-16,129.548004,130.270996,129.529999,129.542007,JPY,133.42826721000003,133686.05580393,3.8862602100000174,129.542007,130189.71703500001,0.0,0.0,129.542007,129542.00700000001,0.0,2018,10,1,Tuesday,4,Autumn
EUR/GBP,2018-10-16,0.88051,0.88093,0.87533,0.88052,GBP,0.9069356,908.6878347999999,0.026415599999999984,0.88052,884.9226,0.0,0.0,0.88052,880.52,0.0,2018,10,1,Tuesday,4,Autumn
EUR/USD,2018-10-17,1.157635,1.158212,1.15218,1.157528,USD,1.19225384,1194.55732072,0.03472584000000012,1.157528,1163.3156399999998,0.0,0.0,1.157528,1157.5279999999998,0.0,2018,10,2,Wednesday,4,Autumn
EUR/JPY,2018-10-17,130.022003,130.149994,129.177002,130.033997,JPY,133.93501691,134193.78456403,3.9010199100000023,130.033997,130684.166985,0.0,0.0,130.033997,130033.997,0.0,2018,10,2,Wednesday,4,Autumn
EUR/GBP,2018-10-17,0.87765,0.88042,0.87683,0.87774,GBP,0.9040722,905.8189026,0.026332200000000028,0.87774,882.1287,0.0,0.0,0.87774,877.74,0.0,2018,10,2,Wednesday,4,Autumn
EUR/JPY,2018-10-18,129.514008,129.723007,128.839996,129.509995,JPY,133.39529485,133653.01974005002,3.8852998499999956,129.509995,130157.54497500001,0.0,0.0,129.509995,129509.99500000001,0.0,2018,10,3,Thursday,4,Autumn
EUR/USD,2018-10-18,1.150086,1.152738,1.14829,1.150086,USD,1.18458858,1186.87725114,0.03450258000000006,1.150086,1155.83643,0.0,0.0,1.150086,1150.086,0.0,2018,10,3,Thursday,4,Autumn
EUR/GBP,2018-10-18,0.87776,0.88025,0.87713,0.87777,GBP,0.9041031,905.8498623,0.026333099999999998,0.87777,882.1588500000001,0.0,0.0,0.87777,877.7700000000001,0.0,2018,10,3,Thursday,4,Autumn
EUR/GBP,2018-10-19,0.87975,0.88263,0.87749,0.8797,GBP,0.9060910000000001,907.8416030000001,0.026391000000000053,0.8797,884.0985000000001,0.0,0.0,0.8797,879.7,0.0,2018,10,4,Friday,4,Autumn
EUR/USD,2018-10-19,1.145515,1.15145,1.143367,1.146,USD,1.18038,1182.6605399999999,0.03438000000000008,1.146,1151.73,0.0,0.0,1.146,1146.0,0.0,2018,10,4,Friday,4,Autumn
EUR/JPY,2018-10-19,128.531998,129.563004,128.526993,128.5,JPY,132.355,132610.715,3.8549999999999898,128.5,129142.5,0.0,0.0,128.5,128500.0,0.0,2018,10,4,Friday,4,Autumn
EUR/JPY,2018-10-22,129.436996,130.188004,129.201004,129.453995,JPY,133.33761485,133595.22830005,3.8836198500000023,129.453995,130101.264975,0.0,0.0,129.453995,129453.995,0.0,2018,10,0,Monday,4,Autumn
EUR/GBP,2018-10-22,0.88091,0.88555,0.88059,0.8808,GBP,0.907224,908.976792,0.026424000000000003,0.8808,885.2040000000001,0.0,0.0,0.8808,880.8000000000001,0.0,2018,10,0,Monday,4,Autumn
EUR/USD,2018-10-22,1.151119,1.1552,1.146237,1.150947,USD,1.18547541,1187.76579453,0.034528410000000065,1.150947,1156.7017349999999,0.0,0.0,1.150947,1150.947,0.0,2018,10,0,Monday,4,Autumn
EUR/JPY,2018-10-23,129.248993,129.302002,128.264999,129.270996,JPY,133.14912588,133406.37516204,3.8781298800000172,129.270996,129917.35098,0.0,0.0,129.270996,129270.996,0.0,2018,10,1,Tuesday,4,Autumn
EUR/GBP,2018-10-23,0.88421,0.88466,0.88005,0.88419,GBP,0.9107157,912.4752381,0.026525699999999985,0.88419,888.61095,0.0,0.0,0.88419,884.19,0.0,2018,10,1,Tuesday,4,Autumn
EUR/USD,2018-10-23,1.146473,1.148976,1.143995,1.146789,USD,1.1811926700000002,1183.4747801100002,0.03440367000000011,1.146789,1152.522945,0.0,0.0,1.146789,1146.789,0.0,2018,10,1,Tuesday,4,Autumn
EUR/GBP,2018-10-24,0.88371,0.88434,0.88159,0.88369,GBP,0.9102007,911.9592431,0.026510699999999998,0.88369,888.10845,0.0,0.0,0.88369,883.6899999999999,0.0,2018,10,2,Wednesday,4,Autumn
EUR/JPY,2018-10-24,129.003998,129.210999,128.076004,129.009003,JPY,132.87927309,133136.00100597,3.870270089999991,129.009003,129654.04801500001,0.0,0.0,129.009003,129009.00300000001,0.0,2018,10,2,Wednesday,4,Autumn
EUR/USD,2018-10-24,1.147263,1.147579,1.138408,1.147315,USD,1.1817344500000002,1184.0176068500002,0.03441945000000013,1.147315,1153.051575,0.0,0.0,1.147315,1147.315,0.0,2018,10,2,Wednesday,4,Autumn
EUR/GBP,2018-10-25,0.88455,0.88805,0.88309,0.88454,GBP,0.9110762,912.8364346,0.02653620000000001,0.88454,888.9626999999999,0.0,0.0,0.88454,884.54,0.0,2018,10,3,Thursday,4,Autumn
EUR/JPY,2018-10-25,127.693001,128.384995,127.491997,127.678001,JPY,131.50834103,131762.42025199,3.830340030000002,127.678001,128316.39100499998,0.0,0.0,127.678001,127678.00099999999,0.0,2018,10,3,Thursday,4,Autumn
EUR/USD,2018-10-25,1.139874,1.143079,1.136622,1.139926,USD,1.17412378,1176.3922327399998,0.034197779999999955,1.139926,1145.62563,0.0,0.0,1.139926,1139.926,0.0,2018,10,3,Thursday,4,Autumn
EUR/GBP,2018-10-26,0.88706,0.88851,0.88618,0.887,GBP,0.91361,915.37513,0.026610000000000023,0.887,891.435,0.0,0.0,0.887,887.0,0.0,2018,10,4,Friday,4,Autumn
EUR/JPY,2018-10-26,127.760002,127.832001,126.652,127.795998,JPY,131.62987794,131884.19197602,3.8338799400000028,127.795998,128434.97799,0.0,0.0,127.795998,127795.99799999999,0.0,2018,10,4,Friday,4,Autumn
EUR/USD,2018-10-26,1.137514,1.139848,1.13362,1.137786,USD,1.17191958,1174.18377414,0.03413358,1.137786,1143.47493,0.0,0.0,1.137786,1137.786,0.0,2018,10,4,Friday,4,Autumn
EUR/GBP,2018-10-29,0.88832,0.88933,0.8867,0.8884,GBP,0.915052,916.819916,0.02665200000000001,0.8884,892.842,0.0,0.0,0.8884,888.4,0.0,2018,10,0,Monday,4,Autumn
EUR/JPY,2018-10-29,127.559998,128.210007,127.244003,127.552002,JPY,131.37856206,131632.39054398,3.8265600600000056,127.552002,128189.76201,0.0,0.0,127.552002,127552.00200000001,0.0,2018,10,0,Monday,4,Autumn
EUR/USD,2018-10-29,1.139874,1.141579,1.136441,1.139874,USD,1.1740702200000002,1176.33856926,0.03419622000000011,1.139874,1145.57337,0.0,0.0,1.139874,1139.874,0.0,2018,10,0,Monday,4,Autumn
EUR/USD,2018-10-30,1.137514,1.138706,1.134739,1.137618,USD,1.17174654,1174.0103998200002,0.034128539999999985,1.137618,1143.30609,0.0,0.0,1.137618,1137.618,0.0,2018,10,1,Tuesday,4,Autumn
EUR/GBP,2018-10-30,0.88853,0.89266,0.88819,0.88857,GBP,0.9152271,916.9953542999999,0.02665709999999999,0.88857,893.01285,0.0,0.0,0.88857,888.5699999999999,0.0,2018,10,1,Tuesday,4,Autumn
EUR/JPY,2018-10-30,127.744003,128.432999,127.744003,127.778999,JPY,131.61236897,131866.64917801,3.833369970000007,127.778999,128417.89399499999,0.0,0.0,127.778999,127778.999,0.0,2018,10,1,Tuesday,4,Autumn
EUR/USD,2018-10-31,1.134584,1.136015,1.131171,1.134636,USD,1.16867508,1170.93300564,0.03403908000000011,1.134636,1140.30918,0.0,0.0,1.134636,1134.636,0.0,2018,10,2,Wednesday,4,Autumn
EUR/JPY,2018-10-31,128.268997,128.531006,127.857002,128.25,JPY,132.0975,132352.7175,3.8474999999999966,128.25,128891.25,0.0,0.0,128.25,128250.0,0.0,2018,10,2,Wednesday,4,Autumn
EUR/GBP,2018-10-31,0.89288,0.89304,0.8844,0.8926,GBP,0.9193779999999999,921.1542739999999,0.02677799999999997,0.8926,897.0629999999999,0.0,0.0,0.8926,892.5999999999999,0.0,2018,10,2,Wednesday,4,Autumn
EUR/JPY,2018-11-01,127.667,128.746994,127.617996,127.703003,JPY,131.53409309,131788.22206597,3.8310900900000036,127.703003,128341.518015,0.0,0.0,127.703003,127703.003,0.0,2018,11,3,Thursday,4,Autumn
EUR/GBP,2018-11-01,0.88624,0.8863,0.8783,0.88618,GBP,0.9127654,914.5288982,0.02658539999999998,0.88618,890.6108999999999,0.0,0.0,0.88618,886.18,0.0,2018,11,3,Thursday,4,Autumn
EUR/USD,2018-11-01,1.131388,1.141318,1.131375,1.13167,USD,1.1656201,1167.8721232999999,0.03395009999999998,1.13167,1137.3283499999998,0.0,0.0,1.13167,1131.6699999999998,0.0,2018,11,3,Thursday,4,Autumn
EUR/GBP,2018-11-02,0.87715,0.87989,0.87692,0.87688,GBP,0.9031864000000001,904.9313912,0.026306400000000063,0.87688,881.2644,0.0,0.0,0.87688,876.88,0.0,2018,11,4,Friday,4,Autumn
EUR/USD,2018-11-02,1.140277,1.145541,1.137566,1.140329,USD,1.17453887,1176.80812471,0.034209869999999976,1.140329,1146.030645,0.0,0.0,1.140329,1140.329,0.0,2018,11,4,Friday,4,Autumn
EUR/JPY,2018-11-02,128.528,129.298996,128.389999,128.524994,JPY,132.38074382,132636.50855806,3.8557498199999998,128.524994,129167.61897,0.0,0.0,128.524994,128524.99399999999,0.0,2018,11,4,Friday,4,Autumn
EUR/GBP,2018-11-05,0.8763,0.87717,0.87369,0.87629,GBP,0.9025787000000001,904.3225171,0.026288700000000054,0.87629,880.6714499999999,0.0,0.0,0.87629,876.29,0.0,2018,11,0,Monday,4,Autumn
EUR/USD,2018-11-05,1.139705,1.140641,1.135525,1.139757,USD,1.17394971,1176.21782643,0.034192710000000126,1.139757,1145.4557849999999,0.0,0.0,1.139757,1139.7569999999998,0.0,2018,11,0,Monday,4,Autumn
EUR/JPY,2018-11-05,128.932007,129.115005,128.600998,128.919998,JPY,132.78759793999998,133044.14873601997,3.867599939999991,128.919998,129564.59799,0.0,0.0,128.919998,128919.99799999999,0.0,2018,11,0,Monday,4,Autumn
EUR/JPY,2018-11-06,129.210999,129.457993,128.882996,129.179993,JPY,133.05539279,133312.46097607003,3.875399790000017,129.179993,129825.892965,0.0,0.0,129.179993,129179.993,0.0,2018,11,1,Tuesday,4,Autumn
EUR/USD,2018-11-06,1.140862,1.143811,1.139328,1.141292,USD,1.17553076,1177.80193108,0.034238760000000035,1.141292,1146.99846,0.0,0.0,1.141292,1141.292,0.0,2018,11,1,Tuesday,4,Autumn
EUR/GBP,2018-11-06,0.8735,0.87533,0.87218,0.87364,GBP,0.8998492,901.5877436,0.026209200000000044,0.87364,878.0082,0.0,0.0,0.87364,873.64,0.0,2018,11,1,Tuesday,4,Autumn
EUR/GBP,2018-11-07,0.87231,0.87451,0.87108,0.87227,GBP,0.8984381,900.1739173,0.026168100000000027,0.87227,876.63135,0.0,0.0,0.87227,872.27,0.0,2018,11,2,Wednesday,4,Autumn
EUR/USD,2018-11-07,1.144099,1.149994,1.140056,1.143851,USD,1.17816653,1180.44279349,0.03431552999999998,1.143851,1149.5702549999999,0.0,0.0,1.143851,1143.8509999999999,0.0,2018,11,2,Wednesday,4,Autumn
EUR/JPY,2018-11-07,129.675995,130.132004,129.393997,129.660004,JPY,133.54980411999998,133807.82752795998,3.8898001199999896,129.660004,130308.30401999998,0.0,0.0,129.660004,129660.00399999999,0.0,2018,11,2,Wednesday,4,Autumn
EUR/USD,2018-11-08,1.143328,1.144427,1.140511,1.143406,USD,1.17770818,1179.98355794,0.03430218000000007,1.143406,1149.12303,0.0,0.0,1.143406,1143.406,0.0,2018,11,3,Thursday,4,Autumn
EUR/JPY,2018-11-08,129.834,130.112,129.697998,129.820007,JPY,133.71460721,133972.94902392998,3.894600209999993,129.820007,130469.107035,0.0,0.0,129.820007,129820.007,0.0,2018,11,3,Thursday,4,Autumn
EUR/GBP,2018-11-08,0.87089,0.87367,0.86975,0.87088,GBP,0.8970064,898.7394512,0.026126399999999994,0.87088,875.2344,0.0,0.0,0.87088,870.88,0.0,2018,11,3,Thursday,4,Autumn
EUR/JPY,2018-11-09,129.548004,129.585007,128.819,129.541,JPY,133.42723,133685.01659,3.886230000000012,129.541,130188.705,0.0,0.0,129.541,129541.0,0.0,2018,11,4,Friday,4,Autumn
EUR/GBP,2018-11-09,0.87003,0.87314,0.8691,0.86997,GBP,0.8960691000000001,897.8003403,0.02609910000000004,0.86997,874.31985,0.0,0.0,0.86997,869.97,0.0,2018,11,4,Friday,4,Autumn
EUR/USD,2018-11-09,1.136855,1.136919,1.132503,1.136842,USD,1.17094726,1173.2095755799999,0.034105260000000026,1.136842,1142.5262099999998,0.0,0.0,1.136842,1136.8419999999999,0.0,2018,11,4,Friday,4,Autumn
EUR/JPY,2018-11-12,128.910995,129.177994,127.82,128.916,JPY,132.78348,133040.02284000002,3.8674800000000005,128.916,129560.58,0.0,0.0,128.916,128916.0,0.0,2018,11,0,Monday,4,Autumn
EUR/GBP,2018-11-12,0.87522,0.87715,0.8709,0.87519,GBP,0.9014457,903.1873281,0.026255699999999993,0.87519,879.56595,0.0,0.0,0.87519,875.19,0.0,2018,11,0,Monday,4,Autumn
EUR/USD,2018-11-12,1.132477,1.133273,1.124164,1.132503,USD,1.16647809,1168.73177097,0.033975089999999986,1.132503,1138.165515,0.0,0.0,1.132503,1132.503,0.0,2018,11,0,Monday,4,Autumn
EUR/JPY,2018-11-13,127.57,128.733994,127.500999,127.612,JPY,131.44036,131694.30787999998,3.8283600000000035,127.612,128250.06,0.0,0.0,127.612,127612.0,0.0,2018,11,1,Tuesday,4,Autumn
EUR/GBP,2018-11-13,0.8729,0.87406,0.86563,0.873,GBP,0.89919,900.92727,0.026190000000000047,0.873,877.365,0.0,0.0,0.873,873.0,0.0,2018,11,1,Tuesday,4,Autumn
EUR/USD,2018-11-13,1.12241,1.129191,1.122322,1.123343,USD,1.15704329,1159.27874257,0.03370029000000008,1.123343,1128.9597150000002,0.0,0.0,1.123343,1123.343,0.0,2018,11,1,Tuesday,4,Autumn
EUR/JPY,2018-11-14,128.740005,129.153,128.283997,128.707993,JPY,132.56923279,132825.36169607,3.8612397900000133,128.707993,129351.53296499999,0.0,0.0,128.707993,128707.99299999999,0.0,2018,11,2,Wednesday,4,Autumn
EUR/GBP,2018-11-14,0.8691,0.87373,0.86784,0.86911,GBP,0.8951833000000001,896.9128289000001,0.026073300000000077,0.86911,873.45555,0.0,0.0,0.86911,869.11,0.0,2018,11,2,Wednesday,4,Autumn
EUR/USD,2018-11-14,1.131606,1.133967,1.126481,1.131119,USD,1.16505257,1167.30349681,0.03393357000000008,1.131119,1136.7745949999999,0.0,0.0,1.131119,1131.119,0.0,2018,11,2,Wednesday,4,Autumn
EUR/JPY,2018-11-15,128.468994,128.837997,127.771004,128.455994,JPY,132.30967382,132565.30124806,3.8536798199999964,128.455994,129098.27397000001,0.0,0.0,128.455994,128455.994,0.0,2018,11,3,Thursday,4,Autumn
EUR/GBP,2018-11-15,0.8711,0.8881,0.8706,0.87101,GBP,0.8971403,898.8736099,0.02613030000000005,0.87101,875.36505,0.0,0.0,0.87101,871.01,0.0,2018,11,3,Thursday,4,Autumn
EUR/USD,2018-11-15,1.131363,1.135112,1.127497,1.131183,USD,1.16511849,1167.3695441700002,0.03393548999999996,1.131183,1136.838915,0.0,0.0,1.131183,1131.183,0.0,2018,11,3,Thursday,4,Autumn
EUR/USD,2018-11-16,1.132529,1.141422,1.132259,1.13249,USD,1.1664647000000001,1168.7183551000003,0.033974700000000135,1.13249,1138.15245,0.0,0.0,1.13249,1132.49,0.0,2018,11,4,Friday,4,Autumn
EUR/GBP,2018-11-16,0.88711,0.88885,0.88249,0.88705,GBP,0.9136615,915.4267295000001,0.02661150000000001,0.88705,891.48525,0.0,0.0,0.88705,887.05,0.0,2018,11,4,Friday,4,Autumn
EUR/JPY,2018-11-16,128.602997,128.764999,128.160995,128.595001,JPY,132.45285103,132708.75508198998,3.8578500300000087,128.595001,129237.97600499999,0.0,0.0,128.595001,128595.00099999999,0.0,2018,11,4,Friday,4,Autumn
EUR/JPY,2018-11-19,128.638,129.059998,128.470001,128.660995,JPY,132.52082485000003,132776.86023005002,3.859829850000011,128.660995,129304.29997500002,0.0,0.0,128.660995,128660.99500000001,0.0,2018,11,0,Monday,4,Autumn
EUR/USD,2018-11-19,1.141214,1.146289,1.139445,1.141396,USD,1.17563788,1177.90925804,0.03424187999999995,1.141396,1147.1029800000001,0.0,0.0,1.141396,1141.3960000000002,0.0,2018,11,0,Monday,4,Autumn
EUR/GBP,2018-11-19,0.88906,0.89248,0.88688,0.88936,GBP,0.9160408000000001,917.8106264000002,0.02668080000000006,0.88936,893.8068000000001,0.0,0.0,0.88936,889.36,0.0,2018,11,0,Monday,4,Autumn
EUR/JPY,2018-11-20,128.837006,129.029007,128.007996,128.800003,JPY,132.66400309,132920.31509596997,3.8640000899999905,128.800003,129444.003015,0.0,0.0,128.800003,128800.003,0.0,2018,11,1,Tuesday,4,Autumn
EUR/USD,2018-11-20,1.145475,1.147276,1.138706,1.145502,USD,1.17986706,1182.14660898,0.03436506000000006,1.145502,1151.22951,0.0,0.0,1.145502,1145.502,0.0,2018,11,1,Tuesday,4,Autumn
EUR/GBP,2018-11-20,0.89088,0.89212,0.88764,0.8909,GBP,0.9176270000000001,919.399891,0.026727000000000056,0.8909,895.3545,0.0,0.0,0.8909,890.9,0.0,2018,11,1,Tuesday,4,Autumn
EUR/JPY,2018-11-21,128.179993,129.061005,128.160004,128.195999,JPY,132.04187897,132296.98900801,3.8458799699999986,128.195999,128836.978995,0.0,0.0,128.195999,128195.999,0.0,2018,11,2,Wednesday,4,Autumn
EUR/USD,2018-11-21,1.137268,1.142204,1.136635,1.137242,USD,1.17135926,1173.62237158,0.03411725999999993,1.137242,1142.9282100000003,0.0,0.0,1.137242,1137.2420000000002,0.0,2018,11,2,Wednesday,4,Autumn
EUR/GBP,2018-11-21,0.88929,0.89228,0.88866,0.88916,GBP,0.9158348,917.6042284,0.0266748,0.88916,893.6057999999999,0.0,0.0,0.88916,889.16,0.0,2018,11,2,Wednesday,4,Autumn
EUR/GBP,2018-11-22,0.89135,0.89208,0.88452,0.89124,GBP,0.9179772,919.7507676,0.026737200000000017,0.89124,895.6962,0.0,0.0,0.89124,891.24,0.0,2018,11,3,Thursday,4,Autumn
EUR/JPY,2018-11-22,128.725006,129.095993,128.662003,128.720001,JPY,132.58160103,132837.75383199,3.8616000300000053,128.720001,129363.60100499999,0.0,0.0,128.720001,128720.00099999999,0.0,2018,11,3,Thursday,4,Autumn
EUR/USD,2018-11-22,1.138887,1.143406,1.138628,1.138835,USD,1.1730000500000002,1175.2663316500002,0.03416505000000014,1.138835,1144.5291750000001,0.0,0.0,1.138835,1138.835,0.0,2018,11,3,Thursday,4,Autumn
EUR/JPY,2018-11-23,128.841003,128.912003,127.862999,128.830002,JPY,132.69490206,132951.27376398,3.8649000599999965,128.830002,129474.15201,0.0,0.0,128.830002,128830.00200000001,0.0,2018,11,4,Friday,4,Autumn
EUR/USD,2018-11-23,1.140264,1.141944,1.133234,1.140316,USD,1.1745254800000002,1176.7947088400003,0.034209480000000125,1.140316,1146.01758,0.0,0.0,1.140316,1140.316,0.0,2018,11,4,Friday,4,Autumn
EUR/GBP,2018-11-23,0.88553,0.88755,0.8838,0.88548,GBP,0.9120444000000001,913.8065052000001,0.026564400000000044,0.88548,889.9074,0.0,0.0,0.88548,885.48,0.0,2018,11,4,Friday,4,Autumn
EUR/JPY,2018-11-26,128.033005,128.891998,127.989998,128.009995,JPY,131.85029485,132105.03474005,3.840299850000008,128.009995,128650.04497500001,0.0,0.0,128.009995,128009.99500000001,0.0,2018,11,0,Monday,4,Autumn
EUR/GBP,2018-11-26,0.88445,0.88682,0.88367,0.8847,GBP,0.9112410000000001,913.0015530000001,0.026541000000000037,0.8847,889.1235,0.0,0.0,0.8847,884.7,0.0,2018,11,0,Monday,4,Autumn
EUR/USD,2018-11-26,1.13389,1.138356,1.132734,1.133735,USD,1.16774705,1170.0031826499999,0.03401205000000007,1.133735,1139.4036749999998,0.0,0.0,1.133735,1133.735,0.0,2018,11,0,Monday,4,Autumn
EUR/JPY,2018-11-27,128.651993,128.820007,128.360001,128.630005,JPY,132.48890515000002,132744.87885995003,3.858900150000011,128.630005,129273.155025,0.0,0.0,128.630005,128630.005,0.0,2018,11,1,Tuesday,4,Autumn
EUR/USD,2018-11-27,1.133427,1.134494,1.127943,1.133337,USD,1.16733711,1169.5924506300003,0.03400011000000003,1.133337,1139.003685,0.0,0.0,1.133337,1133.337,0.0,2018,11,1,Tuesday,4,Autumn
EUR/GBP,2018-11-27,0.88451,0.88861,0.8843,0.88444,GBP,0.9109732,912.7332356000001,0.026533200000000035,0.88444,888.8622,0.0,0.0,0.88444,884.44,0.0,2018,11,1,Tuesday,4,Autumn
EUR/USD,2018-11-28,1.129714,1.1308,1.126773,1.12988,USD,1.1637764,1166.0248612,0.03389639999999994,1.12988,1135.5294000000001,0.0,0.0,1.12988,1129.88,0.0,2018,11,2,Wednesday,4,Autumn
EUR/GBP,2018-11-28,0.88649,0.8868,0.881,0.8865,GBP,0.913095,914.859135,0.026595000000000035,0.8865,890.9325,0.0,0.0,0.8865,886.5,0.0,2018,11,2,Wednesday,4,Autumn
EUR/JPY,2018-11-28,128.528,128.718002,128.248001,128.535004,JPY,132.39105411999998,132646.83877796,3.856050119999992,128.535004,129177.67901999998,0.0,0.0,128.535004,128535.00399999999,0.0,2018,11,2,Wednesday,4,Autumn
EUR/JPY,2018-11-29,129.082993,129.123001,128.669998,129.082001,JPY,132.95446103,133211.33421199,3.8724600300000134,129.082001,129727.41100499999,0.0,0.0,129.082001,129082.00099999999,0.0,2018,11,3,Thursday,4,Autumn
EUR/GBP,2018-11-29,0.88629,0.89194,0.8859,0.8865,GBP,0.913095,914.859135,0.026595000000000035,0.8865,890.9325,0.0,0.0,0.8865,886.5,0.0,2018,11,3,Thursday,4,Autumn
EUR/USD,2018-11-29,1.136661,1.140147,1.134958,1.136855,USD,1.17096065,1173.2229914499999,0.0341056500000001,1.136855,1142.539275,0.0,0.0,1.136855,1136.855,0.0,2018,11,3,Thursday,4,Autumn
EUR/USD,2018-11-30,1.139277,1.140121,1.131478,1.139277,USD,1.17345531,1175.72247123,0.034178309999999934,1.139277,1144.973385,0.0,0.0,1.139277,1139.277,0.0,2018,11,4,Friday,4,Autumn
EUR/JPY,2018-11-30,129.194,129.242004,128.457993,129.192001,JPY,133.06776103,133324.85311199003,3.8757600300000092,129.192001,129837.961005,0.0,0.0,129.192001,129192.001,0.0,2018,11,4,Friday,4,Autumn
EUR/GBP,2018-11-30,0.89105,0.8924,0.88608,0.8911,GBP,0.917833,919.606289,0.026733000000000007,0.8911,895.5555,0.0,0.0,0.8911,891.1,0.0,2018,11,4,Friday,4,Autumn
EUR/JPY,2018-12-03,129.014999,129.132004,128.550003,129.029007,JPY,132.89987721,133156.64493393002,3.8708702099999925,129.029007,129674.152035,0.0,0.0,129.029007,129029.00700000001,0.0,2018,12,0,Monday,4,Winter
EUR/GBP,2018-12-03,0.8894,0.89231,0.8864,0.8894,GBP,0.916082,917.851906,0.026681999999999984,0.8894,893.847,0.0,0.0,0.8894,889.4,0.0,2018,12,0,Monday,4,Winter
EUR/USD,2018-12-03,1.134185,1.138006,1.132169,1.134224,USD,1.1682507199999999,1170.5078257599998,0.034026719999999955,1.134224,1139.89512,0.0,0.0,1.134224,1134.224,0.0,2018,12,0,Monday,4,Winter
EUR/JPY,2018-12-04,128.959,129.0,128.119995,128.966995,JPY,132.83600485,133092.64917005,3.8690098499999976,128.966995,129611.829975,0.0,0.0,128.966995,128966.995,0.0,2018,12,1,Tuesday,4,Winter
EUR/USD,2018-12-04,1.135589,1.141774,1.134327,1.135486,USD,1.1695505800000001,1171.8101971400001,0.03406458000000012,1.135486,1141.16343,0.0,0.0,1.135486,1135.486,0.0,2018,12,1,Tuesday,4,Winter
EUR/GBP,2018-12-04,0.89213,0.8943,0.88893,0.8922,GBP,0.9189660000000001,920.741478,0.026766000000000068,0.8922,896.6610000000001,0.0,0.0,0.8922,892.2,0.0,2018,12,1,Tuesday,4,Winter
EUR/USD,2018-12-05,1.134366,1.136028,1.131503,1.134288,USD,1.16831664,1170.57387312,0.034028640000000054,1.134288,1139.95944,0.0,0.0,1.134288,1134.288,0.0,2018,12,2,Wednesday,4,Winter
EUR/GBP,2018-12-05,0.8917,0.8931,0.88759,0.89171,GBP,0.9184613,920.2358029000001,0.026751300000000033,0.89171,896.16855,0.0,0.0,0.89171,891.71,0.0,2018,12,2,Wednesday,4,Winter
EUR/JPY,2018-12-05,127.832001,128.431,127.818001,127.828003,JPY,131.66284309,131917.22081597,3.83484009,127.828003,128467.143015,0.0,0.0,127.828003,127828.003,0.0,2018,12,2,Wednesday,4,Winter
EUR/GBP,2018-12-06,0.89158,0.8926,0.88879,0.89161,GBP,0.9183583000000001,920.1326039,0.026748300000000058,0.89161,896.06805,0.0,0.0,0.89161,891.61,0.0,2018,12,3,Thursday,4,Winter
EUR/JPY,2018-12-06,128.289001,128.354996,127.685997,128.291,JPY,132.13973000000001,132395.02909,3.8487300000000175,128.291,128932.455,0.0,0.0,128.291,128291.0,0.0,2018,12,3,Thursday,4,Winter
EUR/USD,2018-12-06,1.134726,1.141227,1.132336,1.134906,USD,1.16895318,1171.21164294,0.034047179999999955,1.134906,1140.58053,0.0,0.0,1.134906,1134.906,0.0,2018,12,3,Thursday,4,Winter
EUR/JPY,2018-12-07,128.244003,128.584,128.119995,128.173996,JPY,132.01921588,132274.28213204,3.845219880000002,128.173996,128814.86597999999,0.0,0.0,128.173996,128173.99599999998,0.0,2018,12,4,Friday,4,Winter
EUR/GBP,2018-12-07,0.89007,0.89422,0.8898,0.89009,GBP,0.9167927000000001,918.5639791000001,0.02670270000000008,0.89009,894.5404500000001,0.0,0.0,0.89009,890.09,0.0,2018,12,4,Friday,4,Winter
EUR/USD,2018-12-07,1.137682,1.14107,1.136131,1.137475,USD,1.17159925,1173.86282525,0.03412425000000008,1.137475,1143.1623749999999,0.0,0.0,1.137475,1137.475,0.0,2018,12,4,Friday,4,Winter
EUR/USD,2018-12-10,1.140381,1.144558,1.136235,1.140095,USD,1.17429785,1176.56663905,0.03420285000000001,1.140095,1145.7954750000001,0.0,0.0,1.140095,1140.095,0.0,2018,12,0,Monday,4,Winter
EUR/JPY,2018-12-10,128.291,128.925995,128.268005,128.251007,JPY,132.09853721,132353.75671393,3.847530210000002,128.251007,128892.26203499998,0.0,0.0,128.251007,128251.00699999998,0.0,2018,12,0,Monday,4,Winter
EUR/GBP,2018-12-10,0.89643,0.90834,0.8959,0.89619,GBP,0.9230757,924.8591181,0.026885700000000012,0.89619,900.6709500000001,0.0,0.0,0.89619,896.19,0.0,2018,12,0,Monday,4,Winter
EUR/GBP,2018-12-11,0.9039,0.90483,0.90066,0.9039,GBP,0.9310170000000001,932.8157610000001,0.027117000000000058,0.9039,908.4195000000001,0.0,0.0,0.9039,903.9000000000001,0.0,2018,12,1,Tuesday,4,Winter
EUR/USD,2018-12-11,1.135499,1.139939,1.130761,1.135654,USD,1.16972362,1171.98357146,0.034069620000000134,1.135654,1141.33227,0.0,0.0,1.135654,1135.654,0.0,2018,12,1,Tuesday,4,Winter
EUR/JPY,2018-12-11,128.541,128.942001,128.229996,128.529999,JPY,132.38589897,132641.67366801001,3.855899969999996,128.529999,129172.64899500001,0.0,0.0,128.529999,128529.99900000001,0.0,2018,12,1,Tuesday,4,Winter
EUR/JPY,2018-12-12,128.369995,128.845993,128.279999,128.378006,JPY,132.22934618,132484.81841193998,3.851340179999994,128.378006,129019.89602999999,0.0,0.0,128.378006,128378.006,0.0,2018,12,2,Wednesday,4,Winter
EUR/GBP,2018-12-12,0.9063,0.90676,0.89707,0.90629,GBP,0.9334787000000001,935.2822171000001,0.027188700000000066,0.90629,910.82145,0.0,0.0,0.90629,906.2900000000001,0.0,2018,12,2,Wednesday,4,Winter
EUR/USD,2018-12-12,1.132285,1.138045,1.131618,1.132311,USD,1.1662803300000002,1168.5336288900003,0.03396933000000013,1.132311,1137.972555,0.0,0.0,1.132311,1132.3110000000001,0.0,2018,12,2,Wednesday,4,Winter
EUR/JPY,2018-12-13,128.832993,129.235992,128.710007,128.839996,JPY,132.70519588000002,132961.58747204,3.865199880000006,128.839996,129484.19598000002,0.0,0.0,128.839996,128839.99600000001,0.0,2018,12,3,Thursday,4,Winter
EUR/USD,2018-12-13,1.137268,1.139251,1.133363,1.137346,USD,1.17146638,1173.72969854,0.03412038000000006,1.137346,1143.03273,0.0,0.0,1.137346,1137.346,0.0,2018,12,3,Thursday,4,Winter
EUR/GBP,2018-12-13,0.90074,0.90132,0.89524,0.90059,GBP,0.9276077,929.3998741,0.027017700000000033,0.90059,905.0929500000001,0.0,0.0,0.90059,900.59,0.0,2018,12,3,Thursday,4,Winter
EUR/GBP,2018-12-14,0.89798,0.90042,0.89611,0.8978,GBP,0.9247340000000001,926.520622,0.026934000000000013,0.8978,902.2890000000001,0.0,0.0,0.8978,897.8000000000001,0.0,2018,12,4,Friday,4,Winter
EUR/USD,2018-12-14,1.136325,1.136622,1.127078,1.136364,USD,1.17045492,1172.7162843600001,0.034090920000000136,1.136364,1142.04582,0.0,0.0,1.136364,1136.364,0.0,2018,12,4,Friday,4,Winter
EUR/JPY,2018-12-14,129.048996,129.102005,128.054001,129.035004,JPY,132.90605412,133162.83377795998,3.8710501200000067,129.035004,129680.17901999998,0.0,0.0,129.035004,129035.00399999999,0.0,2018,12,4,Friday,4,Winter
EUR/USD,2018-12-17,1.130672,1.135396,1.13048,1.130595,USD,1.1645128500000002,1166.76273405,0.03391785000000014,1.130595,1136.247975,0.0,0.0,1.130595,1130.595,0.0,2018,12,0,Monday,4,Winter
EUR/GBP,2018-12-17,0.89827,0.90021,0.89758,0.89824,GBP,0.9251872000000001,926.9746976000001,0.02694720000000006,0.89824,902.7312000000001,0.0,0.0,0.89824,898.24,0.0,2018,12,0,Monday,4,Winter
EUR/JPY,2018-12-17,128.197998,128.582993,127.986,128.194,JPY,132.03982,132294.92605999997,3.8458200000000033,128.194,128834.96999999999,0.0,0.0,128.194,128193.99999999999,0.0,2018,12,0,Monday,4,Winter
EUR/USD,2018-12-18,1.134997,1.1403,1.133864,1.134984,USD,1.16903352,1171.29213816,0.034049519999999944,1.134984,1140.6589199999999,0.0,0.0,1.134984,1134.984,0.0,2018,12,1,Tuesday,4,Winter
EUR/GBP,2018-12-18,0.8996,0.90083,0.89651,0.8995,GBP,0.926485,928.275005,0.026985000000000037,0.8995,903.9975,0.0,0.0,0.8995,899.5,0.0,2018,12,1,Tuesday,4,Winter
EUR/JPY,2018-12-18,128.054993,128.100006,127.648003,128.052994,JPY,131.89458382,132149.40927806,3.841589819999996,128.052994,128693.25897000001,0.0,0.0,128.052994,128052.994,0.0,2018,12,1,Tuesday,4,Winter
EUR/USD,2018-12-19,1.137566,1.143968,1.137566,1.13754,USD,1.1716662,1173.9299045999999,0.034126199999999995,1.13754,1143.2277,0.0,0.0,1.13754,1137.54,0.0,2018,12,2,Wednesday,4,Winter
EUR/GBP,2018-12-19,0.89887,0.90403,0.8981,0.89881,GBP,0.9257743,927.5629319000001,0.026964300000000052,0.89881,903.30405,0.0,0.0,0.89881,898.81,0.0,2018,12,2,Wednesday,4,Winter
EUR/JPY,2018-12-19,127.964996,128.350998,127.724998,127.994003,JPY,131.83382309,132088.53115597,3.8398200900000035,127.994003,128633.97301500001,0.0,0.0,127.994003,127994.00300000001,0.0,2018,12,2,Wednesday,4,Winter
EUR/JPY,2018-12-20,128.014999,128.350006,127.214996,128.018005,JPY,131.85854515,132113.30097995,3.8405401500000096,128.018005,128658.09502499999,0.0,0.0,128.018005,128018.00499999999,0.0,2018,12,3,Thursday,4,Winter
EUR/USD,2018-12-20,1.138784,1.148488,1.137838,1.138952,USD,1.17312056,1175.3870744800001,0.034168560000000125,1.138952,1144.64676,0.0,0.0,1.138952,1138.952,0.0,2018,12,3,Thursday,4,Winter
EUR/GBP,2018-12-20,0.90193,0.90496,0.90078,0.90175,GBP,0.9288025000000001,930.5969825000001,0.027052500000000035,0.90175,906.25875,0.0,0.0,0.90175,901.75,0.0,2018,12,3,Thursday,4,Winter
EUR/USD,2018-12-21,1.145777,1.147447,1.138784,1.145685,USD,1.18005555,1182.3354631500001,0.03437055,1.145685,1151.4134250000002,0.0,0.0,1.145685,1145.6850000000002,0.0,2018,12,4,Friday,4,Winter
EUR/GBP,2018-12-21,0.90428,0.905,0.89873,0.9042,GBP,0.931326,933.125358,0.027125999999999983,0.9042,908.721,0.0,0.0,0.9042,904.2,0.0,2018,12,4,Friday,4,Winter
EUR/JPY,2018-12-21,127.397003,127.68,126.546997,127.351997,JPY,131.17255691,131425.98738402998,3.82055991,127.351997,127988.756985,0.0,0.0,127.351997,127351.997,0.0,2018,12,4,Friday,4,Winter
EUR/USD,2018-12-24,1.137204,1.143838,1.137204,1.137281,USD,1.17139943,1173.66261919,0.03411842999999992,1.137281,1142.9674049999999,0.0,0.0,1.137281,1137.281,0.0,2018,12,0,Monday,4,Winter
EUR/GBP,2018-12-24,0.8989,0.90256,0.89657,0.89905,GBP,0.9260215,927.8106095,0.026971500000000037,0.89905,903.5452500000001,0.0,0.0,0.89905,899.0500000000001,0.0,2018,12,0,Monday,4,Winter
EUR/JPY,2018-12-24,126.290001,126.731003,126.000999,126.292,JPY,130.08076,130332.08107999999,3.7887599999999964,126.292,126923.46,0.0,0.0,126.292,126292.0,0.0,2018,12,0,Monday,4,Winter
EUR/JPY,2018-12-25,125.790001,125.959999,125.349998,125.769997,JPY,129.54309691,129793.37920403,3.773099909999999,125.769997,126398.846985,0.0,0.0,125.769997,125769.997,0.0,2018,12,1,Tuesday,4,Winter
EUR/USD,2018-12-25,1.140511,1.142204,1.13701,1.140394,USD,1.17460582,1176.87520406,0.034211820000000115,1.140394,1146.09597,0.0,0.0,1.140394,1140.394,0.0,2018,12,1,Tuesday,4,Winter
EUR/GBP,2018-12-25,0.8968,0.9007,0.8905,0.8966,GBP,0.9234979999999999,925.2822339999999,0.026897999999999977,0.8966,901.0829999999999,0.0,0.0,0.8966,896.5999999999999,0.0,2018,12,1,Tuesday,4,Winter
EUR/GBP,2018-12-26,0.89939,0.90073,0.89655,0.89949,GBP,0.9264747,928.2646851,0.026984699999999973,0.89949,903.98745,0.0,0.0,0.89949,899.49,0.0,2018,12,2,Wednesday,4,Winter
EUR/JPY,2018-12-26,126.022003,126.213997,125.800003,126.001999,JPY,129.78205897,130032.80294801001,3.7800599700000106,126.001999,126632.008995,0.0,0.0,126.001999,126001.999,0.0,2018,12,2,Wednesday,4,Winter
EUR/USD,2018-12-26,1.141344,1.141944,1.137618,1.141553,USD,1.17579959,1178.0712804700001,0.034246589999999966,1.141553,1147.2607650000002,0.0,0.0,1.141553,1141.553,0.0,2018,12,2,Wednesday,4,Winter
EUR/USD,2018-12-27,1.136364,1.143432,1.135912,1.136131,USD,1.17021493,1172.47583069,0.034083929999999985,1.136131,1141.811655,0.0,0.0,1.136131,1136.131,0.0,2018,12,3,Thursday,4,Winter
EUR/GBP,2018-12-27,0.89811,0.90394,0.89797,0.89816,GBP,0.9251048,926.8921383999999,0.02694479999999999,0.89816,902.6508,0.0,0.0,0.89816,898.16,0.0,2018,12,3,Thursday,4,Winter
EUR/JPY,2018-12-27,126.408997,126.664001,126.024002,126.404999,JPY,130.19714897,130448.69491800999,3.792149969999997,126.404999,127037.02399500001,0.0,0.0,126.404999,126404.99900000001,0.0,2018,12,3,Thursday,4,Winter
EUR/GBP,2018-12-28,0.90386,0.90591,0.90125,0.90386,GBP,0.9309758,932.7744814,0.027115800000000023,0.90386,908.3793000000001,0.0,0.0,0.90386,903.86,0.0,2018,12,4,Friday,4,Winter
EUR/USD,2018-12-28,1.143092,1.147315,1.143092,1.143105,USD,1.1773981500000001,1179.6729289500001,0.034293150000000105,1.143105,1148.820525,0.0,0.0,1.143105,1143.105,0.0,2018,12,4,Friday,4,Winter
EUR/JPY,2018-12-28,126.774002,126.973999,126.288002,126.767998,JPY,130.57103794,130823.30625601999,3.803039939999991,126.767998,127401.83799,0.0,0.0,126.767998,126767.998,0.0,2018,12,4,Friday,4,Winter
EUR/JPY,2018-12-31,126.220001,126.421997,125.414001,126.249001,JPY,130.03647103,130287.70654199,3.7874700299999944,126.249001,126880.24600500001,0.0,0.0,126.249001,126249.001,0.0,2018,12,0,Monday,4,Winter
EUR/GBP,2018-12-31,0.9014,0.90206,0.89282,0.90133,GBP,0.9283699,930.1635466999999,0.027039900000000006,0.90133,905.83665,0.0,0.0,0.90133,901.3299999999999,0.0,2018,12,0,Monday,4,Winter
EUR/USD,2018-12-31,1.14389,1.146592,1.142231,1.143995,USD,1.17831485,1180.59140005,0.03431984999999993,1.143995,1149.714975,0.0,0.0,1.143995,1143.9950000000001,0.0,2018,12,0,Monday,4,Winter
EUR/GBP,2019-01-01,0.9013,0.9108,0.8998,0.9023,GBP,0.929369,931.164577,0.02706900000000001,0.9023,906.8114999999999,0.0,0.0,0.9023,902.3,0.0,2019,1,1,Tuesday,1,Winter
EUR/USD,2019-01-01,1.149425,1.155001,1.1465,1.149306,USD,1.1837851799999999,1186.0722989399999,0.03447917999999994,1.149306,1155.05253,0.0,0.0,1.149306,1149.306,0.0,2019,1,1,Tuesday,1,Winter
EUR/JPY,2019-01-01,125.690002,126.550003,125.660004,125.980003,JPY,129.75940309,130010.10329597001,3.77940009000001,125.980003,126609.903015,0.0,0.0,125.980003,125980.003,0.0,2019,1,1,Tuesday,1,Winter
EUR/JPY,2019-01-02,125.702003,125.702003,123.887001,125.689003,JPY,129.45967309,129709.79420597,3.770670089999996,125.689003,126317.448015,0.0,0.0,125.689003,125689.003,0.0,2019,1,2,Wednesday,1,Winter
EUR/USD,2019-01-02,1.146132,1.1497,1.134572,1.146171,USD,1.18055613,1182.8370102899999,0.034385129999999986,1.146171,1151.901855,0.0,0.0,1.146171,1146.171,0.0,2019,1,2,Wednesday,1,Winter
EUR/GBP,2019-01-02,0.89869,0.90294,0.89815,0.8985,GBP,0.925455,927.243015,0.026955000000000062,0.8985,902.9925,0.0,0.0,0.8985,898.5,0.0,2019,1,2,Wednesday,1,Winter
EUR/JPY,2019-01-03,121.591003,123.364998,121.320999,121.600998,JPY,125.24902794,125491.01392602,3.6480299400000007,121.600998,122209.00299000001,0.0,0.0,121.600998,121600.998,0.0,2019,1,3,Thursday,1,Winter
EUR/USD,2019-01-03,1.131734,1.140914,1.131734,1.131811,USD,1.16576533,1168.0176338899998,0.03395433000000003,1.131811,1137.470055,0.0,0.0,1.131811,1131.811,0.0,2019,1,3,Thursday,1,Winter
EUR/GBP,2019-01-03,0.90394,0.90632,0.90169,0.90405,GBP,0.9311715,932.9705595,0.02712150000000002,0.90405,908.5702500000001,0.0,0.0,0.90405,904.0500000000001,0.0,2019,1,3,Thursday,1,Winter
EUR/USD,2019-01-04,1.139095,1.141774,1.134816,1.139108,USD,1.1732812400000001,1175.5480649200001,0.034173240000000105,1.139108,1144.8035399999999,0.0,0.0,1.139108,1139.108,0.0,2019,1,4,Friday,1,Winter
EUR/GBP,2019-01-04,0.9019,0.9031,0.89558,0.90191,GBP,0.9289673,930.7621009000001,0.027057300000000062,0.90191,906.41955,0.0,0.0,0.90191,901.91,0.0,2019,1,4,Friday,1,Winter
EUR/JPY,2019-01-04,122.871002,123.676003,122.614998,122.793999,JPY,126.47781897,126722.17902801001,3.683819970000002,122.793999,123407.968995,0.0,0.0,122.793999,122793.999,0.0,2019,1,4,Friday,1,Winter
EUR/GBP,2019-01-07,0.89608,0.89901,0.89537,0.89593,GBP,0.9228079,924.5908007,0.02687790000000001,0.89593,900.4096499999999,0.0,0.0,0.89593,895.93,0.0,2019,1,0,Monday,1,Winter
EUR/USD,2019-01-07,1.141292,1.147447,1.140524,1.141044,USD,1.17527532,1177.54599756,0.034231319999999954,1.141044,1146.74922,0.0,0.0,1.141044,1141.0439999999999,0.0,2019,1,0,Monday,1,Winter
EUR/JPY,2019-01-07,123.785004,124.561996,123.43,123.820999,JPY,127.53562897,127782.03275801,3.7146299700000043,123.820999,124440.103995,0.0,0.0,123.820999,123820.999,0.0,2019,1,0,Monday,1,Winter
EUR/GBP,2019-01-08,0.89776,0.89942,0.89506,0.89785,GBP,0.9247855,926.5722215000001,0.0269355,0.89785,902.33925,0.0,0.0,0.89785,897.85,0.0,2019,1,1,Tuesday,1,Winter
EUR/USD,2019-01-08,1.147934,1.148633,1.142465,1.147974,USD,1.1824132200000002,1184.6976882600002,0.034439220000000104,1.147974,1153.7138700000003,0.0,0.0,1.147974,1147.9740000000002,0.0,2019,1,1,Tuesday,1,Winter
EUR/JPY,2019-01-08,124.711998,124.847,124.129997,124.660004,JPY,128.39980412,128647.87752796,3.739800119999998,124.660004,125283.30402,0.0,0.0,124.660004,124660.004,0.0,2019,1,1,Tuesday,1,Winter
EUR/USD,2019-01-09,1.145725,1.154015,1.144165,1.145607,USD,1.17997521,1182.25496793,0.03436821000000001,1.145607,1151.335035,0.0,0.0,1.145607,1145.607,0.0,2019,1,2,Wednesday,1,Winter
EUR/JPY,2019-01-09,124.592003,125.079002,124.481003,124.609001,JPY,128.34727103,128595.24294199,3.7382700299999954,124.609001,125232.04600500001,0.0,0.0,124.609001,124609.001,0.0,2019,1,2,Wednesday,1,Winter
EUR/GBP,2019-01-09,0.89936,0.90404,0.89748,0.89932,GBP,0.9262996,928.0892468000001,0.026979599999999992,0.89932,903.8166,0.0,0.0,0.89932,899.32,0.0,2019,1,2,Wednesday,1,Winter
EUR/JPY,2019-01-10,124.976997,125.038002,124.376999,125.014999,JPY,128.76544897,129014.22881801,3.750449969999991,125.014999,125640.073995,0.0,0.0,125.014999,125014.999,0.0,2019,1,3,Thursday,1,Winter
EUR/GBP,2019-01-10,0.90276,0.90587,0.90143,0.9026,GBP,0.929678,931.474174,0.027078000000000046,0.9026,907.1129999999999,0.0,0.0,0.9026,902.5999999999999,0.0,2019,1,3,Thursday,1,Winter
EUR/USD,2019-01-10,1.155522,1.15714,1.151145,1.155495,USD,1.19015985,1192.45928505,0.03466484999999997,1.155495,1161.272475,0.0,0.0,1.155495,1155.495,0.0,2019,1,3,Thursday,1,Winter
EUR/JPY,2019-01-11,124.690002,124.987,124.231003,124.619003,JPY,128.35757309000002,128605.56490597002,3.7385700900000103,124.619003,125242.09801500001,0.0,0.0,124.619003,124619.00300000001,0.0,2019,1,4,Friday,1,Winter
EUR/GBP,2019-01-11,0.90255,0.90592,0.89318,0.90222,GBP,0.9292866000000001,931.0820178,0.02706660000000005,0.90222,906.7311000000001,0.0,0.0,0.90222,902.22,0.0,2019,1,4,Friday,1,Winter
EUR/USD,2019-01-11,1.151517,1.1539,1.145974,1.151013,USD,1.18554339,1187.83390587,0.03453039000000002,1.151013,1156.7680650000002,0.0,0.0,1.151013,1151.0130000000001,0.0,2019,1,4,Friday,1,Winter
EUR/GBP,2019-01-14,0.892,0.89511,0.88754,0.8918,GBP,0.9185540000000001,920.3286820000001,0.026754000000000056,0.8918,896.259,0.0,0.0,0.8918,891.8000000000001,0.0,2019,1,0,Monday,1,Winter
EUR/USD,2019-01-14,1.146276,1.148369,1.145161,1.146014,USD,1.18039442,1182.67498786,0.03438041999999997,1.146014,1151.7440700000002,0.0,0.0,1.146014,1146.0140000000001,0.0,2019,1,0,Monday,1,Winter
EUR/JPY,2019-01-14,124.323997,124.348,123.771004,124.290001,JPY,128.01870103000002,128266.03813199,3.728700030000013,124.290001,124911.45100500001,0.0,0.0,124.290001,124290.001,0.0,2019,1,0,Monday,1,Winter
EUR/GBP,2019-01-15,0.89102,0.89335,0.888,0.8909,GBP,0.9176270000000001,919.399891,0.026727000000000056,0.8909,895.3545,0.0,0.0,0.8909,890.9,0.0,2019,1,1,Tuesday,1,Winter
EUR/USD,2019-01-15,1.147315,1.149161,1.138615,1.147289,USD,1.18170767,1183.99077511,0.034418669999999985,1.147289,1153.025445,0.0,0.0,1.147289,1147.289,0.0,2019,1,1,Tuesday,1,Winter
EUR/JPY,2019-01-15,124.183998,124.847,123.635002,124.186996,JPY,127.91260588,128159.73800204,3.7256098800000075,124.186996,124807.93098,0.0,0.0,124.186996,124186.996,0.0,2019,1,1,Tuesday,1,Winter
EUR/JPY,2019-01-16,124.012001,124.171997,123.529999,123.980003,JPY,127.69940309,127946.12329597001,3.7194000900000077,123.980003,124599.903015,0.0,0.0,123.980003,123980.003,0.0,2019,1,2,Wednesday,1,Winter
EUR/USD,2019-01-16,1.141409,1.142231,1.137889,1.141683,USD,1.17593349,1178.20543917,0.03425049000000002,1.141683,1147.391415,0.0,0.0,1.141683,1141.683,0.0,2019,1,2,Wednesday,1,Winter
EUR/GBP,2019-01-16,0.88664,0.88883,0.88418,0.8866,GBP,0.9131980000000001,914.962334,0.02659800000000001,0.8866,891.033,0.0,0.0,0.8866,886.6,0.0,2019,1,2,Wednesday,1,Winter
EUR/USD,2019-01-17,1.1399,1.140771,1.137242,1.139809,USD,1.17400327,1176.2714899100001,0.03419426999999997,1.139809,1145.508045,0.0,0.0,1.139809,1139.809,0.0,2019,1,3,Thursday,1,Winter
EUR/GBP,2019-01-17,0.88462,0.88689,0.87988,0.88449,GBP,0.9110247,912.7848351,0.026534700000000022,0.88449,888.91245,0.0,0.0,0.88449,884.49,0.0,2019,1,3,Thursday,1,Winter
EUR/JPY,2019-01-17,124.281998,124.291,123.752998,124.276001,JPY,128.00428103,128251.59027198999,3.7282800299999934,124.276001,124897.38100499999,0.0,0.0,124.276001,124276.00099999999,0.0,2019,1,3,Thursday,1,Winter
EUR/GBP,2019-01-18,0.87741,0.88227,0.87708,0.8772,GBP,0.903516,905.261628,0.026316000000000006,0.8772,881.5859999999999,0.0,0.0,0.8772,877.1999999999999,0.0,2019,1,4,Friday,1,Winter
EUR/USD,2019-01-18,1.139186,1.141032,1.135422,1.139264,USD,1.1734419200000001,1175.7090553600003,0.034177920000000084,1.139264,1144.9603200000001,0.0,0.0,1.139264,1139.2640000000001,0.0,2019,1,4,Friday,1,Winter
EUR/JPY,2019-01-18,124.330002,124.963997,124.330002,124.348,JPY,128.07844,128325.89252000001,3.7304400000000015,124.348,124969.74,0.0,0.0,124.348,124348.0,0.0,2019,1,4,Friday,1,Winter
EUR/GBP,2019-01-21,0.8842,0.88618,0.88063,0.88432,GBP,0.9108496,912.6093968,0.026529600000000042,0.88432,888.7416000000001,0.0,0.0,0.88432,884.32,0.0,2019,1,0,Monday,1,Winter
EUR/JPY,2019-01-21,124.625,124.811996,124.519997,124.627998,JPY,128.36683794,128614.84765602,3.7388399400000054,124.627998,125251.13799,0.0,0.0,124.627998,124627.998,0.0,2019,1,0,Monday,1,Winter
EUR/USD,2019-01-21,1.136544,1.138822,1.135796,1.136557,USD,1.17065371,1172.91545843,0.03409671000000003,1.136557,1142.239785,0.0,0.0,1.136557,1136.557,0.0,2019,1,0,Monday,1,Winter
EUR/JPY,2019-01-22,124.676003,124.690002,124.057999,124.681,JPY,128.42143,128669.54518999999,3.7404299999999893,124.681,125304.405,0.0,0.0,124.681,124681.0,0.0,2019,1,1,Tuesday,1,Winter
EUR/USD,2019-01-22,1.136958,1.137527,1.133684,1.136932,USD,1.17103996,1173.30245468,0.03410796000000005,1.136932,1142.61666,0.0,0.0,1.136932,1136.932,0.0,2019,1,1,Tuesday,1,Winter
EUR/GBP,2019-01-22,0.88187,0.8828,0.87627,0.88191,GBP,0.9083673,910.1223009,0.026457300000000017,0.88191,886.3195499999999,0.0,0.0,0.88191,881.91,0.0,2019,1,1,Tuesday,1,Winter
EUR/JPY,2019-01-23,124.275002,124.904999,124.25,124.260002,JPY,127.98780206,128235.07946398,3.727800060000007,124.260002,124881.30201,0.0,0.0,124.260002,124260.002,0.0,2019,1,2,Wednesday,1,Winter
EUR/GBP,2019-01-23,0.87701,0.8781,0.86984,0.87699,GBP,0.9032997,905.0449101,0.02630969999999999,0.87699,881.37495,0.0,0.0,0.87699,876.99,0.0,2019,1,2,Wednesday,1,Winter
EUR/USD,2019-01-23,1.136377,1.139315,1.135164,1.136402,USD,1.17049406,1172.75549998,0.03409206000000009,1.136402,1142.0840099999998,0.0,0.0,1.136402,1136.4019999999998,0.0,2019,1,2,Wednesday,1,Winter
EUR/GBP,2019-01-24,0.8703,0.87242,0.86834,0.8703,GBP,0.896409,898.140897,0.02610900000000005,0.8703,874.6514999999999,0.0,0.0,0.8703,870.3,0.0,2019,1,3,Thursday,1,Winter
EUR/JPY,2019-01-24,124.657997,124.893997,124.005997,124.660004,JPY,128.39980412,128647.87752796,3.739800119999998,124.660004,125283.30402,0.0,0.0,124.660004,124660.004,0.0,2019,1,3,Thursday,1,Winter
EUR/USD,2019-01-24,1.138706,1.139341,1.131324,1.138822,USD,1.17298666,1175.25291578,0.03416466000000007,1.138822,1144.5161099999998,0.0,0.0,1.138822,1138.822,0.0,2019,1,3,Thursday,1,Winter
EUR/GBP,2019-01-25,0.86252,0.86798,0.862,0.86212,GBP,0.8879836,889.6992188,0.025863599999999987,0.86212,866.4306,0.0,0.0,0.86212,862.12,0.0,2019,1,4,Friday,1,Winter
EUR/JPY,2019-01-25,123.938004,125.064003,123.910004,123.969002,JPY,127.68807206000001,127934.77037398,3.719070060000007,123.969002,124588.84701000001,0.0,0.0,123.969002,123969.00200000001,0.0,2019,1,4,Friday,1,Winter
EUR/USD,2019-01-25,1.130991,1.141162,1.130582,1.13135,USD,1.1652905,1167.5418865000001,0.03394049999999993,1.13135,1137.0067500000002,0.0,0.0,1.13135,1131.3500000000001,0.0,2019,1,4,Friday,1,Winter
EUR/USD,2019-01-28,1.141266,1.144558,1.139095,1.141305,USD,1.1755441500000001,1177.8153469500003,0.03423915000000011,1.141305,1147.0115250000001,0.0,0.0,1.141305,1141.305,0.0,2019,1,0,Monday,1,Winter
EUR/GBP,2019-01-28,0.86403,0.86946,0.86403,0.8639,GBP,0.889817,891.536161,0.025916999999999968,0.8639,868.2194999999999,0.0,0.0,0.8639,863.9,0.0,2019,1,0,Monday,1,Winter
EUR/JPY,2019-01-28,124.834,124.996002,124.603996,124.853996,JPY,128.59961588,128848.07533203998,3.7456198799999925,124.853996,125478.26598,0.0,0.0,124.853996,124853.996,0.0,2019,1,0,Monday,1,Winter
EUR/GBP,2019-01-29,0.86846,0.87094,0.86593,0.86847,GBP,0.8945240999999999,896.2523553,0.02605409999999997,0.86847,872.8123499999999,0.0,0.0,0.86847,868.4699999999999,0.0,2019,1,1,Tuesday,1,Winter
EUR/USD,2019-01-29,1.142975,1.145056,1.141175,1.143001,USD,1.17729103,1179.5656019899998,0.03429002999999997,1.143001,1148.716005,0.0,0.0,1.143001,1143.001,0.0,2019,1,1,Tuesday,1,Winter
EUR/JPY,2019-01-29,124.883003,125.231003,124.68,124.849998,JPY,128.59549794,128843.94943602,3.745499940000002,124.849998,125474.24798999999,0.0,0.0,124.849998,124849.99799999999,0.0,2019,1,1,Tuesday,1,Winter
EUR/USD,2019-01-30,1.143511,1.145029,1.140862,1.143537,USD,1.17784311,1180.11874863,0.034306109999999945,1.143537,1149.254685,0.0,0.0,1.143537,1143.537,0.0,2019,1,2,Wednesday,1,Winter
EUR/GBP,2019-01-30,0.87415,0.8747,0.87149,0.87437,GBP,0.9006011,902.3410963000001,0.026231100000000063,0.87437,878.74185,0.0,0.0,0.87437,874.37,0.0,2019,1,2,Wednesday,1,Winter
EUR/JPY,2019-01-30,125.106003,125.255997,124.891998,125.110001,JPY,128.86330103,129112.26993199,3.7533000300000054,125.110001,125735.551005,0.0,0.0,125.110001,125110.001,0.0,2019,1,2,Wednesday,1,Winter
EUR/USD,2019-01-31,1.148554,1.151371,1.145056,1.148765,USD,1.18322795,1185.5139923499999,0.03446294999999999,1.148765,1154.5088250000001,0.0,0.0,1.148765,1148.765,0.0,2019,1,3,Thursday,1,Winter
EUR/JPY,2019-01-31,125.135002,125.283997,124.580002,125.165001,JPY,128.91995103000002,129169.02938199003,3.7549500300000176,125.165001,125790.82600500001,0.0,0.0,125.165001,125165.001,0.0,2019,1,3,Thursday,1,Winter
EUR/GBP,2019-01-31,0.87557,0.87657,0.87126,0.8754,GBP,0.901662,903.4040459999999,0.026262000000000008,0.8754,879.7769999999999,0.0,0.0,0.8754,875.4,0.0,2019,1,3,Thursday,1,Winter
EUR/USD,2019-02-01,1.145082,1.148844,1.143511,1.144951,USD,1.17929953,1181.57798249,0.03434852999999993,1.144951,1150.675755,0.0,0.0,1.144951,1144.951,0.0,2019,2,4,Friday,1,Winter
EUR/JPY,2019-02-01,124.610001,125.720001,124.394997,124.580002,JPY,128.31740206,128565.31626398001,3.737400060000013,124.580002,125202.90200999999,0.0,0.0,124.580002,124580.002,0.0,2019,2,4,Friday,1,Winter
EUR/GBP,2019-02-01,0.8732,0.87917,0.8725,0.8732,GBP,0.899396,901.133668,0.026195999999999997,0.8732,877.5659999999999,0.0,0.0,0.8732,873.1999999999999,0.0,2019,2,4,Friday,1,Winter
EUR/USD,2019-02-04,1.145725,1.146263,1.142544,1.145528,USD,1.17989384,1182.1734407200001,0.03436583999999998,1.145528,1151.25564,0.0,0.0,1.145528,1145.528,0.0,2019,2,0,Monday,1,Winter
EUR/JPY,2019-02-04,125.389999,125.936996,125.389999,125.339996,JPY,129.10019588,129349.62247204,3.760199880000002,125.339996,125966.69598,0.0,0.0,125.339996,125339.996,0.0,2019,2,0,Monday,1,Winter
EUR/GBP,2019-02-04,0.87598,0.8774,0.87273,0.8759,GBP,0.902177,903.920041,0.026276999999999995,0.8759,880.2795,0.0,0.0,0.8759,875.9,0.0,2019,2,0,Monday,1,Winter
EUR/USD,2019-02-05,1.143576,1.144296,1.140329,1.143628,USD,1.17793684,1180.2126597200001,0.03430884000000001,1.143628,1149.34614,0.0,0.0,1.143628,1143.6280000000002,0.0,2019,2,1,Tuesday,1,Winter
EUR/GBP,2019-02-05,0.87752,0.88214,0.8751,0.87759,GBP,0.9039177,905.6641041,0.026327700000000065,0.87759,881.9779500000001,0.0,0.0,0.87759,877.59,0.0,2019,2,1,Tuesday,1,Winter
EUR/JPY,2019-02-05,125.769997,125.862,125.290001,125.752998,JPY,129.52558794,129775.83640602001,3.772589940000003,125.752998,126381.76299,0.0,0.0,125.752998,125752.998,0.0,2019,2,1,Tuesday,1,Winter
EUR/JPY,2019-02-06,125.414001,125.431999,124.819,125.431999,JPY,129.19495897000002,129444.56864801003,3.7629599700000114,125.431999,126059.158995,0.0,0.0,125.431999,125431.99900000001,0.0,2019,2,2,Wednesday,1,Winter
EUR/GBP,2019-02-06,0.8806,0.8806,0.8772,0.88051,GBP,0.9069253,908.6775149,0.02641530000000003,0.88051,884.91255,0.0,0.0,0.88051,880.51,0.0,2019,2,2,Wednesday,1,Winter
EUR/USD,2019-02-06,1.140875,1.141097,1.13754,1.140993,USD,1.1752227899999999,1177.4933660699999,0.03422978999999993,1.140993,1146.6979649999998,0.0,0.0,1.140993,1140.993,0.0,2019,2,2,Wednesday,1,Winter
EUR/GBP,2019-02-07,0.87867,0.8813,0.87303,0.87863,GBP,0.9049889000000001,906.7373737,0.026358900000000074,0.87863,883.02315,0.0,0.0,0.87863,878.63,0.0,2019,2,3,Thursday,1,Winter
EUR/USD,2019-02-07,1.136635,1.13701,1.132605,1.136596,USD,1.17069388,1172.95570604,0.034097880000000025,1.136596,1142.27898,0.0,0.0,1.136596,1136.596,0.0,2019,2,3,Thursday,1,Winter
EUR/JPY,2019-02-07,125.014,125.014,124.339996,124.980003,JPY,128.72940309,128978.11329597,3.749400090000009,124.980003,125604.903015,0.0,0.0,124.980003,124980.003,0.0,2019,2,3,Thursday,1,Winter
EUR/JPY,2019-02-08,124.477997,124.68,124.169998,124.454002,JPY,128.18762206,128435.28552398,3.7336200599999927,124.454002,125076.27201,0.0,0.0,124.454002,124454.00200000001,0.0,2019,2,4,Friday,1,Winter
EUR/GBP,2019-02-08,0.87567,0.8764,0.87428,0.8756,GBP,0.9018680000000001,903.6104440000001,0.02626800000000007,0.8756,879.9780000000001,0.0,0.0,0.8756,875.6,0.0,2019,2,4,Friday,1,Winter
EUR/USD,2019-02-08,1.133993,1.1351,1.132182,1.133877,USD,1.16789331,1170.1497252299998,0.03401630999999994,1.133877,1139.5463849999999,0.0,0.0,1.133877,1133.877,0.0,2019,2,4,Friday,1,Winter
EUR/JPY,2019-02-11,124.351997,124.862,124.330002,124.348,JPY,128.07844,128325.89252000001,3.7304400000000015,124.348,124969.74,0.0,0.0,124.348,124348.0,0.0,2019,2,0,Monday,1,Winter
EUR/USD,2019-02-11,1.132426,1.133144,1.127345,1.132426,USD,1.16639878,1168.65230774,0.033972780000000036,1.132426,1138.0881299999999,0.0,0.0,1.132426,1132.426,0.0,2019,2,0,Monday,1,Winter
EUR/GBP,2019-02-11,0.87526,0.87755,0.87448,0.8753,GBP,0.901559,903.300847,0.026259000000000032,0.8753,879.6764999999999,0.0,0.0,0.8753,875.3,0.0,2019,2,0,Monday,1,Winter
EUR/USD,2019-02-12,1.128032,1.13199,1.125885,1.127904,USD,1.16174112,1163.9856489600002,0.033837120000000054,1.127904,1133.54352,0.0,0.0,1.127904,1127.904,0.0,2019,2,1,Tuesday,1,Winter
EUR/GBP,2019-02-12,0.87669,0.87831,0.8757,0.87677,GBP,0.9030731000000001,904.8178723000001,0.026303100000000024,0.87677,881.1538500000001,0.0,0.0,0.87677,876.7700000000001,0.0,2019,2,1,Tuesday,1,Winter
EUR/JPY,2019-02-12,124.510002,125.075996,124.452003,124.519997,JPY,128.25559691,128503.39170403,3.735599910000005,124.519997,125142.596985,0.0,0.0,124.519997,124519.997,0.0,2019,2,1,Tuesday,1,Winter
EUR/JPY,2019-02-13,125.235001,125.516998,125.049004,125.255997,JPY,129.01367691,129262.93634402998,3.757679909999993,125.255997,125882.27698499999,0.0,0.0,125.255997,125255.99699999999,0.0,2019,2,2,Wednesday,1,Winter
EUR/USD,2019-02-13,1.133273,1.13443,1.128286,1.133466,USD,1.1674699800000001,1169.72557734,0.034003980000000045,1.133466,1139.1333300000001,0.0,0.0,1.133466,1133.4660000000001,0.0,2019,2,2,Wednesday,1,Winter
EUR/GBP,2019-02-13,0.8791,0.8792,0.87451,0.87912,GBP,0.9054936,907.2430488,0.026373599999999997,0.87912,883.5156,0.0,0.0,0.87912,879.12,0.0,2019,2,2,Wednesday,1,Winter
EUR/USD,2019-02-14,1.126405,1.130825,1.125062,1.126494,USD,1.16028882,1162.5305430600001,0.03379482,1.126494,1132.1264700000002,0.0,0.0,1.126494,1126.4940000000001,0.0,2019,2,3,Thursday,1,Winter
EUR/JPY,2019-02-14,124.968002,125.435997,124.75,124.950996,JPY,128.69952588,128948.17836204001,3.7485298800000066,124.950996,125575.75098,0.0,0.0,124.950996,124950.996,0.0,2019,2,3,Thursday,1,Winter
EUR/GBP,2019-02-14,0.87631,0.88381,0.876,0.87623,GBP,0.9025169,904.2605977,0.026286900000000002,0.87623,880.61115,0.0,0.0,0.87623,876.2299999999999,0.0,2019,2,3,Thursday,1,Winter
EUR/GBP,2019-02-15,0.8825,0.88269,0.87617,0.88249,GBP,0.9089647000000001,910.7208551000001,0.026474700000000073,0.88249,886.90245,0.0,0.0,0.88249,882.49,0.0,2019,2,4,Friday,1,Winter
EUR/JPY,2019-02-15,124.842003,124.842003,124.235001,124.849998,JPY,128.59549794,128843.94943602,3.745499940000002,124.849998,125474.24798999999,0.0,0.0,124.849998,124849.99799999999,0.0,2019,2,4,Friday,1,Winter
EUR/USD,2019-02-15,1.129471,1.129816,1.123495,1.129535,USD,1.16342105,1165.66882465,0.03388605,1.129535,1135.1826749999998,0.0,0.0,1.129535,1129.5349999999999,0.0,2019,2,4,Friday,1,Winter
EUR/GBP,2019-02-18,0.87529,0.87664,0.87428,0.8751,GBP,0.901353,903.0944489999999,0.02625299999999997,0.8751,879.4755,0.0,0.0,0.8751,875.1,0.0,2019,2,0,Monday,1,Winter
EUR/JPY,2019-02-18,124.848,125.265999,124.805,124.900002,JPY,128.64700206,128895.55306398,3.747000060000005,124.900002,125524.50201000001,0.0,0.0,124.900002,124900.00200000001,0.0,2019,2,0,Monday,1,Winter
EUR/USD,2019-02-18,1.129484,1.133414,1.129484,1.129803,USD,1.1636970899999999,1165.94539797,0.03389408999999999,1.129803,1135.4520149999998,0.0,0.0,1.129803,1129.8029999999999,0.0,2019,2,0,Monday,1,Winter
EUR/GBP,2019-02-19,0.8753,0.87619,0.8686,0.87525,GBP,0.9015075,903.2492475,0.026257500000000045,0.87525,879.62625,0.0,0.0,0.87525,875.25,0.0,2019,2,1,Tuesday,1,Winter
EUR/JPY,2019-02-19,125.091003,125.456001,124.75,125.093002,JPY,128.84579206,129094.72713398,3.7527900600000095,125.093002,125718.46701,0.0,0.0,125.093002,125093.002,0.0,2019,2,1,Tuesday,1,Winter
EUR/USD,2019-02-19,1.131209,1.134185,1.127701,1.131196,USD,1.1651318800000001,1167.3829600400002,0.03393588000000003,1.131196,1136.8519800000001,0.0,0.0,1.131196,1131.1960000000001,0.0,2019,2,1,Tuesday,1,Winter
EUR/GBP,2019-02-20,0.86833,0.8713,0.86778,0.86823,GBP,0.8942768999999999,896.0046777,0.026046899999999984,0.86823,872.5711499999999,0.0,0.0,0.86823,868.2299999999999,0.0,2019,2,2,Wednesday,1,Winter
EUR/JPY,2019-02-20,125.426003,125.924004,125.426003,125.393997,JPY,129.15581691,129405.35096402999,3.76181991,125.393997,126020.966985,0.0,0.0,125.393997,125393.997,0.0,2019,2,2,Wednesday,1,Winter
EUR/USD,2019-02-20,1.134301,1.136958,1.132593,1.134301,USD,1.1683300300000001,1170.5872889900002,0.03402903000000013,1.134301,1139.972505,0.0,0.0,1.134301,1134.301,0.0,2019,2,2,Wednesday,1,Winter
EUR/JPY,2019-02-21,125.650002,125.837997,125.309998,125.671997,JPY,129.44215691,129692.24418402999,3.7701599099999896,125.671997,126300.356985,0.0,0.0,125.671997,125671.997,0.0,2019,2,3,Thursday,1,Winter
EUR/GBP,2019-02-21,0.8698,0.8702,0.8665,0.86971,GBP,0.8958013,897.5320229,0.02609130000000004,0.86971,874.0585500000001,0.0,0.0,0.86971,869.71,0.0,2019,2,3,Thursday,1,Winter
EUR/USD,2019-02-21,1.134636,1.136583,1.132259,1.134636,USD,1.16867508,1170.93300564,0.03403908000000011,1.134636,1140.30918,0.0,0.0,1.134636,1134.636,0.0,2019,2,3,Thursday,1,Winter
EUR/USD,2019-02-22,1.13398,1.135576,1.131875,1.134301,USD,1.1683300300000001,1170.5872889900002,0.03402903000000013,1.134301,1139.972505,0.0,0.0,1.134301,1134.301,0.0,2019,2,4,Friday,1,Winter
EUR/GBP,2019-02-22,0.8694,0.87271,0.8677,0.86951,GBP,0.8955953,897.3256249,0.026085299999999978,0.86951,873.85755,0.0,0.0,0.86951,869.51,0.0,2019,2,4,Friday,1,Winter
EUR/JPY,2019-02-22,125.529999,125.767998,125.400002,125.540001,JPY,129.30620103,129556.02563199,3.7662000300000074,125.540001,126167.70100500001,0.0,0.0,125.540001,125540.001,0.0,2019,2,4,Friday,1,Winter
EUR/GBP,2019-02-25,0.86795,0.86983,0.86688,0.86804,GBP,0.8940812,895.8085996,0.026041199999999987,0.86804,872.3802000000001,0.0,0.0,0.86804,868.0400000000001,0.0,2019,2,0,Monday,1,Winter
EUR/USD,2019-02-25,1.134018,1.136751,1.1338,1.134224,USD,1.1682507199999999,1170.5078257599998,0.034026719999999955,1.134224,1139.89512,0.0,0.0,1.134224,1134.224,0.0,2019,2,0,Monday,1,Winter
EUR/JPY,2019-02-25,125.606003,126.021004,125.360001,125.632004,JPY,129.40096412,129650.97180796,3.7689601200000027,125.632004,126260.16402,0.0,0.0,125.632004,125632.004,0.0,2019,2,0,Monday,1,Winter
EUR/USD,2019-02-26,1.136622,1.137864,1.134649,1.136751,USD,1.17085353,1173.1156644900002,0.034102529999999964,1.136751,1142.434755,0.0,0.0,1.136751,1136.751,0.0,2019,2,1,Tuesday,1,Winter
EUR/GBP,2019-02-26,0.86558,0.86573,0.85646,0.86572,GBP,0.8916916,893.4143828,0.025971599999999984,0.86572,870.0486000000001,0.0,0.0,0.86572,865.72,0.0,2019,2,1,Tuesday,1,Winter
EUR/JPY,2019-02-26,126.162003,126.209999,125.726997,126.206001,JPY,129.99218103,130243.33097199001,3.7861800300000112,126.206001,126837.031005,0.0,0.0,126.206001,126206.001,0.0,2019,2,1,Tuesday,1,Winter
EUR/GBP,2019-02-27,0.85925,0.85952,0.85306,0.85933,GBP,0.8851099000000001,886.8199667000001,0.025779900000000078,0.85933,863.62665,0.0,0.0,0.85933,859.33,0.0,2019,2,2,Wednesday,1,Winter
EUR/JPY,2019-02-27,125.945,126.330002,125.538002,125.93,JPY,129.70790000000002,129958.50070000002,3.7779000000000167,125.93,126559.65,0.0,0.0,125.93,125930.0,0.0,2019,2,2,Wednesday,1,Winter
EUR/USD,2019-02-27,1.139419,1.140381,1.136389,1.139315,USD,1.1734944500000002,1175.7616868500002,0.03417945000000011,1.139315,1145.011575,0.0,0.0,1.139315,1139.315,0.0,2019,2,2,Wednesday,1,Winter
EUR/JPY,2019-02-28,126.141998,126.884003,125.910004,126.155998,JPY,129.94067794,130191.72837602,3.7846799400000037,126.155998,126786.77798999999,0.0,0.0,126.155998,126155.99799999999,0.0,2019,2,3,Thursday,1,Winter
EUR/USD,2019-02-28,1.137786,1.142204,1.13608,1.138019,USD,1.1721595699999998,1174.4242278099998,0.034140569999999926,1.138019,1143.7090949999997,0.0,0.0,1.138019,1138.0189999999998,0.0,2019,2,3,Thursday,1,Winter
EUR/GBP,2019-02-28,0.85436,0.85852,0.8541,0.85444,GBP,0.8800732,881.7735356000001,0.025633200000000023,0.85444,858.7121999999999,0.0,0.0,0.85444,854.4399999999999,0.0,2019,2,3,Thursday,1,Winter
EUR/JPY,2019-03-01,126.651001,127.470001,126.651001,126.646004,JPY,130.44538412,130697.40966796,3.799380119999995,126.646004,127279.23402,0.0,0.0,126.646004,126646.004,0.0,2019,3,4,Friday,1,Spring
EUR/USD,2019-03-01,1.137255,1.140888,1.135435,1.137346,USD,1.17146638,1173.72969854,0.03412038000000006,1.137346,1143.03273,0.0,0.0,1.137346,1137.346,0.0,2019,3,4,Friday,1,Spring
EUR/GBP,2019-03-01,0.8573,0.86106,0.8571,0.85738,GBP,0.8831014,884.8075862000001,0.025721400000000005,0.85738,861.6668999999999,0.0,0.0,0.85738,857.38,0.0,2019,3,4,Friday,1,Spring
EUR/GBP,2019-03-04,0.85925,0.85958,0.85583,0.8592,GBP,0.884976,886.685808,0.02577600000000002,0.8592,863.496,0.0,0.0,0.8592,859.1999999999999,0.0,2019,3,0,Monday,1,Spring
EUR/JPY,2019-03-04,127.315002,127.342003,126.440002,127.309998,JPY,131.12929794,131382.64483602,3.8192999399999934,127.309998,127946.54798999999,0.0,0.0,127.309998,127309.99799999999,0.0,2019,3,0,Monday,1,Spring
EUR/USD,2019-03-04,1.137527,1.137527,1.131055,1.137592,USD,1.17171976,1173.98356808,0.03412776000000006,1.137592,1143.2799599999998,0.0,0.0,1.137592,1137.5919999999999,0.0,2019,3,0,Monday,1,Spring
EUR/JPY,2019-03-05,126.712997,126.931,126.43,126.719002,JPY,130.52057206,130772.74287398001,3.801570060000003,126.719002,127352.59701000001,0.0,0.0,126.719002,126719.00200000001,0.0,2019,3,1,Tuesday,1,Spring
EUR/GBP,2019-03-05,0.86028,0.86442,0.85859,0.86024,GBP,0.8860472,887.7590776000001,0.02580720000000003,0.86024,864.5412,0.0,0.0,0.86024,860.24,0.0,2019,3,1,Tuesday,1,Spring
EUR/USD,2019-03-05,1.133825,1.133915,1.129318,1.133735,USD,1.16774705,1170.0031826499999,0.03401205000000007,1.133735,1139.4036749999998,0.0,0.0,1.133735,1133.735,0.0,2019,3,1,Tuesday,1,Spring
EUR/USD,2019-03-06,1.130621,1.132503,1.129165,1.13071,USD,1.1646313000000001,1166.8814129000002,0.03392130000000004,1.13071,1136.36355,0.0,0.0,1.13071,1130.71,0.0,2019,3,2,Wednesday,1,Spring
EUR/GBP,2019-03-06,0.85926,0.86176,0.85868,0.85929,GBP,0.8850687,886.7786871000001,0.025778700000000043,0.85929,863.58645,0.0,0.0,0.85929,859.29,0.0,2019,3,2,Wednesday,1,Spring
EUR/JPY,2019-03-06,126.456001,126.519997,126.18,126.469002,JPY,130.26307206,130514.74537398001,3.79407006000001,126.469002,127101.34701000001,0.0,0.0,126.469002,126469.00200000001,0.0,2019,3,2,Wednesday,1,Spring
EUR/JPY,2019-03-07,126.289001,126.417,125.084,126.280998,JPY,130.06942794,130320.72712601999,3.7884299400000003,126.280998,126912.40298999999,0.0,0.0,126.280998,126280.99799999999,0.0,2019,3,3,Thursday,1,Spring
EUR/USD,2019-03-07,1.131247,1.13199,1.120875,1.131401,USD,1.16534303,1167.59451799,0.033942029999999956,1.131401,1137.058005,0.0,0.0,1.131401,1131.401,0.0,2019,3,3,Thursday,1,Spring
EUR/GBP,2019-03-07,0.8583,0.86229,0.85552,0.8583,GBP,0.884049,885.757017,0.025749000000000022,0.8583,862.5915,0.0,0.0,0.8583,858.3,0.0,2019,3,3,Thursday,1,Spring
EUR/USD,2019-03-08,1.120197,1.124455,1.118606,1.119833,USD,1.1534279900000002,1155.6564576700002,0.0335949900000001,1.119833,1125.4321650000002,0.0,0.0,1.119833,1119.833,0.0,2019,3,4,Friday,1,Spring
EUR/JPY,2019-03-08,125.013,125.013,124.272003,125.010002,JPY,128.76030206000001,129009.07196398002,3.750300060000015,125.010002,125635.05201,0.0,0.0,125.010002,125010.002,0.0,2019,3,4,Friday,1,Spring
EUR/GBP,2019-03-08,0.85536,0.86425,0.8547,0.8554,GBP,0.8810620000000001,882.7642460000001,0.025662000000000074,0.8554,859.6770000000001,0.0,0.0,0.8554,855.4000000000001,0.0,2019,3,4,Friday,1,Spring
EUR/GBP,2019-03-11,0.86492,0.86739,0.85683,0.86476,GBP,0.8907028,892.4236724,0.025942800000000044,0.86476,869.0838,0.0,0.0,0.86476,864.76,0.0,2019,3,0,Monday,1,Spring
EUR/USD,2019-03-11,1.123103,1.125746,1.122259,1.123242,USD,1.1569392600000001,1159.1745115800002,0.03369726000000006,1.123242,1128.8582099999999,0.0,0.0,1.123242,1123.242,0.0,2019,3,0,Monday,1,Spring
EUR/JPY,2019-03-11,124.742996,125.196999,124.470001,124.739998,JPY,128.48219794,128730.43053602,3.742199939999992,124.739998,125363.69799,0.0,0.0,124.739998,124739.998,0.0,2019,3,0,Monday,1,Spring
EUR/JPY,2019-03-12,125.331001,125.738998,125.080002,125.358002,JPY,129.11874206,129368.20448398,3.760740059999989,125.358002,125984.79200999999,0.0,0.0,125.358002,125358.002,0.0,2019,3,1,Tuesday,1,Spring
EUR/USD,2019-03-12,1.125885,1.129433,1.125024,1.125923,USD,1.15970069,1161.9412767699998,0.03377768999999997,1.125923,1131.552615,0.0,0.0,1.125923,1125.923,0.0,2019,3,1,Tuesday,1,Spring
EUR/GBP,2019-03-12,0.84995,0.86519,0.84987,0.84997,GBP,0.8754691,877.1605403,0.025499099999999997,0.84997,854.2198500000001,0.0,0.0,0.84997,849.97,0.0,2019,3,1,Tuesday,1,Spring
EUR/GBP,2019-03-13,0.86387,0.8639,0.85476,0.86389,GBP,0.8898067000000001,891.5258411000001,0.025916700000000015,0.86389,868.2094500000001,0.0,0.0,0.86389,863.8900000000001,0.0,2019,3,2,Wednesday,1,Spring
EUR/JPY,2019-03-13,125.640999,125.945999,125.449997,125.627998,JPY,129.39683794,129646.83765602001,3.7688399400000065,125.627998,126256.13799,0.0,0.0,125.627998,125627.998,0.0,2019,3,2,Wednesday,1,Spring
EUR/USD,2019-03-13,1.128681,1.131375,1.127904,1.128745,USD,1.16260735,1164.85355255,0.03386234999999993,1.128745,1134.388725,0.0,0.0,1.128745,1128.7450000000001,0.0,2019,3,2,Wednesday,1,Spring
EUR/JPY,2019-03-14,126.009003,126.559998,125.919998,125.989998,JPY,129.76969794000001,130020.41803602001,3.7796999400000146,125.989998,126619.94799,0.0,0.0,125.989998,125989.998,0.0,2019,3,3,Thursday,1,Spring
EUR/GBP,2019-03-14,0.85307,0.85598,0.84991,0.85283,GBP,0.8784149,880.1120317,0.02558490000000002,0.85283,857.0941499999999,0.0,0.0,0.85283,852.8299999999999,0.0,2019,3,3,Thursday,1,Spring
EUR/USD,2019-03-14,1.133286,1.133594,1.129471,1.133106,USD,1.16709918,1169.35406094,0.033993179999999956,1.133106,1138.77153,0.0,0.0,1.133106,1133.106,0.0,2019,3,3,Thursday,1,Spring
EUR/USD,2019-03-15,1.130761,1.134301,1.130224,1.130838,USD,1.16476314,1167.01350762,0.03392514000000002,1.130838,1136.49219,0.0,0.0,1.130838,1130.838,0.0,2019,3,4,Friday,1,Spring
EUR/GBP,2019-03-15,0.85287,0.85734,0.85282,0.85286,GBP,0.8784457999999999,880.1429913999999,0.025585799999999992,0.85286,857.1243,0.0,0.0,0.85286,852.8599999999999,0.0,2019,3,4,Friday,1,Spring
EUR/JPY,2019-03-15,126.375999,126.559998,126.129997,126.360001,JPY,130.15080103,130402.25743199,3.7908000299999998,126.360001,126991.801005,0.0,0.0,126.360001,126360.001,0.0,2019,3,4,Friday,1,Spring
EUR/USD,2019-03-18,1.13199,1.135976,1.123469,1.131977,USD,1.16593631,1168.18894423,0.033959309999999965,1.131977,1137.6368850000001,0.0,0.0,1.131977,1131.977,0.0,2019,3,0,Monday,1,Spring
EUR/GBP,2019-03-18,0.85123,0.85936,0.85121,0.8512,GBP,0.876736,878.429888,0.025536000000000003,0.8512,855.4559999999999,0.0,0.0,0.8512,851.1999999999999,0.0,2019,3,0,Monday,1,Spring
EUR/JPY,2019-03-18,126.264999,126.681,126.230003,126.269997,JPY,130.05809691000002,130309.37420403003,3.788099910000014,126.269997,126901.346985,0.0,0.0,126.269997,126269.997,0.0,2019,3,0,Monday,1,Spring
EUR/GBP,2019-03-19,0.85458,0.8568,0.85353,0.85469,GBP,0.8803307,882.0315330999999,0.025640700000000072,0.85469,858.96345,0.0,0.0,0.85469,854.6899999999999,0.0,2019,3,1,Tuesday,1,Spring
EUR/JPY,2019-03-19,126.263,126.608002,126.080002,126.248001,JPY,130.03544103000002,130286.67455199001,3.7874400300000133,126.248001,126879.241005,0.0,0.0,126.248001,126248.001,0.0,2019,3,1,Tuesday,1,Spring
EUR/USD,2019-03-19,1.133556,1.136364,1.133427,1.13362,USD,1.1676286,1169.8845038,0.034008599999999944,1.13362,1139.2881000000002,0.0,0.0,1.13362,1133.6200000000001,0.0,2019,3,1,Tuesday,1,Spring
EUR/USD,2019-03-20,1.135306,1.136751,1.133645,1.135486,USD,1.1695505800000001,1171.8101971400001,0.03406458000000012,1.135486,1141.16343,0.0,0.0,1.135486,1135.486,0.0,2019,3,2,Wednesday,1,Spring
EUR/GBP,2019-03-20,0.85555,0.86371,0.8555,0.8555,GBP,0.8811650000000001,882.8674450000001,0.02566500000000005,0.8555,859.7775,0.0,0.0,0.8555,855.5,0.0,2019,3,2,Wednesday,1,Spring
EUR/JPY,2019-03-20,126.529999,126.734001,126.468002,126.489998,JPY,130.28469794,130536.41303601999,3.794699940000001,126.489998,127122.44799,0.0,0.0,126.489998,126489.998,0.0,2019,3,2,Wednesday,1,Spring
EUR/GBP,2019-03-21,0.86545,0.8695,0.8637,0.86535,GBP,0.8913105,893.0325465000001,0.025960500000000053,0.86535,869.6767499999999,0.0,0.0,0.86535,865.3499999999999,0.0,2019,3,3,Thursday,1,Spring
EUR/JPY,2019-03-21,126.459,126.581001,125.669998,126.458,JPY,130.25174,130503.39142,3.793740000000014,126.458,127090.29,0.0,0.0,126.458,126458.0,0.0,2019,3,3,Thursday,1,Spring
EUR/USD,2019-03-21,1.143001,1.143995,1.135512,1.142792,USD,1.1770757600000001,1179.3499160800002,0.03428376000000011,1.142792,1148.50596,0.0,0.0,1.142792,1142.792,0.0,2019,3,3,Thursday,1,Spring
EUR/JPY,2019-03-22,126.033997,126.168999,123.839996,126.010002,JPY,129.79030206000002,130041.06196398001,3.780300060000016,126.010002,126640.05201,0.0,0.0,126.010002,126010.002,0.0,2019,3,4,Friday,1,Spring
EUR/USD,2019-03-22,1.137398,1.139212,1.127561,1.137501,USD,1.17162603,1173.88965699,0.03412503,1.137501,1143.1885050000003,0.0,0.0,1.137501,1137.5010000000002,0.0,2019,3,4,Friday,1,Spring
EUR/GBP,2019-03-22,0.86619,0.8668,0.85337,0.8663,GBP,0.892289,894.012937,0.02598900000000004,0.8663,870.6315,0.0,0.0,0.8663,866.3,0.0,2019,3,4,Friday,1,Spring
EUR/USD,2019-03-25,1.129612,1.13317,1.12905,1.129586,USD,1.16347358,1165.72145614,0.03388758000000003,1.129586,1135.23393,0.0,0.0,1.129586,1129.586,0.0,2019,3,0,Monday,1,Spring
EUR/JPY,2019-03-25,124.383003,124.809998,123.891998,124.342003,JPY,128.07226309,128319.70367597001,3.7302600900000016,124.342003,124963.71301500002,0.0,0.0,124.342003,124342.00300000001,0.0,2019,3,0,Monday,1,Spring
EUR/GBP,2019-03-25,0.8552,0.8596,0.85468,0.8553,GBP,0.8809589999999999,882.6610469999999,0.025658999999999987,0.8553,859.5765,0.0,0.0,0.8553,855.3,0.0,2019,3,0,Monday,1,Spring
EUR/USD,2019-03-26,1.131452,1.132888,1.127955,1.13158,USD,1.1655274,1167.7792442,0.03394739999999996,1.13158,1137.2378999999999,0.0,0.0,1.13158,1131.58,0.0,2019,3,1,Tuesday,1,Spring
EUR/JPY,2019-03-26,124.528,125.007004,124.43,124.519997,JPY,128.25559691,128503.39170403,3.735599910000005,124.519997,125142.596985,0.0,0.0,124.519997,124519.997,0.0,2019,3,1,Tuesday,1,Spring
EUR/GBP,2019-03-26,0.85657,0.85917,0.85201,0.8562,GBP,0.881886,883.589838,0.025685999999999987,0.8562,860.4809999999999,0.0,0.0,0.8562,856.1999999999999,0.0,2019,3,1,Tuesday,1,Spring
EUR/GBP,2019-03-27,0.85339,0.85498,0.85012,0.85334,GBP,0.8789402000000001,880.6383466,0.025600200000000073,0.85334,857.6067,0.0,0.0,0.85334,853.34,0.0,2019,3,2,Wednesday,1,Spring
EUR/USD,2019-03-27,1.127447,1.128554,1.124265,1.127485,USD,1.1613095500000001,1163.55324515,0.033824550000000064,1.127485,1133.122425,0.0,0.0,1.127485,1127.4850000000001,0.0,2019,3,2,Wednesday,1,Spring
EUR/JPY,2019-03-27,124.630997,124.718002,124.043999,124.620003,JPY,128.35860309,128606.59689597001,3.7386000900000056,124.620003,125243.103015,0.0,0.0,124.620003,124620.003,0.0,2019,3,2,Wednesday,1,Spring
EUR/USD,2019-03-28,1.125138,1.1263,1.121516,1.125176,USD,1.15893128,1161.17038024,0.033755280000000054,1.125176,1130.80188,0.0,0.0,1.125176,1125.176,0.0,2019,3,3,Thursday,1,Spring
EUR/JPY,2019-03-28,124.303001,124.412003,123.650002,124.309998,JPY,128.03929793999998,128286.67483601999,3.72929993999999,124.309998,124931.54798999999,0.0,0.0,124.309998,124309.99799999999,0.0,2019,3,3,Thursday,1,Spring
EUR/GBP,2019-03-28,0.85538,0.85885,0.8526,0.8554,GBP,0.8810620000000001,882.7642460000001,0.025662000000000074,0.8554,859.6770000000001,0.0,0.0,0.8554,855.4000000000001,0.0,2019,3,3,Thursday,1,Spring
EUR/GBP,2019-03-29,0.8601,0.86481,0.85549,0.86021,GBP,0.8860163000000001,887.7281179000001,0.02580630000000006,0.86021,864.5110500000001,0.0,0.0,0.86021,860.21,0.0,2019,3,4,Friday,1,Spring
EUR/JPY,2019-03-29,124.260002,124.621002,124.150002,124.220001,JPY,127.94660103,128193.79883198999,3.72660003,124.220001,124841.10100499999,0.0,0.0,124.220001,124220.00099999999,0.0,2019,3,4,Friday,1,Spring
EUR/USD,2019-03-29,1.122952,1.124606,1.121089,1.123002,USD,1.1566920600000001,1158.92683398,0.03369006000000008,1.123002,1128.61701,0.0,0.0,1.123002,1123.002,0.0,2019,3,4,Friday,1,Spring
EUR/GBP,2019-04-01,0.86183,0.86256,0.85291,0.8618,GBP,0.887654,889.3689820000001,0.025854000000000044,0.8618,866.1089999999999,0.0,0.0,0.8618,861.8,0.0,2019,4,0,Monday,2,Spring
EUR/JPY,2019-04-01,124.564003,124.950996,124.522003,124.57,JPY,128.3071,128554.99429999999,3.737099999999998,124.57,125192.85,0.0,0.0,124.57,124570.0,0.0,2019,4,0,Monday,2,Spring
EUR/USD,2019-04-01,1.122347,1.125024,1.120988,1.122385,USD,1.15605655,1158.29009615,0.033671549999999995,1.122385,1127.996925,0.0,0.0,1.122385,1122.385,0.0,2019,4,0,Monday,2,Spring
EUR/GBP,2019-04-02,0.85735,0.86064,0.85669,0.85738,GBP,0.8831014,884.8075862000001,0.025721400000000005,0.85738,861.6668999999999,0.0,0.0,0.85738,857.38,0.0,2019,4,1,Tuesday,2,Spring
EUR/JPY,2019-04-02,124.860001,124.861,124.477997,124.878998,JPY,128.62536794,128873.87714602,3.746369939999994,124.878998,125503.39299,0.0,0.0,124.878998,124878.99799999999,0.0,2019,4,1,Tuesday,2,Spring
EUR/USD,2019-04-02,1.120599,1.121401,1.118456,1.120574,USD,1.15419122,1156.4211622599998,0.03361722,1.120574,1126.17687,0.0,0.0,1.120574,1120.574,0.0,2019,4,1,Tuesday,2,Spring
EUR/GBP,2019-04-03,0.85346,0.8554,0.8504,0.85339,GBP,0.8789917,880.6899461,0.02560170000000006,0.85339,857.6569499999999,0.0,0.0,0.85339,853.39,0.0,2019,4,2,Wednesday,2,Spring
EUR/USD,2019-04-03,1.120285,1.1255,1.120247,1.120385,USD,1.15399655,1156.22611615,0.033611550000000046,1.120385,1125.986925,0.0,0.0,1.120385,1120.385,0.0,2019,4,2,Wednesday,2,Spring
EUR/JPY,2019-04-03,124.704002,125.439003,124.619003,124.68,JPY,128.4204,128668.5132,3.740399999999994,124.68,125303.4,0.0,0.0,124.68,124680.0,0.0,2019,4,2,Wednesday,2,Spring
EUR/JPY,2019-04-04,125.236,125.377998,124.970001,125.254997,JPY,129.01264691,129261.90435402999,3.757649909999998,125.254997,125881.271985,0.0,0.0,125.254997,125254.997,0.0,2019,4,3,Thursday,2,Spring
EUR/USD,2019-04-04,1.124531,1.124986,1.120925,1.124695,USD,1.15843585,1160.67399305,0.033740850000000044,1.124695,1130.318475,0.0,0.0,1.124695,1124.695,0.0,2019,4,3,Thursday,2,Spring
EUR/GBP,2019-04-04,0.85327,0.85865,0.8519,0.85339,GBP,0.8789917,880.6899461,0.02560170000000006,0.85339,857.6569499999999,0.0,0.0,0.85339,853.39,0.0,2019,4,3,Thursday,2,Spring
EUR/USD,2019-04-05,1.12246,1.124151,1.121164,1.122586,USD,1.15626358,1158.49752614,0.033677579999999985,1.122586,1128.19893,0.0,0.0,1.122586,1122.586,0.0,2019,4,4,Friday,2,Spring
EUR/JPY,2019-04-05,125.308998,125.495003,125.279999,125.311996,JPY,129.07135588,129320.72675204,3.759359880000005,125.311996,125938.55598,0.0,0.0,125.311996,125311.996,0.0,2019,4,4,Friday,2,Spring
EUR/GBP,2019-04-05,0.85842,0.86261,0.85585,0.85833,GBP,0.8840799,885.7879767000001,0.025749899999999992,0.85833,862.62165,0.0,0.0,0.85833,858.33,0.0,2019,4,4,Friday,2,Spring
EUR/JPY,2019-04-08,125.305,125.575996,124.970001,125.310997,JPY,129.07032691,129319.69579403,3.7593299100000053,125.310997,125937.551985,0.0,0.0,125.310997,125310.997,0.0,2019,4,0,Monday,2,Spring
EUR/USD,2019-04-08,1.122208,1.127408,1.121554,1.121957,USD,1.1556157100000002,1157.8484044300003,0.03365871000000009,1.121957,1127.5667850000002,0.0,0.0,1.121957,1121.957,0.0,2019,4,0,Monday,2,Spring
EUR/GBP,2019-04-08,0.86047,0.86448,0.8589,0.8605,GBP,0.8863150000000001,888.0273950000001,0.025815000000000032,0.8605,864.8025,0.0,0.0,0.8605,860.5,0.0,2019,4,0,Monday,2,Spring
EUR/JPY,2019-04-09,125.447998,125.595001,125.177002,125.449997,JPY,129.21349691,129463.14240403,3.7634999100000073,125.449997,126077.246985,0.0,0.0,125.449997,125449.997,0.0,2019,4,1,Tuesday,2,Spring
EUR/USD,2019-04-09,1.125644,1.128796,1.125644,1.125644,USD,1.15941332,1161.6533515600001,0.03376931999999999,1.125644,1131.27222,0.0,0.0,1.125644,1125.644,0.0,2019,4,1,Tuesday,2,Spring
EUR/GBP,2019-04-09,0.86176,0.86511,0.85966,0.86174,GBP,0.8875921999999999,889.3070625999999,0.025852199999999992,0.86174,866.0486999999999,0.0,0.0,0.86174,861.7399999999999,0.0,2019,4,1,Tuesday,2,Spring
EUR/GBP,2019-04-10,0.86295,0.86315,0.85925,0.86279,GBP,0.8886737,890.3906521,0.025883700000000065,0.86279,867.1039499999999,0.0,0.0,0.86279,862.79,0.0,2019,4,2,Wednesday,2,Spring
EUR/USD,2019-04-10,1.126494,1.128286,1.123103,1.126697,USD,1.1604979100000001,1162.74003703,0.03380091000000007,1.126697,1132.3304850000002,0.0,0.0,1.126697,1126.6970000000001,0.0,2019,4,2,Wednesday,2,Spring
EUR/JPY,2019-04-10,125.151001,125.413002,124.779999,125.164001,JPY,128.91892103,129167.99739199001,3.754920030000008,125.164001,125789.821005,0.0,0.0,125.164001,125164.001,0.0,2019,4,2,Wednesday,2,Spring
EUR/GBP,2019-04-11,0.8609,0.86311,0.85956,0.86085,GBP,0.8866755000000001,888.3885915000001,0.025825500000000057,0.86085,865.15425,0.0,0.0,0.86085,860.85,0.0,2019,4,3,Thursday,2,Spring
EUR/USD,2019-04-11,1.127612,1.128745,1.125606,1.12765,USD,1.1614795,1163.7235234999998,0.03382949999999996,1.12765,1133.28825,0.0,0.0,1.12765,1127.65,0.0,2019,4,3,Thursday,2,Spring
EUR/JPY,2019-04-11,125.120003,125.693001,125.120003,125.120003,JPY,128.87360309,129122.59189596999,3.753600089999992,125.120003,125745.603015,0.0,0.0,125.120003,125120.003,0.0,2019,4,3,Thursday,2,Spring
EUR/GBP,2019-04-12,0.86246,0.86552,0.8621,0.86243,GBP,0.8883029,890.0191357,0.025872899999999976,0.86243,866.74215,0.0,0.0,0.86243,862.4300000000001,0.0,2019,4,4,Friday,2,Spring
EUR/USD,2019-04-12,1.125936,1.132503,1.125834,1.126075,USD,1.15985725,1162.09813925,0.033782250000000014,1.126075,1131.705375,0.0,0.0,1.126075,1126.075,0.0,2019,4,4,Friday,2,Spring
EUR/JPY,2019-04-12,125.700996,126.763,125.690002,125.689003,JPY,129.45967309,129709.79420597,3.770670089999996,125.689003,126317.448015,0.0,0.0,125.689003,125689.003,0.0,2019,4,4,Friday,2,Spring
EUR/GBP,2019-04-15,0.86383,0.86486,0.86191,0.86388,GBP,0.8897964,891.5155212000001,0.02591640000000006,0.86388,868.1994,0.0,0.0,0.86388,863.88,0.0,2019,4,0,Monday,2,Spring
EUR/USD,2019-04-15,1.130365,1.132246,1.129943,1.130506,USD,1.16442118,1166.67088694,0.033915179999999934,1.130506,1136.1585300000002,0.0,0.0,1.130506,1130.506,0.0,2019,4,0,Monday,2,Spring
EUR/JPY,2019-04-15,126.634003,126.764999,126.5,126.610001,JPY,130.40830103,130660.25493198998,3.798300029999993,126.610001,127243.051005,0.0,0.0,126.610001,126610.001,0.0,2019,4,0,Monday,2,Spring
EUR/USD,2019-04-16,1.130442,1.1315,1.128605,1.130493,USD,1.16440779,1166.65747107,0.033914790000000083,1.130493,1136.1454649999998,0.0,0.0,1.130493,1130.493,0.0,2019,4,1,Tuesday,2,Spring
EUR/JPY,2019-04-16,126.547997,126.667,126.226997,126.549004,JPY,130.34547412,130597.30663796,3.7964701200000093,126.549004,127181.74902,0.0,0.0,126.549004,126549.004,0.0,2019,4,1,Tuesday,2,Spring
EUR/GBP,2019-04-16,0.86293,0.86587,0.86259,0.8628,GBP,0.888684,890.4009720000001,0.025884000000000018,0.8628,867.1139999999999,0.0,0.0,0.8628,862.8,0.0,2019,4,1,Tuesday,2,Spring
EUR/JPY,2019-04-17,126.333,126.793999,126.333,126.337997,JPY,130.12813691,130379.54952403001,3.7901399099999935,126.337997,126969.68698500001,0.0,0.0,126.337997,126337.997,0.0,2019,4,2,Wednesday,2,Spring
EUR/USD,2019-04-17,1.128515,1.132375,1.128184,1.128503,USD,1.1623580900000001,1164.6038109700003,0.03385509000000009,1.128503,1134.145515,0.0,0.0,1.128503,1128.503,0.0,2019,4,2,Wednesday,2,Spring
EUR/GBP,2019-04-17,0.86506,0.86799,0.865,0.8648,GBP,0.8907440000000001,892.4649520000002,0.025944000000000078,0.8648,869.124,0.0,0.0,0.8648,864.8000000000001,0.0,2019,4,2,Wednesday,2,Spring
EUR/USD,2019-04-18,1.130071,1.1306,1.123772,1.129714,USD,1.1636054200000001,1165.85355086,0.033891420000000005,1.129714,1135.3625700000002,0.0,0.0,1.129714,1129.7140000000002,0.0,2019,4,3,Thursday,2,Spring
EUR/GBP,2019-04-18,0.86638,0.86652,0.8636,0.86632,GBP,0.8923096,894.0335768,0.025989600000000057,0.86632,870.6515999999999,0.0,0.0,0.86632,866.3199999999999,0.0,2019,4,3,Thursday,2,Spring
EUR/JPY,2019-04-18,126.560997,126.560997,125.720001,126.544998,JPY,130.34134794000002,130593.17248602002,3.796349940000013,126.544998,127177.72299000001,0.0,0.0,126.544998,126544.998,0.0,2019,4,3,Thursday,2,Spring
EUR/JPY,2019-04-19,125.819,125.879997,125.699997,125.820999,JPY,129.59562897,129846.01275801001,3.7746299700000066,125.820999,126450.103995,0.0,0.0,125.820999,125820.999,0.0,2019,4,4,Friday,2,Spring
EUR/GBP,2019-04-19,0.86476,0.86547,0.8642,0.8646,GBP,0.890538,892.258554,0.025938000000000017,0.8646,868.923,0.0,0.0,0.8646,864.6,0.0,2019,4,4,Friday,2,Spring
EUR/USD,2019-04-19,1.123608,1.125113,1.123305,1.123595,USD,1.15730285,1159.53880405,0.033707850000000095,1.123595,1129.2129749999997,0.0,0.0,1.123595,1123.5949999999998,0.0,2019,4,4,Friday,2,Spring
EUR/GBP,2019-04-22,0.86541,0.86722,0.8646,0.86542,GBP,0.8913826,893.1047858000001,0.025962600000000058,0.86542,869.7470999999999,0.0,0.0,0.86542,865.42,0.0,2019,4,0,Monday,2,Spring
EUR/JPY,2019-04-22,125.832001,126.056,125.739998,125.827003,JPY,129.60181309,129852.20882597001,3.7748100900000026,125.827003,126456.13801500002,0.0,0.0,125.827003,125827.00300000001,0.0,2019,4,0,Monday,2,Spring
EUR/USD,2019-04-22,1.124455,1.12638,1.123671,1.124455,USD,1.15818865,1160.42631545,0.03373365000000006,1.124455,1130.0772749999999,0.0,0.0,1.124455,1124.455,0.0,2019,4,0,Monday,2,Spring
EUR/JPY,2019-04-23,126.014999,126.014999,125.279999,126.012001,JPY,129.79236103,130043.12491199,3.780360029999997,126.012001,126642.06100500001,0.0,0.0,126.012001,126012.001,0.0,2019,4,1,Tuesday,2,Spring
EUR/GBP,2019-04-23,0.86727,0.86727,0.86354,0.8673,GBP,0.893319,895.0449269999999,0.026019000000000014,0.8673,871.6365,0.0,0.0,0.8673,867.3,0.0,2019,4,1,Tuesday,2,Spring
EUR/USD,2019-04-23,1.125885,1.126126,1.119344,1.125898,USD,1.1596749400000002,1161.91547702,0.03377694000000009,1.125898,1131.5274900000002,0.0,0.0,1.125898,1125.8980000000001,0.0,2019,4,1,Tuesday,2,Spring
EUR/GBP,2019-04-24,0.8675,0.86772,0.86374,0.86749,GBP,0.8935147,895.2410050999999,0.02602470000000001,0.86749,871.82745,0.0,0.0,0.86749,867.49,0.0,2019,4,2,Wednesday,2,Spring
EUR/JPY,2019-04-24,125.554001,125.579002,125.054001,125.550003,JPY,129.31650309,129566.34759597,3.766500089999994,125.550003,126177.753015,0.0,0.0,125.550003,125550.003,0.0,2019,4,2,Wednesday,2,Spring
EUR/USD,2019-04-24,1.122448,1.12246,1.118306,1.122435,USD,1.15610805,1158.34169565,0.03367304999999998,1.122435,1128.0471750000002,0.0,0.0,1.122435,1122.4350000000002,0.0,2019,4,2,Wednesday,2,Spring
EUR/JPY,2019-04-25,125.139999,125.214996,124.212997,125.126999,JPY,128.88080897,129129.81169801,3.753809970000006,125.126999,125752.633995,0.0,0.0,125.126999,125126.999,0.0,2019,4,3,Thursday,2,Spring
EUR/USD,2019-04-25,1.115698,1.1164,1.112174,1.115349,USD,1.14880947,1151.02901451,0.033460470000000075,1.115349,1120.925745,0.0,0.0,1.115349,1115.349,0.0,2019,4,3,Thursday,2,Spring
EUR/GBP,2019-04-25,0.8643,0.86537,0.86269,0.8642,GBP,0.890126,891.8457579999999,0.025926000000000005,0.8642,868.521,0.0,0.0,0.8642,864.1999999999999,0.0,2019,4,3,Thursday,2,Spring
EUR/JPY,2019-04-26,124.262001,124.705002,124.134003,124.299004,JPY,128.02797412,128275.32913796001,3.728970120000014,124.299004,124920.49902,0.0,0.0,124.299004,124299.004,0.0,2019,4,4,Friday,2,Spring
EUR/USD,2019-04-26,1.11371,1.117281,1.112298,1.113685,USD,1.14709555,1149.31178315,0.03341054999999993,1.113685,1119.2534249999999,0.0,0.0,1.113685,1113.685,0.0,2019,4,4,Friday,2,Spring
EUR/GBP,2019-04-26,0.86349,0.8638,0.86237,0.86357,GBP,0.8894771,891.1956043,0.025907100000000072,0.86357,867.88785,0.0,0.0,0.86357,863.5699999999999,0.0,2019,4,4,Friday,2,Spring
EUR/USD,2019-04-29,1.114902,1.116994,1.114554,1.115026,USD,1.1484767800000002,1150.6956817400003,0.033450780000000124,1.115026,1120.60113,0.0,0.0,1.115026,1115.026,0.0,2019,4,0,Monday,2,Spring
EUR/GBP,2019-04-29,0.8628,0.86428,0.86211,0.86295,GBP,0.8888385,890.5557705,0.02588849999999998,0.86295,867.26475,0.0,0.0,0.86295,862.95,0.0,2019,4,0,Monday,2,Spring
EUR/JPY,2019-04-29,124.496002,124.961998,124.419998,124.501999,JPY,128.23705897,128484.81794801,3.7350599699999947,124.501999,125124.508995,0.0,0.0,124.501999,124501.999,0.0,2019,4,0,Monday,2,Spring
EUR/USD,2019-04-30,1.118418,1.122965,1.117656,1.118518,USD,1.15207354,1154.2993908199999,0.03355554000000005,1.118518,1124.1105899999998,0.0,0.0,1.118518,1118.5179999999998,0.0,2019,4,1,Tuesday,2,Spring
EUR/GBP,2019-04-30,0.8647,0.86491,0.8592,0.86485,GBP,0.8907955000000001,892.5165515000001,0.025945500000000066,0.86485,869.17425,0.0,0.0,0.86485,864.85,0.0,2019,4,1,Tuesday,2,Spring
EUR/JPY,2019-04-30,124.954002,125.078003,124.478996,124.970001,JPY,128.71910103,128967.79133199,3.749100029999994,124.970001,125594.85100499999,0.0,0.0,124.970001,124970.00099999999,0.0,2019,4,1,Tuesday,2,Spring
EUR/USD,2019-05-01,1.121831,1.124999,1.121441,1.121604,USD,1.15525212,1157.48411196,0.03364812000000006,1.121604,1127.21202,0.0,0.0,1.121604,1121.604,0.0,2019,5,2,Wednesday,2,Spring
EUR/GBP,2019-05-01,0.85998,0.86054,0.85861,0.85994,GBP,0.8857382,887.4494806,0.025798199999999993,0.85994,864.2397000000001,0.0,0.0,0.85994,859.94,0.0,2019,5,2,Wednesday,2,Spring
EUR/JPY,2019-05-01,124.989998,125.217003,124.93,124.981003,JPY,128.73043309,128979.14528597,3.74943008999999,124.981003,125605.908015,0.0,0.0,124.981003,124981.003,0.0,2019,5,2,Wednesday,2,Spring
EUR/USD,2019-05-02,1.120185,1.121818,1.117356,1.120084,USD,1.1536865200000002,1155.91548716,0.03360252000000008,1.120084,1125.68442,0.0,0.0,1.120084,1120.084,0.0,2019,5,3,Thursday,2,Spring
EUR/GBP,2019-05-02,0.8582,0.85954,0.85682,0.8579,GBP,0.883637,885.3442210000001,0.02573700000000001,0.8579,862.1895,0.0,0.0,0.8579,857.9,0.0,2019,5,3,Thursday,2,Spring
EUR/JPY,2019-05-02,124.858002,125.110001,124.557999,124.877998,JPY,128.62433794,128872.84515602,3.7463399399999986,124.877998,125502.38799,0.0,0.0,124.877998,124877.998,0.0,2019,5,3,Thursday,2,Spring
EUR/USD,2019-05-03,1.117256,1.120072,1.114132,1.117356,USD,1.15087668,1153.1002184400002,0.03352068000000008,1.117356,1122.94278,0.0,0.0,1.117356,1117.356,0.0,2019,5,4,Friday,2,Spring
EUR/GBP,2019-05-03,0.8573,0.85868,0.84973,0.8571,GBP,0.882813,884.518629,0.025712999999999986,0.8571,861.3855,0.0,0.0,0.8571,857.1,0.0,2019,5,4,Friday,2,Spring
EUR/JPY,2019-05-03,124.540001,124.613998,124.269997,124.596001,JPY,128.33388103000001,128581.82707199002,3.7378800300000137,124.596001,125218.98100500001,0.0,0.0,124.596001,124596.001,0.0,2019,5,4,Friday,2,Spring
EUR/JPY,2019-05-06,123.742996,124.227997,123.379997,123.755997,JPY,127.46867691,127714.95134402999,3.7126799100000056,123.755997,124374.77698499999,0.0,0.0,123.755997,123755.99699999999,0.0,2019,5,0,Monday,2,Spring
EUR/USD,2019-05-06,1.118706,1.120448,1.117993,1.118581,USD,1.1521384300000002,1154.3644061900002,0.03355743000000011,1.118581,1124.173905,0.0,0.0,1.118581,1118.5810000000001,0.0,2019,5,0,Monday,2,Spring
EUR/GBP,2019-05-06,0.85064,0.85548,0.8505,0.85053,GBP,0.8760459,877.7384547,0.025515900000000036,0.85053,854.78265,0.0,0.0,0.85053,850.53,0.0,2019,5,0,Monday,2,Spring
EUR/JPY,2019-05-07,124.137001,124.230003,123.321999,124.110001,JPY,127.83330103,128080.27993199001,3.7233000300000043,124.110001,124730.551005,0.0,0.0,124.110001,124110.001,0.0,2019,5,1,Tuesday,2,Spring
EUR/GBP,2019-05-07,0.85519,0.85795,0.8538,0.855,GBP,0.88065,882.3514500000001,0.02565000000000006,0.855,859.275,0.0,0.0,0.855,855.0,0.0,2019,5,1,Tuesday,2,Spring
EUR/USD,2019-05-07,1.120448,1.121957,1.117606,1.120185,USD,1.15379055,1156.0197181500002,0.033605550000000095,1.120185,1125.785925,0.0,0.0,1.120185,1120.185,0.0,2019,5,1,Tuesday,2,Spring
EUR/GBP,2019-05-08,0.8561,0.8623,0.85599,0.8562,GBP,0.881886,883.589838,0.025685999999999987,0.8562,860.4809999999999,0.0,0.0,0.8562,856.1999999999999,0.0,2019,5,2,Wednesday,2,Spring
EUR/USD,2019-05-08,1.118956,1.1215,1.118956,1.119107,USD,1.1526802100000002,1154.9072329300002,0.03357321000000013,1.119107,1124.702535,0.0,0.0,1.119107,1119.107,0.0,2019,5,2,Wednesday,2,Spring
EUR/JPY,2019-05-08,123.369003,123.510002,123.080002,123.375999,JPY,127.07727897,127322.79720801,3.7012799700000016,123.375999,123992.87899499999,0.0,0.0,123.375999,123375.999,0.0,2019,5,2,Wednesday,2,Spring
EUR/JPY,2019-05-09,123.190002,123.248001,122.503998,123.206001,JPY,126.90218103000001,127147.36097199001,3.696180030000008,123.206001,123822.031005,0.0,0.0,123.206001,123206.001,0.0,2019,5,3,Thursday,2,Spring
EUR/GBP,2019-05-09,0.86047,0.86459,0.8595,0.86054,GBP,0.8863562,888.0686746,0.025816200000000067,0.86054,864.8426999999999,0.0,0.0,0.86054,860.54,0.0,2019,5,3,Thursday,2,Spring
EUR/USD,2019-05-09,1.119746,1.1251,1.117568,1.119833,USD,1.1534279900000002,1155.6564576700002,0.0335949900000001,1.119833,1125.4321650000002,0.0,0.0,1.119833,1119.833,0.0,2019,5,3,Thursday,2,Spring
EUR/JPY,2019-05-10,123.237,123.598999,123.039001,123.181999,JPY,126.87745897,127122.59114801,3.6954599700000017,123.181999,123797.908995,0.0,0.0,123.181999,123181.99900000001,0.0,2019,5,4,Friday,2,Spring
EUR/USD,2019-05-10,1.121856,1.125239,1.121856,1.122208,USD,1.1558742400000002,1158.1074339200002,0.03366624000000007,1.122208,1127.81904,0.0,0.0,1.122208,1122.208,0.0,2019,5,4,Friday,2,Spring
EUR/GBP,2019-05-10,0.86198,0.86388,0.86195,0.86229,GBP,0.8881587000000001,889.8746571,0.025868700000000078,0.86229,866.60145,0.0,0.0,0.86229,862.29,0.0,2019,5,4,Friday,2,Spring
EUR/JPY,2019-05-13,123.183998,123.328003,122.553001,123.198997,JPY,126.89496691000001,127140.13291403001,3.6959699100000023,123.198997,123814.991985,0.0,0.0,123.198997,123198.997,0.0,2019,5,0,Monday,2,Spring
EUR/GBP,2019-05-13,0.86373,0.86735,0.8624,0.8638,GBP,0.889714,891.4329620000001,0.025913999999999993,0.8638,868.119,0.0,0.0,0.8638,863.8000000000001,0.0,2019,5,0,Monday,2,Spring
EUR/USD,2019-05-13,1.123671,1.126342,1.12241,1.123646,USD,1.15735538,1159.59143554,0.03370938000000012,1.123646,1129.26423,0.0,0.0,1.123646,1123.646,0.0,2019,5,0,Monday,2,Spring
EUR/JPY,2019-05-14,122.622002,123.389999,122.620003,122.599998,JPY,126.27799794,126521.97193602,3.6779999400000065,122.599998,123212.99798999999,0.0,0.0,122.599998,122599.99799999999,0.0,2019,5,1,Tuesday,2,Spring
EUR/USD,2019-05-14,1.123242,1.124606,1.120486,1.123255,USD,1.15695265,1159.18792745,0.033697650000000134,1.123255,1128.871275,0.0,0.0,1.123255,1123.2549999999999,0.0,2019,5,1,Tuesday,2,Spring
EUR/GBP,2019-05-14,0.86642,0.86909,0.8661,0.86643,GBP,0.8924229,894.1470957,0.025992899999999985,0.86643,870.76215,0.0,0.0,0.86643,866.4300000000001,0.0,2019,5,1,Tuesday,2,Spring
EUR/GBP,2019-05-15,0.86805,0.87327,0.867,0.8681,GBP,0.894143,895.8705190000001,0.02604300000000004,0.8681,872.4405,0.0,0.0,0.8681,868.1,0.0,2019,5,2,Wednesday,2,Spring
EUR/JPY,2019-05-15,122.875999,123.056,122.091003,122.874001,JPY,126.56022103000001,126804.74029199002,3.686220030000001,122.874001,123488.37100500001,0.0,0.0,122.874001,122874.001,0.0,2019,5,2,Wednesday,2,Spring
EUR/USD,2019-05-15,1.12036,1.122272,1.118043,1.120448,USD,1.1540614400000002,1156.2911315200001,0.033613440000000105,1.120448,1126.05024,0.0,0.0,1.120448,1120.448,0.0,2019,5,2,Wednesday,2,Spring
EUR/USD,2019-05-16,1.120951,1.122435,1.117431,1.120724,USD,1.15434572,1156.57596076,0.033621719999999966,1.120724,1126.3276200000003,0.0,0.0,1.120724,1120.7240000000002,0.0,2019,5,3,Thursday,2,Spring
EUR/GBP,2019-05-16,0.87237,0.87475,0.872,0.87226,GBP,0.8984278000000001,900.1635974000002,0.026167800000000074,0.87226,876.6213,0.0,0.0,0.87226,872.26,0.0,2019,5,3,Thursday,2,Spring
EUR/JPY,2019-05-16,122.650002,122.954002,122.542999,122.669998,JPY,126.35009794000001,126594.21123602001,3.680099940000005,122.669998,123283.34799000001,0.0,0.0,122.669998,122669.998,0.0,2019,5,3,Thursday,2,Spring
EUR/GBP,2019-05-17,0.87312,0.87766,0.8731,0.87303,GBP,0.8992209,900.9582297000001,0.026190900000000017,0.87303,877.39515,0.0,0.0,0.87303,873.03,0.0,2019,5,4,Friday,2,Spring
EUR/JPY,2019-05-17,122.75,122.926003,122.289001,122.759003,JPY,126.44177309000001,126686.06350597001,3.6827700900000053,122.759003,123372.79801500001,0.0,0.0,122.759003,122759.00300000001,0.0,2019,5,4,Friday,2,Spring
EUR/USD,2019-05-17,1.117481,1.118443,1.115735,1.117356,USD,1.15087668,1153.1002184400002,0.03352068000000008,1.117356,1122.94278,0.0,0.0,1.117356,1117.356,0.0,2019,5,4,Friday,2,Spring
EUR/GBP,2019-05-20,0.87702,0.87837,0.8749,0.87692,GBP,0.9032276,904.9726708000001,0.026307599999999987,0.87692,881.3046,0.0,0.0,0.87692,876.9200000000001,0.0,2019,5,0,Monday,2,Spring
EUR/JPY,2019-05-20,122.983002,123.168999,122.540001,122.989998,JPY,126.67969794,126924.44803602,3.689699939999997,122.989998,123604.94799,0.0,0.0,122.989998,122989.998,0.0,2019,5,0,Monday,2,Spring
EUR/USD,2019-05-20,1.116532,1.117701,1.115126,1.116532,USD,1.15002796,1152.2498586800002,0.03349595999999999,1.116532,1122.1146600000002,0.0,0.0,1.116532,1116.5320000000002,0.0,2019,5,0,Monday,2,Spring
EUR/GBP,2019-05-21,0.87736,0.87876,0.87325,0.87735,GBP,0.9036704999999999,905.4164265,0.02632049999999997,0.87735,881.7367499999999,0.0,0.0,0.87735,877.3499999999999,0.0,2019,5,1,Tuesday,2,Spring
EUR/JPY,2019-05-21,122.93,123.660004,122.669998,122.919998,JPY,126.60759794,126852.20873602001,3.6875999399999984,122.919998,123534.59799000001,0.0,0.0,122.919998,122919.998,0.0,2019,5,1,Tuesday,2,Spring
EUR/USD,2019-05-21,1.116944,1.118318,1.114243,1.116857,USD,1.15036271,1152.5852554300002,0.03350571000000002,1.116857,1122.4412849999999,0.0,0.0,1.116857,1116.857,0.0,2019,5,1,Tuesday,2,Spring
EUR/GBP,2019-05-22,0.8785,0.88387,0.8771,0.87851,GBP,0.9048653,906.6135348999999,0.02635529999999997,0.87851,882.90255,0.0,0.0,0.87851,878.51,0.0,2019,5,2,Wednesday,2,Spring
EUR/JPY,2019-05-22,123.401001,123.502998,123.010002,123.438004,JPY,127.14114412,127386.78574796,3.7031401200000005,123.438004,124055.19402,0.0,0.0,123.438004,123438.004,0.0,2019,5,2,Wednesday,2,Spring
EUR/USD,2019-05-23,1.115511,1.117281,1.110951,1.115548,USD,1.14901444,1151.2343805199998,0.033466439999999986,1.115548,1121.12574,0.0,0.0,1.115548,1115.548,0.0,2019,5,3,Thursday,2,Spring
EUR/GBP,2019-05-23,0.88082,0.88366,0.8792,0.8808,GBP,0.907224,908.976792,0.026424000000000003,0.8808,885.2040000000001,0.0,0.0,0.8808,880.8000000000001,0.0,2019,5,3,Thursday,2,Spring
EUR/JPY,2019-05-23,122.947998,123.042,122.153999,122.93,JPY,126.6179,126862.5307,3.687899999999999,122.93,123544.65,0.0,0.0,122.93,122930.0,0.0,2019,5,3,Thursday,2,Spring
EUR/GBP,2019-05-24,0.88309,0.88485,0.88028,0.8833,GBP,0.909799,911.5567669999999,0.02649900000000005,0.8833,887.7165,0.0,0.0,0.8833,883.3,0.0,2019,5,4,Friday,2,Spring
EUR/JPY,2019-05-24,122.516998,122.816002,122.432999,122.526001,JPY,126.20178102999999,126445.60777198999,3.6757800299999985,122.526001,123138.63100499999,0.0,0.0,122.526001,122526.00099999999,0.0,2019,5,4,Friday,2,Spring
EUR/USD,2019-05-24,1.118381,1.121202,1.117805,1.118456,USD,1.15200968,1154.2354074399998,0.03355368000000003,1.118456,1124.04828,0.0,0.0,1.118456,1118.456,0.0,2019,5,4,Friday,2,Spring
EUR/USD,2019-05-27,1.120636,1.121831,1.118806,1.120963,USD,1.15459189,1156.8226063700001,0.03362889000000013,1.120963,1126.5678149999999,0.0,0.0,1.120963,1120.963,0.0,2019,5,0,Monday,2,Spring
EUR/GBP,2019-05-27,0.88076,0.88345,0.8789,0.8809,GBP,0.907327,909.079991,0.02642699999999998,0.8809,885.3045,0.0,0.0,0.8809,880.9,0.0,2019,5,0,Monday,2,Spring
EUR/JPY,2019-05-27,122.591003,122.793999,122.459999,122.623001,JPY,126.30169103,126545.71080199,3.6786900299999985,122.623001,123236.116005,0.0,0.0,122.623001,122623.001,0.0,2019,5,0,Monday,2,Spring
EUR/JPY,2019-05-28,122.565002,122.691002,122.18,122.574997,JPY,126.25224691,126496.17115403,3.6772499100000005,122.574997,123187.871985,0.0,0.0,122.574997,122574.997,0.0,2019,5,1,Tuesday,2,Spring
EUR/USD,2019-05-28,1.119357,1.119946,1.117181,1.119382,USD,1.15296346,1155.1910301799999,0.03358145999999995,1.119382,1124.97891,0.0,0.0,1.119382,1119.382,0.0,2019,5,1,Tuesday,2,Spring
EUR/GBP,2019-05-28,0.88266,0.88405,0.88059,0.88269,GBP,0.9091707,910.9272531,0.026480700000000024,0.88269,887.10345,0.0,0.0,0.88269,882.6899999999999,0.0,2019,5,1,Tuesday,2,Spring
EUR/JPY,2019-05-29,122.141998,122.196999,121.580002,122.112,JPY,125.77535999999999,126018.36287999999,3.6633599999999973,122.112,122722.56,0.0,0.0,122.112,122112.0,0.0,2019,5,2,Wednesday,2,Spring
EUR/GBP,2019-05-29,0.88211,0.88315,0.87986,0.88223,GBP,0.9086969,910.4525377,0.02646690000000007,0.88223,886.6411499999999,0.0,0.0,0.88223,882.2299999999999,0.0,2019,5,2,Wednesday,2,Spring
EUR/USD,2019-05-29,1.117069,1.117568,1.112595,1.117069,USD,1.15058107,1152.8040373100002,0.033512070000000005,1.117069,1122.6543450000001,0.0,0.0,1.117069,1117.0690000000002,0.0,2019,5,2,Wednesday,2,Spring
EUR/GBP,2019-05-30,0.88171,0.88388,0.8808,0.88178,GBP,0.9082334000000001,909.9881422000001,0.02645340000000007,0.88178,886.1889,0.0,0.0,0.88178,881.78,0.0,2019,5,3,Thursday,2,Spring
EUR/JPY,2019-05-30,122.0,122.25,121.959999,121.987,JPY,125.64661,125889.36413,3.6596100000000007,121.987,122596.935,0.0,0.0,121.987,121987.0,0.0,2019,5,3,Thursday,2,Spring
EUR/USD,2019-05-30,1.113834,1.114604,1.111852,1.113735,USD,1.14714705,1149.36338265,0.03341205000000014,1.113735,1119.3036749999999,0.0,0.0,1.113735,1113.735,0.0,2019,5,3,Thursday,2,Spring
EUR/GBP,2019-05-31,0.8828,0.88741,0.88219,0.88271,GBP,0.9091913,910.9478929,0.02648130000000004,0.88271,887.12355,0.0,0.0,0.88271,882.71,0.0,2019,5,4,Friday,2,Spring
EUR/JPY,2019-05-31,121.642998,121.831001,120.924004,121.717003,JPY,125.36851309000001,125610.72992597001,3.651510090000002,121.717003,122325.58801500002,0.0,0.0,121.717003,121717.00300000001,0.0,2019,5,4,Friday,2,Spring
EUR/USD,2019-05-31,1.112991,1.117943,1.112656,1.113115,USD,1.14650845,1148.72354885,0.033393449999999936,1.113115,1118.680575,0.0,0.0,1.113115,1113.115,0.0,2019,5,4,Friday,2,Spring
EUR/GBP,2019-06-03,0.88388,0.88795,0.88256,0.884,GBP,0.91052,912.2791599999999,0.026519999999999988,0.884,888.42,0.0,0.0,0.884,884.0,0.0,2019,6,0,Monday,2,Summer
EUR/JPY,2019-06-03,120.925003,121.499001,120.785004,120.911003,JPY,124.53833309,124778.94598597,3.627330090000001,120.911003,121515.558015,0.0,0.0,120.911003,120911.003,0.0,2019,6,0,Monday,2,Summer
EUR/USD,2019-06-03,1.117343,1.1211,1.116221,1.117406,USD,1.15092818,1153.1518179399998,0.03352218000000007,1.117406,1122.9930299999999,0.0,0.0,1.117406,1117.406,0.0,2019,6,0,Monday,2,Summer
EUR/JPY,2019-06-04,121.514,121.774002,121.290001,121.482002,JPY,125.12646206,125368.21124398,3.64446006,121.482002,122089.41201,0.0,0.0,121.482002,121482.002,0.0,2019,6,1,Tuesday,2,Summer
EUR/USD,2019-06-04,1.124556,1.127777,1.122776,1.124632,USD,1.15837096,1160.60897768,0.033738959999999985,1.124632,1130.2551600000002,0.0,0.0,1.124632,1124.632,0.0,2019,6,1,Tuesday,2,Summer
EUR/GBP,2019-06-04,0.88801,0.89005,0.88527,0.88799,GBP,0.9146297,916.3968001,0.026639700000000044,0.88799,892.4299499999998,0.0,0.0,0.88799,887.9899999999999,0.0,2019,6,1,Tuesday,2,Summer
EUR/JPY,2019-06-05,121.804001,122.258003,121.608002,121.823997,JPY,125.47871691,125721.14666403,3.654719909999997,121.823997,122433.116985,0.0,0.0,121.823997,121823.997,0.0,2019,6,2,Wednesday,2,Summer
EUR/USD,2019-06-05,1.125505,1.130454,1.123987,1.125404,USD,1.15916612,1161.40567396,0.03376212000000001,1.125404,1131.03102,0.0,0.0,1.125404,1125.404,0.0,2019,6,2,Wednesday,2,Summer
EUR/GBP,2019-06-05,0.8858,0.88771,0.8843,0.88583,GBP,0.9124049000000001,914.1677017000001,0.026574900000000068,0.88583,890.2591500000001,0.0,0.0,0.88583,885.83,0.0,2019,6,2,Wednesday,2,Summer
EUR/USD,2019-06-06,1.122725,1.130787,1.122385,1.122902,USD,1.1565890600000002,1158.8236349800002,0.0336870600000001,1.122902,1128.5165100000002,0.0,0.0,1.122902,1122.902,0.0,2019,6,3,Thursday,2,Summer
EUR/JPY,2019-06-06,121.633003,122.222,121.279999,121.639999,JPY,125.28919897,125531.26256801,3.649199969999998,121.639999,122248.198995,0.0,0.0,121.639999,121639.999,0.0,2019,6,3,Thursday,2,Summer
EUR/GBP,2019-06-06,0.8849,0.88867,0.88391,0.885,GBP,0.9115500000000001,913.3111500000001,0.026550000000000074,0.885,889.425,0.0,0.0,0.885,885.0,0.0,2019,6,3,Thursday,2,Summer
EUR/JPY,2019-06-07,122.294998,122.559998,122.089996,122.291,JPY,125.95973,126203.08909,3.6687299999999965,122.291,122902.455,0.0,0.0,122.291,122291.0,0.0,2019,6,4,Friday,2,Summer
EUR/GBP,2019-06-07,0.88812,0.88992,0.8851,0.8881,GBP,0.914743,916.510319,0.026642999999999972,0.8881,892.5405000000001,0.0,0.0,0.8881,888.1,0.0,2019,6,4,Friday,2,Summer
EUR/USD,2019-06-07,1.127548,1.134816,1.125315,1.12765,USD,1.1614795,1163.7235234999998,0.03382949999999996,1.12765,1133.28825,0.0,0.0,1.12765,1127.65,0.0,2019,6,4,Friday,2,Summer
EUR/GBP,2019-06-10,0.8896,0.8929,0.88805,0.8895,GBP,0.916185,917.955105,0.02668500000000007,0.8895,893.9475,0.0,0.0,0.8895,889.5,0.0,2019,6,0,Monday,2,Summer
EUR/USD,2019-06-10,1.1319,1.132695,1.129203,1.132016,USD,1.1659764799999999,1168.2291918399999,0.03396047999999996,1.132016,1137.67608,0.0,0.0,1.132016,1132.0159999999998,0.0,2019,6,0,Monday,2,Summer
EUR/JPY,2019-06-10,122.744003,122.910004,122.629997,122.739998,JPY,126.42219794,126666.45053602,3.682199940000004,122.739998,123353.69799,0.0,0.0,122.739998,122739.998,0.0,2019,6,0,Monday,2,Summer
EUR/GBP,2019-06-11,0.89171,0.89316,0.88913,0.89177,GBP,0.9185230999999999,920.2977222999999,0.026753099999999974,0.89177,896.22885,0.0,0.0,0.89177,891.77,0.0,2019,6,1,Tuesday,2,Summer
EUR/USD,2019-06-11,1.131836,1.133273,1.13048,1.131811,USD,1.16576533,1168.0176338899998,0.03395433000000003,1.131811,1137.470055,0.0,0.0,1.131811,1131.811,0.0,2019,6,1,Tuesday,2,Summer
EUR/JPY,2019-06-11,122.647003,123.125,122.610001,122.634003,JPY,126.31302309000002,126557.06475597002,3.6790200900000087,122.634003,123247.17301500001,0.0,0.0,122.634003,122634.00300000001,0.0,2019,6,1,Tuesday,2,Summer
EUR/GBP,2019-06-12,0.89037,0.89133,0.88733,0.89031,GBP,0.9170193000000001,918.7910169,0.026709300000000047,0.89031,894.76155,0.0,0.0,0.89031,890.3100000000001,0.0,2019,6,2,Wednesday,2,Summer
EUR/JPY,2019-06-12,122.899002,122.982002,122.599998,122.886002,JPY,126.57258206,126817.12520398,3.686580059999997,122.886002,123500.43201,0.0,0.0,122.886002,122886.00200000001,0.0,2019,6,2,Wednesday,2,Summer
EUR/USD,2019-06-12,1.132939,1.134301,1.130851,1.132952,USD,1.16694056,1169.19513448,0.033988560000000057,1.132952,1138.6167599999999,0.0,0.0,1.132952,1132.952,0.0,2019,6,2,Wednesday,2,Summer
EUR/GBP,2019-06-13,0.88964,0.89181,0.88773,0.8896,GBP,0.916288,918.058304,0.026688000000000045,0.8896,894.0479999999999,0.0,0.0,0.8896,889.5999999999999,0.0,2019,6,3,Thursday,2,Summer
EUR/JPY,2019-06-13,122.528999,122.544998,122.179001,122.515999,JPY,126.19147896999999,126435.28580801,3.675479969999998,122.515999,123128.57899499999,0.0,0.0,122.515999,122515.999,0.0,2019,6,3,Thursday,2,Summer
EUR/USD,2019-06-13,1.129305,1.1305,1.127116,1.129561,USD,1.16344783,1165.69565639,0.03388682999999992,1.129561,1135.2088050000002,0.0,0.0,1.129561,1129.5610000000001,0.0,2019,6,3,Thursday,2,Summer
EUR/USD,2019-06-14,1.127955,1.12905,1.121504,1.128044,USD,1.16188532,1164.1301275600001,0.033841320000000064,1.128044,1133.68422,0.0,0.0,1.128044,1128.044,0.0,2019,6,4,Friday,2,Summer
EUR/GBP,2019-06-14,0.88951,0.89165,0.889,0.88957,GBP,0.9162571,918.0273443,0.026687100000000075,0.88957,894.01785,0.0,0.0,0.88957,889.5699999999999,0.0,2019,6,4,Friday,2,Summer
EUR/JPY,2019-06-14,122.170998,122.25,121.589996,122.18,JPY,125.84540000000001,126088.53820000001,3.6654000000000053,122.18,122790.9,0.0,0.0,122.18,122180.0,0.0,2019,6,4,Friday,2,Summer
EUR/GBP,2019-06-17,0.89049,0.89444,0.88989,0.89053,GBP,0.9172459000000001,919.0180547,0.026715900000000015,0.89053,894.98265,0.0,0.0,0.89053,890.5300000000001,0.0,2019,6,0,Monday,2,Summer
EUR/JPY,2019-06-17,121.755997,122.120003,121.656998,121.779999,JPY,125.43339897000001,125675.74116801,3.6533999700000095,121.779999,122388.89899500001,0.0,0.0,121.779999,121779.99900000001,0.0,2019,6,0,Monday,2,Summer
EUR/USD,2019-06-17,1.121604,1.1246,1.120536,1.121705,USD,1.15535615,1157.58834295,0.033651150000000074,1.121705,1127.313525,0.0,0.0,1.121705,1121.705,0.0,2019,6,0,Monday,2,Summer
EUR/USD,2019-06-18,1.122712,1.1244,1.11823,1.12246,USD,1.1561338,1158.3674954,0.03367380000000009,1.12246,1128.0723,0.0,0.0,1.12246,1122.46,0.0,2019,6,1,Tuesday,2,Summer
EUR/JPY,2019-06-18,121.822998,121.870003,121.059998,121.833,JPY,125.48799,125730.43766999998,3.654989999999998,121.833,122442.165,0.0,0.0,121.833,121833.0,0.0,2019,6,1,Tuesday,2,Summer
EUR/GBP,2019-06-18,0.89502,0.89735,0.8915,0.89493,GBP,0.9217779,923.5588107000001,0.026847900000000036,0.89493,899.40465,0.0,0.0,0.89493,894.93,0.0,2019,6,1,Tuesday,2,Summer
EUR/JPY,2019-06-19,121.572998,121.616997,121.150002,121.578003,JPY,125.22534309,125467.28331597,3.64734009,121.578003,122185.893015,0.0,0.0,121.578003,121578.003,0.0,2019,6,2,Wednesday,2,Summer
EUR/GBP,2019-06-19,0.89099,0.89256,0.88745,0.89109,GBP,0.9178227000000001,919.5959691,0.026732700000000054,0.89109,895.5454500000001,0.0,0.0,0.89109,891.09,0.0,2019,6,2,Wednesday,2,Summer
EUR/USD,2019-06-19,1.119746,1.122208,1.118869,1.119821,USD,1.15341563,1155.64407379,0.03359463000000007,1.119821,1125.420105,0.0,0.0,1.119821,1119.821,0.0,2019,6,2,Wednesday,2,Summer
EUR/GBP,2019-06-20,0.888,0.89197,0.8872,0.8879,GBP,0.914537,916.3039210000001,0.026637000000000022,0.8879,892.3394999999999,0.0,0.0,0.8879,887.9,0.0,2019,6,3,Thursday,2,Summer
EUR/USD,2019-06-20,1.123583,1.131516,1.123583,1.123848,USD,1.1575634399999999,1159.7998975199998,0.03371543999999993,1.123848,1129.46724,0.0,0.0,1.123848,1123.848,0.0,2019,6,3,Thursday,2,Summer
EUR/JPY,2019-06-20,121.459,121.894997,121.120003,121.472,JPY,125.11616,125357.88927999999,3.6441599999999994,121.472,122079.36,0.0,0.0,121.472,121472.0,0.0,2019,6,3,Thursday,2,Summer
EUR/USD,2019-06-21,1.129318,1.133337,1.128363,1.129561,USD,1.16344783,1165.69565639,0.03388682999999992,1.129561,1135.2088050000002,0.0,0.0,1.129561,1129.5610000000001,0.0,2019,6,4,Friday,2,Summer
EUR/GBP,2019-06-21,0.8886,0.89451,0.8883,0.88879,GBP,0.9154537,917.2223921,0.026663700000000068,0.88879,893.2339499999999,0.0,0.0,0.88879,888.79,0.0,2019,6,4,Friday,2,Summer
EUR/JPY,2019-06-21,121.139999,122.004997,120.940002,121.168999,JPY,124.80406897,125045.19527801001,3.6350699700000035,121.168999,121774.843995,0.0,0.0,121.168999,121168.999,0.0,2019,6,4,Friday,2,Summer
EUR/JPY,2019-06-24,122.155998,122.380997,122.120003,122.164001,JPY,125.82892103,126072.02739198999,3.6649200300000047,122.164001,122774.821005,0.0,0.0,122.164001,122164.001,0.0,2019,6,0,Monday,2,Summer
EUR/USD,2019-06-24,1.138304,1.140121,1.137385,1.138472,USD,1.1726261599999999,1174.8917192799997,0.03415415999999993,1.138472,1144.16436,0.0,0.0,1.138472,1138.472,0.0,2019,6,0,Monday,2,Summer
EUR/GBP,2019-06-24,0.89269,0.896,0.8919,0.8928,GBP,0.9195840000000001,921.360672,0.02678400000000003,0.8928,897.2640000000001,0.0,0.0,0.8928,892.8000000000001,0.0,2019,6,0,Monday,2,Summer
EUR/USD,2019-06-25,1.140017,1.141396,1.137838,1.14003,USD,1.1742309000000002,1176.4995597000002,0.03420090000000009,1.14003,1145.73015,0.0,0.0,1.14003,1140.0300000000002,0.0,2019,6,1,Tuesday,2,Summer
EUR/GBP,2019-06-25,0.89482,0.89618,0.89165,0.89484,GBP,0.9216852,923.4659316,0.026845200000000013,0.89484,899.3141999999999,0.0,0.0,0.89484,894.8399999999999,0.0,2019,6,1,Tuesday,2,Summer
EUR/JPY,2019-06-25,122.376999,122.457001,121.653,122.348999,JPY,126.01946897,126262.94347801,3.670469969999999,122.348999,122960.74399500001,0.0,0.0,122.348999,122348.99900000001,0.0,2019,6,1,Tuesday,2,Summer
EUR/JPY,2019-06-26,121.846001,122.596001,121.830002,121.809998,JPY,125.46429794,125706.69983602,3.6542999400000014,121.809998,122419.04798999999,0.0,0.0,121.809998,121809.99799999999,0.0,2019,6,2,Wednesday,2,Summer
EUR/USD,2019-06-26,1.136855,1.138952,1.135087,1.136997,USD,1.17110691,1173.36953403,0.034109909999999966,1.136997,1142.6819850000002,0.0,0.0,1.136997,1136.997,0.0,2019,6,2,Wednesday,2,Summer
EUR/GBP,2019-06-26,0.89575,0.89749,0.89423,0.8957,GBP,0.922571,924.353443,0.026870999999999978,0.8957,900.1785000000001,0.0,0.0,0.8957,895.7,0.0,2019,6,2,Wednesday,2,Summer
EUR/JPY,2019-06-27,122.532997,122.862999,122.400002,122.535004,JPY,126.21105412,126454.89877796,3.6760501199999993,122.535004,123147.67902,0.0,0.0,122.535004,122535.004,0.0,2019,6,3,Thursday,2,Summer
EUR/GBP,2019-06-27,0.89588,0.89724,0.89376,0.89591,GBP,0.9227873,924.5701608999999,0.026877299999999993,0.89591,900.38955,0.0,0.0,0.89591,895.91,0.0,2019,6,3,Thursday,2,Summer
EUR/USD,2019-06-27,1.137462,1.138304,1.134842,1.137475,USD,1.17159925,1173.86282525,0.03412425000000008,1.137475,1143.1623749999999,0.0,0.0,1.137475,1137.475,0.0,2019,6,3,Thursday,2,Summer
EUR/GBP,2019-06-28,0.89718,0.89913,0.89408,0.8971,GBP,0.9240130000000001,925.798229,0.026913000000000076,0.8971,901.5855,0.0,0.0,0.8971,897.1,0.0,2019,6,4,Friday,2,Summer
EUR/JPY,2019-06-28,122.544998,122.771004,122.260002,122.518997,JPY,126.19456691,126438.37971403002,3.675569910000007,122.518997,123131.591985,0.0,0.0,122.518997,122518.997,0.0,2019,6,4,Friday,2,Summer
EUR/USD,2019-06-28,1.137139,1.139341,1.136131,1.137294,USD,1.17141282,1173.67603506,0.034118819999999994,1.137294,1142.9804700000002,0.0,0.0,1.137294,1137.294,0.0,2019,6,4,Friday,2,Summer
EUR/GBP,2019-07-01,0.8948,0.89791,0.89262,0.8949,GBP,0.9217470000000001,923.527851,0.026847000000000065,0.8949,899.3745,0.0,0.0,0.8949,894.9,0.0,2019,7,0,Monday,3,Summer
EUR/JPY,2019-07-01,123.098999,123.098999,122.540001,123.125,JPY,126.81875000000001,127063.76875000002,3.6937500000000085,123.125,123740.625,0.0,0.0,123.125,123125.0,0.0,2019,7,0,Monday,3,Summer
EUR/USD,2019-07-01,1.136364,1.136751,1.130569,1.136493,USD,1.17058779,1172.8494110699999,0.03409478999999993,1.136493,1142.175465,0.0,0.0,1.136493,1136.493,0.0,2019,7,0,Monday,3,Summer
EUR/USD,2019-07-02,1.128706,1.132105,1.127675,1.128745,USD,1.16260735,1164.85355255,0.03386234999999993,1.128745,1134.388725,0.0,0.0,1.128745,1128.7450000000001,0.0,2019,7,1,Tuesday,3,Summer
EUR/GBP,2019-07-02,0.8926,0.8972,0.89203,0.89261,GBP,0.9193883,921.1645939000001,0.026778300000000033,0.89261,897.07305,0.0,0.0,0.89261,892.61,0.0,2019,7,1,Tuesday,3,Summer
EUR/JPY,2019-07-02,122.330002,122.508003,121.997002,122.310997,JPY,125.98032691,126223.72579403,3.669329910000002,122.310997,122922.551985,0.0,0.0,122.310997,122310.997,0.0,2019,7,1,Tuesday,3,Summer
EUR/GBP,2019-07-03,0.89623,0.89871,0.896,0.8962,GBP,0.9230860000000001,924.8694380000002,0.026886000000000077,0.8962,900.681,0.0,0.0,0.8962,896.2,0.0,2019,7,2,Wednesday,3,Summer
EUR/JPY,2019-07-03,121.739998,121.789001,121.322998,121.699997,JPY,125.35099691,125593.17990403,3.65099991000001,121.699997,122308.496985,0.0,0.0,121.699997,121699.997,0.0,2019,7,2,Wednesday,3,Summer
EUR/USD,2019-07-03,1.129089,1.130531,1.12704,1.129305,USD,1.16318415,1165.43146695,0.03387914999999997,1.129305,1134.9515250000002,0.0,0.0,1.129305,1129.305,0.0,2019,7,2,Wednesday,3,Summer
EUR/GBP,2019-07-04,0.89696,0.8978,0.89632,0.89699,GBP,0.9238997,925.6847101,0.026909700000000036,0.89699,901.47495,0.0,0.0,0.89699,896.99,0.0,2019,7,3,Thursday,3,Summer
EUR/JPY,2019-07-04,121.635002,121.708,121.540001,121.629997,JPY,125.27889691,125520.94060403,3.6488999099999972,121.629997,122238.146985,0.0,0.0,121.629997,121629.997,0.0,2019,7,3,Thursday,3,Summer
EUR/USD,2019-07-04,1.128796,1.129816,1.127434,1.128796,USD,1.1626598799999999,1164.90618404,0.03386387999999996,1.128796,1134.4399799999999,0.0,0.0,1.128796,1128.7959999999998,0.0,2019,7,3,Thursday,3,Summer
EUR/GBP,2019-07-05,0.8968,0.89815,0.8958,0.8967,GBP,0.9236010000000001,925.3854330000001,0.026901000000000064,0.8967,901.1835000000001,0.0,0.0,0.8967,896.7,0.0,2019,7,4,Friday,3,Summer
EUR/USD,2019-07-05,1.128605,1.128796,1.120825,1.128579,USD,1.16243637,1164.68224221,0.03385737,1.128579,1134.221895,0.0,0.0,1.128579,1128.579,0.0,2019,7,4,Friday,3,Summer
EUR/JPY,2019-07-05,121.669998,121.917999,121.598,121.669998,JPY,125.32009794000001,125562.22123602,3.650099940000004,121.669998,122278.34799000001,0.0,0.0,121.669998,121669.998,0.0,2019,7,4,Friday,3,Summer
EUR/GBP,2019-07-08,0.89629,0.89727,0.8953,0.89631,GBP,0.9231993000000001,924.9829569000001,0.026889300000000005,0.89631,900.79155,0.0,0.0,0.89631,896.3100000000001,0.0,2019,7,0,Monday,3,Summer
EUR/USD,2019-07-08,1.122788,1.123722,1.120838,1.122738,USD,1.15642014,1158.65438862,0.03368214000000003,1.122738,1128.35169,0.0,0.0,1.122738,1122.738,0.0,2019,7,0,Monday,3,Summer
EUR/JPY,2019-07-08,121.787003,121.913002,121.5,121.769997,JPY,125.42309691000001,125665.41920403001,3.6530999100000088,121.769997,122378.846985,0.0,0.0,121.769997,121769.997,0.0,2019,7,0,Monday,3,Summer
EUR/USD,2019-07-09,1.121479,1.122208,1.119532,1.121604,USD,1.15525212,1157.48411196,0.03364812000000006,1.121604,1127.21202,0.0,0.0,1.121604,1121.604,0.0,2019,7,1,Tuesday,3,Summer
EUR/GBP,2019-07-09,0.89599,0.90004,0.8958,0.89608,GBP,0.9229624,924.7455992,0.026882399999999973,0.89608,900.5604000000001,0.0,0.0,0.89608,896.08,0.0,2019,7,1,Tuesday,3,Summer
EUR/JPY,2019-07-09,121.934998,122.112,121.830002,121.910004,JPY,125.56730412,125809.90502796,3.657300120000002,121.910004,122519.55402,0.0,0.0,121.910004,121910.004,0.0,2019,7,1,Tuesday,3,Summer
EUR/USD,2019-07-10,1.120461,1.1263,1.12026,1.120825,USD,1.15444975,1156.68019175,0.03362474999999998,1.120825,1126.429125,0.0,0.0,1.120825,1120.825,0.0,2019,7,2,Wednesday,3,Summer
EUR/GBP,2019-07-10,0.8992,0.90088,0.8983,0.8994,GBP,0.926382,928.1718060000001,0.02698200000000006,0.8994,903.8969999999999,0.0,0.0,0.8994,899.4,0.0,2019,7,2,Wednesday,3,Summer
EUR/JPY,2019-07-10,122.035004,122.309998,121.978996,122.043999,JPY,125.70531897000001,125948.18652801,3.661319970000008,122.043999,122654.218995,0.0,0.0,122.043999,122043.999,0.0,2019,7,2,Wednesday,3,Summer
EUR/JPY,2019-07-11,121.961998,122.031998,121.607002,121.963997,JPY,125.62291691000001,125865.62526403001,3.6589199100000087,121.963997,122573.816985,0.0,0.0,121.963997,121963.997,0.0,2019,7,3,Thursday,3,Summer
EUR/GBP,2019-07-11,0.90013,0.9005,0.8966,0.9001,GBP,0.927103,928.8941990000001,0.027003,0.9001,904.6005,0.0,0.0,0.9001,900.1,0.0,2019,7,3,Thursday,3,Summer
EUR/USD,2019-07-11,1.126126,1.128796,1.125176,1.125885,USD,1.15966155,1161.90206115,0.033776550000000016,1.125885,1131.514425,0.0,0.0,1.125885,1125.885,0.0,2019,7,3,Thursday,3,Summer
EUR/JPY,2019-07-12,122.162003,122.224998,121.489998,122.177002,JPY,125.84231206000001,126085.44429398,3.66531006000001,122.177002,122787.88701,0.0,0.0,122.177002,122177.00200000001,0.0,2019,7,4,Friday,3,Summer
EUR/USD,2019-07-12,1.125024,1.1278,1.123974,1.125239,USD,1.1589961700000002,1161.23539561,0.033757170000000114,1.125239,1130.865195,0.0,0.0,1.125239,1125.239,0.0,2019,7,4,Friday,3,Summer
EUR/GBP,2019-07-12,0.8983,0.8989,0.89559,0.8983,GBP,0.925249,927.036617,0.026949,0.8983,902.7914999999999,0.0,0.0,0.8983,898.3,0.0,2019,7,4,Friday,3,Summer
EUR/GBP,2019-07-15,0.89653,0.89997,0.8964,0.89652,GBP,0.9234156,925.1996748,0.02689560000000002,0.89652,901.0026,0.0,0.0,0.89652,896.52,0.0,2019,7,0,Monday,3,Summer
EUR/JPY,2019-07-15,121.537003,121.830002,121.449997,121.541,JPY,125.18723,125429.09659,3.6462300000000027,121.541,122148.705,0.0,0.0,121.541,121541.0,0.0,2019,7,0,Monday,3,Summer
EUR/USD,2019-07-15,1.12718,1.128599,1.125568,1.127205,USD,1.16102115,1163.26428795,0.033816150000000045,1.127205,1132.841025,0.0,0.0,1.127205,1127.205,0.0,2019,7,0,Monday,3,Summer
EUR/USD,2019-07-16,1.126088,1.126634,1.1209,1.126177,USD,1.15996231,1162.2034022300002,0.03378531000000007,1.126177,1131.807885,0.0,0.0,1.126177,1126.177,0.0,2019,7,1,Tuesday,3,Summer
EUR/GBP,2019-07-16,0.89956,0.9046,0.8994,0.89958,GBP,0.9265674,928.3575642000001,0.026987399999999995,0.89958,904.0779,0.0,0.0,0.89958,899.58,0.0,2019,7,1,Tuesday,3,Summer
EUR/JPY,2019-07-16,121.487999,121.664001,121.080002,121.503998,JPY,125.14911794,125390.91089602,3.6451199400000007,121.503998,122111.51799,0.0,0.0,121.503998,121503.99799999999,0.0,2019,7,1,Tuesday,3,Summer
EUR/GBP,2019-07-17,0.90346,0.905,0.90229,0.9034,GBP,0.930502,932.2997660000001,0.02710200000000007,0.9034,907.917,0.0,0.0,0.9034,903.4,0.0,2019,7,2,Wednesday,3,Summer
EUR/JPY,2019-07-17,121.313004,121.474998,121.199997,121.311996,JPY,124.95135588,125192.76675203998,3.6393598800000007,121.311996,121918.55598,0.0,0.0,121.311996,121311.996,0.0,2019,7,2,Wednesday,3,Summer
EUR/USD,2019-07-17,1.121328,1.123343,1.120109,1.121227,USD,1.15486381,1157.0950517299998,0.03363680999999996,1.121227,1126.8331349999999,0.0,0.0,1.121227,1121.2269999999999,0.0,2019,7,2,Wednesday,3,Summer
EUR/JPY,2019-07-18,121.162003,121.203003,120.802002,121.181,JPY,124.81643,125057.58019,3.6354299999999995,121.181,121786.905,0.0,0.0,121.181,121181.0,0.0,2019,7,3,Thursday,3,Summer
EUR/USD,2019-07-18,1.122776,1.124733,1.120624,1.122965,USD,1.15665395,1158.8886503499998,0.03368894999999994,1.122965,1128.579825,0.0,0.0,1.122965,1122.965,0.0,2019,7,3,Thursday,3,Summer
EUR/GBP,2019-07-18,0.90285,0.9039,0.89792,0.9029,GBP,0.929987,931.783771,0.027086999999999972,0.9029,907.4145000000001,0.0,0.0,0.9029,902.9000000000001,0.0,2019,7,3,Thursday,3,Summer
EUR/JPY,2019-07-19,120.954002,121.272003,120.811996,120.943001,JPY,124.57129103,124811.96760198999,3.6282900300000023,120.943001,121547.716005,0.0,0.0,120.943001,120943.00099999999,0.0,2019,7,4,Friday,3,Summer
EUR/GBP,2019-07-19,0.8977,0.89973,0.8957,0.89785,GBP,0.9247855,926.5722215000001,0.0269355,0.89785,902.33925,0.0,0.0,0.89785,897.85,0.0,2019,7,4,Friday,3,Summer
EUR/USD,2019-07-19,1.126152,1.127142,1.121504,1.126152,USD,1.15993656,1162.1776024800001,0.033784559999999964,1.126152,1131.78276,0.0,0.0,1.126152,1126.152,0.0,2019,7,4,Friday,3,Summer
EUR/USD,2019-07-22,1.121806,1.122712,1.120838,1.121831,USD,1.15548593,1157.7183736900001,0.03365492999999997,1.121831,1127.4401550000002,0.0,0.0,1.121831,1121.8310000000001,0.0,2019,7,0,Monday,3,Summer
EUR/JPY,2019-07-22,120.958,121.153999,120.830002,120.940002,JPY,124.56820206,124808.87266398002,3.6282000599999975,120.940002,121544.70201000001,0.0,0.0,120.940002,120940.00200000001,0.0,2019,7,0,Monday,3,Summer
EUR/GBP,2019-07-22,0.8964,0.9,0.8963,0.8966,GBP,0.9234979999999999,925.2822339999999,0.026897999999999977,0.8966,901.0829999999999,0.0,0.0,0.8966,896.5999999999999,0.0,2019,7,0,Monday,3,Summer
EUR/JPY,2019-07-23,120.860001,121.065002,120.489998,120.910004,JPY,124.53730412,124777.91502796,3.627300120000001,120.910004,121514.55402,0.0,0.0,120.910004,120910.004,0.0,2019,7,1,Tuesday,3,Summer
EUR/USD,2019-07-23,1.120498,1.121076,1.114964,1.120611,USD,1.1542293300000002,1156.4593458900001,0.03361833000000014,1.120611,1126.2140550000001,0.0,0.0,1.120611,1120.611,0.0,2019,7,1,Tuesday,3,Summer
EUR/GBP,2019-07-23,0.8981,0.90035,0.89532,0.89829,GBP,0.9252387000000001,927.0262971000001,0.026948700000000048,0.89829,902.7814500000001,0.0,0.0,0.89829,898.2900000000001,0.0,2019,7,1,Tuesday,3,Summer
EUR/JPY,2019-07-24,120.669998,120.685997,120.224998,120.690002,JPY,124.31070206000001,124550.87516398002,3.6207000600000043,120.690002,121293.45201000001,0.0,0.0,120.690002,120690.00200000001,0.0,2019,7,2,Wednesday,3,Summer
EUR/GBP,2019-07-24,0.8965,0.89656,0.89079,0.8966,GBP,0.9234979999999999,925.2822339999999,0.026897999999999977,0.8966,901.0829999999999,0.0,0.0,0.8966,896.5999999999999,0.0,2019,7,2,Wednesday,3,Summer
EUR/USD,2019-07-24,1.115101,1.115573,1.113003,1.115126,USD,1.1485797800000002,1150.7988807400002,0.0334537800000001,1.115126,1120.70163,0.0,0.0,1.115126,1115.126,0.0,2019,7,2,Wednesday,3,Summer
EUR/GBP,2019-07-25,0.89233,0.89592,0.8892,0.8924,GBP,0.919172,920.9478760000001,0.026772000000000018,0.8924,896.862,0.0,0.0,0.8924,892.4,0.0,2019,7,3,Thursday,3,Summer
EUR/USD,2019-07-25,1.114231,1.118693,1.110383,1.114243,USD,1.1476702900000002,1149.8876335700002,0.03342729000000011,1.114243,1119.814215,0.0,0.0,1.114243,1114.2430000000002,0.0,2019,7,3,Thursday,3,Summer
EUR/JPY,2019-07-25,120.528999,121.352997,120.056,120.543999,JPY,124.16031897,124400.20152801,3.6163199700000064,120.543999,121146.718995,0.0,0.0,120.543999,120543.999,0.0,2019,7,3,Thursday,3,Summer
EUR/USD,2019-07-26,1.114517,1.115324,1.111568,1.114616,USD,1.14805448,1150.27256584,0.03343848000000005,1.114616,1120.1890799999999,0.0,0.0,1.114616,1114.616,0.0,2019,7,4,Friday,3,Summer
EUR/JPY,2019-07-26,121.112,121.188004,120.796997,121.099998,JPY,124.73299794,124973.98693602,3.632999940000005,121.099998,121705.49798999999,0.0,0.0,121.099998,121099.99799999999,0.0,2019,7,4,Friday,3,Summer
EUR/GBP,2019-07-26,0.89487,0.89829,0.89476,0.8949,GBP,0.9217470000000001,923.527851,0.026847000000000065,0.8949,899.3745,0.0,0.0,0.8949,894.9,0.0,2019,7,4,Friday,3,Summer
EUR/JPY,2019-07-29,120.904999,121.294998,120.720001,120.879997,JPY,124.50639691,124746.94810403002,3.6263999100000035,120.879997,121484.396985,0.0,0.0,120.879997,120879.997,0.0,2019,7,0,Monday,3,Summer
EUR/USD,2019-07-29,1.11309,1.114455,1.111444,1.113214,USD,1.14661042,1148.82571586,0.03339642000000009,1.113214,1118.78007,0.0,0.0,1.113214,1113.214,0.0,2019,7,0,Monday,3,Summer
EUR/GBP,2019-07-29,0.8992,0.9115,0.8991,0.8992,GBP,0.926176,927.965408,0.026976,0.8992,903.696,0.0,0.0,0.8992,899.2,0.0,2019,7,0,Monday,3,Summer
EUR/USD,2019-07-30,1.114218,1.11581,1.113325,1.114305,USD,1.1477341500000002,1149.9516169500002,0.03342915000000013,1.114305,1119.8765250000001,0.0,0.0,1.114305,1114.305,0.0,2019,7,1,Tuesday,3,Summer
EUR/JPY,2019-07-30,121.293999,121.359001,120.886002,121.301003,JPY,124.94003309,125181.42208597,3.6390300900000057,121.301003,121907.508015,0.0,0.0,121.301003,121301.003,0.0,2019,7,1,Tuesday,3,Summer
EUR/GBP,2019-07-30,0.91194,0.91887,0.9117,0.91199,GBP,0.9393497,941.1645601,0.027359699999999987,0.91199,916.54995,0.0,0.0,0.91199,911.99,0.0,2019,7,1,Tuesday,3,Summer
EUR/USD,2019-07-31,1.115735,1.116445,1.11278,1.115797,USD,1.14927091,1151.49134603,0.03347391000000011,1.115797,1121.3759850000001,0.0,0.0,1.115797,1115.797,0.0,2019,7,2,Wednesday,3,Summer
EUR/GBP,2019-07-31,0.91764,0.91804,0.909,0.91741,GBP,0.9449323,946.7579459,0.0275223,0.91741,921.99705,0.0,0.0,0.91741,917.41,0.0,2019,7,2,Wednesday,3,Summer
EUR/JPY,2019-07-31,121.112,121.177002,120.819,121.125999,JPY,124.75977897,125000.81970800999,3.633779970000006,121.125999,121731.62899499999,0.0,0.0,121.125999,121125.999,0.0,2019,7,2,Wednesday,3,Summer
EUR/JPY,2019-08-01,120.480003,120.704002,119.559998,120.459999,JPY,124.07379897,124313.51436801,3.6137999700000023,120.459999,121062.29899499999,0.0,0.0,120.459999,120459.999,0.0,2019,8,3,Thursday,3,Summer
EUR/USD,2019-08-01,1.107224,1.107297,1.102755,1.107175,USD,1.14039025,1142.5935282500002,0.03321525000000003,1.107175,1112.710875,0.0,0.0,1.107175,1107.175,0.0,2019,8,3,Thursday,3,Summer
EUR/GBP,2019-08-01,0.91087,0.91364,0.90966,0.9108,GBP,0.9381240000000001,939.936492,0.027324000000000015,0.9108,915.354,0.0,0.0,0.9108,910.8000000000001,0.0,2019,8,3,Thursday,3,Summer
EUR/JPY,2019-08-02,119.014,119.088997,118.266998,119.016998,JPY,122.58750794000001,122824.35176602002,3.570509940000008,119.016998,119612.08299000001,0.0,0.0,119.016998,119016.998,0.0,2019,8,4,Friday,3,Summer
EUR/USD,2019-08-02,1.108181,1.11142,1.107076,1.107886,USD,1.14112258,1143.32727314,0.03323658000000007,1.107886,1113.42543,0.0,0.0,1.107886,1107.886,0.0,2019,8,4,Friday,3,Summer
EUR/GBP,2019-08-02,0.91372,0.9169,0.913,0.91369,GBP,0.9411007,942.9189431,0.02741070000000001,0.91369,918.25845,0.0,0.0,0.91369,913.69,0.0,2019,8,4,Friday,3,Summer
EUR/JPY,2019-08-05,118.370003,118.841003,117.693001,118.377998,JPY,121.92933794000001,122164.91015602,3.5513399400000054,118.377998,118969.88799,0.0,0.0,118.377998,118377.998,0.0,2019,8,0,Monday,3,Summer
EUR/USD,2019-08-05,1.110741,1.119946,1.110741,1.110803,USD,1.14412709,1146.33758797,0.03332409000000003,1.110803,1116.3570149999998,0.0,0.0,1.110803,1110.8029999999999,0.0,2019,8,0,Monday,3,Summer
EUR/GBP,2019-08-05,0.91415,0.92207,0.9132,0.91415,GBP,0.9415745000000001,943.3936585,0.027424500000000074,0.91415,918.72075,0.0,0.0,0.91415,914.15,0.0,2019,8,0,Monday,3,Summer
EUR/USD,2019-08-06,1.124265,1.124973,1.117069,1.124379,USD,1.15811037,1160.3478842099998,0.03373136999999993,1.124379,1130.000895,0.0,0.0,1.124379,1124.379,0.0,2019,8,1,Tuesday,3,Summer
EUR/GBP,2019-08-06,0.92478,0.92485,0.91565,0.9247,GBP,0.952441,954.281153,0.027741000000000016,0.9247,929.3235,0.0,0.0,0.9247,924.6999999999999,0.0,2019,8,1,Tuesday,3,Summer
EUR/JPY,2019-08-06,118.739998,119.783997,118.704002,118.721001,JPY,122.28263103,122518.88582199,3.5616300300000034,118.721001,119314.60600500001,0.0,0.0,118.721001,118721.001,0.0,2019,8,1,Tuesday,3,Summer
EUR/USD,2019-08-07,1.120586,1.124099,1.118093,1.120699,USD,1.15431997,1156.55016101,0.03362097000000008,1.120699,1126.302495,0.0,0.0,1.120699,1120.6989999999998,0.0,2019,8,2,Wednesday,3,Summer
EUR/JPY,2019-08-07,119.113998,119.176003,118.458,119.141998,JPY,122.71625794,122953.35051602001,3.5742599400000046,119.141998,119737.70799000001,0.0,0.0,119.141998,119141.998,0.0,2019,8,2,Wednesday,3,Summer
EUR/GBP,2019-08-07,0.9206,0.92471,0.91891,0.92061,GBP,0.9482283,950.0603139,0.027618299999999985,0.92061,925.2130500000001,0.0,0.0,0.92061,920.61,0.0,2019,8,2,Wednesday,3,Summer
EUR/GBP,2019-08-08,0.92278,0.92632,0.9207,0.92256,GBP,0.9502368000000001,952.0726944000002,0.027676800000000057,0.92256,927.1728,0.0,0.0,0.92256,922.5600000000001,0.0,2019,8,3,Thursday,3,Summer
EUR/USD,2019-08-08,1.120486,1.122838,1.118443,1.120436,USD,1.15404908,1156.27874764,0.03361308000000007,1.120436,1126.03818,0.0,0.0,1.120436,1120.436,0.0,2019,8,3,Thursday,3,Summer
EUR/JPY,2019-08-08,118.916,119.136002,118.550003,118.900002,JPY,122.46700206,122703.61306398,3.567000059999998,118.900002,119494.50201000001,0.0,0.0,118.900002,118900.00200000001,0.0,2019,8,3,Thursday,3,Summer
EUR/JPY,2019-08-09,118.442001,118.714996,118.196999,118.445,JPY,121.99835,122234.05555,3.553350000000009,118.445,119037.225,0.0,0.0,118.445,118445.0,0.0,2019,8,4,Friday,3,Summer
EUR/GBP,2019-08-09,0.92122,0.92899,0.921,0.9211,GBP,0.948733,950.5659890000001,0.02763300000000002,0.9211,925.7055,0.0,0.0,0.9211,921.1,0.0,2019,8,4,Friday,3,Summer
EUR/USD,2019-08-09,1.118731,1.121982,1.118406,1.118718,USD,1.15227954,1154.50578882,0.03356154,1.118718,1124.31159,0.0,0.0,1.118718,1118.718,0.0,2019,8,4,Friday,3,Summer
EUR/GBP,2019-08-12,0.93212,0.9322,0.92501,0.93225,GBP,0.9602175000000001,962.0726775,0.027967500000000034,0.93225,936.91125,0.0,0.0,0.93225,932.25,0.0,2019,8,0,Monday,3,Summer
EUR/USD,2019-08-12,1.120687,1.123028,1.116333,1.12085,USD,1.1544755,1156.7059915,0.033625500000000086,1.12085,1126.45425,0.0,0.0,1.12085,1120.85,0.0,2019,8,0,Monday,3,Summer
EUR/JPY,2019-08-12,118.113998,118.296997,117.514999,118.100998,JPY,121.64402794,121879.04892602,3.5430299399999967,118.100998,118691.50299000001,0.0,0.0,118.100998,118100.998,0.0,2019,8,0,Monday,3,Summer
EUR/JPY,2019-08-13,118.169998,119.568001,117.695999,118.169998,JPY,121.71509794,121950.25623602001,3.54509994,118.169998,118760.84799000001,0.0,0.0,118.169998,118169.998,0.0,2019,8,1,Tuesday,3,Summer
EUR/GBP,2019-08-13,0.92839,0.9293,0.92497,0.9285,GBP,0.9563550000000001,958.202715,0.027855000000000074,0.9285,933.1425,0.0,0.0,0.9285,928.5,0.0,2019,8,1,Tuesday,3,Summer
EUR/USD,2019-08-13,1.121831,1.122826,1.117818,1.121831,USD,1.15548593,1157.7183736900001,0.03365492999999997,1.121831,1127.4401550000002,0.0,0.0,1.121831,1121.8310000000001,0.0,2019,8,1,Tuesday,3,Summer
EUR/JPY,2019-08-14,119.128998,119.132004,117.809998,119.134003,JPY,122.70802309000001,122945.09975597002,3.5740200900000048,119.134003,119729.67301500001,0.0,0.0,119.134003,119134.00300000001,0.0,2019,8,2,Wednesday,3,Summer
EUR/USD,2019-08-14,1.117756,1.1191,1.113995,1.117706,USD,1.15123718,1153.4614149400002,0.033531179999999994,1.117706,1123.2945300000001,0.0,0.0,1.117706,1117.7060000000001,0.0,2019,8,2,Wednesday,3,Summer
EUR/GBP,2019-08-14,0.92641,0.92751,0.92323,0.92645,GBP,0.9542435,956.0871355,0.027793500000000027,0.92645,931.08225,0.0,0.0,0.92645,926.45,0.0,2019,8,2,Wednesday,3,Summer
EUR/USD,2019-08-15,1.114504,1.1159,1.109558,1.11433,USD,1.1477599,1149.9774167,0.03342990000000001,1.11433,1119.9016500000002,0.0,0.0,1.11433,1114.3300000000002,0.0,2019,8,3,Thursday,3,Summer
EUR/GBP,2019-08-15,0.92403,0.92503,0.91548,0.924,GBP,0.9517200000000001,953.5587600000001,0.027720000000000078,0.924,928.62,0.0,0.0,0.924,924.0,0.0,2019,8,3,Thursday,3,Summer
EUR/JPY,2019-08-15,118.030998,118.685997,117.769997,118.0,JPY,121.54,121774.82,3.5400000000000063,118.0,118590.0,0.0,0.0,118.0,118000.0,0.0,2019,8,3,Thursday,3,Summer
EUR/GBP,2019-08-16,0.91886,0.9191,0.90906,0.91885,GBP,0.9464155,948.2440114999999,0.02756550000000002,0.91885,923.4442499999999,0.0,0.0,0.91885,918.8499999999999,0.0,2019,8,4,Friday,3,Summer
EUR/JPY,2019-08-16,117.875999,118.139999,117.580002,117.839996,JPY,121.37519588,121609.69747204002,3.5351998800000075,117.839996,118429.19598,0.0,0.0,117.839996,117839.996,0.0,2019,8,4,Friday,3,Summer
EUR/USD,2019-08-16,1.111136,1.111358,1.106746,1.111358,USD,1.1446987400000002,1146.9103424200002,0.03334074000000009,1.111358,1116.9147900000003,0.0,0.0,1.111358,1111.3580000000002,0.0,2019,8,4,Friday,3,Summer
EUR/JPY,2019-08-19,118.030998,118.453003,117.830002,118.051003,JPY,121.59253309,121827.45458597,3.541530090000009,118.051003,118641.258015,0.0,0.0,118.051003,118051.003,0.0,2019,8,0,Monday,3,Summer
EUR/USD,2019-08-19,1.109385,1.111,1.10882,1.109385,USD,1.1426665500000002,1144.8742261500001,0.033281550000000104,1.109385,1114.931925,0.0,0.0,1.109385,1109.385,0.0,2019,8,0,Monday,3,Summer
EUR/GBP,2019-08-19,0.91218,0.91677,0.91119,0.9122,GBP,0.939566,941.3812780000001,0.027366,0.9122,916.7610000000001,0.0,0.0,0.9122,912.2,0.0,2019,8,0,Monday,3,Summer
EUR/GBP,2019-08-20,0.91361,0.9182,0.91107,0.9136,GBP,0.941008,942.826064,0.027407999999999988,0.9136,918.168,0.0,0.0,0.9136,913.6,0.0,2019,8,1,Tuesday,3,Summer
EUR/JPY,2019-08-20,118.098999,118.258003,117.57,118.110001,JPY,121.65330103,121888.33993198999,3.5433000299999975,118.110001,118700.551005,0.0,0.0,118.110001,118110.001,0.0,2019,8,1,Tuesday,3,Summer
EUR/USD,2019-08-20,1.108254,1.1099,1.106893,1.108316,USD,1.1415654800000001,1143.77102884,0.03324948000000005,1.108316,1113.85758,0.0,0.0,1.108316,1108.316,0.0,2019,8,1,Tuesday,3,Summer
EUR/JPY,2019-08-21,117.961998,118.303001,117.93,117.932999,JPY,121.47098897,121705.67563801,3.537989969999998,117.932999,118522.663995,0.0,0.0,117.932999,117932.999,0.0,2019,8,2,Wednesday,3,Summer
EUR/USD,2019-08-21,1.109853,1.110741,1.108881,1.109779,USD,1.14307237,1145.2808302100002,0.03329336999999999,1.109779,1115.327895,0.0,0.0,1.109779,1109.779,0.0,2019,8,2,Wednesday,3,Summer
EUR/GBP,2019-08-21,0.91223,0.91605,0.9115,0.91242,GBP,0.9397926,941.6083158,0.02737259999999997,0.91242,916.9821,0.0,0.0,0.91242,912.42,0.0,2019,8,2,Wednesday,3,Summer
EUR/JPY,2019-08-22,118.216003,118.292999,117.727997,118.209999,JPY,121.75629897,121991.53686801001,3.546299970000007,118.209999,118801.04899499999,0.0,0.0,118.209999,118209.999,0.0,2019,8,3,Thursday,3,Summer
EUR/USD,2019-08-22,1.109041,1.1114,1.106452,1.109078,USD,1.1423503400000001,1144.5574052200002,0.03327234000000012,1.109078,1114.62339,0.0,0.0,1.109078,1109.078,0.0,2019,8,3,Thursday,3,Summer
EUR/GBP,2019-08-22,0.91412,0.91563,0.90292,0.91409,GBP,0.9415127,943.3317391,0.027422700000000022,0.91409,918.66045,0.0,0.0,0.91409,914.0899999999999,0.0,2019,8,3,Thursday,3,Summer
EUR/JPY,2019-08-23,118.013,118.128998,117.279999,118.0,JPY,121.54,121774.82,3.5400000000000063,118.0,118590.0,0.0,0.0,118.0,118000.0,0.0,2019,8,4,Friday,3,Summer
EUR/USD,2019-08-23,1.108328,1.1149,1.1053,1.108402,USD,1.1416540600000002,1143.8597799800002,0.03325206000000014,1.108402,1113.94401,0.0,0.0,1.108402,1108.402,0.0,2019,8,4,Friday,3,Summer
EUR/GBP,2019-08-23,0.90459,0.90928,0.90392,0.9047,GBP,0.9318409999999999,933.6413529999999,0.02714099999999997,0.9047,909.2235,0.0,0.0,0.9047,904.6999999999999,0.0,2019,8,4,Friday,3,Summer
EUR/JPY,2019-08-26,116.847,118.055,116.847,116.832001,JPY,120.33696103000001,120569.45671199,3.5049600300000066,116.832001,117416.161005,0.0,0.0,116.832001,116832.001,0.0,2019,8,0,Monday,3,Summer
EUR/USD,2019-08-26,1.114305,1.11525,1.11084,1.114305,USD,1.1477341500000002,1149.9516169500002,0.03342915000000013,1.114305,1119.8765250000001,0.0,0.0,1.114305,1114.305,0.0,2019,8,0,Monday,3,Summer
EUR/GBP,2019-08-26,0.90866,0.91075,0.9064,0.90866,GBP,0.9359198000000001,937.7280334000001,0.027259800000000056,0.90866,913.2033,0.0,0.0,0.90866,908.66,0.0,2019,8,0,Monday,3,Summer
EUR/GBP,2019-08-27,0.90825,0.90938,0.90198,0.90825,GBP,0.9354975,937.3049175,0.02724749999999998,0.90825,912.79125,0.0,0.0,0.90825,908.25,0.0,2019,8,1,Tuesday,3,Summer
EUR/JPY,2019-08-27,117.620003,117.710999,117.220001,117.642998,JPY,121.17228794,121406.39750602,3.529289939999998,117.642998,118231.21299,0.0,0.0,117.642998,117642.998,0.0,2019,8,1,Tuesday,3,Summer
EUR/USD,2019-08-27,1.110112,1.111852,1.108881,1.110371,USD,1.14368213,1145.8917682899998,0.03331112999999997,1.110371,1115.922855,0.0,0.0,1.110371,1110.371,0.0,2019,8,1,Tuesday,3,Summer
EUR/JPY,2019-08-28,117.266998,117.390999,117.099998,117.263,JPY,120.78089000000001,121014.24337000001,3.5178900000000084,117.263,117849.315,0.0,0.0,117.263,117263.0,0.0,2019,8,2,Wednesday,3,Summer
EUR/GBP,2019-08-28,0.9029,0.91168,0.9024,0.90279,GBP,0.9298737,931.6702521,0.027083700000000044,0.90279,907.30395,0.0,0.0,0.90279,902.79,0.0,2019,8,2,Wednesday,3,Summer
EUR/USD,2019-08-28,1.109004,1.110001,1.107444,1.109004,USD,1.1422741200000002,1144.4810379600003,0.03327012000000007,1.109004,1114.5490200000002,0.0,0.0,1.109004,1109.0040000000001,0.0,2019,8,2,Wednesday,3,Summer
EUR/USD,2019-08-29,1.108537,1.109016,1.10562,1.108586,USD,1.1418435800000002,1144.0496661400002,0.03325758000000012,1.108586,1114.12893,0.0,0.0,1.108586,1108.586,0.0,2019,8,3,Thursday,3,Summer
EUR/JPY,2019-08-29,117.598,117.888,117.282997,117.584999,JPY,121.11254897,121346.54311801,3.5275499700000097,117.584999,118172.92399499999,0.0,0.0,117.584999,117584.999,0.0,2019,8,3,Thursday,3,Summer
EUR/GBP,2019-08-29,0.90726,0.90919,0.90522,0.90724,GBP,0.9344572000000001,936.2626076,0.027217200000000052,0.90724,911.7762,0.0,0.0,0.90724,907.24,0.0,2019,8,3,Thursday,3,Summer
EUR/JPY,2019-08-30,117.75,117.769997,116.720001,117.699997,JPY,121.23099691,121465.21990403,3.5309999100000056,117.699997,118288.496985,0.0,0.0,117.699997,117699.997,0.0,2019,8,4,Friday,3,Summer
EUR/USD,2019-08-30,1.105962,1.106097,1.09872,1.106195,USD,1.13938085,1141.58217805,0.03318584999999996,1.106195,1111.7259749999998,0.0,0.0,1.106195,1106.195,0.0,2019,8,4,Friday,3,Summer
EUR/GBP,2019-08-30,0.90754,0.90793,0.9022,0.90749,GBP,0.9347147,936.5206051,0.02722469999999999,0.90749,912.02745,0.0,0.0,0.90749,907.49,0.0,2019,8,4,Friday,3,Summer
EUR/GBP,2019-09-02,0.9038,0.9107,0.9026,0.90391,GBP,0.9310273,932.8260809,0.02711730000000001,0.90391,908.42955,0.0,0.0,0.90391,903.91,0.0,2019,9,0,Monday,3,Autumn
EUR/JPY,2019-09-02,116.662003,116.764,116.43,116.650002,JPY,120.14950206,120381.63556398,3.4995000600000026,116.650002,117233.25201000001,0.0,0.0,116.650002,116650.00200000001,0.0,2019,9,0,Monday,3,Autumn
EUR/USD,2019-09-02,1.099094,1.099747,1.095878,1.099179,USD,1.1321543699999999,1134.3417362099997,0.03297536999999995,1.099179,1104.6748949999999,0.0,0.0,1.099179,1099.1789999999999,0.0,2019,9,0,Monday,3,Autumn
EUR/USD,2019-09-03,1.096732,1.097731,1.09304,1.096852,USD,1.12975756,1131.94029548,0.03290556000000011,1.096852,1102.3362599999998,0.0,0.0,1.096852,1096.8519999999999,0.0,2019,9,1,Tuesday,3,Autumn
EUR/GBP,2019-09-03,0.9088,0.91464,0.90619,0.90856,GBP,0.9358168,937.6248344,0.02725679999999997,0.90856,913.1028000000001,0.0,0.0,0.90856,908.5600000000001,0.0,2019,9,1,Tuesday,3,Autumn
EUR/JPY,2019-09-03,116.432999,116.459999,115.867996,116.449997,JPY,119.94349691,120175.23240402999,3.493499909999997,116.449997,117032.246985,0.0,0.0,116.449997,116449.997,0.0,2019,9,1,Tuesday,3,Autumn
EUR/USD,2019-09-04,1.097358,1.103499,1.097273,1.097454,USD,1.13037762,1132.56155346,0.03292362000000004,1.097454,1102.94127,0.0,0.0,1.097454,1097.454,0.0,2019,9,2,Wednesday,3,Autumn
EUR/GBP,2019-09-04,0.90749,0.90806,0.90168,0.9073,GBP,0.934519,936.324527,0.027218999999999993,0.9073,911.8365,0.0,0.0,0.9073,907.3,0.0,2019,9,2,Wednesday,3,Autumn
EUR/JPY,2019-09-04,116.161003,117.204002,116.148003,116.129997,JPY,119.61389691000001,119844.99560403002,3.483899910000005,116.129997,116710.646985,0.0,0.0,116.129997,116129.997,0.0,2019,9,2,Wednesday,3,Autumn
EUR/GBP,2019-09-05,0.90107,0.90283,0.89434,0.901,GBP,0.92803,929.82299,0.02703,0.901,905.505,0.0,0.0,0.901,901.0,0.0,2019,9,3,Thursday,3,Autumn
EUR/JPY,2019-09-05,117.343002,118.592003,117.268997,117.327003,JPY,120.84681309000001,121080.29382597002,3.519810090000007,117.327003,117913.63801500002,0.0,0.0,117.327003,117327.00300000001,0.0,2019,9,3,Thursday,3,Autumn
EUR/USD,2019-09-05,1.103753,1.108279,1.101831,1.103497,USD,1.13660191,1138.7978690300001,0.03310491000000004,1.103497,1109.014485,0.0,0.0,1.103497,1103.4969999999998,0.0,2019,9,3,Thursday,3,Autumn
EUR/GBP,2019-09-06,0.89521,0.8985,0.8944,0.8952,GBP,0.922056,923.837448,0.02685599999999999,0.8952,899.676,0.0,0.0,0.8952,895.2,0.0,2019,9,4,Friday,3,Autumn
EUR/JPY,2019-09-06,118.120003,118.255997,117.849998,118.132004,JPY,121.67596412,121911.04680796001,3.5439601200000084,118.132004,118722.66402,0.0,0.0,118.132004,118132.004,0.0,2019,9,4,Friday,3,Autumn
EUR/USD,2019-09-06,1.103631,1.105742,1.102123,1.103631,USD,1.13673993,1138.9361556899999,0.033108930000000036,1.103631,1109.149155,0.0,0.0,1.103631,1103.631,0.0,2019,9,4,Friday,3,Autumn
EUR/JPY,2019-09-09,117.839996,118.484001,117.736,117.851997,JPY,121.38755691,121622.08238403,3.5355599100000035,117.851997,118441.256985,0.0,0.0,117.851997,117851.997,0.0,2019,9,0,Monday,3,Autumn
EUR/GBP,2019-09-09,0.8969,0.90124,0.89067,0.89709,GBP,0.9240027000000001,925.7879091000001,0.02691270000000001,0.89709,901.57545,0.0,0.0,0.89709,897.09,0.0,2019,9,0,Monday,3,Autumn
EUR/USD,2019-09-09,1.102074,1.106525,1.101613,1.102062,USD,1.1351238600000002,1137.31696338,0.03306186000000011,1.102062,1107.57231,0.0,0.0,1.102062,1102.0620000000001,0.0,2019,9,0,Monday,3,Autumn
EUR/GBP,2019-09-10,0.8947,0.89726,0.89209,0.89489,GBP,0.9217367,923.5175310999999,0.0268467,0.89489,899.36445,0.0,0.0,0.89489,894.89,0.0,2019,9,1,Tuesday,3,Autumn
EUR/JPY,2019-09-10,118.549004,118.750999,118.269997,118.582001,JPY,122.13946103,122375.43921199,3.5574600300000014,118.582001,119174.911005,0.0,0.0,118.582001,118582.001,0.0,2019,9,1,Tuesday,3,Autumn
EUR/USD,2019-09-10,1.104728,1.10595,1.103181,1.104838,USD,1.13798314,1140.18176762,0.03314514000000002,1.104838,1110.36219,0.0,0.0,1.104838,1104.838,0.0,2019,9,1,Tuesday,3,Autumn
EUR/JPY,2019-10-08,117.681,117.953003,117.137001,117.670998,JPY,121.20112794,121435.29322602,3.530129940000009,117.670998,118259.35299,0.0,0.0,117.670998,117670.99799999999,0.0,2019,10,1,Tuesday,4,Autumn
EUR/USD,2019-10-08,1.097273,1.0998,1.094667,1.097213,USD,1.13012939,1132.31284387,0.03291639000000002,1.097213,1102.699065,0.0,0.0,1.097213,1097.213,0.0,2019,10,1,Tuesday,4,Autumn
EUR/GBP,2019-10-08,0.89283,0.89988,0.8922,0.8928,GBP,0.9195840000000001,921.360672,0.02678400000000003,0.8928,897.2640000000001,0.0,0.0,0.8928,892.8000000000001,0.0,2019,10,1,Tuesday,4,Autumn
EUR/JPY,2019-10-10,117.785004,118.912003,117.738998,117.736,JPY,121.26808000000001,121502.37464000001,3.5320800000000077,117.736,118324.68,0.0,0.0,117.736,117736.0,0.0,2019,10,3,Thursday,4,Autumn
EUR/USD,2019-10-10,1.098587,1.103387,1.098044,1.09878,USD,1.1317434000000002,1133.9299722,0.03296340000000009,1.09878,1104.2739000000001,0.0,0.0,1.09878,1098.7800000000002,0.0,2019,10,3,Thursday,4,Autumn
EUR/GBP,2019-10-10,0.89939,0.90183,0.88943,0.89947,GBP,0.9264541000000001,928.2440453,0.026984100000000066,0.89947,903.96735,0.0,0.0,0.89947,899.47,0.0,2019,10,3,Thursday,4,Autumn
EUR/USD,2019-10-11,1.101443,1.1062,1.100388,1.101103,USD,1.13413609,1136.32728497,0.03303308999999999,1.101103,1106.608515,0.0,0.0,1.101103,1101.1029999999998,0.0,2019,10,4,Friday,4,Autumn
EUR/GBP,2019-10-11,0.8855,0.88582,0.8697,0.8855,GBP,0.912065,913.8271450000001,0.02656500000000006,0.8855,889.9275,0.0,0.0,0.8855,885.5,0.0,2019,10,4,Friday,4,Autumn
EUR/JPY,2019-10-11,118.739998,119.988998,118.739998,118.779999,JPY,122.34339897000001,122579.77116801,3.563399970000006,118.779999,119373.89899500001,0.0,0.0,118.779999,118779.99900000001,0.0,2019,10,4,Friday,4,Autumn
EUR/GBP,2019-10-14,0.87443,0.88081,0.87175,0.8738,GBP,0.9000140000000001,901.7528620000002,0.02621400000000007,0.8738,878.1690000000001,0.0,0.0,0.8738,873.8000000000001,0.0,2019,10,0,Monday,4,Autumn
EUR/JPY,2019-10-14,119.602997,119.602997,119.18,119.610001,JPY,123.19830103,123436.32493199,3.588300029999999,119.610001,120208.051005,0.0,0.0,119.610001,119610.001,0.0,2019,10,0,Monday,4,Autumn
EUR/USD,2019-10-14,1.102816,1.1043,1.101516,1.103,USD,1.13609,1138.2849700000002,0.033090000000000064,1.103,1108.515,0.0,0.0,1.103,1103.0,0.0,2019,10,0,Monday,4,Autumn
EUR/GBP,2019-10-15,0.87435,0.87486,0.86301,0.87423,GBP,0.9004569,902.1966177,0.026226900000000053,0.87423,878.6011499999998,0.0,0.0,0.87423,874.2299999999999,0.0,2019,10,1,Tuesday,4,Autumn
EUR/JPY,2019-10-15,119.484001,120.198997,119.139999,119.508003,JPY,123.09324309,123331.06401597,3.585240089999999,119.508003,120105.543015,0.0,0.0,119.508003,119508.003,0.0,2019,10,1,Tuesday,4,Autumn
EUR/USD,2019-10-15,1.102584,1.104545,1.099276,1.102901,USD,1.13598803,1138.18280299,0.03308703000000013,1.102901,1108.415505,0.0,0.0,1.102901,1102.9009999999998,0.0,2019,10,1,Tuesday,4,Autumn
EUR/JPY,2019-10-16,120.061996,120.417,119.750999,120.069,JPY,123.67107,123910.00731,3.6020699999999977,120.069,120669.345,0.0,0.0,120.069,120069.0,0.0,2019,10,2,Wednesday,4,Autumn
EUR/GBP,2019-10-16,0.86473,0.87064,0.85974,0.86469,GBP,0.8906307,892.3514331,0.02594070000000004,0.86469,869.0134499999999,0.0,0.0,0.86469,864.6899999999999,0.0,2019,10,2,Wednesday,4,Autumn
EUR/USD,2019-10-16,1.1034,1.107628,1.102354,1.103473,USD,1.13657719,1138.7731012699999,0.03310418999999998,1.103473,1108.9903649999999,0.0,0.0,1.103473,1103.473,0.0,2019,10,2,Wednesday,4,Autumn
EUR/JPY,2019-10-17,120.342003,121.336998,120.330002,120.360001,JPY,123.97080103,124210.31743199,3.610800030000007,120.360001,120961.801005,0.0,0.0,120.360001,120360.001,0.0,2019,10,3,Thursday,4,Autumn
EUR/GBP,2019-10-17,0.86381,0.86964,0.8582,0.8637,GBP,0.889611,891.329763,0.025911000000000017,0.8637,868.0185,0.0,0.0,0.8637,863.7,0.0,2019,10,3,Thursday,4,Autumn
EUR/USD,2019-10-17,1.10743,1.113995,1.106586,1.107493,USD,1.14071779,1142.9217010700002,0.033224790000000004,1.107493,1113.0304650000003,0.0,0.0,1.107493,1107.4930000000002,0.0,2019,10,3,Thursday,4,Autumn
EUR/GBP,2019-10-18,0.8647,0.86629,0.86183,0.86451,GBP,0.8904453,892.1656749,0.025935299999999994,0.86451,868.83255,0.0,0.0,0.86451,864.51,0.0,2019,10,4,Friday,4,Autumn
EUR/USD,2019-10-18,1.112718,1.116196,1.111506,1.112718,USD,1.14609954,1148.31384882,0.03338153999999993,1.112718,1118.28159,0.0,0.0,1.112718,1112.718,0.0,2019,10,4,Friday,4,Autumn
EUR/JPY,2019-10-18,120.806999,121.044998,120.658997,120.800003,JPY,124.42400309000001,124664.39509597002,3.6240000900000098,120.800003,121404.003015,0.0,0.0,120.800003,120800.003,0.0,2019,10,4,Friday,4,Autumn
EUR/USD,2019-10-21,1.115611,1.118068,1.114,1.115573,USD,1.14904019,1151.2601802699999,0.03346719000000009,1.115573,1121.1508649999998,0.0,0.0,1.115573,1115.5729999999999,0.0,2019,10,0,Monday,4,Autumn
EUR/GBP,2019-10-21,0.86453,0.86541,0.8577,0.86471,GBP,0.8906513,892.3720729,0.025941300000000056,0.86471,869.0335499999999,0.0,0.0,0.86471,864.7099999999999,0.0,2019,10,0,Monday,4,Autumn
EUR/JPY,2019-10-21,120.93,121.455002,120.900002,120.931,JPY,124.55893,124799.58269000001,3.6279300000000063,120.931,121535.655,0.0,0.0,120.931,120931.0,0.0,2019,10,0,Monday,4,Autumn
EUR/USD,2019-10-22,1.1152,1.116071,1.112471,1.115175,USD,1.14863025,1150.8494482500003,0.03345525000000005,1.115175,1120.750875,0.0,0.0,1.115175,1115.175,0.0,2019,10,1,Tuesday,4,Autumn
EUR/GBP,2019-10-22,0.85968,0.86293,0.8587,0.85962,GBP,0.8854086000000001,887.1192438,0.02578860000000005,0.85962,863.9181,0.0,0.0,0.85962,859.62,0.0,2019,10,1,Tuesday,4,Autumn
EUR/JPY,2019-10-22,121.107002,121.280998,120.739998,121.098,JPY,124.73094,124971.92502,3.632940000000005,121.098,121703.49,0.0,0.0,121.098,121098.0,0.0,2019,10,1,Tuesday,4,Autumn
EUR/GBP,2019-10-23,0.86363,0.86574,0.86222,0.86361,GBP,0.8895183,891.2368839,0.025908299999999995,0.86361,867.92805,0.0,0.0,0.86361,863.61,0.0,2019,10,2,Wednesday,4,Autumn
EUR/USD,2019-10-23,1.112966,1.113338,1.110803,1.112929,USD,1.1463168700000002,1148.53159871,0.0333878700000001,1.112929,1118.493645,0.0,0.0,1.112929,1112.929,0.0,2019,10,2,Wednesday,4,Autumn
EUR/JPY,2019-10-23,120.719002,120.818001,120.370003,120.724998,JPY,124.34674794,124586.99068602,3.621749940000001,120.724998,121328.62298999999,0.0,0.0,120.724998,120724.99799999999,0.0,2019,10,2,Wednesday,4,Autumn
EUR/GBP,2019-10-24,0.86155,0.8663,0.86011,0.86154,GBP,0.8873862,889.1006646000001,0.02584620000000004,0.86154,865.8476999999999,0.0,0.0,0.86154,861.54,0.0,2019,10,3,Thursday,4,Autumn
EUR/JPY,2019-10-24,120.905998,121.378998,120.419998,120.940002,JPY,124.56820206,124808.87266398002,3.6282000599999975,120.940002,121544.70201000001,0.0,0.0,120.940002,120940.00200000001,0.0,2019,10,3,Thursday,4,Autumn
EUR/USD,2019-10-24,1.113263,1.11657,1.109385,1.113239,USD,1.14663617,1148.85151561,0.033397169999999976,1.113239,1118.8051950000001,0.0,0.0,1.113239,1113.239,0.0,2019,10,3,Thursday,4,Autumn
EUR/GBP,2019-10-25,0.86469,0.86687,0.86307,0.86481,GBP,0.8907543,892.4752718999999,0.02594430000000003,0.86481,869.1340499999999,0.0,0.0,0.86481,864.81,0.0,2019,10,4,Friday,4,Autumn
EUR/USD,2019-10-25,1.110445,1.112595,1.108045,1.110396,USD,1.14370788,1145.9175680399999,0.03331188000000007,1.110396,1115.94798,0.0,0.0,1.110396,1110.396,0.0,2019,10,4,Friday,4,Autumn
EUR/JPY,2019-10-25,120.601997,120.801697,120.350998,120.591599,JPY,124.20934697,124449.32425201,3.6177479699999964,120.591599,121194.556995,0.0,0.0,120.591599,120591.599,0.0,2019,10,4,Friday,4,Autumn
EUR/GBP,2019-10-28,0.8639,0.86515,0.8616,0.86398,GBP,0.8898994,891.6187202,0.025919400000000037,0.86398,868.2999,0.0,0.0,0.86398,863.98,0.0,2019,10,0,Monday,4,Autumn
EUR/USD,2019-10-28,1.108475,1.110667,1.107714,1.108426,USD,1.14167878,1143.88454774,0.03325277999999998,1.108426,1113.96813,0.0,0.0,1.108426,1108.426,0.0,2019,10,0,Monday,4,Autumn
EUR/JPY,2019-10-28,120.510002,120.940002,120.449997,120.5,JPY,124.11500000000001,124354.79500000001,3.615000000000009,120.5,121102.5,0.0,0.0,120.5,120500.0,0.0,2019,10,0,Monday,4,Autumn
EUR/USD,2019-10-29,1.110248,1.111877,1.107506,1.109915,USD,1.14321245,1145.42118085,0.03329745000000006,1.109915,1115.464575,0.0,0.0,1.109915,1109.915,0.0,2019,10,1,Tuesday,4,Autumn
EUR/GBP,2019-10-29,0.86324,0.865,0.86084,0.8631,GBP,0.888993,890.7105690000001,0.025893000000000055,0.8631,867.4155000000001,0.0,0.0,0.8631,863.1,0.0,2019,10,1,Tuesday,4,Autumn
EUR/JPY,2019-10-29,120.900002,121.056999,120.550003,120.935997,JPY,124.56407691,124804.73954403,3.6280799099999967,120.935997,121540.676985,0.0,0.0,120.935997,120935.997,0.0,2019,10,1,Tuesday,4,Autumn
EUR/USD,2019-10-30,1.111222,1.112595,1.110334,1.111482,USD,1.1448264600000002,1147.0383091800002,0.03334446000000013,1.111482,1117.0394099999999,0.0,0.0,1.111482,1111.482,0.0,2019,10,2,Wednesday,4,Autumn
EUR/JPY,2019-10-30,120.986,121.089996,120.860001,120.980003,JPY,124.60940309,124850.15329597001,3.6294000900000043,120.980003,121584.903015,0.0,0.0,120.980003,120980.003,0.0,2019,10,2,Wednesday,4,Autumn
EUR/GBP,2019-10-30,0.86363,0.86429,0.86133,0.86372,GBP,0.8896316000000001,891.3504028000001,0.025911600000000035,0.86372,868.0386,0.0,0.0,0.86372,863.72,0.0,2019,10,2,Wednesday,4,Autumn
EUR/USD,2019-10-31,1.115424,1.117693,1.113375,1.115449,USD,1.14891247,1151.13221351,0.03346347000000005,1.115449,1121.0262449999998,0.0,0.0,1.115449,1115.4489999999998,0.0,2019,10,3,Thursday,4,Autumn
EUR/JPY,2019-10-31,121.355003,121.456001,120.339996,121.321999,JPY,124.96165897,125203.08974801001,3.6396599699999967,121.321999,121928.60899500002,0.0,0.0,121.321999,121321.99900000001,0.0,2019,10,3,Thursday,4,Autumn
EUR/GBP,2019-10-31,0.86435,0.8645,0.86009,0.86438,GBP,0.8903114000000001,892.0315162,0.02593140000000005,0.86438,868.7019,0.0,0.0,0.86438,864.38,0.0,2019,10,3,Thursday,4,Autumn
EUR/USD,2019-11-01,1.115611,1.117443,1.113078,1.11571,USD,1.1491813,1151.4015629,0.03347129999999998,1.11571,1121.28855,0.0,0.0,1.11571,1115.71,0.0,2019,11,4,Friday,4,Autumn
EUR/JPY,2019-11-01,120.519997,120.805,120.360001,120.496002,JPY,124.11088206000001,124350.66910398,3.6148800600000044,120.496002,121098.48201,0.0,0.0,120.496002,120496.00200000001,0.0,2019,11,4,Friday,4,Autumn
EUR/GBP,2019-11-01,0.86214,0.86339,0.85958,0.86218,GBP,0.8880454,889.7611382,0.02586540000000004,0.86218,866.4908999999999,0.0,0.0,0.86218,862.18,0.0,2019,11,4,Friday,4,Autumn
EUR/JPY,2019-11-04,120.82,121.085999,120.739998,120.836998,JPY,124.46210794,124702.57356602,3.6251099400000015,120.836998,121441.18298999999,0.0,0.0,120.836998,120836.99799999999,0.0,2019,11,0,Monday,4,Autumn
EUR/GBP,2019-11-04,0.8629,0.86449,0.8622,0.86305,GBP,0.8889415,890.6589695,0.025891500000000067,0.86305,867.36525,0.0,0.0,0.86305,863.05,0.0,2019,11,0,Monday,4,Autumn
EUR/USD,2019-11-04,1.116944,1.117701,1.1142,1.116657,USD,1.15015671,1152.37885743,0.03349971000000007,1.116657,1122.2402849999999,0.0,0.0,1.116657,1116.657,0.0,2019,11,0,Monday,4,Autumn
EUR/JPY,2019-11-05,120.954002,121.296997,120.695999,120.947998,JPY,124.57643794,124817.12445602,3.628439940000007,120.947998,121552.73799,0.0,0.0,120.947998,120947.99799999999,0.0,2019,11,1,Tuesday,4,Autumn
EUR/USD,2019-11-05,1.11283,1.1139,1.106464,1.112855,USD,1.14624065,1148.45523145,0.033385650000000044,1.112855,1118.419275,0.0,0.0,1.112855,1112.855,0.0,2019,11,1,Tuesday,4,Autumn
EUR/GBP,2019-11-05,0.86347,0.86444,0.85974,0.86315,GBP,0.8890445,890.7621684999999,0.025894500000000042,0.86315,867.46575,0.0,0.0,0.86315,863.15,0.0,2019,11,1,Tuesday,4,Autumn
EUR/JPY,2019-11-06,120.851997,120.900002,120.549004,120.869003,JPY,124.49507309,124735.60240597,3.626070089999999,120.869003,121473.34801500001,0.0,0.0,120.869003,120869.00300000001,0.0,2019,11,2,Wednesday,4,Autumn
EUR/GBP,2019-11-06,0.86,0.86117,0.8593,0.8597,GBP,0.885491,887.201803,0.02579100000000001,0.8597,863.9985,0.0,0.0,0.8597,859.7,0.0,2019,11,2,Wednesday,4,Autumn
EUR/USD,2019-11-06,1.107444,1.109509,1.106746,1.10742,USD,1.1406426,1142.8463658,0.03322259999999999,1.10742,1112.9571,0.0,0.0,1.10742,1107.42,0.0,2019,11,2,Wednesday,4,Autumn
EUR/GBP,2019-11-07,0.861,0.86561,0.8601,0.86098,GBP,0.8868094,888.5227502,0.025829400000000002,0.86098,865.2849,0.0,0.0,0.86098,860.98,0.0,2019,11,3,Thursday,4,Autumn
EUR/USD,2019-11-07,1.107064,1.109139,1.103801,1.10704,USD,1.1402512,1142.4542096,0.033211199999999996,1.10704,1112.5752,0.0,0.0,1.10704,1107.04,0.0,2019,11,3,Thursday,4,Autumn
EUR/JPY,2019-11-07,120.573997,121.086998,120.139999,120.565002,JPY,124.18195206000001,124421.87641398,3.6169500600000077,120.565002,121167.82701000001,0.0,0.0,120.565002,120565.00200000001,0.0,2019,11,3,Thursday,4,Autumn
EUR/USD,2019-11-08,1.10346,1.103814,1.10178,1.10197,USD,1.1350291,1137.2220203,0.03305910000000001,1.10197,1107.4798499999997,0.0,0.0,1.10197,1101.9699999999998,0.0,2019,11,4,Friday,4,Autumn
EUR/JPY,2019-11-08,120.767998,120.866997,120.220001,120.773003,JPY,124.39619309000001,124636.53136597002,3.6231900900000085,120.773003,121376.868015,0.0,0.0,120.773003,120773.003,0.0,2019,11,4,Friday,4,Autumn
EUR/GBP,2019-11-08,0.86205,0.86297,0.8598,0.86206,GBP,0.8879218000000001,889.6372994000001,0.025861800000000046,0.86206,866.3703,0.0,0.0,0.86206,862.0600000000001,0.0,2019,11,4,Friday,4,Autumn
EUR/JPY,2019-11-11,120.374001,120.408997,120.067001,120.38974,JPY,124.00143220000001,124241.0077826,3.6116922000000073,120.38974,120991.6887,0.0,0.0,120.38974,120389.74,0.0,2019,11,0,Monday,4,Autumn
EUR/USD,2019-11-11,1.102281,1.104362,1.101722,1.102244,USD,1.13531132,1137.50478556,0.03306732000000001,1.102244,1107.75522,0.0,0.0,1.102244,1102.244,0.0,2019,11,0,Monday,4,Autumn
EUR/GBP,2019-11-11,0.86133,0.86192,0.85613,0.86132,GBP,0.8871596,888.8736268000001,0.025839600000000074,0.86132,865.6265999999999,0.0,0.0,0.86132,861.3199999999999,0.0,2019,11,0,Monday,4,Autumn
EUR/GBP,2019-11-12,0.85834,0.8605,0.85674,0.8583,GBP,0.884049,885.757017,0.025749000000000022,0.8583,862.5915,0.0,0.0,0.8583,858.3,0.0,2019,11,1,Tuesday,4,Autumn
EUR/JPY,2019-11-12,120.332001,120.632004,120.149002,120.313004,JPY,123.92239412,124161.81699796,3.6093901200000005,120.313004,120914.56902,0.0,0.0,120.313004,120313.004,0.0,2019,11,1,Tuesday,4,Autumn
EUR/USD,2019-11-12,1.103485,1.104118,1.100388,1.103546,USD,1.13665238,1138.84843654,0.03310637999999999,1.103546,1109.0637299999999,0.0,0.0,1.103546,1103.5459999999998,0.0,2019,11,1,Tuesday,4,Autumn
EUR/JPY,2019-11-13,120.018997,120.168091,119.595001,120.024002,JPY,123.62472206,123863.56982398,3.6007200600000004,120.024002,120624.12200999999,0.0,0.0,120.024002,120024.002,0.0,2019,11,2,Wednesday,4,Autumn
EUR/USD,2019-11-13,1.101212,1.10205,1.10011,1.101237,USD,1.13427411,1136.46557163,0.03303710999999998,1.101237,1106.743185,0.0,0.0,1.101237,1101.237,0.0,2019,11,2,Wednesday,4,Autumn
EUR/GBP,2019-11-13,0.85685,0.85868,0.8562,0.85679,GBP,0.8824937,884.1987121000001,0.025703699999999996,0.85679,861.0739500000001,0.0,0.0,0.85679,856.7900000000001,0.0,2019,11,2,Wednesday,4,Autumn
EUR/GBP,2019-11-14,0.8565,0.85808,0.85449,0.8565,GBP,0.8821950000000001,883.899435,0.025695000000000023,0.8565,860.7825,0.0,0.0,0.8565,856.5,0.0,2019,11,3,Thursday,4,Autumn
EUR/JPY,2019-11-14,119.754997,119.804001,119.264,119.769997,JPY,123.36309691000001,123601.43920403,3.5930999100000065,119.769997,120368.846985,0.0,0.0,119.769997,119769.997,0.0,2019,11,3,Thursday,4,Autumn
EUR/USD,2019-11-14,1.100873,1.101783,1.099082,1.101322,USD,1.13436166,1136.55329078,0.033039660000000026,1.101322,1106.8286099999998,0.0,0.0,1.101322,1101.322,0.0,2019,11,3,Thursday,4,Autumn
EUR/GBP,2019-11-15,0.85536,0.8572,0.85502,0.85544,GBP,0.8811032,882.8055256,0.025663199999999997,0.85544,859.7171999999999,0.0,0.0,0.85544,855.4399999999999,0.0,2019,11,4,Friday,4,Autumn
EUR/USD,2019-11-15,1.102293,1.105583,1.101528,1.10205,USD,1.1351115,1137.3045795,0.03306150000000008,1.10205,1107.56025,0.0,0.0,1.10205,1102.05,0.0,2019,11,4,Friday,4,Autumn
EUR/JPY,2019-11-15,119.543999,120.246002,119.529999,119.557999,JPY,123.14473896999999,123382.65938801,3.5867399699999964,119.557999,120155.788995,0.0,0.0,119.557999,119557.999,0.0,2019,11,4,Friday,4,Autumn
EUR/USD,2019-11-18,1.1054,1.1091,1.1054,1.10551,USD,1.1386753,1140.8752649,0.033165300000000064,1.10551,1111.03755,0.0,0.0,1.10551,1105.51,0.0,2019,11,0,Monday,4,Autumn
EUR/GBP,2019-11-18,0.85552,0.856,0.85241,0.85552,GBP,0.8811856,882.8880848,0.025665600000000066,0.85552,859.7976,0.0,0.0,0.85552,855.52,0.0,2019,11,0,Monday,4,Autumn
EUR/JPY,2019-11-18,120.152,120.670998,120.139999,120.153999,JPY,123.75861897,123997.72542801,3.6046199700000017,120.153999,120754.76899499999,0.0,0.0,120.153999,120153.999,0.0,2019,11,0,Monday,4,Autumn
EUR/USD,2019-11-19,1.107224,1.108525,1.106427,1.107236,USD,1.1404530800000001,1142.6564796400003,0.03321708000000001,1.107236,1112.7721800000002,0.0,0.0,1.107236,1107.236,0.0,2019,11,1,Tuesday,4,Autumn
EUR/GBP,2019-11-19,0.85501,0.8571,0.85382,0.85489,GBP,0.8805367000000001,882.2379311000001,0.025646700000000022,0.85489,859.16445,0.0,0.0,0.85489,854.89,0.0,2019,11,1,Tuesday,4,Autumn
EUR/JPY,2019-11-19,120.325996,120.487,120.004997,120.300003,JPY,123.90900309000001,124148.40009597,3.609000090000009,120.300003,120901.503015,0.0,0.0,120.300003,120300.003,0.0,2019,11,1,Tuesday,4,Autumn
EUR/JPY,2019-11-20,120.175003,120.375,119.862,120.139,JPY,123.74316999999999,123982.24661,3.6041699999999963,120.139,120739.695,0.0,0.0,120.139,120139.0,0.0,2019,11,2,Wednesday,4,Autumn
EUR/USD,2019-11-20,1.108033,1.108279,1.105363,1.108,USD,1.14124,1143.44492,0.033239999999999936,1.108,1113.54,0.0,0.0,1.108,1108.0,0.0,2019,11,2,Wednesday,4,Autumn
EUR/GBP,2019-11-20,0.8568,0.85821,0.85613,0.8568,GBP,0.8825040000000001,884.209032,0.02570400000000006,0.8568,861.084,0.0,0.0,0.8568,856.8,0.0,2019,11,2,Wednesday,4,Autumn
EUR/USD,2019-11-21,1.107898,1.109644,1.106378,1.107886,USD,1.14112258,1143.32727314,0.03323658000000007,1.107886,1113.42543,0.0,0.0,1.107886,1107.886,0.0,2019,11,3,Thursday,4,Autumn
EUR/GBP,2019-11-21,0.85695,0.85789,0.85455,0.8571,GBP,0.882813,884.518629,0.025712999999999986,0.8571,861.3855,0.0,0.0,0.8571,857.1,0.0,2019,11,3,Thursday,4,Autumn
EUR/JPY,2019-11-21,120.182999,120.527,119.93,120.18,JPY,123.78540000000001,124024.55820000001,3.605400000000003,120.18,120780.9,0.0,0.0,120.18,120180.0,0.0,2019,11,3,Thursday,4,Autumn
EUR/USD,2019-11-22,1.106562,1.107861,1.102864,1.106586,USD,1.13978358,1141.98568614,0.03319757999999995,1.106586,1112.11893,0.0,0.0,1.106586,1106.586,0.0,2019,11,4,Friday,4,Autumn
EUR/GBP,2019-11-22,0.85647,0.86043,0.8559,0.8565,GBP,0.8821950000000001,883.899435,0.025695000000000023,0.8565,860.7825,0.0,0.0,0.8565,856.5,0.0,2019,11,4,Friday,4,Autumn
EUR/JPY,2019-11-22,120.142998,120.359001,119.782997,120.150002,JPY,123.75450206000001,123993.60056398001,3.6045000600000066,120.150002,120750.75201000001,0.0,0.0,120.150002,120150.00200000001,0.0,2019,11,4,Friday,4,Autumn
EUR/USD,2019-11-25,1.102414,1.103387,1.100619,1.102256,USD,1.13532368,1137.5171694399999,0.033067680000000044,1.102256,1107.7672799999998,0.0,0.0,1.102256,1102.2559999999999,0.0,2019,11,0,Monday,4,Autumn
EUR/JPY,2019-11-25,119.839996,120.089996,119.783997,119.830002,JPY,123.42490206,123663.36376398,3.5949000600000005,119.830002,120429.15200999999,0.0,0.0,119.830002,119830.002,0.0,2019,11,0,Monday,4,Autumn
EUR/GBP,2019-11-25,0.8575,0.8584,0.85294,0.85766,GBP,0.8833898,885.0965434000001,0.025729800000000025,0.85766,861.9483,0.0,0.0,0.85766,857.66,0.0,2019,11,0,Monday,4,Autumn
EUR/USD,2019-11-26,1.1012,1.102657,1.1008,1.101443,USD,1.13448629,1136.67816157,0.03304328999999995,1.101443,1106.950215,0.0,0.0,1.101443,1101.443,0.0,2019,11,1,Tuesday,4,Autumn
EUR/JPY,2019-11-26,120.0,120.198997,119.926003,120.002998,JPY,123.60308794000001,123841.89390602,3.6000899400000037,120.002998,120603.01299,0.0,0.0,120.002998,120002.998,0.0,2019,11,1,Tuesday,4,Autumn
EUR/GBP,2019-11-26,0.8538,0.85787,0.8531,0.85368,GBP,0.8792904,880.9892232,0.025610400000000033,0.85368,857.9484,0.0,0.0,0.85368,853.68,0.0,2019,11,1,Tuesday,4,Autumn
EUR/JPY,2019-11-27,120.235001,120.335999,120.059998,120.247002,JPY,123.85441206,124093.70359398,3.6074100600000065,120.247002,120848.23701,0.0,0.0,120.247002,120247.002,0.0,2019,11,2,Wednesday,4,Autumn
EUR/USD,2019-11-27,1.102208,1.102208,1.099336,1.102256,USD,1.13532368,1137.5171694399999,0.033067680000000044,1.102256,1107.7672799999998,0.0,0.0,1.102256,1102.2559999999999,0.0,2019,11,2,Wednesday,4,Autumn
EUR/GBP,2019-11-27,0.85708,0.85831,0.85298,0.8571,GBP,0.882813,884.518629,0.025712999999999986,0.8571,861.3855,0.0,0.0,0.8571,857.1,0.0,2019,11,2,Wednesday,4,Autumn
EUR/JPY,2019-11-28,120.370003,120.57,120.337997,120.351997,JPY,123.96255691,124202.05738403,3.6105599100000063,120.351997,120953.756985,0.0,0.0,120.351997,120351.997,0.0,2019,11,3,Thursday,4,Autumn
EUR/USD,2019-11-28,1.100606,1.101928,1.100158,1.100485,USD,1.13349955,1135.68951515,0.03301455000000009,1.100485,1105.9874249999998,0.0,0.0,1.100485,1100.485,0.0,2019,11,3,Thursday,4,Autumn
EUR/GBP,2019-11-28,0.85108,0.85312,0.85,0.85107,GBP,0.8766021,878.2957293000001,0.025532100000000058,0.85107,855.32535,0.0,0.0,0.85107,851.0699999999999,0.0,2019,11,3,Thursday,4,Autumn
EUR/GBP,2019-11-29,0.85269,0.85411,0.8514,0.8527,GBP,0.8782810000000001,879.977873,0.025581000000000076,0.8527,856.9635000000001,0.0,0.0,0.8527,852.7,0.0,2019,11,4,Friday,4,Autumn
EUR/USD,2019-11-29,1.101128,1.10267,1.098286,1.101176,USD,1.13421128,1136.40262024,0.03303528,1.101176,1106.6818799999999,0.0,0.0,1.101176,1101.176,0.0,2019,11,4,Friday,4,Autumn
EUR/JPY,2019-11-29,120.584999,120.75,120.413002,120.584999,JPY,124.20254897,124442.51311800999,3.617549969999999,120.584999,121187.92399499999,0.0,0.0,120.584999,120584.999,0.0,2019,11,4,Friday,4,Autumn
EUR/GBP,2019-12-02,0.85328,0.8573,0.85156,0.85328,GBP,0.8788784000000001,880.5764272,0.02559840000000002,0.85328,857.5464000000001,0.0,0.0,0.85328,853.2800000000001,0.0,2019,12,0,Monday,4,Winter
EUR/JPY,2019-12-02,120.671997,121.005997,120.528,120.685997,JPY,124.30657691,124546.74204403,3.6205799100000036,120.685997,121289.426985,0.0,0.0,120.685997,120685.997,0.0,2019,12,0,Monday,4,Winter
EUR/USD,2019-12-02,1.101771,1.108918,1.100376,1.101904,USD,1.13496112,1137.1539089599999,0.03305712000000005,1.101904,1107.41352,0.0,0.0,1.101904,1101.904,0.0,2019,12,0,Monday,4,Winter
EUR/USD,2019-12-03,1.107604,1.109262,1.106648,1.107911,USD,1.14114833,1143.35307289,0.033237329999999954,1.107911,1113.4505550000001,0.0,0.0,1.107911,1107.911,0.0,2019,12,1,Tuesday,4,Winter
EUR/GBP,2019-12-03,0.85597,0.8564,0.85127,0.85583,GBP,0.8815049,883.2080017000001,0.025674900000000056,0.85583,860.1091499999999,0.0,0.0,0.85583,855.8299999999999,0.0,2019,12,1,Tuesday,4,Winter
EUR/JPY,2019-12-03,120.738998,120.954002,120.242996,120.753998,JPY,124.37661794,124616.91839602,3.622619940000007,120.753998,121357.76799,0.0,0.0,120.753998,120753.99799999999,0.0,2019,12,1,Tuesday,4,Winter
EUR/JPY,2019-12-04,120.417999,120.776001,120.101997,120.400002,JPY,124.01200206,124251.59806398,3.6120000599999997,120.400002,121002.00201000001,0.0,0.0,120.400002,120400.00200000001,0.0,2019,12,2,Wednesday,4,Winter
EUR/USD,2019-12-04,1.108181,1.111346,1.106795,1.108525,USD,1.1417807500000001,1143.9867147500001,0.03325575000000014,1.108525,1114.0676250000001,0.0,0.0,1.108525,1108.525,0.0,2019,12,2,Wednesday,4,Winter
EUR/GBP,2019-12-04,0.8526,0.8529,0.84548,0.85255,GBP,0.8781265,879.8230745000001,0.025576500000000002,0.85255,856.81275,0.0,0.0,0.85255,852.5500000000001,0.0,2019,12,2,Wednesday,4,Winter
EUR/USD,2019-12-05,1.108267,1.110494,1.107996,1.108303,USD,1.14155209,1143.7576129699999,0.03324908999999998,1.108303,1113.844515,0.0,0.0,1.108303,1108.303,0.0,2019,12,3,Thursday,4,Winter
EUR/GBP,2019-12-05,0.84521,0.84555,0.84308,0.84536,GBP,0.8707208000000001,872.4030664000001,0.025360800000000072,0.84536,849.5868,0.0,0.0,0.84536,845.36,0.0,2019,12,3,Thursday,4,Winter
EUR/JPY,2019-12-05,120.614998,120.878998,120.550003,120.599998,JPY,124.21799794,124457.99193602,3.6179999400000042,120.599998,121202.99798999999,0.0,0.0,120.599998,120599.99799999999,0.0,2019,12,3,Thursday,4,Winter
EUR/GBP,2019-12-06,0.84384,0.84662,0.842,0.84388,GBP,0.8691964,870.8757211999999,0.025316400000000017,0.84388,848.0994,0.0,0.0,0.84388,843.88,0.0,2019,12,4,Friday,4,Winter
EUR/JPY,2019-12-06,120.750999,120.777,120.014999,120.739998,JPY,124.36219794,124602.47053602,3.6221999400000016,120.739998,121343.69799,0.0,0.0,120.739998,120739.998,0.0,2019,12,4,Friday,4,Winter
EUR/USD,2019-12-06,1.11042,1.111235,1.104228,1.110543,USD,1.1438592900000002,1146.06927057,0.03331629000000014,1.110543,1116.0957150000002,0.0,0.0,1.110543,1110.5430000000001,0.0,2019,12,4,Friday,4,Winter
EUR/GBP,2019-12-09,0.84117,0.84267,0.8394,0.84154,GBP,0.8667862,868.4608646,0.025246199999999996,0.84154,845.7477,0.0,0.0,0.84154,841.54,0.0,2019,12,0,Monday,4,Winter
EUR/USD,2019-12-09,1.10578,1.108033,1.1054,1.105889,USD,1.13906567,1141.2663891099999,0.03317667000000002,1.105889,1111.4184449999998,0.0,0.0,1.105889,1105.889,0.0,2019,12,0,Monday,4,Winter
EUR/JPY,2019-12-09,120.097,120.264,119.970001,120.122002,JPY,123.72566206,123964.70484398,3.60366006000001,120.122002,120722.61201,0.0,0.0,120.122002,120122.002,0.0,2019,12,0,Monday,4,Winter
EUR/JPY,2019-12-10,120.141998,120.620003,120.112999,120.137001,JPY,123.74111103,123980.18366199,3.604110030000001,120.137001,120737.68600500001,0.0,0.0,120.137001,120137.001,0.0,2019,12,1,Tuesday,4,Winter
EUR/GBP,2019-12-10,0.84155,0.84291,0.8402,0.84163,GBP,0.8668789,868.5537437,0.02524890000000002,0.84163,845.83815,0.0,0.0,0.84163,841.63,0.0,2019,12,1,Tuesday,4,Winter
EUR/USD,2019-12-10,1.106452,1.109755,1.106354,1.106499,USD,1.13969397,1141.89590301,0.033194970000000046,1.106499,1112.0314949999997,0.0,0.0,1.106499,1106.4989999999998,0.0,2019,12,1,Tuesday,4,Winter
EUR/GBP,2019-12-11,0.84473,0.8451,0.84103,0.8447,GBP,0.8700410000000001,871.7219530000001,0.025341000000000058,0.8447,848.9235,0.0,0.0,0.8447,844.7,0.0,2019,12,2,Wednesday,4,Winter
EUR/JPY,2019-12-11,120.663002,120.669998,120.374001,120.643997,JPY,124.26331691,124503.39846402999,3.6193199100000015,120.643997,121247.216985,0.0,0.0,120.643997,120643.997,0.0,2019,12,2,Wednesday,4,Winter
EUR/USD,2019-12-11,1.109385,1.109878,1.107175,1.109275,USD,1.14255325,1144.76070725,0.033278249999999954,1.109275,1114.821375,0.0,0.0,1.109275,1109.275,0.0,2019,12,2,Wednesday,4,Winter
EUR/GBP,2019-12-12,0.84333,0.84892,0.84216,0.84336,GBP,0.8686608,870.3390864,0.025300800000000012,0.84336,847.5768,0.0,0.0,0.84336,843.36,0.0,2019,12,3,Thursday,4,Winter
EUR/USD,2019-12-12,1.113325,1.115337,1.111185,1.113586,USD,1.14699358,1149.20961614,0.03340757999999999,1.113586,1119.15393,0.0,0.0,1.113586,1113.586,0.0,2019,12,3,Thursday,4,Winter
EUR/JPY,2019-12-12,120.837418,121.542,120.765999,120.844002,JPY,124.46932206000001,124709.80162398,3.625320060000007,120.844002,121448.22201000001,0.0,0.0,120.844002,120844.00200000001,0.0,2019,12,3,Thursday,4,Winter
EUR/USD,2019-12-13,1.118343,1.118693,1.111889,1.118606,USD,1.15216418,1154.39020594,0.03355817999999999,1.118606,1124.19903,0.0,0.0,1.118606,1118.606,0.0,2019,12,4,Friday,4,Winter
EUR/JPY,2019-12-13,122.356003,122.641998,121.471001,122.383003,JPY,126.05449309000001,126298.03526597,3.671490090000006,122.383003,122994.918015,0.0,0.0,122.383003,122383.003,0.0,2019,12,4,Friday,4,Winter
EUR/GBP,2019-12-13,0.82979,0.83848,0.8276,0.83004,GBP,0.8549412000000001,856.5929796000001,0.024901200000000068,0.83004,834.1902,0.0,0.0,0.83004,830.04,0.0,2019,12,4,Friday,4,Winter
EUR/JPY,2019-12-16,121.682999,122.225998,121.639999,121.694,JPY,125.34482000000001,125586.99106,3.65082000000001,121.694,122302.47,0.0,0.0,121.694,121694.0,0.0,2019,12,0,Monday,4,Winter
EUR/GBP,2019-12-16,0.83297,0.83635,0.8304,0.83303,GBP,0.8580209000000001,859.6786297000001,0.024990900000000038,0.83303,837.1951500000001,0.0,0.0,0.83303,833.0300000000001,0.0,2019,12,0,Monday,4,Winter
EUR/USD,2019-12-16,1.11252,1.115785,1.112347,1.112446,USD,1.14581938,1148.03314754,0.03337338000000001,1.112446,1118.0082300000001,0.0,0.0,1.112446,1112.4460000000001,0.0,2019,12,0,Monday,4,Winter
EUR/GBP,2019-12-17,0.83907,0.85094,0.838,0.83905,GBP,0.8642215,865.8912095,0.025171500000000013,0.83905,843.2452499999999,0.0,0.0,0.83905,839.05,0.0,2019,12,1,Tuesday,4,Winter
EUR/JPY,2019-12-17,122.021004,122.435997,121.93,122.036003,JPY,125.69708308999999,125939.93473596999,3.6610800899999987,122.036003,122646.183015,0.0,0.0,122.036003,122036.003,0.0,2019,12,1,Tuesday,4,Winter
EUR/USD,2019-12-17,1.11371,1.117319,1.11309,1.113697,USD,1.14710791,1149.32416703,0.03341090999999996,1.113697,1119.265485,0.0,0.0,1.113697,1113.697,0.0,2019,12,1,Tuesday,4,Winter
EUR/JPY,2019-12-18,122.125,122.126999,121.749001,122.120003,JPY,125.78360309,126026.62189597,3.6636000900000028,122.120003,122730.603015,0.0,0.0,122.120003,122120.003,0.0,2019,12,2,Wednesday,4,Winter
EUR/GBP,2019-12-18,0.8498,0.85163,0.84845,0.84979,GBP,0.8752837000000001,876.9747821000001,0.025493700000000064,0.84979,854.0389500000001,0.0,0.0,0.84979,849.7900000000001,0.0,2019,12,2,Wednesday,4,Winter
EUR/USD,2019-12-18,1.11515,1.11515,1.111136,1.115138,USD,1.14859214,1150.8112646200002,0.03345414000000013,1.115138,1120.7136899999998,0.0,0.0,1.115138,1115.138,0.0,2019,12,2,Wednesday,4,Winter
EUR/JPY,2019-12-19,121.762001,122.038002,121.426003,121.771004,JPY,125.42413412,125666.45841796,3.65313012,121.771004,122379.85902,0.0,0.0,121.771004,121771.004,0.0,2019,12,3,Thursday,4,Winter
EUR/USD,2019-12-19,1.111593,1.114243,1.110988,1.111593,USD,1.1449407900000002,1147.15286007,0.0333477900000001,1.111593,1117.150965,0.0,0.0,1.111593,1111.593,0.0,2019,12,3,Thursday,4,Winter
EUR/GBP,2019-12-19,0.84946,0.85536,0.84784,0.8493,GBP,0.8747790000000001,876.4691070000001,0.02547900000000003,0.8493,853.5465,0.0,0.0,0.8493,849.3000000000001,0.0,2019,12,3,Thursday,4,Winter
EUR/GBP,2019-12-20,0.85457,0.8548,0.84779,0.8545,GBP,0.8801350000000001,881.8354550000001,0.025635000000000074,0.8545,858.7725,0.0,0.0,0.8545,854.5,0.0,2019,12,4,Friday,4,Winter
EUR/JPY,2019-12-20,121.681,121.681,121.199997,121.660004,JPY,125.30980412000001,125551.90752796002,3.649800120000009,121.660004,122268.30402,0.0,0.0,121.660004,121660.004,0.0,2019,12,4,Friday,4,Winter
EUR/USD,2019-12-20,1.112372,1.112595,1.107432,1.112595,USD,1.14597285,1148.1869140499998,0.03337784999999993,1.112595,1118.157975,0.0,0.0,1.112595,1112.595,0.0,2019,12,4,Friday,4,Winter
EUR/GBP,2019-12-23,0.8519,0.85887,0.85055,0.85195,GBP,0.8775085,879.2038805000001,0.02555850000000004,0.85195,856.20975,0.0,0.0,0.85195,851.9499999999999,0.0,2019,12,0,Monday,4,Winter
EUR/JPY,2019-12-23,121.309998,121.339996,121.092003,121.310997,JPY,124.95032691,125191.73579403,3.6393299100000007,121.310997,121917.551985,0.0,0.0,121.310997,121310.997,0.0,2019,12,0,Monday,4,Winter
EUR/USD,2019-12-23,1.107984,1.109755,1.10715,1.107984,USD,1.14122352,1143.4284081600001,0.03323951999999997,1.107984,1113.52392,0.0,0.0,1.107984,1107.9840000000002,0.0,2019,12,0,Monday,4,Winter
EUR/GBP,2019-12-24,0.8569,0.85773,0.85446,0.85699,GBP,0.8826997000000001,884.4051101000001,0.025709700000000058,0.85699,861.27495,0.0,0.0,0.85699,856.99,0.0,2019,12,1,Tuesday,4,Winter
EUR/JPY,2019-12-24,121.307999,121.375,121.059998,121.301003,JPY,124.94003309,125181.42208597,3.6390300900000057,121.301003,121907.508015,0.0,0.0,121.301003,121301.003,0.0,2019,12,1,Tuesday,4,Winter
EUR/USD,2019-12-24,1.109299,1.109755,1.107064,1.109385,USD,1.1426665500000002,1144.8742261500001,0.033281550000000104,1.109385,1114.931925,0.0,0.0,1.109385,1109.385,0.0,2019,12,1,Tuesday,4,Winter
EUR/JPY,2019-12-25,121.230003,121.910049,120.987999,121.230003,JPY,124.86690309,125108.15079597,3.6369000899999975,121.230003,121836.153015,0.0,0.0,121.230003,121230.003,0.0,2019,12,2,Wednesday,4,Winter
EUR/USD,2019-12-25,1.109139,1.110864,1.107788,1.109016,USD,1.14228648,1144.49342184,0.0332704800000001,1.109016,1114.5610800000002,0.0,0.0,1.109016,1109.016,0.0,2019,12,2,Wednesday,4,Winter
EUR/GBP,2019-12-25,0.857,0.8607,0.84913,0.857,GBP,0.88271,884.41543,0.02571000000000001,0.857,861.285,0.0,0.0,0.857,857.0,0.0,2019,12,2,Wednesday,4,Winter
EUR/GBP,2019-12-26,0.8552,0.8555,0.8529,0.8553,GBP,0.8809589999999999,882.6610469999999,0.025658999999999987,0.8553,859.5765,0.0,0.0,0.8553,855.3,0.0,2019,12,3,Thursday,4,Winter
EUR/JPY,2019-12-26,121.341003,121.764,121.334,121.342003,JPY,124.98226309,125223.73367597001,3.640260089999998,121.342003,121948.71301500002,0.0,0.0,121.342003,121342.00300000001,0.0,2019,12,3,Thursday,4,Winter
EUR/USD,2019-12-26,1.109509,1.110494,1.108279,1.109545,USD,1.14283135,1145.03934455,0.03328635000000002,1.109545,1115.092725,0.0,0.0,1.109545,1109.545,0.0,2019,12,3,Thursday,4,Winter
EUR/USD,2019-12-27,1.110124,1.118068,1.11,1.110112,USD,1.14341536,1145.6244828800002,0.033303360000000115,1.110112,1115.66256,0.0,0.0,1.110112,1110.112,0.0,2019,12,4,Friday,4,Winter
EUR/GBP,2019-12-27,0.8537,0.85632,0.85095,0.8538,GBP,0.879414,881.113062,0.025614000000000026,0.8538,858.069,0.0,0.0,0.8538,853.8,0.0,2019,12,4,Friday,4,Winter
EUR/JPY,2019-12-27,121.714996,122.468002,121.504997,121.68,JPY,125.33040000000001,125572.54320000001,3.6504000000000048,121.68,122288.4,0.0,0.0,121.68,121680.0,0.0,2019,12,4,Friday,4,Winter
EUR/USD,2019-12-30,1.118155,1.12207,1.118155,1.11823,USD,1.1517769,1154.0021777000002,0.033546899999999935,1.11823,1123.82115,0.0,0.0,1.11823,1118.23,0.0,2019,12,0,Monday,4,Winter
EUR/JPY,2019-12-30,122.401001,122.467003,121.891998,122.397003,JPY,126.06891309,126312.48312597,3.6719100899999972,122.397003,123008.988015,0.0,0.0,122.397003,122397.003,0.0,2019,12,0,Monday,4,Winter
EUR/GBP,2019-12-30,0.85406,0.85558,0.85128,0.85406,GBP,0.8796818000000001,881.3813794,0.025621800000000028,0.85406,858.3303000000001,0.0,0.0,0.85406,854.0600000000001,0.0,2019,12,0,Monday,4,Winter
EUR/USD,2019-12-31,1.120448,1.124101,1.120072,1.12023,USD,1.1538369000000002,1156.0661577000003,0.033606900000000106,1.12023,1125.83115,0.0,0.0,1.12023,1120.23,0.0,2019,12,1,Tuesday,4,Winter
EUR/GBP,2019-12-31,0.85419,0.8548,0.84544,0.85426,GBP,0.8798878,881.5877773999999,0.02562779999999998,0.85426,858.5313,0.0,0.0,0.85426,854.26,0.0,2019,12,1,Tuesday,4,Winter
EUR/JPY,2019-12-31,121.977997,122.084999,121.709999,121.989998,JPY,125.64969794000001,125892.45803602002,3.65969994000001,121.989998,122599.94799,0.0,0.0,121.989998,121989.998,0.0,2019,12,1,Tuesday,4,Winter
